id,level,word,meaning_en,full_entry,article,pos,plural,forms,examples,page
a1_0001,A1,aber,but,aber,,conjunction,,,"Ich bin oft im Büro, aber nur für wenige Stunden.",9
a1_0002,A1,abfahren,depart,abfahren,,verb,,,Wir fahren um zwölf Uhr ab.,9
a1_0003,A1,die Abfahrt,the farewell,die Abfahrt,die,noun,,,Vor der Abfahrt rufe ich an.,9
a1_0004,A1,abgeben,hand over,abgeben,,verb,,,Ich muss meine Schlüssel abgeben.,9
a1_0005,A1,abholen,pick up,abholen,,verb,,,Wann kann ich den Schrank bei dir abholen? || Wir müssen noch meinen Bruder abholen.,9
a1_0006,A1,der Absender,the sender,der Absender,der,noun,,,Da ist ein Brief für dich ohne Absender.,9
a1_0007,A1,Achtung,Danger,Achtung,,noun,,,Achtung! || Das dürfen Sie nicht tun.,9
a1_0008,A1,"die Adresse,-en","the address,-s","die Adresse,-en",die,noun,-en,,Können Sie mir seine Adresse sagen?,9
a1_0009,A1,all-,all-,all-,,word,,,Alles Gute! || Das ist alles. || Sind alle da? || Alle Freunde kommen. || Hast du alles?,9
a1_0010,A1,allein,alone,allein,,word,,,Er kommt allein.,9
a1_0011,A1,also,so,also,,word,,,"Also, es ist so: ... || Er hat Zeit, also muss er uns helfen.",9
a1_0012,A1,alt,old,alt,,word,,,Wie alt sind Sie? || Sie sehen aber nicht so alt aus. || Mein Auto ist schon sehr alt. || Wir wohnen in einem sehr alten Haus. || Köln ist eine alte Stadt.,9
a1_0013,A1,das Alter,the age,das Alter,das,noun,,,Alter: 26 Jahre.,9
a1_0014,A1,an,to,an,,preposition,,,Fahren Sie an der nächsten Straße nach rechts. || Wir treffen uns am Bahnhof. || Am nächsten Montag geht es leider nicht.,9
a1_0015,A1,anbieten,offer,anbieten,,verb,,,Was darf ich dir anbieten?,9
a1_0016,A1,"das Angebot, -e","the offer, -e","das Angebot, -e",das,noun,-e,,Heute sind Sportschuhe im Angebot.,9
a1_0017,A1,ander-,at the-,ander-,,word,,,"WiIlst du diese Jacke? || – Nein, ich möchte die andere.",9
a1_0018,A1,anfangen,begin,anfangen,,verb,,,Hier fängt die Bahnhofstraße an. || Der Unterricht fängt gleich an.,9
a1_0019,A1,der Anfang,the beginning,der Anfang,der,noun,,,Sie wohnt am Anfang der Straße. || Wir machen Anfang Juli Urlaub.,9
a1_0020,A1,anklicken,click,anklicken,,verb,,,Da musst du dieses Wort anklicken.,9
a1_0021,A1,ankommen,arrive,ankommen,,verb,,,Wann kommt dieser Zug in Hamburg an?,9
a1_0022,A1,die Ankunft,the arrival,die Ankunft,die,noun,,,Auf diesem Plan steht nur die Ankunft(-szeit) der Züge.,9
a1_0023,A1,ankreuzen,tick,ankreuzen,,verb,,,Auf dem Formular müssen Sie an mehreren Stellen etwas ankreuzen.,9
a1_0024,A1,anmachen,turn on,anmachen,,verb,,,Mach bitte das Licht an!,9
a1_0025,A1,(sich) anmelden,(Sign in,(sich) anmelden,,verb,,,Wo kann ich mich anmelden?,9
a1_0026,A1,die Anmeldung,the registration,die Anmeldung,die,noun,,,Eine Anmeldung für diesen Kurs ist nicht mehr möglich.,9
a1_0027,A1,die Anrede,die Anrede,die Anrede,die,noun,,,Schreiben Sie auch eine Anrede und einen Gruß.,9
a1_0028,A1,anrufen,call,anrufen,,verb,,,Kann man Sie anrufen? || Peter ruft kurz seine Freundin an.,9
a1_0029,A1,"der Anruf, -e","the call, -e","der Anruf, -e",der,noun,-e,,Sie bekommt viele Anrufe auf ihrem Handy.,9
a1_0030,A1,der Anruf-,the call,der Anruf-,der,noun,,,Wir sind im Moment nicht da. || Sprechen Sie bitte auf,9
a1_0031,A1,beantworter,answerer,beantworter,,word,,,den Anrufbeantworter.,9
a1_0032,A1,213082_20_SV,213082_20_SV,213082_20_SV,,other,,,,9
a1_0033,A1,"die Ansage, -n","the announcement, -n","die Ansage, -n",die,noun,-n,,Hören Sie die Ansagen.,10
a1_0034,A1,der Anschluss,the connection,der Anschluss,der,noun,,,In Mannheim haben Sie Anschluss nach Saarbrücken. || Ist das die Anmeldung für einen Telefonanschluss?,10
a1_0035,A1,an sein,be on,an sein,,preposition,,,Heute Nacht war das Licht an.,10
a1_0036,A1,antworten,answer,antworten,,verb,,,Er antwortet nicht.,10
a1_0037,A1,"die Antwort, -en",the answers,"die Antwort, -en",die,noun,-en,,Er gibt leider keine Antwort.,10
a1_0038,A1,"die Anzeige, -n","the ad, -n","die Anzeige, -n",die,noun,-n,,Ich habe Ihre Anzeige in der Zeitung gelesen.,10
a1_0039,A1,(sich) anziehen,(to get dressed,(sich) anziehen,,verb,,,Ich muss mich noch anziehen.,10
a1_0040,A1,"das Apartment, -s","the apartment, -s","das Apartment, -s",das,noun,-s,,Wir haben ein Apartment gemietet.,10
a1_0041,A1,"der Apfel, -Ä","the apple, -Ä","der Apfel, -Ä",der,noun,-Ä,,Ein Pfund Äpfel bitte.,10
a1_0042,A1,der Appetit,the appetite,der Appetit,der,noun,,,Guten Appetit!,10
a1_0043,A1,arbeiten,work,arbeiten,,verb,,,Wo arbeiten Sie?,10
a1_0044,A1,"die Arbeit, -en","the work, -en","die Arbeit, -en",die,noun,-en,,Mein Bruder sucht Arbeit.,10
a1_0045,A1,arbeitslos,unemployed,arbeitslos,,word,,,"Es gibt bei uns viele Leute, die schon lange arbeitslos sind.",10
a1_0046,A1,"der Arbeitsplatz, -ä,","the workplace, etc","der Arbeitsplatz, -ä,",der,noun,"-ä,",,e An meinem Arbeitsplatz fehlt ein Drucker.,10
a1_0047,A1,"der Arm, -e",the poor,"der Arm, -e",der,noun,-e,,Mein Arm tut weh.,10
a1_0048,A1,"der Arzt, -Ä, e","the doctor, -Ä, e","der Arzt, -Ä, e",der,noun,"-Ä, e",,Morgen habe ich einen Termin bei meiner Ärztin.,10
a1_0049,A1,auch,also,auch,,word,,,Ich bin auch Spanier.,10
a1_0050,A1,auf,on,auf,,preposition,,,Die Kinder spielen auf der Straße. || Auf Wiedersehen. || Wie heißt das auf Deutsch?,10
a1_0051,A1,"die Aufgabe, -n","the task, -n","die Aufgabe, -n",die,noun,-n,,Das ist eine schwere Aufgabe.,10
a1_0052,A1,aufhören,stop,aufhören,,verb,,,Der Kurs hört in einer Woche auf. || Hier hört die Bahnhofstraße auf.,10
a1_0053,A1,auf sein,to be up,auf sein,,preposition,,,Du brauchst den Schlüssel nicht. || Die Wohnung ist auf.,10
a1_0054,A1,aufstehen,stand up,aufstehen,,verb,,,Ich muss immer um vier Uhr aufstehen. || Soll ich aufstehen?,10
a1_0055,A1,"der Aufzug, -ü, e","the elevator, -ü, e","der Aufzug, -ü, e",der,noun,"-ü, e",,In diesem Haus gibt es keinen Aufzug.,10
a1_0056,A1,"das Auge, -n","the eye, -n","das Auge, -n",das,noun,-n,,Er hat blaue Augen.,10
a1_0057,A1,aus,out of,aus,,preposition,,,Er kommt aus Brasilien.,10
a1_0058,A1,der Ausflug,the excursion,der Ausflug,der,noun,,,Morgen machen wir einen Ausflug nach Heidelberg.,10
a1_0059,A1,ausfüllen,fill out,ausfüllen,,verb,,,Füllen Sie bitte dieses Formular aus.,10
a1_0060,A1,der Ausgang,the exit,der Ausgang,der,noun,,,Wo ist der Ausgang?,10
a1_0061,A1,"die Auskunft, -ü, e","the information, -ü, e","die Auskunft, -ü, e",die,noun,"-ü, e",,Können Sie mir eine Auskunft geben?,10
a1_0062,A1,das Ausland,the foreign country,das Ausland,das,noun,,,Fahren Sie ins Ausland?,10
a1_0063,A1,"der Ausländer, -","the foreigner, -","der Ausländer, -",der,noun,-,,SInd Sie Ausländerin?,10
a1_0064,A1,ausländisch,foreign,ausländisch,,adjective,,,Leider habe ich nur ausländisches Geld.,10
a1_0065,A1,ausmachen,turn off,ausmachen,,verb,,,Mach bitte das Licht aus!,10
a1_0066,A1,"die Aussage, -n","the statement, -n","die Aussage, -n",die,noun,-n,,Ist die Aussage richtig oder falsch?,10
a1_0067,A1,aussehen,look,aussehen,,verb,,,Das sieht schön aus.,10
a1_0068,A1,aus sein,be off,aus sein,,preposition,,,Das Licht ist aus. || Die Schule ist aus.,10
a1_0069,A1,aussteigen,exit,aussteigen,,verb,,,Wo muss ich aussteigen?,10
a1_0070,A1,der Ausweis,the ID card,der Ausweis,der,noun,,,Hier ist mein Ausweis.,10
a1_0071,A1,(sich) ausziehen,(undress,(sich) ausziehen,,verb,,,"Zieh die Schuhe aus, bitte!",10
a1_0072,A1,"das Auto, -s","the car, -s","das Auto, -s",das,noun,-s,,Er kommt mit dem Auto.,10
a1_0073,A1,"die Autobahn, -en","the highway, -en","die Autobahn, -en",die,noun,-en,,Wo geht‘s hier bitte zur Autobahn?,10
a1_0074,A1,der Automat,the machine,der Automat,der,noun,,,Die Fahrkarten gibt es nur am Automaten.,10
a1_0075,A1,automatisch,automatically,automatisch,,adjective,,,Du musst nichts machen. || Das geht automatisch.,10
a1_0076,A1,213082_20_SV,213082_20_SV,213082_20_SV,,other,,,,10
a1_0077,A1,"das Baby, -s","the baby, -s","das Baby, -s",das,noun,-s,,Mein Kind ist noch ein Baby.,11
a1_0078,A1,die Bäckerei,the bakery,die Bäckerei,die,noun,,,Ich geh mal schnell zur Bäckerei.,11
a1_0079,A1,das Bad,the bathroom,das Bad,das,noun,,,Wir haben kein großes Bad.,11
a1_0080,A1,baden,bathe,baden,,verb,,,"Ich bade nicht so gern, ich dusche lieber.",11
a1_0081,A1,die Bahn,the train,die Bahn,die,noun,,,Wir fahren lieber mit der Bahn. || Ich nehme die nächste Bahn.,11
a1_0082,A1,der Bahnhof,the station,der Bahnhof,der,noun,,,Komme ich hier zum Bahnhof?,11
a1_0083,A1,der Bahnsteig,the platform,der Bahnsteig,der,noun,,,Auf welchem Bahnsteig fährt der Zug?,11
a1_0084,A1,bald,soon,bald,,adverb,,,Ich komme bald.,11
a1_0085,A1,der Balkon,the balcony,der Balkon,der,noun,,,Die Wohnung hat auch einen kleinen Balkon.,11
a1_0086,A1,"die Banane, -n","the banana, -n","die Banane, -n",die,noun,-n,,"Drei Bananen, bitte!",11
a1_0087,A1,die Bank,the Bank,die Bank,die,noun,,,Die Bank schließt schon um vier Uhr. || Er sitzt im Park auf einer Bank und liest.,11
a1_0088,A1,bar,bear,bar,,adjective,,,Muss ich bar zahlen oder geht‘s auch mit Karte?,11
a1_0089,A1,der Bauch,the stomach,der Bauch,der,noun,,,Seit gestern tut mir der Bauch weh.,11
a1_0090,A1,"der Baum, -ä, e","the tree, -ä, e","der Baum, -ä, e",der,noun,"-ä, e",,"Vorsicht, fahr nicht an den Baum!",11
a1_0091,A1,"der Beamte, -n","the official, -n","der Beamte, -n",der,noun,-n,,Fragen Sie die Beamtin an Schalter acht!,11
a1_0092,A1,bedeuten,mean,bedeuten,,verb,,,Was bedeutet das Wort?,11
a1_0093,A1,beginnen,start,beginnen,,verb,,,Das Spiel beginnt um 15.30 Uhr.,11
a1_0094,A1,bei,at,bei,,preposition,,,Offenbach liegt bei Frankfurt. || Ich wohne bei meinen Eltern. || Bei uns regnet es heute. || Er arbeitet bei der Polizei.,11
a1_0095,A1,beide,both,beide,,word,,,Beide Eltern arbeiten. || Wir kommen beide.,11
a1_0096,A1,"das Bein, -e","the leg, -e","das Bein, -e",das,noun,-e,,Mein rechtes Bein tut weh.,11
a1_0097,A1,"das Beispiel, -e","the example, -e","das Beispiel, -e",das,noun,-e,,Kannst du mir ein Beispiel sagen?,11
a1_0098,A1,zum Beispiel/z. B.,for example/e.g. b.,zum Beispiel/z. B.,,word,,,"Viele meiner Verwandten, z. || B. meine beiden Brüder, arbeiten auch hier.",11
a1_0099,A1,bekannt,known,bekannt,,word,,,Picasso ist sehr bekannt.,11
a1_0100,A1,"der/die Bekannte,",the acquaintance,"der/die Bekannte,",,word,,,-n Ein Bekannter von mir heißt Klaus.,11
a1_0101,A1,bekommen,receive,bekommen,,verb,,,Haben Sie meinen Brief bekommen? || Was bekommen Sie? || Dieses Medikament bekommen Sie in der Apotheke.,11
a1_0102,A1,benutzen,use,benutzen,,verb,,,Die Aufzüge bitte nicht benutzen!,11
a1_0103,A1,"der Beruf, -e","the profession, -e","der Beruf, -e",der,noun,-e,,Was sind Sie von Beruf? || Was ist Ihr Beruf?,11
a1_0104,A1,besetzt,occupied,besetzt,,word,,,Die Nummer ist immer besetzt. || Der Platz ist besetzt.,11
a1_0105,A1,besichtigen,view,besichtigen,,verb,,,Ich möchte gern den Dom besichtigen.,11
a1_0106,A1,besser,better,besser,,word,,,Es geht mir schon besser.,11
a1_0107,A1,best-,best-,best-,,word,,,Am besten treffen wir uns morgen.,11
a1_0108,A1,bestellen,order,bestellen,,verb,,,"Wir möchten bestellen, bitte. || Dieses Buch haben wir nicht – sollen wir es für Sie bestellen?",11
a1_0109,A1,besuchen,visit,besuchen,,verb,,,Darf ich dich besuchen?,11
a1_0110,A1,"das Bett, -en","the bed, -en","das Bett, -en",das,noun,-en,,Wir brauchen noch ein Kinderbett.,11
a1_0111,A1,bezahlen,pay,bezahlen,,verb,,,Wo muss ich bezahlen?,11
a1_0112,A1,das Bier,the beer,das Bier,das,noun,,,Noch ein Bier bitte.,11
a1_0113,A1,"das Bild, -er","the picture, -er","das Bild, -er",das,noun,-er,,Hast du ein Bild von deinem Sohn?,11
a1_0114,A1,213082_20_SV,213082_20_SV,213082_20_SV,,other,,,,11
a1_0115,A1,billig,cheap,billig,,adjective,,,Die Jacke kostet nur 10 Euro! || Die ist aber billig!,11
a1_0116,A1,"die Birne, -n","the pear, -n","die Birne, -n",die,noun,-n,,"Ein Kilo Birnen, bitte!",12
a1_0117,A1,bis,until,bis,,word,,,Ich fahre nur bis Stuttgart. || Ich warte bis morgen.,12
a1_0118,A1,bisschen,a little,bisschen,,verb,,,"Ich spreche Englisch, Französisch und ein bisschen Deutsch.",12
a1_0119,A1,bitte,please,bitte,,word,,,"Eine Tasse Kaffee, bitte! || Sprechen Sie bitte leise!",12
a1_0120,A1,"die Bitte, -n","the request, -n","die Bitte, -n",die,noun,-n,,Ich habe noch eine Bitte.,12
a1_0121,A1,bitten,ask,bitten,,verb,,,Darf ich Sie um etwas bitten?,12
a1_0122,A1,bitter,bitter,bitter,,word,,,Der Kaffee schmeckt bitter.,12
a1_0123,A1,bleiben,remain,bleiben,,verb,,,Ich bleibe heute zu Hause. || Wir bleiben nur bis morgen.,12
a1_0124,A1,"der Bleistift, -e","the pencil, -e","der Bleistift, -e",der,noun,-e,,Hast du einen Bleistift?,12
a1_0125,A1,der Blick,the view,der Blick,der,noun,,,Von diesem Hotel hat man einen guten Blick auf den Rhein.,12
a1_0126,A1,"die Blume, -n","die Blume, -n","die Blume, -n",die,noun,-n,,Gefallen dir die Blumen?,12
a1_0127,A1,der Bogen,the bow,der Bogen,der,noun,,,Schreiben Sie Ihre Lösungen bitte auf den Antwortbogen.,12
a1_0128,A1,böse,evil,böse,,word,,,Sie ist böse auf mich.,12
a1_0129,A1,brauchen,need,brauchen,,verb,,,Brauchst du die Zeitung noch?,12
a1_0130,A1,breit,broad,breit,,word,,,Wie breit ist der Schrank?,12
a1_0131,A1,"der Brief, -e","the letter, -e","der Brief, -e",der,noun,-e,,Haben Sie einen Brief für mich?,12
a1_0132,A1,"die Briefmarke, -n","the stamp, -n","die Briefmarke, -n",die,noun,-n,,Kaufst du bitte Briefmarken bei der Post.,12
a1_0133,A1,bringen,bring,bringen,,verb,,,Bringen Sie mir bitte noch einen Kaffee! || Wir müssen ihn zum Arzt bringen.,12
a1_0134,A1,"das Brot, -e","the bread, -e","das Brot, -e",das,noun,-e,,Haben Sie auch Weißbrot? || Nimm noch ein paar Brote für die Fahrt mit.,12
a1_0135,A1,"das Brötchen, –","the bread bun, -","das Brötchen, –",das,noun,–,,Möchtest du Brötchen zum Frühstück?,12
a1_0136,A1,"der Bruder, -ü","the brother, -ü","der Bruder, -ü",der,noun,-ü,,Sein Bruder arbeitet auch hier.,12
a1_0137,A1,"das Buch, -ü, er","the book, -ü, he","das Buch, -ü, er",das,noun,"-ü, er",,Gute Bücher sind oft sehr teuer. || In diesem Wörterbuch finden Sie mehr als 20.000 Wörter.,12
a1_0138,A1,"der Buchstabe, -n","the letter, -n","der Buchstabe, -n",der,noun,-n,,Diesen Buchstaben gibt es in meiner Sprache nicht.,12
a1_0139,A1,buchstabieren,spell,buchstabieren,,verb,,,Bitte buchstabieren Sie Ihren Namen.,12
a1_0140,A1,"der Bus, -se","the bus, -se","der Bus, -se",der,noun,-se,,Wann kommt der nächste Bus?,12
a1_0141,A1,die Butter,the butter,die Butter,die,noun,,,Für mich bitte ein Brötchen mit Butter und Käse.,12
a1_0142,A1,c,c,c,,word,,,,12
a1_0143,A1,"das Café, -s","the cafe, -s","das Café, -s",das,noun,-s,,Sollen wir uns im Café treffen?,12
a1_0144,A1,"die CD, -s","the CD, -s","die CD, -s",die,noun,-s,,Bring bitte deine Lieblings-CD mit.,12
a1_0145,A1,der Chef,the boss,der Chef,der,noun,,,Wir haben eine neue Chefin.,12
a1_0146,A1,circa/ca.,circa/approx.,circa/ca.,,word,,,Von Mainz nach Frankfurt sind es circa fünfzig Kilometer.,12
a1_0147,A1,"der Computer, –","the computer, -","der Computer, –",der,noun,–,,Wann bekommst du deinen neuen Computer?,12
a1_0148,A1,da,there,da,,conjunction,,,Da hinten ist er ja. || Wir sprechen gerade über Paul. || Da kommt er ja gerade. || Ich nehme das da. || Ist Herr Klein schon da?,12
a1_0149,A1,"die Dame, -n","the lady, -n","die Dame, -n",die,noun,-n,,Damen (an der Toilette),12
a1_0150,A1,213082_20_SV,213082_20_SV,213082_20_SV,,other,,,Sehr geehrte Damen und Herren!,12
a1_0151,A1,daneben,next to it,daneben,,verb,,,Du kennst doch die Post. || Daneben ist die Bank.,13
a1_0152,A1,danken,thank,danken,,verb,,,Ich danke Ihnen für die Einladung.,13
a1_0153,A1,der Dank,the thanks,der Dank,der,noun,,,Vielen Dank! || Herzlichen Dank!,13
a1_0154,A1,danke,Thanks,danke,,word,,,"Soll ich Ihnen helfen? || - Nein, danke!",13
a1_0155,A1,dann,then,dann,,word,,,"Ich muss noch schnell zur Post, dann komme ich.",13
a1_0156,A1,das Datum,the date,das Datum,das,noun,,,Bitte schreiben Sie noch das Datum auf das Formular.,13
a1_0157,A1,dauern,last,dauern,,verb,,,Wie lange dauert der Film?,13
a1_0158,A1,dein-,your-,dein-,,word,,,Ist das dein Auto? || Ist das deins?,13
a1_0159,A1,denn,because,denn,,conjunction,,,"Ich kann nicht kommen, denn ich bin krank.",13
a1_0160,A1,"der, die, das","the, the, that","der, die, das",,word,,,"Ich nehme das da. || Hier ist der Brief, den du suchst. || Die Fahrkarte bekommst du am Bahnhof.",13
a1_0161,A1,dich,you,dich,,word,,,Die Blumen sind für dich.,13
a1_0162,A1,dies-,this-,dies-,,word,,,Ich nehme lieber diesen Kuchen.,13
a1_0163,A1,dir,you,dir,,word,,,Gefallen dir die Blumen?,13
a1_0164,A1,die Disco,the disco,die Disco,die,noun,,,Heute abend gehen wir in die Disco tanzen.,13
a1_0165,A1,der Doktor,the doctor,der Doktor,der,noun,,,Meine Tochter ist krank. || Wir gehen zum Doktor.,13
a1_0166,A1,das Doppelzimmer,the double room,das Doppelzimmer,das,noun,,,Wollen Sie ein Doppelzimmer oder ein Einzelzimmer?,13
a1_0167,A1,"das Dorf, -ö, er","the village, -ö, he","das Dorf, -ö, er",das,noun,"-ö, er",,Meine Familie lebt in einem Dorf.,13
a1_0168,A1,"dort, -her, -hin","there, here, there","dort, -her, -hin",,adverb,,,Deine Tasche kannst du dorthin stellen. || Dort ist unser Haus.,13
a1_0169,A1,draußen,outside,draußen,,verb,,,Wollen wir draußen sitzen?,13
a1_0170,A1,drucken,press,drucken,,verb,,,Bitte drucke das Formular für mich.,13
a1_0171,A1,"der Drucker, –","the printer, –","der Drucker, –",der,noun,–,,Mein Drucker ist kaputt.,13
a1_0172,A1,drücken,press,drücken,,verb,,,"Drück hier, dann geht der Computer an.",13
a1_0173,A1,durch,through,durch,,preposition,,,Am besten gehen Sie durch die Breite Straße.,13
a1_0174,A1,"die Durchsage, -n","the announcement, -n","die Durchsage, -n",die,noun,-n,,Ich habe die Durchsage nicht verstanden.,13
a1_0175,A1,dürfen,may,dürfen,,verb,,,Sie dürfen hier nicht rauchen. || Darf ich Sie zu einem Kaffee einladen? || Es darf nicht mehr als 15 Euro kosten.,13
a1_0176,A1,der Durst,the thirst,der Durst,der,noun,,,Hast du etwas zu trinken? || Ich habe großen Durst.,13
a1_0177,A1,(sich) duschen,(take a shower,(sich) duschen,,verb,,,"Ich bade nicht so gern, ich dusche lieber.",13
a1_0178,A1,die Dusche,the shower,die Dusche,die,noun,,,Unsere Wohnung hat nur eine Dusche.,13
a1_0179,A1,e,e,e,,word,,,,13
a1_0180,A1,"die Ecke, -n","the corner, -n","die Ecke, -n",die,noun,-n,,An der nächsten Ecke links.,13
a1_0181,A1,"die Ehefrau, -en/","the wife, -en/","die Ehefrau, -en/",die,noun,-en/,,,13
a1_0182,A1,"der Ehemann, ä, er","the husband, er, he","der Ehemann, ä, er",der,noun,"ä, er",,Das ist mein (Ehe-) Mann/meine (Ehe-) Frau.,13
a1_0183,A1,"das Ei, -er","the egg, -er","das Ei, -er",das,noun,-er,,Möchtest du ein Ei zum Frühstück?,13
a1_0184,A1,eilig,hurry,eilig,,adjective,,,Hast du es eilig?,13
a1_0185,A1,ein-,a-,ein-,,word,,,"Ich nehme ein Bier. || Willst du auch eins? || Ist hier einer, der das kann?",13
a1_0186,A1,einfach,simply,einfach,,word,,,"Die Prüfung ist ganz einfach. || Hin und zurück? || – Nein, bitte nur einfach. || Ich brauche nur ein einfaches Zimmer.",13
a1_0187,A1,der Eingang,the entrance,der Eingang,der,noun,,,Der Eingang ist um die Ecke.,13
a1_0188,A1,einkaufen,shopping,einkaufen,,verb,,,Ich muss noch für morgen einkaufen.,13
a1_0189,A1,einladen,invite,einladen,,verb,,,Darf ich Sie zu einem Kaffee einladen?,13
a1_0190,A1,213082_20_SV,213082_20_SV,213082_20_SV,,other,,,,13
a1_0191,A1,die Einladung,the invitation,die Einladung,die,noun,,,Danke für die Einladung!,13
a1_0192,A1,einmal,once,einmal,,word,,,Diese Prüfung mache ich nicht noch einmal.,14
a1_0193,A1,einsteigen,get in,einsteigen,,verb,,,"Schnell, steig ein, der Zug fährt gleich.",14
a1_0194,A1,der Eintritt,the entry,der Eintritt,der,noun,,,Der Preis für den Eintritt ist 5 Euro.,14
a1_0195,A1,das Einzelzimmer,the single room,das Einzelzimmer,das,noun,,,Haben Sie noch ein Einzelzimmer?,14
a1_0196,A1,die Eltern (pl.),the parents (pl.),die Eltern (pl.),die,noun,,,Meine Eltern leben in Spanien.,14
a1_0197,A1,"die E-Mail, -s","the email, -s","die E-Mail, -s",die,noun,-s,,Ich habe Ihre E-Mail nicht bekommen.,14
a1_0198,A1,"der Empfänger, –","the recipient, –","der Empfänger, –",der,noun,–,,"Auf dem Brief steht dein Name, also bist du der Empfänger.",14
a1_0199,A1,empfehlen,recommend,empfehlen,,verb,,,Welchen Wein können Sie mir empfehlen?,14
a1_0200,A1,enden,end,enden,,verb,,,Die Straße endet hier.,14
a1_0201,A1,das Ende,the end,das Ende,das,noun,,,Sie wohnt am Ende der Straße. || Er bekommt sein Geld am Ende des Monats.,14
a1_0202,A1,entschuldigen,excuse,entschuldigen,,verb,,,Entschuldigen Sie bitte!,14
a1_0203,A1,die Entschuldigung,the apology,die Entschuldigung,die,noun,,,Entschuldigung! || – Bitte.,14
a1_0204,A1,er,he,er,,word,,,Er heißt Ali.,14
a1_0205,A1,"das Ergebnis, -se","the result, -se","das Ergebnis, -se",das,noun,-se,,Das Ergebnis des Tests bekommen Sie in zwei Wochen.,14
a1_0206,A1,erklären,explain,erklären,,verb,,,Kannst du mir das erklären?,14
a1_0207,A1,erlauben,allow,erlauben,,verb,,,Rauchen ist hier nicht erlaubt.,14
a1_0208,A1,"der Erwachsene, -n","the adult, -n","der Erwachsene, -n",der,noun,-n,,Dieser Film ist nur für Erwachsene.,14
a1_0209,A1,erzählen,tell,erzählen,,verb,,,Wir müssen euch etwas erzählen!,14
a1_0210,A1,es,it,es,,word,,,Es regnet.,14
a1_0211,A1,essen,eat,essen,,verb,,,Was gibt es zu essen?,14
a1_0212,A1,das Essen,the food,das Essen,das,noun,,,Das Essen ist heute sehr gut.,14
a1_0213,A1,euer,your,euer,,word,,,Euer Kurs beginnt heute.,14
a1_0214,A1,fahren,drive,fahren,,verb,,,Ich fahre mit dem Auto zur Arbeit.,14
a1_0215,A1,der Fahrer,the driver,der Fahrer,der,noun,,,Bitte nicht mit dem Fahrer sprechen!,14
a1_0216,A1,"die Fahrkarte, -n","the ticket, -n","die Fahrkarte, -n",die,noun,-n,,Hast du schon eine Fahrkarte?,14
a1_0217,A1,"das Fahrrad, -ä, er","the bike, -ä, he","das Fahrrad, -ä, er",das,noun,"-ä, er",,Fährst du mit dem Fahrrad oder mit dem Auto?,14
a1_0218,A1,falsch,incorrect,falsch,,word,,,Das ist falsch.,14
a1_0219,A1,"die Familie, -n","the family, -n","die Familie, -n",die,noun,-n,,Meine Familie lebt in Spanien.,14
a1_0220,A1,der Familienname,the family name,der Familienname,der,noun,,,Meine Familiennamen sind García González.,14
a1_0221,A1,der Familienstand,the marital status,der Familienstand,der,noun,,,Bei „Familienstand“ musst du „ledig“ ankreuzen.,14
a1_0222,A1,"die Farbe, -n","the color, -n","die Farbe, -n",die,noun,-n,,Die Farbe gefällt mir gut.,14
a1_0223,A1,"das Fax, -e","das Fax, -e","das Fax, -e",das,noun,-e,,Schicken Sie uns einfach ein Fax!,14
a1_0224,A1,Feier-,Celebration-,Feier-,,noun,,,"z. || B. || Feierabend, Feiertag Am Montag ist Feiertag.",14
a1_0225,A1,feiern,celebrate,feiern,,verb,,,Wir feiern heute meinen Geburtstag.,14
a1_0226,A1,fehlen,miss,fehlen,,verb,,,"Herr Müller ist nicht da, er fehlt schon seit drei Tagen. || Was fehlt Ihnen?",14
a1_0227,A1,"der Fehler, –","the error, –","der Fehler, –",der,noun,–,,Diesen Fehler mache ich immer.,14
a1_0228,A1,fernsehen,TV,fernsehen,,verb,,,Wollen wir heute Abend mal fernsehen?,14
a1_0229,A1,fertig,complete,fertig,,adjective,,,Bist du fertig? || Ist mein Auto schon fertig?,14
a1_0230,A1,das Feuer,the fire,das Feuer,das,noun,,,Haben Sie Feuer?,14
a1_0231,A1,das Fieber,the fever,das Fieber,das,noun,,,Mein Mann hat noch immer Fieber.,14
a1_0232,A1,"der Film, -e","the film, -e","der Film, -e",der,noun,-e,,Ich möchte gern diesen Film sehen.,14
a1_0233,A1,finden,find,finden,,verb,,,Wir müssen den Schlüssel finden.,14
a1_0234,A1,die Firma,the Company,die Firma,die,noun,,,Er arbeitet jetzt bei einer anderen Firma.,14
a1_0235,A1,213082_20_SV,213082_20_SV,213082_20_SV,,other,,,,14
a1_0236,A1,"der Fisch, -e","the fish, -e","der Fisch, -e",der,noun,-e,,Ich esse gern Fisch. || Fleisch mag ich nicht.,14
a1_0237,A1,"die Flasche, -n","the bottle, -n","die Flasche, -n",die,noun,-n,,"Eine Flasche Bier, bitte.",15
a1_0238,A1,das Fleisch,the meat,das Fleisch,das,noun,,,Fleisch mag ich nicht.,15
a1_0239,A1,fliegen,fly,fliegen,,verb,,,Ich fliege nicht gern. || Deshalb fahre ich mit dem Zug.,15
a1_0240,A1,abfliegen,fly off,abfliegen,,verb,,,Wann fliegst du ab?,15
a1_0241,A1,der Abflug,the departure,der Abflug,der,noun,,,Der Abflug ist um 11.20 Uhr.,15
a1_0242,A1,der Flughafen,the airport,der Flughafen,der,noun,,,Kannst du mich zum Flughafen bringen?,15
a1_0243,A1,das Flugzeug,The plane,das Flugzeug,das,noun,,,Das Flugzeug aus Berlin kommt heute später an.,15
a1_0244,A1,"das Formular, -e","the form, -e","das Formular, -e",das,noun,-e,,Sie müssen dieses Formular ausfüllen.,15
a1_0245,A1,"das Foto, -s","the photo, -s","das Foto, -s",das,noun,-s,,Darf ich ein Foto machen?,15
a1_0246,A1,fragen,questions,fragen,,verb,,,Er möchte Sie etwas fragen. || Wann kommen Sie?,15
a1_0247,A1,"die Frage, -n",the questions,"die Frage, -n",die,noun,-n,,Ich habe eine Frage.,15
a1_0248,A1,"die Frau, -en",the women,"die Frau, -en",die,noun,-en,,"Das ist Frau Becker. || Guten Tag, Frau Schmitt! || Hier arbeiten mehr Frauen als Männer.",15
a1_0249,A1,frei,free,frei,,adjective,,,Ist der Platz noch frei?,15
a1_0250,A1,die Freizeit,the free time,die Freizeit,die,noun,,,In meiner Freizeit spiele ich oft Fußball.,15
a1_0251,A1,fremd,foreign,fremd,,word,,,Das weiß ich nicht; ich bin fremd hier.,15
a1_0252,A1,(sich) freuen,(rejoice,(sich) freuen,,verb,,,Ich freue mich auf den Urlaub.,15
a1_0253,A1,"der Freund, -e","the friend, -e","der Freund, -e",der,noun,-e,,Das ist ein Freund von mir. || Das ist meine Freundin.,15
a1_0254,A1,früher,earlier,früher,,word,,,Früher waren wir oft zusammen im Kino.,15
a1_0255,A1,frühstücken,have breakfast,frühstücken,,verb,,,Am Sonntag frühstücke ich gern im Bett.,15
a1_0256,A1,das Frühstück,the breakfast,das Frühstück,das,noun,,,Möchtest du ein Ei zum Frühstück?,15
a1_0257,A1,die Führung,the leadership,die Führung,die,noun,,,Die Führung durch das Haus beginnt in 3 Minuten.,15
a1_0258,A1,für,for,für,,preposition,,,Das ist für Sie. || Das ist der Schlüssel für die Haustür. || Das ist das Brot für morgen.,15
a1_0259,A1,"der Fuß, -ü, e","the foot, -ü, e","der Fuß, -ü, e",der,noun,"-ü, e",,Der linke Fuß tut mir weh.,15
a1_0260,A1,der Fußball,the football,der Fußball,der,noun,,,Spielt ihr gerne Fußball?,15
a1_0261,A1,der Garten,the garden,der Garten,der,noun,,,Wir haben leider keinen Garten.,15
a1_0262,A1,"der Gast, -ä, e","the guest, -ä, e","der Gast, -ä, e",der,noun,"-ä, e",,Am Wochenende haben wir mehrere Gäste.,15
a1_0263,A1,geben,give,geben,,verb,,,Kannst du mir bitte deinen Kugelschreiber geben? || Es gibt keine Karten mehr.,15
a1_0264,A1,geboren,born,geboren,,verb,,,Ich bin in Zagreb geboren.,15
a1_0265,A1,das Geburtsjahr,the year of birth,das Geburtsjahr,das,noun,,,"Das Geburtsjahr Ihres Sohnes, bitte?",15
a1_0266,A1,der Geburtsort,the place of birth,der Geburtsort,der,noun,,,Bitte schreiben Sie Ihren Geburtsort auf das Formular.,15
a1_0267,A1,der Geburtstag,the birthday,der Geburtstag,der,noun,,,Herzlichen Glückwunsch zum Geburtstag!,15
a1_0268,A1,gefallen,fallen,gefallen,,verb,,,Das gefällt mir.,15
a1_0269,A1,gegen,against,gegen,,verb,,,Fahr nicht gegen den Baum! || Ich bin gegen diese Lösung. || Wer spielt gegen wen?,15
a1_0270,A1,gehen,go,gehen,,verb,,,"Ich weiß nicht, wie das geht. || Wie geht‘s? || Jetzt muss ich (aber) leider gehen. || Ich muss zum Arzt gehen. || Das geht nicht!",15
a1_0271,A1,gehören,belong,gehören,,verb,,,Wem gehört das?,15
a1_0272,A1,das Geld,the money,das Geld,das,noun,,,Hast du noch Geld?,15
a1_0273,A1,213082_20_SV,213082_20_SV,213082_20_SV,,other,,,,15
a1_0274,A1,das Gemüse,the vegetable,das Gemüse,das,noun,,,Gemüse brauchen wir auch noch.,15
a1_0275,A1,das Gepäck,the luggage,das Gepäck,das,noun,,,Wollen Sie Ihr Gepäck mitnehmen?,16
a1_0276,A1,gerade,straight,gerade,,word,,,Da kommt er ja gerade.,16
a1_0277,A1,geradeaus,straight ahead,geradeaus,,word,,,Gehen Sie immer geradeaus!,16
a1_0278,A1,gern(e),gladly),gern(e),,word,,,Ich gehe gerne einkaufen.,16
a1_0279,A1,"das Geschäft, -e","the business, -e","das Geschäft, -e",das,noun,-e,,Die Geschäfte schließen um 18.30 Uhr.,16
a1_0280,A1,"das Geschenk, -e","the gift, -e","das Geschenk, -e",das,noun,-e,,Danke für das schöne Geschenk.,16
a1_0281,A1,die Geschwister (pl.),the siblings (pl.),die Geschwister (pl.),die,noun,,,Ich habe leider keine Geschwister.,16
a1_0282,A1,"das Gespräch, -e","the conversation, -e","das Gespräch, -e",das,noun,-e,,Das Gespräch mit Frau Kunz ist um 14 Uhr.,16
a1_0283,A1,gestern,yesterday,gestern,,verb,,,Gestern war ich krank.,16
a1_0284,A1,gestorben,died,gestorben,,verb,,,Meine Frau ist gestern gestorben.,16
a1_0285,A1,"das Getränk, -e","the drink, -e","das Getränk, -e",das,noun,-e,,Mein Lieblingsgetränk ist Tomatensaft.,16
a1_0286,A1,das Gewicht,the weight,das Gewicht,das,noun,,,Bei „Gewicht“ schreibst du: 62 Kilo.,16
a1_0287,A1,gewinnen,win,gewinnen,,verb,,,Wer gewinnt das Spiel?,16
a1_0288,A1,"das Glas, -ä, er","the glass, -ä, he","das Glas, -ä, er",das,noun,"-ä, er",,Bitte noch ein Glas Wein! || Wir brauchen noch drei Gläser.,16
a1_0289,A1,glauben,believe,glauben,,verb,,,"Sie können mir glauben, es ist so. || Ich glaube, er kommt gleich.",16
a1_0290,A1,gleich,even,gleich,,word,,,Das ist mir gleich. || Das ist der gleiche Preis. || Ich komme gleich.,16
a1_0291,A1,"das Gleis, -e","the track, -e","das Gleis, -e",das,noun,-e,,Der ICE nach Berlin hält heute an Gleis 12.,16
a1_0292,A1,das Glück,the happiness,das Glück,das,noun,,,Viel Glück!,16
a1_0293,A1,glücklich,happy,glücklich,,adjective,,,Meine Kinder sind glücklich verheiratet.,16
a1_0294,A1,der Glückwunsch,the congratulations,der Glückwunsch,der,noun,,,Herzlichen Glückwunsch zum Geburtstag.,16
a1_0295,A1,Grad (Celsius),Degrees Celsius),Grad (Celsius),,noun,,,Heute haben wir dreißig Grad.,16
a1_0296,A1,gratulieren,congratulate,gratulieren,,verb,,,Ich gratuliere dir!,16
a1_0297,A1,grillen,grill,grillen,,verb,,,Heute grillen wir im Garten.,16
a1_0298,A1,groß,large,groß,,word,,,Mein Bruder und ich sind gleich groß. || Frankfurt ist eine große Stadt.,16
a1_0299,A1,die Größe,the size,die Größe,die,noun,,,Haben Sie das auch in Größe 40?,16
a1_0300,A1,die Großeltern (pl.),the grandparents (pl.),die Großeltern (pl.),die,noun,,,Meine Großeltern leben in Japan.,16
a1_0301,A1,die Großmutter,the grandmother,die Großmutter,die,noun,,,Meine Großmutter heißt Eva.,16
a1_0302,A1,der Großvater,the grandfather,der Großvater,der,noun,,,Mein Großvater ist schon 80.,16
a1_0303,A1,"die Gruppe, -n","the group, -n","die Gruppe, -n",die,noun,-n,,Die erste Gruppe beginnt um 16 Uhr.,16
a1_0304,A1,"der Gruß, -ü, e","the greeting, -ü, e","der Gruß, -ü, e",der,noun,"-ü, e",,Viele Grüße an Ihre Frau. || Mit freundlichen Grüßen,16
a1_0305,A1,gültig,valid,gültig,,adjective,,,Der Pass ist nicht mehr gültig.,16
a1_0306,A1,günstig,cheap,günstig,,adjective,,,Dort gibt es günstige Angebote.,16
a1_0307,A1,gut,good,gut,,word,,,Das finde ich gut. || Ich komme um 13 Uhr. || – Gut! || Guten Morgen! || Ein gutes neues Jahr! || Guten Appetit!,16
a1_0308,A1,"das Haar, -e","the hair, -e","das Haar, -e",das,noun,-e,,Sie hat lange Haare.,16
a1_0309,A1,haben,have,haben,,verb,,,Ich habe ein neues Auto.,16
a1_0310,A1,"das Hähnchen, -","the chicken, -","das Hähnchen, -",das,noun,-,,Ein Hähnchen mit Pommes bitte!,16
a1_0311,A1,die Halbpension,the half board,die Halbpension,die,noun,,,Möchten Sie Vollpension oder Halbpension?,16
a1_0312,A1,die Halle,the hall,die Halle,die,noun,,,Wir treffen uns in Halle B,16
a1_0313,A1,213082_20_SV,213082_20_SV,213082_20_SV,,other,,,,16
a1_0314,A1,hallo,Hello,hallo,,word,,,Hallo Inge! || Wie geht’s?,16
a1_0315,A1,halten,hold,halten,,verb,,,Dieser Zug hält nicht in Rüdesheim.,17
a1_0316,A1,die Haltestelle,the bus stop,die Haltestelle,die,noun,,,An der nächsten Haltestelle müssen Sie aussteigen.,17
a1_0317,A1,"die Hand, -ä, e","the hand, -ä, e","die Hand, -ä, e",die,noun,"-ä, e",,Er gibt mir die Hand.,17
a1_0318,A1,"das Handy, -s","the cell phone, -s","das Handy, -s",das,noun,-s,,In der Schule bitte die Handys ausmachen!,17
a1_0319,A1,"das Haus, -ä, er","the house, -ä, he","das Haus, -ä, er",das,noun,"-ä, er",,In welchem Haus wohnst du? || Ich gehe jetzt nach Hause. || Paul ist nicht zu Hause.,17
a1_0320,A1,"die Hausaufgabe,-n","the homework, -n","die Hausaufgabe,-n",die,noun,-n,,Kannst du mir bei den Hausaufgaben helfen?,17
a1_0321,A1,"die Hausfrau, -en/","the housewife, -en/","die Hausfrau, -en/",die,noun,-en/,,,17
a1_0322,A1,der Hausmann,the househusband,der Hausmann,der,noun,,,"Die Hausfrau/der Hausmann wäscht, kocht und kauft ein.",17
a1_0323,A1,die Heimat,the homeland,die Heimat,die,noun,,,Ich komme aus der Schweiz. || Das ist meine Heimat.,17
a1_0324,A1,heiraten,marry,heiraten,,verb,,,Meine Schwester heiratet einen Japaner.,17
a1_0325,A1,heißen,be called,heißen,,verb,,,Ich heiße Charlotte Meier. || Wie heißt das auf Deutsch?,17
a1_0326,A1,helfen,help,helfen,,verb,,,"Können Sie mir helfen, bitte?",17
a1_0327,A1,hell,bright,hell,,word,,,Im Sommer ist es bis 21 Uhr hell.,17
a1_0328,A1,der Herd,the stove,der Herd,der,noun,,,In der neuen Küche fehlt noch der Herd.,17
a1_0329,A1,"der Herr, -en","the gentleman, -en","der Herr, -en",der,noun,-en,,"Guten Tag, Herr Sommer!",17
a1_0330,A1,herzlich,herzlich,herzlich,,adjective,,,Herzlichen Glückwunsch!,17
a1_0331,A1,heute,today,heute,,adverb,,,Heute ist ein schöner Tag.,17
a1_0332,A1,hier,here,hier,,adverb,,,"Hier ist 06131-553221, Pamela Linke. || Hier wohne ich.",17
a1_0333,A1,die Hilfe,the help,die Hilfe,die,noun,,,Hilfe! || Bitte helfen Sie mir! || Brauchen Sie meine Hilfe?,17
a1_0334,A1,hinten,rear,hinten,,verb,,,Die Tür zum Aussteigen ist hinten.,17
a1_0335,A1,"das Hobby, -s","the hobby, -s","das Hobby, -s",das,noun,-s,,Meine Hobbys sind Wandern und Schwimmen.,17
a1_0336,A1,hoch,high,hoch,,word,,,Der Mount Everest ist 8.880 Meter hoch.,17
a1_0337,A1,die Hochzeit,the wedding,die Hochzeit,die,noun,,,Zur dieser Hochzeit kommen mehr als fünfzig Gäste.,17
a1_0338,A1,holen,fetch,holen,,verb,,,Ich hole zwei Flaschen Wasser aus der Küche.,17
a1_0339,A1,hören,hear,hören,,verb,,,Hör mal! || Was ist das? || Ich habe das Lied schon mal gehört.,17
a1_0340,A1,"das Hotel, -s","the hotel, -s","das Hotel, -s",das,noun,-s,,Im Urlaub sind wir in einem Hotel am Meer.,17
a1_0341,A1,"der Hund, -e","the dog, -e","der Hund, -e",der,noun,-e,,Der Hund ist noch jung.,17
a1_0342,A1,der Hunger,the hunger,der Hunger,der,noun,,,Ich habe Hunger! || Wann ist das Essen fertig?,17
a1_0343,A1,ich,I,ich,,word,,,Ich heiße Veronika.,17
a1_0344,A1,ihr/ihm/ihn,ihr/ihm/ihn,ihr/ihm/ihn,,word,,,Gib ihr/ihm bitte das Buch. || Ruf ihn bitte an.,17
a1_0345,A1,immer,always,immer,,adverb,,,Frau Bast kommt immer zu spät.,17
a1_0346,A1,in,in,in,,preposition,,,"Ich wohne in Wiesbaden. || Der Zug kommt in fünf Minuten. || Frau Rausch arbeitet in einem Geschäft. || Komm, wir gehen ins Kino.",17
a1_0347,A1,"die Information, -en",the information,"die Information, -en",die,noun,-en,,"Wenn Sie Fragen haben, gehen Sie zur Information. || Wir haben hier wichtige Informationen für Sie.",17
a1_0348,A1,international,international,international,,word,,,"Unser Deutschkurs ist international: Silvana kommt aus Italien, Conchi aus Spanien, Yin aus China ...",17
a1_0349,A1,das Internet,the Internet,das Internet,das,noun,,,Das findest du im Internet.,17
a1_0350,A1,213082_20_SV,213082_20_SV,213082_20_SV,,other,,,,17
a1_0351,A1,ja,Yes,ja,,word,,,Sind Sie Herr Watanabe? || – Ja.,18
a1_0352,A1,"die Jacke, -n","the jacket, -n","die Jacke, -n",die,noun,-n,,Zieh dir eine Jacke an. || Es ist kalt.,18
a1_0353,A1,jed-,any-,jed-,,word,,,Blumen kannst du in jedem Bahnhof kaufen.,18
a1_0354,A1,jetzt,now,jetzt,,adverb,,,Jetzt machen wir eine Pause.,18
a1_0355,A1,"der Job, -s","the job, -s","der Job, -s",der,noun,-s,,Jenny hat einen neuen Job bei der Post.,18
a1_0356,A1,"der Jugendliche, -n","the young person, -n","der Jugendliche, -n",der,noun,-n,,Viele Jugendliche kaufen gern ein.,18
a1_0357,A1,jung,young,jung,,word,,,Claudia ist 21. || – Was? || Noch so jung?,18
a1_0358,A1,"der Junge, -n","the boy, -n","der Junge, -n",der,noun,-n,,Ich habe zwei Kinder. || Einen Jungen und ein Mädchen.,18
a1_0359,A1,der Kaffee,the coffee,der Kaffee,der,noun,,,Zum Frühstück trinke ich immer Kaffee.,18
a1_0360,A1,kaputt,broken,kaputt,,word,,,Das Glas war teuer. || Es geht sehr leicht kaputt.,18
a1_0361,A1,"die Karte, -n","the card, -n","die Karte, -n",die,noun,-n,,"Ich schreibe meinen Bekannten eine Karte aus dem Urlaub. || Wollen wir Karten spielen? || Ich möchte auch etwas essen. || Bringen Sie mir die Karte, bitte.",18
a1_0362,A1,"(Kredit)-Karte, -n","(credit) card, -n","(Kredit)-Karte, -n",,other,,,Kann ich auch mit Karte (be-) zahlen?,18
a1_0363,A1,"die Kartoffel, -n","the potato, -n","die Kartoffel, -n",die,noun,-n,,Für Pommes frites braucht man Kartoffeln.,18
a1_0364,A1,die Kasse,the cash register,die Kasse,die,noun,,,Zahlen Sie bitte an der Kasse.,18
a1_0365,A1,kaufen,buy,kaufen,,verb,,,Tim kauft sich ein neues Auto.,18
a1_0366,A1,kein,no,kein,,word,,,Es gibt keine Eintrittskarten mehr.,18
a1_0367,A1,kennen,know,kennen,,verb,,,"Kennen Sie diese Frau? || – Nein, leider nicht.",18
a1_0368,A1,kennenlernen,get to know,kennenlernen,,verb,,,Wir sind neu hier. || Wir möchten Sie kennenlernen.,18
a1_0369,A1,"das Kind, -er","the child, -he","das Kind, -er",das,noun,-er,,Wie viele Kinder haben Sie?,18
a1_0370,A1,der Kindergarten,the kindergarten,der Kindergarten,der,noun,,,Die kleine Laura geht schon in den Kindergarten.,18
a1_0371,A1,"das Kino, -s","the cinema, -s","das Kino, -s",das,noun,-s,,Wir sehen heute Abend im Kino einen schönen Film.,18
a1_0372,A1,der Kiosk,the kiosk,der Kiosk,der,noun,,,"Am Kiosk bekommen Sie Getränke, Zigaretten und Zeitungen.",18
a1_0373,A1,klar,clear,klar,,word,,,Kommst du mit? || – Klar!,18
a1_0374,A1,die Klasse,the class,die Klasse,die,noun,,,In unserer Klasse sind fünfundzwanzig Schüler. Im Zug fahre ich immer || Klasse.,18
a1_0375,A1,die Kleidung,the clothing,die Kleidung,die,noun,,,"Wo finde ich Kleidung? || – Jacken im ersten, Jeans im zweiten Stock.",18
a1_0376,A1,klein,small,klein,,word,,,Eltville ist eine kleine Stadt am Rhein.,18
a1_0377,A1,kochen,cook,kochen,,verb,,,Herr Georgi kann gut kochen.,18
a1_0378,A1,"der Koffer, –","the suitcase, -","der Koffer, –",der,noun,–,,Ist das Ihr Koffer?,18
a1_0379,A1,"der Kollege, -n","the colleague, -n","der Kollege, -n",der,noun,-n,,Wie heißt die neue Kollegin?,18
a1_0380,A1,kommen,come,kommen,,verb,,,Woher kommen Sie? || – Aus Frankreich. || Kommst du mit ins Schwimmbad?,18
a1_0381,A1,können,can,können,,verb,,,Ich kann Deutsch und Russisch. || Können Sie mir helfen?,18
a1_0382,A1,das Konto,the account,das Konto,das,noun,,,Das Geld überweisen wir am ersten März auf Ihr Konto.,18
a1_0383,A1,der Kopf,the head,der Kopf,der,noun,,,Mein Kopf tut weh!,18
a1_0384,A1,kosten,cost,kosten,,verb,,,Wie viel kostet das? || – 10 Euro.,18
a1_0385,A1,krank,sick,krank,,word,,,"Ich kann heute nicht zur Arbeit kommen, ich bin krank und liege im Bett.",18
a1_0386,A1,kriegen,get,kriegen,,verb,,,Ich kriege 15 Euro in der Stunde für meine Arbeit.,18
a1_0387,A1,die Küche,the kitchen,die Küche,die,noun,,,Der neue Herd kommt in die Küche.,18
a1_0388,A1,213082_20_SV,213082_20_SV,213082_20_SV,,other,,,,18
a1_0389,A1,der Kuchen,the cake,der Kuchen,der,noun,,,Ich nehme ein Stück Kuchen.,18
a1_0390,A1,der Kugelschreiber,the ballpoint pen,der Kugelschreiber,der,noun,,,Hast du einen Kugelschreiber für mich?,19
a1_0391,A1,der Kühlschrank,the refrigerator,der Kühlschrank,der,noun,,,"Haben wir noch Milch? || – Ja, im Kühlschrank.",19
a1_0392,A1,kulturell,cultural,kulturell,,word,,,Ich bin kulturell interessiert. || Ich gehe oft ins Museum.,19
a1_0393,A1,sich kümmern,take care,sich kümmern,,verb,,,Jede Mutter kümmert sich um ihre kleinen Kinder.,19
a1_0394,A1,"der Kunde, -n","the customer, -n","der Kunde, -n",der,noun,-n,,"Einen Moment, bitte. || Ich habe eine Kundin.",19
a1_0395,A1,"der Kurs, -e","the course, -e","der Kurs, -e",der,noun,-e,,Der Deutschkurs geht bis zum Sommer.,19
a1_0396,A1,kurz,short,kurz,,word,,,Ricardo hat kurzes Haar.,19
a1_0397,A1,lachen,laugh,lachen,,verb,,,Die Kinder lachen viel.,19
a1_0398,A1,"der Laden, -ä","the shop, -ä","der Laden, -ä",der,noun,-ä,,Im Buchladen können Sie Bücher kaufen.,19
a1_0399,A1,"das Land, -ä, er","the country, -ä, he","das Land, -ä, er",das,noun,"-ä, er",,Italien ist ein schönes Land.,19
a1_0400,A1,lang,long,lang,,word,,,Die Jeans ist zu lang.,19
a1_0401,A1,lange,long,lange,,word,,,Wie lange fährt der Zug von Hamburg nach Berlin?,19
a1_0402,A1,langsam,slow,langsam,,adjective,,,Könnten Sie bitte etwas langsamer sprechen?,19
a1_0403,A1,laufen,run,laufen,,verb,,,"Ich möchte nicht Auto fahren, ich möchte laufen.",19
a1_0404,A1,laut,loud,laut,,word,,,Nicht so laut! || Das Baby schläft.,19
a1_0405,A1,leben,life,leben,,verb,,,Sie lebt bei ihrer Schwester. || Ihre Eltern leben nicht mehr.,19
a1_0406,A1,das Leben,the life,das Leben,das,noun,,,Das Leben in diesem Land ist teuer.,19
a1_0407,A1,die Lebens-,the life,die Lebens-,die,noun,,,,19
a1_0408,A1,mittel (pl.),medium (pl.),mittel (pl.),,word,,,Lebensmittel bekommen Sie im Supermarkt.,19
a1_0409,A1,ledig,single,ledig,,adjective,,,Sind Sie verheiratet? || – Nein. || Ledig.,19
a1_0410,A1,legen,place,legen,,verb,,,Legen Sie das Buch auf den Tisch.,19
a1_0411,A1,"der Lehrer, –","the teacher, -","der Lehrer, –",der,noun,–,,Unsere Deutschlehrerin heißt Frau Müller.,19
a1_0412,A1,leicht,light,leicht,,word,,,Der Koffer ist leicht. || Deutsch ist nicht leicht.,19
a1_0413,A1,leider,unfortunately,leider,,adverb,,,Leider kann ich nicht kommen. || Ich muss zum Arzt.,19
a1_0414,A1,leise,quiet,leise,,word,,,Seid leise. || Die anderen schlafen schon.,19
a1_0415,A1,lernen,learn,lernen,,verb,,,Wie lange lernen Sie schon Deutsch?,19
a1_0416,A1,lesen,read,lesen,,verb,,,Ich lese ein Buch von García Márquez.,19
a1_0417,A1,letzt-,last-,letzt-,,word,,,Morgen ist der letzte Kurstag.,19
a1_0418,A1,die Leute (pl.),the people (pl.),die Leute (pl.),die,noun,,,In der Disko sind viele Leute.,19
a1_0419,A1,das Licht,the light,das Licht,das,noun,,,Wo macht man hier das Licht an?,19
a1_0420,A1,lieb-,dear-,lieb-,,word,,,"Liebe Susanne, lieber Hans,",19
a1_0421,A1,lieben,love,lieben,,verb,,,Ich liebe dich!,19
a1_0422,A1,lieber,Dear,lieber,,word,,,Sie fährt lieber mit der Bahn.,19
a1_0423,A1,Lieblings-,Favorite-,Lieblings-,,noun,,,Mein Lieblingsfilm ist „Schwarze Augen“.,19
a1_0424,A1,"das Lied, -er","the song, -er","das Lied, -er",das,noun,-er,,Welches ist dein Lieblingslied?,19
a1_0425,A1,liegen,lay,liegen,,verb,,,Um neun Uhr liegt Judith noch im Bett. || Frankfurt liegt am Main.,19
a1_0426,A1,links,left,links,,word,,,Gehen Sie die nächste Straße links.,19
a1_0427,A1,"der Lkw, -s","the truck, -s","der Lkw, -s",der,noun,-s,,Dieser Lastkraftwagen ist sehr groß.,19
a1_0428,A1,das Lokal,the local,das Lokal,das,noun,,,In unserer Straße gibt es ein neues Lokal.,19
a1_0429,A1,"die Lösung, -en","the solution, -en","die Lösung, -en",die,noun,-en,,Die Lösung ist ganz einfach.,19
a1_0430,A1,lustig,funny,lustig,,adjective,,,Frau Mertens ist lustig. || Sie lacht immer.,19
a1_0431,A1,m,m,m,,word,,,,19
a1_0432,A1,machen,make,machen,,verb,,,Was machst du heute Abend?,19
a1_0433,A1,213082_20_SV,213082_20_SV,213082_20_SV,,other,,,Ich muss jetzt das Essen machen.,19
a1_0434,A1,"das Mädchen, –","the girl, -","das Mädchen, –",das,noun,–,,Familie Kurz bekommt ein Baby. || – Junge oder Mädchen?,20
a1_0435,A1,man,man,man,,word,,,Hier darf man nicht rauchen.,20
a1_0436,A1,"der Mann, -ä, er","the man, -ä, he","der Mann, -ä, er",der,noun,"-ä, er",,Mein Mann arbeitet bei der Polizei.,20
a1_0437,A1,männlich,masculine,männlich,,adjective,,,Kreuzen Sie bitte an: „weiblich“ oder „männlich“.,20
a1_0438,A1,"die Maschine, -n","the machine, -n","die Maschine, -n",die,noun,-n,,Die Waschmaschine ist günstig.,20
a1_0439,A1,das Meer,the sea,das Meer,das,noun,,,Wir machen Urlaub am Meer.,20
a1_0440,A1,mehr,more,mehr,,word,,,Dieses Auto kostet 1.000 Euro mehr als das andere.,20
a1_0441,A1,mein,my,mein,,word,,,Mein Vater ist Arzt.,20
a1_0442,A1,meist-,mostly-,meist-,,word,,,Die meisten Norddeutschen sind sehr groß.,20
a1_0443,A1,"der Mensch, -en","the human being, -en","der Mensch, -en",der,noun,-en,,Die Menschen sind hier anders als bei uns.,20
a1_0444,A1,mieten,rent,mieten,,verb,,,Ich möchte ein Auto mieten.,20
a1_0445,A1,die Miete,the rent,die Miete,die,noun,,,Die Miete für diese Wohnung ist 600 Euro.,20
a1_0446,A1,die Milch,the milk,die Milch,die,noun,,,Die Milch steht im Kühlschrank.,20
a1_0447,A1,mit,with,mit,,preposition,,,Trinken Sie den Kaffee mit Milch?,20
a1_0448,A1,mitbringen,bring along,mitbringen,,verb,,,Ich gehe einkaufen. || Soll ich dir was mitbringen?,20
a1_0449,A1,mitkommen,come along,mitkommen,,verb,,,Ich gehe ins Kino. || Kommst du mit?,20
a1_0450,A1,mitmachen,join in,mitmachen,,verb,,,Warum macht ihr nicht mit?,20
a1_0451,A1,mitnehmen,take along,mitnehmen,,verb,,,Nehmen wir meine Schwester ins Kino mit?,20
a1_0452,A1,die Mitte,the middle,die Mitte,die,noun,,,Der Lehrer steht in der Mitte des Klassenzimmers.,20
a1_0453,A1,die Möbel (pl.),the furniture (pl.),die Möbel (pl.),die,noun,,,Sind die Möbel neu?,20
a1_0454,A1,möchten,want,möchten,,verb,,,Was möchten Sie trinken?,20
a1_0455,A1,mögen,like,mögen,,verb,,,Magst du Kaffee oder Tee?,20
a1_0456,A1,möglich,possible,möglich,,adjective,,,Mit dieser Fahrkarte ist die Fahrt ab 9 Uhr möglich.,20
a1_0457,A1,der Moment,the moment,der Moment,der,noun,,,Moment mal bitte! || Einen Moment bitte.,20
a1_0458,A1,morgen,morning,morgen,,verb,,,Morgen beginnt die Schule um 10 Uhr.,20
a1_0459,A1,müde,tired,müde,,word,,,Ich bin müde. || Ich gehe schlafen.,20
a1_0460,A1,der Mund,the mouth,der Mund,der,noun,,,Öffnen Sie den Mund.,20
a1_0461,A1,müssen,must,müssen,,verb,,,Ich muss jeden Tag von 8 Uhr bis 18 Uhr arbeiten.,20
a1_0462,A1,"die Mutter, -ü","the mother, -ü","die Mutter, -ü",die,noun,-ü,,Frau Berghäuser ist die Mutter von Michaela.,20
a1_0463,A1,nach,after,nach,,preposition,,,Ich gehe jetzt nach Hause. || Ich fliege nach München. || Es ist schon 5 nach 12.,20
a1_0464,A1,nächst-,nächst-,nächst-,,word,,,Sehen wir uns nächste Woche?,20
a1_0465,A1,"der Name, -n","the name, -n","der Name, -n",der,noun,-n,,Mein Name ist Thomas Schmidt. || Mein Vorname ist Thomas; Schmidt ist der Familienname.,20
a1_0466,A1,nehmen,take,nehmen,,verb,,,Heute gibt es Hähnchen. || Das nehme ich. || Ich nehme den Bus.,20
a1_0467,A1,nein,no,nein,,word,,,"Fährst du auch nach München? || – Nein, ich habe keine Zeit.",20
a1_0468,A1,neu,new,neu,,word,,,Ich bin der neue Kollege. || Wir haben eine neue Wohnung.,20
a1_0469,A1,nicht,not,nicht,,word,,,"Das stimmt nicht. || Das ist doch schön, nicht?",20
a1_0470,A1,nichts,nothing,nichts,,word,,,Das macht nichts. || Hier kaufe ich nichts. || Der Laden gefällt mir nicht.,20
a1_0471,A1,213082_20_SV,213082_20_SV,213082_20_SV,,other,,,,20
a1_0472,A1,nie,never,nie,,adverb,,,Er kommt nie pünktlich.,20
a1_0473,A1,noch,still,noch,,word,,,Vielleicht kommt er noch. || Wir warten noch fünf Minuten. || Ich habe noch 20 Euro.,21
a1_0474,A1,normal,normal,normal,,word,,,75 kg. || Sein Gewicht ist normal.,21
a1_0475,A1,"die Nummer, -n","the number, -n","die Nummer, -n",die,noun,-n,,Sie haben Zimmer Nummer zwölf. || Welche Hausnummer haben Sie? || Können Sie mir Ihre Nummer geben?,21
a1_0476,A1,nur,only,nur,,word,,,Ich möchte nur ein Glas Wasser.,21
a1_0477,A1,o,O,o,,word,,,,21
a1_0478,A1,oben,above,oben,,verb,,,Ich wohne oben.,21
a1_0479,A1,das Obst,the fruit,das Obst,das,noun,,,Im Sommer ist das Obst billig.,21
a1_0480,A1,oder,or,oder,,conjunction,,,Wann können Sie kommen – heute oder morgen?,21
a1_0481,A1,öffnen,open,öffnen,,verb,,,Ich öffne die Tür.,21
a1_0482,A1,geöffnet,open,geöffnet,,word,,,Der Laden ist samstags bis 16.00 Uhr geöffnet.,21
a1_0483,A1,oft,often,oft,,adverb,,,Petra treffe ich oft.,21
a1_0484,A1,ohne,without,ohne,,preposition,,,Ohne Geld kann er nichts kaufen.,21
a1_0485,A1,das Öl,the oil,das Öl,das,noun,,,Den Salat machen wir ohne Öl.,21
a1_0486,A1,"die Oma, -s","die Oma, -s","die Oma, -s",die,noun,-s,,Meine Oma ist schon tot.,21
a1_0487,A1,"der Opa, -s","the grandfather, -s","der Opa, -s",der,noun,-s,,Mein Opa heißt Hans.,21
a1_0488,A1,die Ordnung,the order,die Ordnung,die,noun,,,Das ist in Ordnung.,21
a1_0489,A1,"der Ort, -e","der Ort, -e","der Ort, -e",der,noun,-e,,Der Ort liegt am Meer.,21
a1_0490,A1,das Papier,the paper,das Papier,das,noun,,,Hier sind Papier und Bleistift.,21
a1_0491,A1,die Papiere (pl.),the papers (pl.),die Papiere (pl.),die,noun,,,Haben Sie Ihre Papiere dabei?,21
a1_0492,A1,"der Partner, -/","the partner, -/","der Partner, -/",der,noun,-/,,,21
a1_0493,A1,"die Partnerin, -nen","the partner, -nen","die Partnerin, -nen",die,noun,-nen,,Sie ist meine Partnerin.,21
a1_0494,A1,die Party,the party,die Party,die,noun,,,Heute Abend machen wir eine Party.,21
a1_0495,A1,"der Pass, -ä, e","the passport, -ä, e","der Pass, -ä, e",der,noun,"-ä, e",,Im Hotel brauchst du deinen Pass.,21
a1_0496,A1,"die Pause, -n","the break, -n","die Pause, -n",die,noun,-n,,Von 12.00 bis 12.30 Uhr haben wir Mittagspause.,21
a1_0497,A1,"der Plan, -ä, e","the plan, -ä, e","der Plan, -ä, e",der,noun,"-ä, e",,Ich kaufe mir einen Stadtplan.,21
a1_0498,A1,"der Platz, -ä, e","the place, -ä, e","der Platz, -ä, e",der,noun,"-ä, e",,"Tut mir leid, der Platz ist besetzt. || Bitte nehmen Sie Platz! || Ich wohne Messeplatz 5.",21
a1_0499,A1,die Polizei,the police,die Polizei,die,noun,,,Holen Sie die Polizei!,21
a1_0500,A1,die Pommes frites,the french fries,die Pommes frites,die,noun,,,(pl.) Die Kinder essen Hähnchen mit Pommes frites.,21
a1_0501,A1,die Post,the post,die Post,die,noun,,,"Wo ist die Post, bitte? || Ist Post da?",21
a1_0502,A1,die Postleitzahl,the zip code,die Postleitzahl,die,noun,,,Wie ist Ihre Postleitzahl?,21
a1_0503,A1,das Praktikum,the internship,das Praktikum,das,noun,,,Ich mache ein Praktikum bei Siemens.,21
a1_0504,A1,die Praxis,the practice,die Praxis,die,noun,,,Die Praxis ist ab acht Uhr geöffnet.,21
a1_0505,A1,"der Preis, -e","the price, -e","der Preis, -e",der,noun,-e,,Die Preise sind hoch.,21
a1_0506,A1,"das Problem, -e","the problem, -e","das Problem, -e",das,noun,-e,,Mein Problem ist die Sprache.,21
a1_0507,A1,"der Prospekt, -e","the prospectus, -e","der Prospekt, -e",der,noun,-e,,Bitte schicken Sie mir einen Prospekt von Ihrem Hotel.,21
a1_0508,A1,die Prüfung,the exam,die Prüfung,die,noun,,,Die Prüfung ist am Montag um 8.00 Uhr.,21
a1_0509,A1,pünktlich,on time,pünktlich,,adjective,,,Der Bus fährt pünktlich um acht Uhr. || Herr Müller ist immer pünktlich.,21
a1_0510,A1,213082_20_SV,213082_20_SV,213082_20_SV,,other,,,,21
a1_0511,A1,r,r,r,,word,,,,22
a1_0512,A1,Rad fahren,ride a bike,Rad fahren,,noun,,,Das Kind kann schon Rad fahren.,22
a1_0513,A1,rauchen,smoke,rauchen,,verb,,,Ich rauche nicht.,22
a1_0514,A1,"der Raum, -ä, e","the space, -ä, e","der Raum, -ä, e",der,noun,"-ä, e",,Der Unterricht ist in Raum 332.,22
a1_0515,A1,"die Rechnung, -en","the bill, -en","die Rechnung, -en",die,noun,-en,,"Die Rechnung, bitte.",22
a1_0516,A1,rechts,right,rechts,,word,,,Die Schillerstraße ist hier rechts.,22
a1_0517,A1,regnen,rain,regnen,,verb,,,Heute regnet es.,22
a1_0518,A1,der Regen,the rain,der Regen,der,noun,,,Bei diesem Regen gehe ich nicht raus.,22
a1_0519,A1,der Reis,the rice,der Reis,der,noun,,,Ich esse gern Reis.,22
a1_0520,A1,reisen,travel,reisen,,verb,,,Ich reise gern.,22
a1_0521,A1,die Reise,the trip,die Reise,die,noun,,,Wir machen eine Reise nach Österreich.,22
a1_0522,A1,"das Reisebüro, -s","the travel agency, -s","das Reisebüro, -s",das,noun,-s,,Mein Mann arbeitet im Reisebüro.,22
a1_0523,A1,der Reiseführer,the travel guide,der Reiseführer,der,noun,,,Ich kaufe mir einen Reiseführer von Berlin. || Unser Reiseführer heißt Peter.,22
a1_0524,A1,reparieren,repair,reparieren,,verb,,,Er hat das Fahrrad repariert.,22
a1_0525,A1,die Reparatur,the repair,die Reparatur,die,noun,,,Die Reparatur ist sehr teuer.,22
a1_0526,A1,"das Restaurant, -s","the restaurant, -s","das Restaurant, -s",das,noun,-s,,Wir essen heute in einem Restaurant.,22
a1_0527,A1,die Rezeption,the reception,die Rezeption,die,noun,,,Fragen Sie bitte im Hotel an der Rezeption.,22
a1_0528,A1,richtig,correct,richtig,,adjective,,,Habe ich das richtig verstanden? || Das ist richtig.,22
a1_0529,A1,riechen,smell,riechen,,verb,,,Dieser Wein riecht gut.,22
a1_0530,A1,ruhig,quiet,ruhig,,adjective,,,Ich möchte ein ruhiges Zimmer.,22
a1_0531,A1,s,s,s,,word,,,,22
a1_0532,A1,der Saft,the juice,der Saft,der,noun,,,Möchtest du einen Apfelsaft?,22
a1_0533,A1,sagen,say,sagen,,verb,,,"Sag mal, wie geht es dir denn?",22
a1_0534,A1,der Salat,the salad,der Salat,der,noun,,,Wie schmeckt dir der Salat?,22
a1_0535,A1,das Salz,the salt,das Salz,das,noun,,,"Herr Ober, kann ich bitte Salz haben?",22
a1_0536,A1,"Satz, -ä, e","Sentence, -ä, e","Satz, -ä, e",,noun,,,Dieser Satz ist sehr einfach.,22
a1_0537,A1,die S-Bahn,the S-Bahn,die S-Bahn,die,noun,,,Ich nehme lieber die S-Bahn.,22
a1_0538,A1,der Schalter,the desk,der Schalter,der,noun,,,Gehen Sie bitte zum Schalter drei!,22
a1_0539,A1,scheinen,seem,scheinen,,verb,,,Die Sonne scheint.,22
a1_0540,A1,schicken,send,schicken,,verb,,,Bitte schicken Sie mir eine E-Mail.,22
a1_0541,A1,"das Schild, -er","the sign, -er","das Schild, -er",das,noun,-er,,Haben Sie nicht das Schild gesehen?,22
a1_0542,A1,"der Schinken, –","the ham, -","der Schinken, –",der,noun,–,,Ich möchte gern ein Schinkenbrot.,22
a1_0543,A1,schlafen,sleep,schlafen,,verb,,,Ich schlafe meistens acht Stunden.,22
a1_0544,A1,schlecht,bad,schlecht,,word,,,Mir ist schlecht! || Sie sehen schlecht aus. || Wir haben schlechtes Wetter.,22
a1_0545,A1,schließen,close,schließen,,verb,,,"Bitte, schließen Sie die Tür.",22
a1_0546,A1,geschlossen,closed,geschlossen,,verb,,,Die Bank hat am Samstag geschlossen.,22
a1_0547,A1,der Schluss,the conclusion,der Schluss,der,noun,,,Ich muss jetzt Schluss machen. || Zum Schluss gibt er uns allen die Hand.,22
a1_0548,A1,"der Schlüssel, –","the key, -","der Schlüssel, –",der,noun,–,,Ich gebe Ihnen noch den Zimmerschlüssel.,22
a1_0549,A1,schmecken,taste good,schmecken,,verb,,,Schmeckt das gut?,22
a1_0550,A1,schnell,fast,schnell,,word,,,Er fährt schnell.,22
a1_0551,A1,schon,already,schon,,adverb,,,Ist das Essen schon fertig?,22
a1_0552,A1,schön,nice,schön,,word,,,Schönen Urlaub! || Das ist sehr schön.,22
a1_0553,A1,"der Schrank, -ä, e","the closet, -ä, e","der Schrank, -ä, e",der,noun,"-ä, e",,Die Gläser stehen im Schrank.,22
a1_0554,A1,213082_20_SV,213082_20_SV,213082_20_SV,,other,,,,22
a1_0555,A1,schreiben,write,schreiben,,verb,,,Er schreibt jeden Tag fünfzig E-Mails.,22
a1_0556,A1,"der Schuh, -e","the shoe, -e","der Schuh, -e",der,noun,-e,,Zieh die Schuhe aus!,23
a1_0557,A1,die Schule,the school,die Schule,die,noun,,,Meine Tochter geht schon in die Schule. || Die Schule ist gleich hier um die Ecke.,23
a1_0558,A1,"der Schüler, –","the student, -","der Schüler, –",der,noun,–,,In meinem Kurs sind acht Schülerinnen und fünf Schüler.,23
a1_0559,A1,schwer,difficult,schwer,,word,,,Ist Ihr Gepäck sehr schwer? || Das ist eine schwere Arbeit.,23
a1_0560,A1,"die Schwester, -n","the sister, -n","die Schwester, -n",die,noun,-n,,Meine Schwester kommt am Dienstag.,23
a1_0561,A1,schwimmen,to swim,schwimmen,,verb,,,Ich schwimme jeden Tag einen Kilometer.,23
a1_0562,A1,das Schwimmbad,the swimming pool,das Schwimmbad,das,noun,,,Kommst du mit ins Schwimmbad?,23
a1_0563,A1,der See,the lake,der See,der,noun,,,"Komm, wir fahren zum Starnberger See.",23
a1_0564,A1,sehen,see,sehen,,verb,,,Ich kann dich nicht sehen. || Ich habe diesen Jungen schon einmal gesehen.,23
a1_0565,A1,"die Sehenswürdigkeit,",the sight,"die Sehenswürdigkeit,",die,noun,,,-en Welche Sehenswürdigkeiten gibt es in Frankfurt?,23
a1_0566,A1,sehr,very,sehr,,adverb,,,Danke sehr! || Das ist sehr schwer.,23
a1_0567,A1,sein,sein,sein,,word,,,Herr Müller ist in seinem Zimmer. || Mir ist kalt. || Ich bin dreiundzwanzig.,23
a1_0568,A1,an sein,be on,an sein,,preposition,,,Das Licht ist noch an.,23
a1_0569,A1,auf sein,to be up,auf sein,,preposition,,,Das Fenster ist noch auf.,23
a1_0570,A1,weg sein,be away,weg sein,,word,,,Herr Meier ist schon weg.,23
a1_0571,A1,zu sein,to be,zu sein,,preposition,,,Die Tür ist zu.,23
a1_0572,A1,seit,since,seit,,preposition,,,Ich wohne seit drei Jahren in Köln.,23
a1_0573,A1,selbstständig,self-employed,selbstständig,,adjective,,,Er ist selbstständig.,23
a1_0574,A1,sich,itself,sich,,word,,,Sie müssen sich erst anmelden.,23
a1_0575,A1,sie,she,sie,,word,,,Wie heißt sie?,23
a1_0576,A1,Sie,She,Sie,,noun,,,"Wie heißen Sie, bitte?",23
a1_0577,A1,sitzen,sit,sitzen,,verb,,,Wo sitzen Sie?,23
a1_0578,A1,so,so,so,,word,,,"Sie müssen das so machen! || Fahren Sie bitte nicht so schnell! || Meine Frau ist so groß wie ich. || So, das war‘s/wär‘s!",23
a1_0579,A1,das Sofa,the sofa,das Sofa,das,noun,,,Das Sofa ist neu.,23
a1_0580,A1,sofort,immediately,sofort,,word,,,Bitte antworten Sie sofort.,23
a1_0581,A1,"der Sohn, -ö, e","the son, -ö, e","der Sohn, -ö, e",der,noun,"-ö, e",,"Das ist Hans, mein Sohn.",23
a1_0582,A1,sollen,should,sollen,,verb,,,Soll ich kommen? || Was soll ich mitbringen?,23
a1_0583,A1,die Sonne,the sun,die Sonne,die,noun,,,Die Sonne scheint.,23
a1_0584,A1,spät,late,spät,,word,,,"Es ist schon spät, ich muss gehen.",23
a1_0585,A1,später,later,später,,word,,,Das können wir später machen.,23
a1_0586,A1,die Speisekarte,the menu,die Speisekarte,die,noun,,,"Bringen Sie mir die Speisekarte, bitte.",23
a1_0587,A1,spielen,play,spielen,,verb,,,Die Kinder spielen draußen. || Spielen Sie Karten?,23
a1_0588,A1,der Sport,the sport,der Sport,der,noun,,,Ich mache viel Sport.,23
a1_0589,A1,"die Sprache, -n",the languages,"die Sprache, -n",die,noun,-n,,Welche Sprachen sprichst du?,23
a1_0590,A1,sprechen,speak,sprechen,,verb,,,Kann ich (mit) Herrn Klein sprechen?,23
a1_0591,A1,"die Stadt, -ä, e","the city, -ä, e","die Stadt, -ä, e",die,noun,"-ä, e",,Heidelberg ist eine alte Stadt.,23
a1_0592,A1,stehen,stand,stehen,,verb,,,"Ich glaube es nicht, aber es steht in der Zeitung. || Der Bus steht schon an der Haltestelle.",23
a1_0593,A1,213082_20_SV,213082_20_SV,213082_20_SV,,other,,,,23
a1_0594,A1,"die Stelle, -n","the place, -n","die Stelle, -n",die,noun,-n,,Ich habe eine neue Stelle.,23
a1_0595,A1,stellen,place,stellen,,verb,,,Stell die Tasche rechts in die Ecke!,24
a1_0596,A1,der Stock,the stick,der Stock,der,noun,,,Unsere Wohnung liegt im ersten Stock.,24
a1_0597,A1,"die Straße, -n","the street, -n","die Straße, -n",die,noun,-n,,In welcher Straße wohnen Sie?,24
a1_0598,A1,die Straßenbahn,the tram,die Straßenbahn,die,noun,,,Wo fährt die Straßenbahn ab?,24
a1_0599,A1,studieren,study,studieren,,verb,,,Ich studiere in Mainz.,24
a1_0600,A1,das Studium,the study,das Studium,das,noun,,,Das Studium beginnt im Oktober.,24
a1_0601,A1,"der Student, -en","the student, -en","der Student, -en",der,noun,-en,,Ich bin Studentin.,24
a1_0602,A1,"die Stunde, -n","the hour, -n","die Stunde, -n",die,noun,-n,,Ich bin in einer Stunde zurück.,24
a1_0603,A1,suchen,seek,suchen,,verb,,,Suchst du etwas?,24
a1_0604,A1,tanzen,dance,tanzen,,verb,,,Tanzen Sie gern?,24
a1_0605,A1,"die Tasche, -n","the bag, -n","die Tasche, -n",die,noun,-n,,Ich habe die Schlüssel in der Tasche.,24
a1_0606,A1,"das Taxi, -s","the taxi, -s","das Taxi, -s",das,noun,-s,,Es gibt heute keinen Bus mehr. || Er fährt mit dem Taxi.,24
a1_0607,A1,der Tee,the tea,der Tee,der,noun,,,Ich trinke morgens immer Tee.,24
a1_0608,A1,"der Teil, -e","the part, -e","der Teil, -e",der,noun,-e,,Lies bitte auch den zweiten Teil.,24
a1_0609,A1,telefonieren,make a phone call,telefonieren,,verb,,,Darf ich mal telefonieren?,24
a1_0610,A1,das Telefon,the phone,das Telefon,das,noun,,,Haben Sie Telefon?,24
a1_0611,A1,"der Termin, -e","der Termin, -e","der Termin, -e",der,noun,-e,,Am besten machen wir sofort einen Termin.,24
a1_0612,A1,der Test,the test,der Test,der,noun,,,Der Test war einfach.,24
a1_0613,A1,teuer,expensive,teuer,,word,,,Das ist mir zu teuer.,24
a1_0614,A1,"der Text, -e","the text, -e","der Text, -e",der,noun,-e,,Lesen Sie bitte diesen Text.,24
a1_0615,A1,das Thema,the topic,das Thema,das,noun,,,Wir sprechen heute über das Thema „Essen und Trinken“.,24
a1_0616,A1,"das Ticket, -s","the ticket, -s","das Ticket, -s",das,noun,-s,,Wie viel kostet das Ticket?,24
a1_0617,A1,"der Tisch, -e","the table, -e","der Tisch, -e",der,noun,-e,,Die Fotos liegen auf dem Tisch.,24
a1_0618,A1,"die Tochter, -ö","the daughter, -ö","die Tochter, -ö",die,noun,-ö,,Das ist meine Tochter Katharina.,24
a1_0619,A1,"die Toilette, -en","the toilet, -en","die Toilette, -en",die,noun,-en,,"Wo ist die Toilette, bitte?",24
a1_0620,A1,"die Tomate, -n","the tomato, -n","die Tomate, -n",die,noun,-n,,Die Tomate ist noch grün.,24
a1_0621,A1,tot,dead,tot,,word,,,Sein Vater ist schon lange tot.,24
a1_0622,A1,(sich) treffen,(meet,(sich) treffen,,verb,,,Ich treffe in der Stadt einen Kollegen. || Wir treffen uns immer freitags.,24
a1_0623,A1,"die Treppe, -n","the stairs, -n","die Treppe, -n",die,noun,-n,,Die Toilette? || Die Treppe hoch und dann links.,24
a1_0624,A1,trinken,drink,trinken,,verb,,,Möchtest du etwas trinken?,24
a1_0625,A1,tschüss,bye,tschüss,,word,,,Junge Leute sagen meistens „tschüss!“ und nicht „auf Wiedersehen“.,24
a1_0626,A1,tun,do,tun,,word,,,Ich habe noch etwas zu tun. || Was tut Ihr Mann?,24
a1_0627,A1,u,u,u,,word,,,,24
a1_0628,A1,über,above,über,,preposition,,,Gehen Sie hier über die Straße. || Er wohnt im zweiten Stock über Familie Meier. || Sind Sie über 18?,24
a1_0629,A1,übernachten,stay overnight,übernachten,,verb,,,Du kannst bei mir übernachten.,24
a1_0630,A1,überweisen,transfer,überweisen,,verb,,,Sie können das Geld auch überweisen.,24
a1_0631,A1,die Uhr,the clock,die Uhr,die,noun,,,Es ist vier Uhr.,24
a1_0632,A1,um,around,um,,preposition,,,Er kommt um sieben Uhr. || Da kommt er gerade um die Ecke.,24
a1_0633,A1,umziehen,move,umziehen,,verb,,,Nächsten Monat ziehen wir um.,24
a1_0634,A1,213082_20_SV,213082_20_SV,213082_20_SV,,other,,,,24
a1_0635,A1,und,and,und,,conjunction,,,Peter und Helmut sind meine Söhne.,24
a1_0636,A1,unser-,our-,unser-,,word,,,Das ist unsere Lehrerin.,25
a1_0637,A1,unten,below,unten,,verb,,,Er wohnt ganz unten im Haus.,25
a1_0638,A1,unter,under,unter,,preposition,,,Unter uns wohnt eine Familie mit drei Kindern.,25
a1_0639,A1,der Unterricht,the lesson,der Unterricht,der,noun,,,Wir haben Unterricht von 8.00 bis 12.00 Uhr.,25
a1_0640,A1,unterschreiben,sign,unterschreiben,,verb,,,Wo muss ich unterschreiben?,25
a1_0641,A1,die Unterschrift,the signature,die Unterschrift,die,noun,,,Hier fehlt noch Ihre Unterschrift.,25
a1_0642,A1,der Urlaub,the holidays,der Urlaub,der,noun,,,Ich nehme im September Urlaub.,25
a1_0643,A1,"der Vater, -ä","the father, -ä","der Vater, -ä",der,noun,-ä,,Mein Vater ist Arbeiter.,25
a1_0644,A1,verboten,forbidden,verboten,,verb,,,Hier ist Rauchen verboten.,25
a1_0645,A1,verdienen,earn,verdienen,,verb,,,Ich verdiene 1.500 Euro im Monat.,25
a1_0646,A1,der Verein,the Union,der Verein,der,noun,,,Es gibt einen neuen Sportverein in der Stadt.,25
a1_0647,A1,verheiratet,married,verheiratet,,word,,,Ich bin verheiratet und habe drei Kinder.,25
a1_0648,A1,verkaufen,sell,verkaufen,,verb,,,Er verkauft sein altes Auto.,25
a1_0649,A1,"der Verkäufer, –","the seller, -","der Verkäufer, –",der,noun,–,,Meine Mutter ist Verkäuferin im Kaufhaus.,25
a1_0650,A1,vermieten,rent,vermieten,,verb,,,Die Wohnung ist schon vermietet.,25
a1_0651,A1,der Vermieter,the landlord,der Vermieter,der,noun,,,Unser Vermieter heißt Huber. || Er wohnt auch hier.,25
a1_0652,A1,verstehen,understand,verstehen,,verb,,,Können Sie mich verstehen?,25
a1_0653,A1,"der Verwandte, -n","the relative, -n","der Verwandte, -n",der,noun,-n,,Peter besucht seine Verwandten in Polen.,25
a1_0654,A1,viel,much,viel,,word,,,Hier regnet es viel.,25
a1_0655,A1,vielleicht,perhaps,vielleicht,,adverb,,,Ich komme vielleicht mit dem Bus.,25
a1_0656,A1,von,from,von,,preposition,,,Das Auto von Felix ist kaputt. || Er kommt gerade von Köln/von zu Hause.,25
a1_0657,A1,vor,before,vor,,preposition,,,Der Termin war vor einer Stunde. || Das Auto steht vor der Tür.,25
a1_0658,A1,"der Vorname, -n","the first name, -n","der Vorname, -n",der,noun,-n,,"Ich heiße Müller, mein Vorname ist Eva.",25
a1_0659,A1,die Vorsicht,the caution,die Vorsicht,die,noun,,,Vorsicht! || Da kommt ein Auto.,25
a1_0660,A1,(sich) vorstellen,(to) imagine,(sich) vorstellen,,verb,,,Wir wollen uns kennenlernen. || Können Sie sich bitte vorstellen?,25
a1_0661,A1,die Vorwahl,the area code,die Vorwahl,die,noun,,,Wie ist die Vorwahl von München?,25
a1_0662,A1,w,w,w,,word,,,,25
a1_0663,A1,wandern,hike,wandern,,verb,,,Wir wandern um den Chiemsee.,25
a1_0664,A1,wann,When,wann,,word,,,Wann bist du fertig? || Wann kann ich Sie anrufen? || Wann sind Sie geboren?,25
a1_0665,A1,warten,wait,warten,,verb,,,Können Sie ein paar Minuten warten? || Auf wen warten Sie?,25
a1_0666,A1,warum,Why,warum,,word,,,Warum kommt er nicht?,25
a1_0667,A1,was,What,was,,word,,,Was ist das? || Was möchten Sie?,25
a1_0668,A1,was für ein,what a,was für ein,,word,,,Was für eine Farbe möchten Sie?,25
a1_0669,A1,(sich) waschen,(to wash one self,(sich) waschen,,verb,,,Wo kann ich mir die Hände waschen? || Ich muss morgen waschen.,25
a1_0670,A1,das Wasser,the water,das Wasser,das,noun,,,"Ein Glas Wasser, bitte.",25
a1_0671,A1,weh tun,hurt,weh tun,,word,,,Ich muss zum Arzt. || Mein Bein tut weh.,25
a1_0672,A1,weiblich,female,weiblich,,adjective,,,Kreuzen Sie bitte an: „weiblich“ oder „männlich“.,25
a1_0673,A1,der Wein,the wine,der Wein,der,noun,,,"Nein danke, ich möchte keinen Wein.",25
a1_0674,A1,213082_20_SV,213082_20_SV,213082_20_SV,,other,,,,25
a1_0675,A1,weit,far,weit,,word,,,Zum Bahnhof ist es nicht weit.,25
a1_0676,A1,weiter,further,weiter,,word,,,Der Bus fährt nicht weiter.,26
a1_0677,A1,welch-,which-,welch-,,word,,,Welches Buch möchtest du?,26
a1_0678,A1,die Welt,the world,die Welt,die,noun,,,Es gibt viele Probleme auf der Welt.,26
a1_0679,A1,wenig,few,wenig,,adjective,,,Ich habe leider nur wenig verstanden. || Er verdient wenig.,26
a1_0680,A1,wer,who,wer,,word,,,Wer ist das?,26
a1_0681,A1,werden,become,werden,,verb,,,Mein Sohn will Arzt werden.,26
a1_0682,A1,das Wetter,the weather,das Wetter,das,noun,,,Wir hatten schlechtes Wetter.,26
a1_0683,A1,wichtig,important,wichtig,,adjective,,,Dieses Formular ist sehr wichtig.,26
a1_0684,A1,wie,How,wie,,word,,,Wie heißt du? || Er schreibt wie ein Kind. || Meine Frau ist so groß wie ich. || Wie soll ich das machen? || Wie groß ist die Wohnung? || Wie bitte? || Wie lange bist du schon hier?,26
a1_0685,A1,wiederholen,repeat,wiederholen,,verb,,,Können Sie das bitte wiederholen?,26
a1_0686,A1,das Wiederhören,the re-hearing,das Wiederhören,das,noun,,,Wir müssen jetzt Schluss machen. || Also auf Wiederhören!,26
a1_0687,A1,das Wiedersehen,the reunion,das Wiedersehen,das,noun,,,Auf Wiedersehen!,26
a1_0688,A1,wie viel,how much,wie viel,,word,,,Wie viel Milch nehmen Sie?,26
a1_0689,A1,willkommen,welcome,willkommen,,verb,,,Herzlich willkommen!,26
a1_0690,A1,der Wind,the wind,der Wind,der,noun,,,Der Wind kommt aus Osten.,26
a1_0691,A1,wir,we,wir,,word,,,Wir lernen Deutsch.,26
a1_0692,A1,wissen,knowledge,wissen,,verb,,,"Weißt du, wie er heißt?",26
a1_0693,A1,wo,where,wo,,word,,,Wo waren Sie im Urlaub? || Wo ist die Post? || Wo sind Sie geboren?,26
a1_0694,A1,woher,from where,woher,,word,,,Woher kommen Sie?,26
a1_0695,A1,wohin,where,wohin,,word,,,Wohin fährt dieser Bus? || Wohin wollen Sie am Wochenende?,26
a1_0696,A1,wohnen,reside,wohnen,,verb,,,Ich wohne in München.,26
a1_0697,A1,"die Wohnung, -en","the apartment, -en","die Wohnung, -en",die,noun,-en,,Seit wann haben Sie diese Wohnung?,26
a1_0698,A1,wollen,want,wollen,,verb,,,Wollen Sie einen Kaffee trinken?,26
a1_0699,A1,"das Wort, -ö, er/-e","the word, -ö, he/-e","das Wort, -ö, er/-e",das,noun,"-ö, er/-e",,Ich kenne das Wort nicht.,26
a1_0700,A1,wunderbar,wonderful,wunderbar,,adjective,,,Das Essen schmeckt wunderbar.,26
a1_0701,A1,z,e.g,z,,word,,,,26
a1_0702,A1,zahlen,pay,zahlen,,verb,,,"Zahlen, bitte!",26
a1_0703,A1,die Zeit,the time,die Zeit,die,noun,,,Ich habe heute keine Zeit.,26
a1_0704,A1,zurzeit,currently,zurzeit,,word,,,Zurzeit habe ich sehr viel zu tun.,26
a1_0705,A1,"die Zeitung, -en","the newspaper, -en","die Zeitung, -en",die,noun,-en,,Ich lese gern Zeitung.,26
a1_0706,A1,"die Zigarette, -n","the cigarette, -n","die Zigarette, -n",die,noun,-n,,Wie teuer sind die Zigaretten?,26
a1_0707,A1,"das Zimmer, –","the room, -","das Zimmer, –",das,noun,–,,"Das Zimmer ist groß. || Öffne im Schlafzimmer das Fenster, bitte! || Die Wohnung hat drei Zimmer. || Ich habe ein Zimmer bestellt.",26
a1_0708,A1,der Zoll,the customs,der Zoll,der,noun,,,Wir müssen noch durch den Zoll.,26
a1_0709,A1,zu,to,zu,,preposition,,,Der Bus fährt zum Bahnhof. || Ich gehe zu Fuß.,26
a1_0710,A1,213082_20_SV,213082_20_SV,213082_20_SV,,other,,,Ich bin zu Hause.,26
a1_0711,A1,zufrieden,satisfied,zufrieden,,verb,,,Ich bin mit der Wohnung zufrieden.,27
a1_0712,A1,"der Zug, -ü, e","the train, -ü, e","der Zug, -ü, e",der,noun,"-ü, e",,Ich fahre gern mit dem Zug.,27
a1_0713,A1,zurück,back,zurück,,word,,,Einmal Frankfurt und zurück. || Wann kommst du zurück?,27
a1_0714,A1,zusammen,together,zusammen,,verb,,,Sollen wir zusammen essen gehen? || Das macht zusammen 2 Euro 80.,27
a1_0715,A1,zwischen,between,zwischen,,verb,,,Heidelberg liegt zwischen Frankfurt und Stuttgart. || Zwischen 8 und 10 Uhr bin ich zu Hause.,27
a1_0716,A1,213082_20_SV,213082_20_SV,213082_20_SV,,other,,,,27
a1_0717,A1,LITerATur,Literature,LITerATur,,noun,,,,28
a1_0718,A1,ALTE Handbuch. Europäische,OLD manual. European,ALTE Handbuch. Europäische,,noun,,,"Sprachprüfungen und Prüfungsverfahren,",28
a1_0719,A1,Hg. Association of,Ed. Association of,Hg. Association of,,noun,,,"Language Testers in Europe. || Cambridge, 1998.",28
a1_0720,A1,Gemeinsamer europäischer,Common European,Gemeinsamer europäischer,,noun,,,"Referenzrahmen für Sprachen: lernen, lehren, be-",28
a1_0721,A1,"urteilen, im Auftrag","judge, on behalf of","urteilen, im Auftrag",,word,,,"des Europarats, Rat für kulturelle Zusammenarbeit, deut-",28
a1_0722,A1,sche Ausgabe Hg. Goethe-Institut,sche edition published by the Goethe Institute,sche Ausgabe Hg. Goethe-Institut,,word,,,"Inter Nationes, der Ständigen Konferenz",28
a1_0723,A1,der Kultusminister,der Kultusminister,der Kultusminister,der,noun,,,"der Länder in der Bundesrepublik Deutschland (KMK), der",28
a1_0724,A1,Schweizerischen Konferenz,Swiss conference,Schweizerischen Konferenz,,noun,,,der Kantonalen Erziehungs direktoren (EDK) und,28
a1_0725,A1,dem österreichischen,the Austrian,dem österreichischen,,verb,,,"Bundesministerium für Bildung, Wissenschaft und Kul-",28
a1_0726,A1,"tur (BMBWK), München,","tur (BMBWK), Munich","tur (BMBWK), München,",,word,,,,28
a1_0727,A1,Langenscheidt,Langenscheidt,Langenscheidt 2001.,,noun,,,,28
a1_0728,A1,"Profile Deutsch. Lernzielbestimmungen,",Profiles German. Learning objective definitions,"Profile Deutsch. Lernzielbestimmungen,",,noun,,,Kannbeschreibungen und kommu-,28
a1_0729,A1,nikative Mittel für,nicative means for,nikative Mittel für,,word,,,"die Niveaustufen A1, A2, B1 und B2 des „Gemeinsamen",28
a1_0730,A1,europäischen Referenzrahmens,European frame of reference,europäischen Referenzrahmens,,word,,,"für Sprachen“ von Manuela Glaboniat, Martin",28
a1_0731,A1,"Müller, Paul Rusch,","Müller, Paul Rusch","Müller, Paul Rusch,",,noun,,,"Helen Schmitz, Lukas Wertenschlag, München, Langen-",28
a1_0732,A1,scheidt,separates,scheidt 2002.,,word,,,,28
a1_0733,A1,Waystage. Systems,Waystage. systems,Waystage. Systems,,noun,,,development in adult language learning. || An intermediary,28
a1_0734,A1,objective below Threshold-Level,objective below threshold level,objective below Threshold-Level,,word,,,in a European unit/credit system for,28
a1_0735,A1,modern language learning,modern language learning,modern language learning,,word,,,"by adults, Hg. || J.A. van Ek, L.G. || Alexander in associ-",28
a1_0736,A1,"ation with M.A. Fitzpatrick,",ation with M.A. Fitzpatrick,"ation with M.A. Fitzpatrick,",,word,,,"Strassburg, 1977.",28
a1_0737,A1,213082_20_SV,213082_20_SV,213082_20_SV,,other,,,,28
a2_0001,A2,ALPHABETISCHER,ALPHABETICAL,ALPHABETISCHER,,noun,,,WORTSCHATZ,8
a2_0002,A2,ab,away,ab,,preposition,,,Ab morgen muss ich wieder arbeiten.,8
a2_0003,A2,aber,but,aber,,conjunction,,,"Heute kann ich nicht kommen, aber morgen habe ich Zeit. || Wir haben nur eine kleine Wohnung, sind aber damit zufrieden. || Es war sehr schön. || Jetzt muss ich aber gehen. || Das ist aber nett von dir.",8
a2_0004,A2,"abgeben,",hand over,"abgeben,",,word,,,Ich muss meinen Schlüssel an der Rezeption,8
a2_0005,A2,"gibt ab,",gives up,"gibt ab,",,word,,hat abgegeben,abgeben.,8
a2_0006,A2,"abholen, holt ab,","pick up, pick up","abholen, holt ab,",,word,,hat abgeholt,Wann kann ich die Sachen bei dir abholen? || Wir müssen noch meinen Bruder abholen.,8
a2_0007,A2,"abschließen,",complete,"abschließen,",,word,,,Hast du die Tür abgeschlossen?,8
a2_0008,A2,"schließt ab,",concludes,"schließt ab,",,word,,hat abgeschlossen,Ich schließe dieses Jahr mein Studium/ || meine Ausbildung ab.,8
a2_0009,A2,Achtung (Sg.),Attention (sg.),Achtung (Sg.),,noun,,,Achtung an Gleis drei: Die Türen schließen. || Der Zug fährt jetzt ab. || Achtung! || Pass auf! || Der Verkehr ist hier gefährlich.,8
a2_0010,A2,"die Adresse, -n","the address, -n","die Adresse, -n",die,noun,-n,,Können Sie mir Ihre Adresse geben?,8
a2_0011,A2,"die Ahnung, -en","the idea, -en","die Ahnung, -en",die,noun,-en,,"Ich hatte keine Ahnung, dass du heute Geburtstag hast. || Wie spät ist es? || - Ich habe keine Ahnung.",8
a2_0012,A2,aktiv,active,aktiv,,word,,,Peter ist sehr aktiv und macht viel Sport.,8
a2_0013,A2,aktuell,current,aktuell,,word,,,Das ist das aktuelle Kinoprogramm.,8
a2_0014,A2,all-,all-,all-,,word,,,"Ich wünsche dir alles Gute! || Hast du alles? || Möchten Sie noch etwas? || - Nein, danke. || Das ist alles. || Sind alle da? || - Nein, Rita fehlt noch. || Alle Freunde kommen.",8
a2_0015,A2,allein,alone,allein,,word,,,"Kommt seine Freundin mit? || - Nein, er kommt allein. || Soll ich Ihnen/dir helfen? || - Nein danke, ich schaffe das schon allein.",8
a2_0016,A2,als,as,als,,conjunction,,,Hector ist jünger als seine Schwester. || Sie arbeitet als Krankenschwester.,8
a2_0017,A2,also,so,also,,word,,,"Also, die Sache ist so: … Er hat Zeit, also kann er uns helfen.",8
a2_0018,A2,alt,old,alt,,word,,,Wie alt sind Sie? || Mein Computer ist schon sehr alt. || Wir wohnen in einem ganz alten Haus. || Köln ist eine alte Stadt.,8
a2_0019,A2,das Alter (Sg.),age (sg.),das Alter (Sg.),das,noun,,,Alter: 18 Jahre.,8
a2_0020,A2,"die Ampel, -n","the traffic light, -n","die Ampel, -n",die,noun,-n,,"Du kannst fahren, die Ampel ist grün. || Nach der Ampel musst du nach links fahren.",8
a2_0021,A2,an,to,an,,preposition,,,Fahren Sie an der nächsten Kreuzung nach rechts. || Wir treffen uns am Bahnhof/am Kino/am Stand. || Am nächsten Montag geht es leider nicht. || Das Licht war die ganze Nacht an.,8
a2_0022,A2,"anbieten,",offer,"anbieten,",,word,,,Darf ich Ihnen/dir ein Stück Kuchen anbieten?,8
a2_0023,A2,"bietet an,",offers,"bietet an,",,word,,hat angeboten,Er hat mir eine Stelle als Verkäuferin angeboten.,8
a2_0024,A2,"das Angebot, -e","the offer, -e","das Angebot, -e",das,noun,-e,,Heute sind Bananen im Angebot. || Stellenangebote finden Sie in der Zeitung oder im Internet.,8
a2_0025,A2,ander-,at the-,ander-,,word,,,"Willst du diesen Mantel? || – Nein, ich möchte den anderen. || Die anderen sind schon nach Hause gegangen. || Bitte nicht alle auf einmal! || Einer nach dem anderen.",8
a2_0026,A2,"ändern, ändert,","change, changes","ändern, ändert,",,word,,hat geändert,Das Wetter hat sich geändert. || Wie kann ich mein Passwort ändern?,8
a2_0027,A2,anders,different,anders,,word,,,Anders geht das leider nicht. || Oliver ist anders als seine Freunde.,8
a2_0028,A2,"anfangen,",begin,"anfangen,",,word,,,Hier fängt die Bahnhofstraße an.,8
a2_0029,A2,"fängt an,",begins,"fängt an,",,word,,hat angefangen,Der Unterricht fängt gleich an. || Würden Sie bitte anfangen? || Ich fange im Herbst meine Ausbildung an.,8
a2_0030,A2,"der Anfang, ¨-e","the beginning, ¨-e","der Anfang, ¨-e",der,noun,¨-e,,Sie wohnt am Anfang der Straße. || Wir machen Anfang Juli Urlaub.,8
a2_0031,A2,"die Angst, ¨-e","the fear, ¨-e","die Angst, ¨-e",die,noun,¨-e,,Hab keine Angst! || Ich habe Angst vor großen Hunden.,8
a2_0032,A2,"ankommen,",arrive,"ankommen,",,word,,,Wann kommt dieser Zug in Hamburg an?,8
a2_0033,A2,"kommt an,",arrives,"kommt an,",,word,,ist angekommen,Aufdiesem FahrplanstehtnurdieAnkunftder Züge.,8
a2_0034,A2,"die Ankunft, -¨e","the arrival, -¨e","die Ankunft, -¨e",die,noun,-¨e,,,8
a2_0035,A2,"anmachen,",turn on,"anmachen,",,word,,,Mach bitte das Licht an!,8
a2_0036,A2,"macht an,",turns on,"macht an,",,word,,hat angemacht,,8
a2_0037,A2,"anmelden (sich),",register (yourself),"anmelden (sich),",,word,,,Wo kann ich mich anmelden?,8
a2_0038,A2,"meldet an,",logs in,"meldet an,",,word,,hat angemeldet,Eine Anmeldung für diesen Kurs ist nicht mehr || möglich.,8
a2_0039,A2,"die Anmeldung,-en","the registration,-en","die Anmeldung,-en",die,noun,-en,,Wo bekomme ich das Formular für die Anmeldung?,8
a2_0040,A2,der Anruf-,the call,der Anruf-,der,noun,,,Wir sind im Moment nicht da. || Sprechen Sie bitte auf,8
a2_0041,A2,"beantworter, -","answerer, -","beantworter, -",,word,,,den Anrufbeantworter.,8
a2_0042,A2,"anrufen, ruft an,","call, call","anrufen, ruft an,",,word,,hat angerufen,Kann ich Sie heute Abend anrufen? || Juan ruft seine Freundin an.,8
a2_0043,A2,"der Anruf, -e","the call, -e","der Anruf, -e",der,noun,-e,,Eva bekommt viele Anrufe von ihrem Freund Juan.,8
a2_0044,A2,"der Anschluss, ¨-e","the connection, ¨-e","der Anschluss, ¨-e",der,noun,¨-e,,In Mannheim haben Sie Anschluss nach Saarbrücken. || In Stuttgart erreichen Sie alle Anschlüsse. || Auch der Zug nach Paris wartet. || Gibt es in der Wohnung einen Waschmaschinen- anschluss?,8
a2_0045,A2,"ansehen, sieht an,","look at, looks at","ansehen, sieht an,",,word,,hat angesehen,Darf ich eure Urlaubsfotos ansehen? || Ich sehe (mir) diese Sendung jeden Tag an.,8
a2_0046,A2,"antworten,",answer,"antworten,",,word,,,Er antwortet nicht.,8
a2_0047,A2,"antwortet,",answers,"antwortet,",,word,,hat geantwortet,,8
a2_0048,A2,"die Antwort, -en",the answers,"die Antwort, -en",die,noun,-en,,Er gibt leider keine Antwort.,8
a2_0049,A2,"die Anzeige, -n","the ad, -n","die Anzeige, -n",die,noun,-n,,Ich habe Ihre Anzeige in der Zeitung gelesen.,8
a2_0050,A2,"der Anzug, ¨-e","the suit, ¨-e","der Anzug, ¨-e",der,noun,¨-e,,Mein Mann muss sich einen neuen Anzug kaufen.,8
a2_0051,A2,"der Apfel, ¨-",the Apple-,"der Apfel, ¨-",der,noun,¨-,,"Ein Kilo Äpfel, bitte.",8
a2_0052,A2,"die Apotheke, -n","the pharmacy, -n","die Apotheke, -n",die,noun,-n,,Das Medikament bekommen Sie in der Apotheke.,8
a2_0053,A2,"der Apparat, -e","the apparatus, -e","der Apparat, -e",der,noun,-e,,Was machen wir mit deinem alten Apparat? || Ich habe einen neuen Fotoapparat.,9
a2_0054,A2,"arbeiten, arbeitet,","work, works","arbeiten, arbeitet,",,word,,hat gearbeitet,Wo arbeiten Sie? || Ich arbeite als Krankenschwester in einem Krankenhaus.,9
a2_0055,A2,"die Arbeit, -en","the work, -en","die Arbeit, -en",die,noun,-en,,Mein Bruder sucht Arbeit.,9
a2_0056,A2,arbeitslos,unemployed,arbeitslos,,word,,,"Seit wann ist er schon arbeitslos? || Es gibt bei uns viele Leute, die schon lange arbeitslos sind.",9
a2_0057,A2,"ärgern (sich),",to be annoyed (to be annoyed),"ärgern (sich),",,word,,,"Warum ärgerst du dich? || - Ich ärgere mich, weil das",9
a2_0058,A2,"ärgert,",annoys,"ärgert,",,word,,hat geärgert,Wetter schlecht ist.,9
a2_0059,A2,arm,arm,arm,,adjective,,,"Sie haben nicht viel Geld, sie sind arm.",9
a2_0060,A2,"der Arm, -e",the poor,"der Arm, -e",der,noun,-e,,Mein Arm tut weh.,9
a2_0061,A2,"der Artikel, -","the article, -","der Artikel, -",der,noun,-,,"Im Deutschen gibt es drei Artikel: der, die und das. || Ich habe in der Zeitung einen interessanten Artikel gelesen.",9
a2_0062,A2,auch,also,auch,,word,,,Ich bin auch Spanier. || Maria muss auch am Wochenende arbeiten.,9
a2_0063,A2,auf,on,auf,,preposition,,,"Das Wörterbuch liegt auf dem Tisch. || Die Kinder spielen auf der Straße. || Am Samstag gehen wir auf eine Party. || Meine Eltern wohnen auf dem Land. || Auf dem Foto ist auch meine Schwester. || Die Tür ist auf, kommen Sie rein! || Hat das Geschäft noch auf? || Auf Wiedersehen. || Wie heißt das auf Deutsch?",9
a2_0064,A2,auf jeden/,In any/,auf jeden/,,preposition,,,Ich möchte auf jeden Fall den neuen James-Bond-,9
a2_0065,A2,keinen Fall,no way,keinen Fall,,word,,,Film sehen. || - Wirklich? || Ich finde James-Bond-Filme langweilig. || Ich sehe ihn auf keinen Fall an!,9
a2_0066,A2,"aufhören,",stop,"aufhören,",,word,,,Wann hört ihr mit der Arbeit auf?,9
a2_0067,A2,"hört auf,",stops,"hört auf,",,word,,hat aufgehört,Kannst du bitte damit aufhören? || Ich muss jetzt || arbeiten.,9
a2_0068,A2,"aufmachen,",open up,"aufmachen,",,word,,,Kannst du bitte die Tür aufmachen?,9
a2_0069,A2,"macht auf,",opens up,"macht auf,",,word,,hat aufgemacht,,9
a2_0070,A2,"aufpassen,",watch out,"aufpassen,",,word,,,"Pass auf, der Teller fällt gleich auf den Boden!",9
a2_0071,A2,"passt auf,",pay attention,"passt auf,",,word,,hat aufgepasst,Der Babysitter passt heute Abend auf die Kinder auf. || Er passt im Unterricht nicht auf.,9
a2_0072,A2,"aufräumen,","aufräumen,","aufräumen,",,word,,,Die Kinder müssen ihr Zimmer aufräumen.,9
a2_0073,A2,"räumt auf,",cleans up,"räumt auf,",,word,,hat aufgeräumt,,9
a2_0074,A2,aufregend,exciting,aufregend,,word,,,Die letzte Woche war sehr aufregend. || Der Film ist nicht besonders aufregend.,9
a2_0075,A2,"aufstehen,",stand up,"aufstehen,",,word,,,Ich stehe jeden Morgen um sieben Uhr auf.,9
a2_0076,A2,"steht auf,",stands up,"steht auf,",,word,,ist aufgestanden,,9
a2_0077,A2,"der Aufzug, ¨-e","the elevator, ¨-e","der Aufzug, ¨-e",der,noun,¨-e,,In diesem Haus gibt es keinen Aufzug. || Der Aufzug ist leider kaputt.,9
a2_0078,A2,"das Auge, -n","the eye, -n","das Auge, -n",das,noun,-n,,Er hat blaue Augen. || Mein rechtes Auge tut seit Sonntag weh.,9
a2_0079,A2,aus,out of,aus,,preposition,,,Michele kommt aus Brasilien. || Frau Müller geht immer um acht Uhr aus dem Haus. || Der Tisch ist aus Glas. || Ich sehe nichts. || Das Licht ist aus.,9
a2_0080,A2,"die Ausbildung,-en","the training,-en","die Ausbildung,-en",die,noun,-en,,Ich möchte eine Ausbildung zum Krankenpfleger machen.,9
a2_0081,A2,"der Ausflug, ¨-e","the excursion, ¨-e","der Ausflug, ¨-e",der,noun,¨-e,,Morgen machen wir einen Ausflug nach Heidelberg/ an die Ostsee.,9
a2_0082,A2,"ausfüllen,",fill out,"ausfüllen,",,word,,,Füllen Sie/Füll bitte dieses Formular aus!,9
a2_0083,A2,"füllt aus,",fills in,"füllt aus,",,word,,hat ausgefüllt,,9
a2_0084,A2,"der Ausgang, ¨-e","the output, ¨-e","der Ausgang, ¨-e",der,noun,¨-e,,"Entschuldigung, wo ist der Ausgang?",9
a2_0085,A2,"ausgeben,",spend,"ausgeben,",,word,,,Agata gibt viel Geld für Bücher aus.,9
a2_0086,A2,"gibt aus,",outputs,"gibt aus,",,word,,hat ausgegeben,Ich möchte nicht so viel Geld ausgeben.,9
a2_0087,A2,"ausgehen,",go out,"ausgehen,",,word,,,Gehen wir am Freitag zusammen aus?,9
a2_0088,A2,"geht aus,",goes out,"geht aus,",,word,,ist ausgegangen,Plötzlich ist das Licht ausgegangen.,9
a2_0089,A2,"die Auskunft, ¨-e","the information, ¨-e","die Auskunft, ¨-e",die,noun,¨-e,,Wo ist die Auskunft? || Können Sie mir bitte eine Auskunft geben?,9
a2_0090,A2,das Ausland (Sg.),abroad (sg.),das Ausland (Sg.),das,noun,,,Fahren Sie ins Ausland?,9
a2_0091,A2,"ausmachen,",turn off,"ausmachen,",,word,,,Mach bitte das Licht aus!,9
a2_0092,A2,"macht aus,",makes a difference,"macht aus,",,word,,hat ausgemacht,,9
a2_0093,A2,"auspacken,",unpacking,"auspacken,",,word,,,Packst du bitte den Koffer aus?,9
a2_0094,A2,"packt aus,",unpacks,"packt aus,",,word,,hat ausgepackt,,9
a2_0095,A2,"ausruhen (sich),",to rest (to),"ausruhen (sich),",,word,,,Ruh dich erst mal aus! || Du bist sicher müde.,9
a2_0096,A2,"ruht aus,",rests,"ruht aus,",,word,,hat ausgeruht,Er ruht sich nach der Arbeit immer aus.,9
a2_0097,A2,"aussehen,",look,"aussehen,",,word,,,Wie sieht er aus? || - Groß und blond.,9
a2_0098,A2,"sieht aus,",looks,"sieht aus,",,word,,hat ausgesehen,Sie sieht wie ihre Mutter aus. || Das Kleid sieht hübsch aus.,9
a2_0099,A2,außer,except,außer,,word,,,Außer Lisa möchte niemand den Film sehen. || Wir haben täglich außer Samstag geöffnet.,9
a2_0100,A2,außerdem,aside from that,außerdem,,word,,,"Vier Brötchen, möchten Sie außerdem noch etwas?",9
a2_0101,A2,außerhalb,outside,außerhalb,,word,,,"Die Wohnung ist nicht in der Stadt, sie liegt etwas außerhalb.",9
a2_0102,A2,"aussprechen,",express,"aussprechen,",,word,,,Wie spricht man das Wort aus?,9
a2_0103,A2,"spricht aus,",speaks out,"spricht aus,",,word,,hat ausgesprochen,,9
a2_0104,A2,"aussteigen,",exit,"aussteigen,",,word,,,Wo müssen wir aussteigen? || –An der nächsten,9
a2_0105,A2,"steigt aus,",gets out,"steigt aus,",,word,,ist ausgestiegen,Haltestelle.,9
a2_0106,A2,"die Ausstellung,-en","the exhibition,-en","die Ausstellung,-en",die,noun,-en,,Gehen wir morgen zusammen in die Ausstellung?,9
a2_0107,A2,"austragen,",carry out,"austragen,",,word,,,Er trägt jeden Morgen die Zeitung aus.,9
a2_0108,A2,"trägt aus,",carries out,"trägt aus,",,word,,hat ausgetragen,,9
a2_0109,A2,"der Ausweis, -e","the ID, -e","der Ausweis, -e",der,noun,-e,,Darf ich bitte mal Ihren Ausweis sehen? || –Hier ist mein Ausweis.,9
a2_0110,A2,"das Auto, -s","the car, -s","das Auto, -s",das,noun,-s,,Er fährt mit dem Auto.,9
a2_0111,A2,"die Autobahn, -en","the highway, -en","die Autobahn, -en",die,noun,-en,,Darf ich mit dem Motorroller auf der Autobahn fahren? || Das Dorf liegt direkt an der Autobahn.,9
a2_0112,A2,"der Automat, -en","the machine, -en","der Automat, -en",der,noun,-en,,Fahrkarten gibt es nur am Automaten. || In Berlin ist der Fahrkartenautomat auf dem Bahnsteig.,10
a2_0113,A2,automatisch,automatically,automatisch,,adjective,,,"Achtung, die Türen schließen automatisch!",10
a2_0114,A2,"das Baby, -s","the baby, -s","das Baby, -s",das,noun,-s,,Wir haben ein Baby. || Es ist sechs Wochen alt.,10
a2_0115,A2,"der Babysitter,-","the babysitter,-","der Babysitter,-",der,noun,-,,Meine Tochter arbeitet als Babysitter bei einer Familie mit vier Kindern.,10
a2_0116,A2,"backen,",bake,"backen,",,word,,,"Wenn du kommst, backe ich einen Kuchen.",10
a2_0117,A2,"bäckt/backt,",bakes/bakes,"bäckt/backt,",,word,,hat gebacken,,10
a2_0118,A2,"die Bäckerei, -en","the bakery, -en","die Bäckerei, -en",die,noun,-en,,Ich geh mal schnell zur Bäckerei.,10
a2_0119,A2,"das Bad, ¨-er","the bathroom, ¨-er","das Bad, ¨-er",das,noun,¨-er,,Das Haus ist sehr alt. || Es hat kein Bad. || Im Winter nehme ich gern ein warmes Bad.,10
a2_0120,A2,"baden, badet,","bathe, bathe","baden, badet,",,word,,hat gebadet,"Ich bade nicht so gern, ich dusche lieber. || In diesem See darf man nicht baden.",10
a2_0121,A2,"die Bahn, -en","the train, -en","die Bahn, -en",die,noun,-en,,Wir fahren lieber mit der Bahn als mit dem Bus. || Ich nehme die nächste S-Bahn.,10
a2_0122,A2,"der Bahnhof, ¨-e","the train station, ¨-e","der Bahnhof, ¨-e",der,noun,¨-e,,"Entschuldigung, komme ich hier zum Bahnhof?",10
a2_0123,A2,"der Bahnsteig, -e","the platform, -e","der Bahnsteig, -e",der,noun,-e,,Auf Hauptbahnhöfen gibt es meist viele Bahnsteige.,10
a2_0124,A2,bald,soon,bald,,adverb,,,Ich komme bald. || Auf Wiedersehen! || Bis bald!,10
a2_0125,A2,"der Balkon, -e","the balcony, -e","der Balkon, -e",der,noun,-e,,Die Wohnung hat auch einen kleinen Balkon.,10
a2_0126,A2,"der Ball, ¨-e","the ball, ¨-e","der Ball, ¨-e",der,noun,¨-e,,Meine Kinder spielen gern Ball.,10
a2_0127,A2,"die Banane, -n","the banana, -n","die Banane, -n",die,noun,-n,,"Drei Bananen, bitte!",10
a2_0128,A2,"die Band, -s","the band, -s","die Band, -s",die,noun,-s,,Was ist deine Lieblingsband? || Anton spielt in einer Band.,10
a2_0129,A2,"die Bank, -en","the bank, -en","die Bank, -en",die,noun,-en,,Bei welcher Bank haben Sie Ihr Konto?,10
a2_0130,A2,"die Bank, ¨-e","the bank, ¨-e","die Bank, ¨-e",die,noun,¨-e,,"Kommt, wir setzen uns auf diese Bank.",10
a2_0131,A2,bar,bear,bar,,adjective,,,Muss ich bar zahlen oder geht‘s auch mit Karte?,10
a2_0132,A2,"der Basketball, ¨-e","the basketball, ¨-e","der Basketball, ¨-e",der,noun,¨-e,,Yannick spielt lieber Basketball als Fußball.,10
a2_0133,A2,"basteln, bastelt,","craft, craft","basteln, bastelt,",,word,,hat gebastelt,Die Kinder haben etwas gebastelt.,10
a2_0134,A2,"der Bauch, ¨-e","the stomach, ¨-e","der Bauch, ¨-e",der,noun,¨-e,,Seit gestern tut mir der Bauch weh.,10
a2_0135,A2,"bauen, baut,","build, build","bauen, baut,",,word,,hat gebaut,Unsere Nachbarn bauen ein neues Haus.,10
a2_0136,A2,"der Baum, ¨-e","the tree, ¨-e","der Baum, ¨-e",der,noun,¨-e,,Der Baum ist über hundert Jahre alt. || Wir haben zwei Apfelbäume im Garten.,10
a2_0137,A2,"die Baustelle, -n","the construction site, -n","die Baustelle, -n",die,noun,-n,,Vor unserem Haus ist eine große Baustelle.,10
a2_0138,A2,"beantworten,",answer,"beantworten,",,word,,,Können Sie meine Frage bitte beantworten?,10
a2_0139,A2,"beantwortet,",answered,"beantwortet,",,word,,hat beantwortet,Hast du die Mail schon beantwortet?,10
a2_0140,A2,"bedanken (sich),",to thank (to thank),"bedanken (sich),",,word,,,Ich möchte mich noch einmal sehr herzlich für Ihre,10
a2_0141,A2,"bedankt,",thanks,"bedankt,",,word,,hat bedankt,Hilfe bedanken.,10
a2_0142,A2,"bedeuten,",mean,"bedeuten,",,word,,,Was bedeutet das Wort?,10
a2_0143,A2,"bedeutet,",means,"bedeutet,",,word,,hat bedeutet,,10
a2_0144,A2,"beeilen (sich),",hurry up (hurry up),"beeilen (sich),",,word,,,Kannst du dich bitte beeilen? || Der Bus fährt,10
a2_0145,A2,"beeilt,",hurry up,"beeilt,",,word,,hat beeilt,gleich ab!,10
a2_0146,A2,"beenden,",finish,"beenden,",,word,,,Du musst deine Ausbildung auf jeden Fall beenden.,10
a2_0147,A2,"beendet,",ended,"beendet,",,word,,hat beendet,,10
a2_0148,A2,"beginnen,",start,"beginnen,",,word,,,Das Spiel beginnt um 15.30 Uhr.,10
a2_0149,A2,"beginnt,",begins,"beginnt,",,word,,hat begonnen,,10
a2_0150,A2,"begründen,",justify,"begründen,",,word,,,Bitte begründen Sie Ihre Meinung.,10
a2_0151,A2,"begründet,",justified,"begründet,",,word,,hat begründet,,10
a2_0152,A2,bei,at,bei,,preposition,,,Offenbach liegt bei Frankfurt. || Ich wohne bei meinen Eltern. || Bei uns ist das anders als hier. || Er arbeitet bei Siemens. || Ich möchte euch nicht beim Essen stören.,10
a2_0153,A2,beide,both,beide,,word,,,"Wir kommen beide. || Welche Bluse möchten Sie, die rote oder die grüne? || -Ich nehme beide.",10
a2_0154,A2,"das Bein, -e","the leg, -e","das Bein, -e",das,noun,-e,,Mein rechtes Bein tut weh.,10
a2_0155,A2,bekannt,known,bekannt,,word,,,Picasso ist sehr bekannt. || Er ist ein bekannter Maler.,10
a2_0156,A2,der/die,the/the,der/die,,word,,,Ein Bekannter von mir heißt Klaus.,10
a2_0157,A2,"Bekannte, -n","acquaintances, -n","Bekannte, -n",,noun,,,,10
a2_0158,A2,"bekommen,",receive,"bekommen,",,word,,,Haben Sie meinen Brief bekommen?,10
a2_0159,A2,"bekommt,",receives,"bekommt,",,word,,hat bekommen,Aspirin bekommen Sie in der Apotheke.,10
a2_0160,A2,beliebt,popular,beliebt,,word,,,Fußball ist bei vielen Menschen beliebt.,10
a2_0161,A2,"benutzen,",use,"benutzen,",,word,,,Die Aufzüge bitte nicht benutzen!,10
a2_0162,A2,"benutzt,",used,"benutzt,",,word,,hat benutzt,,10
a2_0163,A2,bequem,comfortable,bequem,,word,,,Das Sofa ist sehr bequem. || Meine Kinder ziehen am liebsten bequeme Schuhe an.,10
a2_0164,A2,"beraten, berät,","advise, advise","beraten, berät,",,word,,hat beraten,"Unsere Sekretärin berät Sie gern, wenn Sie || Fragen haben.",10
a2_0165,A2,"der Berg, -e","the mountain, -e","der Berg, -e",der,noun,-e,,Die Zugspitze ist der höchste Berg in Deutschland. || Wir fahren am Wochenende in die Berge.,10
a2_0166,A2,"berichten,",report,"berichten,",,word,,,Alle Zeitungen berichten von dem Unfall.,10
a2_0167,A2,"berichtet,",reported,"berichtet,",,word,,hat berichtet,,10
a2_0168,A2,"der Beruf, -e","the profession, -e","der Beruf, -e",der,noun,-e,,Was bist du von Beruf?,10
a2_0169,A2,berühmt,famous,berühmt,,word,,,Thomas Müller ist ein berühmter Fußballspieler.,10
a2_0170,A2,der Bescheid,the notice,der Bescheid,der,noun,,,Kann Lisa in Heidelberg studieren? || - Sie weiß es,10
a2_0171,A2,(bekommen/,(receive/,(bekommen/,,word,,,noch nicht. || Sie bekommt erst nächste Woche,10
a2_0172,A2,geben/sagen),give/say),geben/sagen),,word,,,Bescheid. || Kannst du mir bis morgen Bescheid geben? || Ich frage Herrn Maier und sage Ihnen dann Bescheid.,10
a2_0173,A2,"beschreiben,",describe,"beschreiben,",,word,,,Kannst du mir den Weg zum Bahnhof beschreiben?,10
a2_0174,A2,"beschreibt,",describes,"beschreibt,",,word,,hat beschrieben,,10
a2_0175,A2,"beschweren (sich),",to complain (to complain),"beschweren (sich),",,word,,,Hier ist es zu laut. || Wo können wir uns beschweren?,10
a2_0176,A2,"beschwert,",complained,"beschwert,",,word,,hat beschwert,"Mein Nachbar beschwert sich immer über unsere || Kinder, wenn sie im Garten spielen.",10
a2_0177,A2,besetzt,occupied,besetzt,,word,,,"Ist dieser Platz frei? || - Nein, er ist besetzt. || Die Nummer ist immer besetzt.",10
a2_0178,A2,"besichtigen,",view,"besichtigen,",,word,,,Ich möchte gern das Schloss besichtigen.,11
a2_0179,A2,"besichtigt,",visited,"besichtigt,",,word,,hat besichtigt,Sie können die Wohnung am Mittwochabend || besichtigen.,11
a2_0180,A2,besonders,particularly,besonders,,word,,,Dieses Angebot ist besonders günstig. || Hier ist die Pizza besonders gut. || Wie geht's? || - Nicht besonders.,11
a2_0181,A2,"bestätigen,",confirm,"bestätigen,",,word,,,"Ich kann bestätigen, dass er hier war.",11
a2_0182,A2,"bestätigt,",confirmed,"bestätigt,",,word,,hat bestätigt,,11
a2_0183,A2,"bestehen,",consist,"bestehen,",,word,,,Ich habe die Prüfung bestanden!,11
a2_0184,A2,"besteht,",consists,"besteht,",,word,,hat bestanden,"Die Prüfung besteht aus vier Teilen: Hören, Lesen, || Schreiben und Sprechen.",11
a2_0185,A2,"bestellen,",order,"bestellen,",,word,,,Wir möchten bitte bestellen.,11
a2_0186,A2,"bestellt,",ordered,"bestellt,",,word,,hat bestellt,Dieses Buch haben wir nicht da. || Sollen wir es für || Sie bestellen?,11
a2_0187,A2,"der Besuch, -e","the visit, -e","der Besuch, -e",der,noun,-e,,Wir bekommen am Wochenende Besuch. || Ich mache einen Besuch im Krankenhaus.,11
a2_0188,A2,"besuchen,",visit,"besuchen,",,word,,,Darf ich dich mal besuchen?,11
a2_0189,A2,"besucht,",visited,"besucht,",,word,,hat besucht,Möchtest du mich in den Ferien besuchen?,11
a2_0190,A2,"das Bett, -en","the bed, -en","das Bett, -en",das,noun,-en,,Sie ist krank und muss heute im Bett bleiben.,11
a2_0191,A2,"bewerben (sich),",apply (oneself),"bewerben (sich),",,word,,,Ich möchte mich um diese Stelle bewerben.,11
a2_0192,A2,"bewirbt,",applied,"bewirbt,",,word,,hat beworben,Kannst du mir bei meiner Bewerbung helfen?,11
a2_0193,A2,"die Bewerbung, -en","the application, -en","die Bewerbung, -en",die,noun,-en,,,11
a2_0194,A2,bewölkt,cloudy,bewölkt,,word,,,Heute ist es bewölkt.,11
a2_0195,A2,"die Wolke, -n","the cloud, -n","die Wolke, -n",die,noun,-n,,Es gibt viele Wolken am Himmel.,11
a2_0196,A2,"bezahlen,",pay,"bezahlen,",,word,,,Wo kann ich bezahlen?,11
a2_0197,A2,"bezahlt,",paid,"bezahlt,",,word,,hat bezahlt,,11
a2_0198,A2,"die Bibliothek, -en","the library, -en","die Bibliothek, -en",die,noun,-en,,Sie lernt jeden Tag in der Bibliothek.,11
a2_0199,A2,"das Bier, -e","the beer, -e","das Bier, -e",das,noun,-e,,"Noch ein Bier, bitte.",11
a2_0200,A2,"das Bild, -er","the picture, -er","das Bild, -er",das,noun,-er,,Hast du ein Bild von deinem Sohn?,11
a2_0201,A2,billig,cheap,billig,,adjective,,,Das Wörterbuch kostet nur fünf Euro. || - Fünf Euro? || Das ist aber billig!,11
a2_0202,A2,"die Birne, -n","the pear, -n","die Birne, -n",die,noun,-n,,"Ein Kilo Birnen, bitte!",11
a2_0203,A2,bis,until,bis,,word,,,"Ich fahre nur bis Stuttgart. || Ich warte bis Freitag. || Tschüss, bis gleich!",11
a2_0204,A2,bisschen,a little,bisschen,,verb,,,Können Sie bitte ein bisschen lauter sprechen? || Ich spreche ein bisschen Französisch. || Möchten Sie noch ein bisschen Salat?,11
a2_0205,A2,bitte,please,bitte,,word,,,Eine Tasse Kaffee bitte! || - Bitte schön! || Wie bitte? || Sprechen Sie bitte ein bisschen lauter!,11
a2_0206,A2,"die Bitte, -n","the request, -n","die Bitte, -n",die,noun,-n,,Ich habe noch eine Bitte.,11
a2_0207,A2,"bitten,",ask,"bitten,",,word,,,Darf ich Sie um etwas bitten?,11
a2_0208,A2,"bittet,",asks,"bittet,",,word,,hat gebeten,,11
a2_0209,A2,bitter,bitter,bitter,,word,,,Kaffee ohne Zucker schmeckt bitter.,11
a2_0210,A2,"das Blatt, ¨-er","the leaf, ¨-er","das Blatt, ¨-er",das,noun,¨-er,,Haben Sie ein Blatt Papier für mich? || Die Bäume haben schon gelbe Blätter.,11
a2_0211,A2,"bleiben,","bleiben,","bleiben,",,word,,,Wir bleiben drei Tage in Berlin.,11
a2_0212,A2,"bleibt,",remains,"bleibt,",,word,,ist geblieben,"Bitte bleiben Sie stehen! || Oh nein, meine Uhr ist stehen geblieben. || Wie spät ist es? || Ich bleibe heute zu Hause.",11
a2_0213,A2,"der Bleistift, -e","the pencil, -e","der Bleistift, -e",der,noun,-e,,Hast du einen Bleistift?,11
a2_0214,A2,blöd,stupid,blöd,,word,,,"Ich finde es blöd, dass du morgen gehen musst.",11
a2_0215,A2,"der/das Blog, -s","the blog, -s","der/das Blog, -s",,word,,,Ich schreibe einen Blog über Mode.,11
a2_0216,A2,blond,blond,blond,,word,,,Lisa hat blonde Haare.,11
a2_0217,A2,"die Blume, -n","die Blume, -n","die Blume, -n",die,noun,-n,,Gefallen dir die Blumen?,11
a2_0218,A2,"die Bluse, -n","the blouse, -n","die Bluse, -n",die,noun,-n,,Ich suche eine weiße Bluse.,11
a2_0219,A2,"die Bohne, -n","the bean, -n","die Bohne, -n",die,noun,-n,,Hans isst nicht gern Bohnen.,11
a2_0220,A2,böse,evil,böse,,word,,,Sie ist richtig böse auf mich. || Ich habe dein Buch vergessen. || Hoffentlich bist du mir nicht böse.,11
a2_0221,A2,"braten,",fry,"braten,",,word,,,Braten Sie das Fleisch in etwas Öl!,11
a2_0222,A2,"brät,",fry,"brät,",,word,,hat gebraten,Der Fisch brät in der Pfanne.,11
a2_0223,A2,"brauchen,",need,"brauchen,",,word,,,Ich brauche ein neues Auto.,11
a2_0224,A2,"braucht,",needs,"braucht,",,word,,hat gebraucht,Brauchst du die Zeitung noch oder kann ich sie || haben? || Meine Großmutter ist krank. || Sie braucht viel Ruhe.,11
a2_0225,A2,"der Brief, -e","the letter, -e","der Brief, -e",der,noun,-e,,Haben Sie einen Brief für mich?,11
a2_0226,A2,"die Briefmarke, -n","the stamp, -n","die Briefmarke, -n",die,noun,-n,,Bitte die Briefmarke nicht vergessen!,11
a2_0227,A2,"die Brille, -n","the glasses, -n","die Brille, -n",die,noun,-n,,Wo ist meine Brille? || Mit dieser Brille kann ich nicht mehr gut sehen.,11
a2_0228,A2,"bringen,",bring,"bringen,",,word,,,Bringen Sie mir bitte noch einen Kaffee!,11
a2_0229,A2,"bringt,",brings,"bringt,",,word,,hat gebracht,Wir müssen Max ins Krankenhaus bringen.,11
a2_0230,A2,"das Brot, -e","the bread, -e","das Brot, -e",das,noun,-e,,Nimm doch noch ein Brot für das Abendessen. || Haben Sie auch Weißbrot?,11
a2_0231,A2,"das Brötchen, -","the bread bun, -","das Brötchen, -",das,noun,-,,Möchtest du Brot oder Brötchen zum Frühstück?,11
a2_0232,A2,"die Brücke, -n","the bridge, -n","die Brücke, -n",die,noun,-n,,Fahren Sie über die nächste Brücke und dann nach links.,11
a2_0233,A2,"das Buch, ¨-er","the book, ¨-er","das Buch, ¨-er",das,noun,¨-er,,"Was kostet das Buch, bitte? || In diesem Wörterbuch finden Sie mehr als 20.000 Wörter.",11
a2_0234,A2,"buchen,",book,"buchen,",,word,,,Morgen buche ich unsere Urlaubsreise.,11
a2_0235,A2,"bucht,",bay,"bucht,",,word,,hat gebucht,,11
a2_0236,A2,"der Buchstabe, -n","the letter, -n","der Buchstabe, -n",der,noun,-n,,Diesen Buchstaben gibt es in meiner Sprache nicht.,11
a2_0237,A2,"buchstabieren,",spell,"buchstabieren,",,word,,,Würden Sie bitte Ihren Namen buchstabieren?,11
a2_0238,A2,"buchstabiert,",spelled,"buchstabiert,",,word,,hat buchstabiert,,11
a2_0239,A2,bunt,colorful,bunt,,word,,,"Anna trägt gern bunte Kleider. || Meine Wohnung ist sehr bunt: Das Wohnzimmer ist rot, die Küche grün und das Bad blau.",11
a2_0240,A2,"das Büro, -s","the office, -s","das Büro, -s",das,noun,-s,,Ich arbeite in einem Büro. || Unser Büro ist bis Dienstag geschlossen.,11
a2_0241,A2,"der Bus, -se","the bus, -se","der Bus, -se",der,noun,-se,,Wann kommt der nächste Bus?,11
a2_0242,A2,die Butter (Sg.),die Butter (Sg.),die Butter (Sg.),die,noun,,,Möchtest du Butter aufs Brot oder nur Käse?,11
a2_0243,A2,"das Café, -s","the cafe, -s","das Café, -s",das,noun,-s,,Kommst du mit ins Café? || Ich möchte gern einen Kaffee trinken.,12
a2_0244,A2,"die Cafeteria, -s","the cafeteria, -s","die Cafeteria, -s",die,noun,-s,,Ich gehe jetzt in die Cafeteria. || Soll ich dir etwas mitbringen?,12
a2_0245,A2,"chatten,",chat,"chatten,",,word,,,Luis chattet gern mit seinen Freunden im Internet.,12
a2_0246,A2,"chattet,",chats,"chattet,",,word,,hat gechattet,,12
a2_0247,A2,"der Chef, -s /","der Chef, -s /","der Chef, -s /",der,noun,-s /,,,12
a2_0248,A2,"die Chefin,-nen","the boss,-nen","die Chefin,-nen",die,noun,-nen,,Wir haben eine neue Chefin.,12
a2_0249,A2,"der Club, -s /","the club, -s/","der Club, -s /",der,noun,-s /,,Gibt es hier einen Tennis-Club/Klub?,12
a2_0250,A2,"Klub, -s","club, -s","Klub, -s",,noun,,,Ich möchte gern tanzen gehen. || Wo gibt es hier einen Club/Klub mit guter Musik?,12
a2_0251,A2,"der/das Comic, -s","the comic, -s","der/das Comic, -s",,word,,,Mein Sohn liest immer nur Comics.,12
a2_0252,A2,"der Computer, -","the computer, -","der Computer, -",der,noun,-,,Wann bekommst du deinen neuen Computer?,12
a2_0253,A2,"die Creme, -s/-n","the cream, -s/-n","die Creme, -s/-n",die,noun,-s/-n,,Ich suche eine Creme für die Hände. || Der Kuchen schmeckt super! || Was ist in der Creme? || –Das ist eine Buttercreme mit viel Schokolade.,12
a2_0254,A2,da,there,da,,conjunction,,,Welche Bluse nehmen Sie? || - Die da. || Ist Herr Klein schon da? || Wir sprechen gerade über Paul. || Da kommt er ja. || Da drüben ist der Bahnhof.,12
a2_0255,A2,"da(r) (Bsp. darauf,",there(r) (ex. on it,"da(r) (Bsp. darauf,",,word,,,Darauf fällt mir keine Antwort ein.,12
a2_0256,A2,darüber),about it),darüber),,word,,,Darüber spreche ich nicht gern.,12
a2_0257,A2,"dabei (sein),",to be there),"dabei (sein),",,word,,ist dabei,"Hast du einen Stift dabei? || Schön, dass du da bist. || Ist deine Familie auch",12
a2_0258,A2,"war dabei,",was there,"war dabei,",,word,,ist dabei gewesen,dabei?,12
a2_0259,A2,"dafür/dagegen sein,",be for/against,"dafür/dagegen sein,",,word,,ist dafür/dagegen,Ich bin dafür/dagegen.,12
a2_0260,A2,"war dafür/dagegen,",was for/against,"war dafür/dagegen,",,word,,ist dafür/,,12
a2_0261,A2,dagegen gewesen,been against it,dagegen gewesen,,verb,,,,12
a2_0262,A2,damals,at that time,damals,,word,,,Als Student hatte ich viel Zeit und wollte reisen. || Aber damals hatte ich kein Geld.,12
a2_0263,A2,"die Dame, -n","the lady, -n","die Dame, -n",die,noun,-n,,"Damen (an der Toilette) Sehr geehrte Damen und Herren,",12
a2_0264,A2,daneben,next to it,daneben,,verb,,,"Du weißt doch, wo die Post ist. || Daneben ist die Bank.",12
a2_0265,A2,der Dank (Sg.),thanks (sg.),der Dank (Sg.),der,noun,,,Vielen Dank! || Herzlichen Dank!,12
a2_0266,A2,danke,Thanks,danke,,word,,,"Soll ich Ihnen helfen? || - Sehr freundlich, ja danke! || Guten Appetit! || - Danke gleichfalls.",12
a2_0267,A2,"danken, dankt,","thank, thank you","danken, dankt,",,word,,hat gedankt,Ich danke Ihnen für die Einladung.,12
a2_0268,A2,dann,then,dann,,word,,,"Ich muss noch schnell zur Post, dann komme ich. || Wenn es nicht regnet, dann kommen wir.",12
a2_0269,A2,dass,that,dass,,conjunction,,,"Rico hat gesagt, dass er auch zur Party kommt. || Ich finde es super, dass du mich besuchst.",12
a2_0270,A2,"die Datei, -en","the file, -en","die Datei, -en",die,noun,-en,,Wo hast du die Datei gespeichert? || Kannst du die Datei bitte öffnen?,12
a2_0271,A2,"das Datum, -en","the date, -en","das Datum, -en",das,noun,-en,,Bitte Datum und Unterschrift nicht vergessen! || Welches Datum haben wir heute? || Haben Sie meine Kontaktdaten?,12
a2_0272,A2,"dauern, dauert,","last, lasts","dauern, dauert,",,word,,hat gedauert,Wie lange dauert die Pause? || - Eine halbe Stunde.,12
a2_0273,A2,"denken, denkt,","think, thinks","denken, denkt,",,word,,hat gedacht,"Ich denke, du hast recht. || Ich denke oft an meine Freundin. || Was denkst du? || Sollen wir heute Abend ins Kino gehen?",12
a2_0274,A2,denn,because,denn,,conjunction,,,"Ich kann nicht kommen, denn ich bin krank.",12
a2_0275,A2,deshalb,for this reason,deshalb,,word,,,Ich bin krank. || Deshalb komme ich heute nicht ins Büro.,12
a2_0276,A2,deutlich,clearly,deutlich,,adjective,,,Sprechen Sie bitte deutlich! || Können Sie das bitte deutlicher schreiben? || Ich kann das nicht lesen.,12
a2_0277,A2,dick,thick,dick,,word,,,Ich bin zu dick. || Ich muss weniger essen.,12
a2_0278,A2,"das Ding, -e","the thing, -e","das Ding, -e",das,noun,-e,,Gib mir bitte mal das Ding da drüben! || Was macht man mit diesem Ding? || - Damit kann man Flaschen öffnen.,12
a2_0279,A2,direkt,direct,direkt,,word,,,"Wir wohnen direkt über dem Café. || Gibt es keinen direkten Zug nach Hamburg? || - Nein, Sie müssen immer umsteigen. || Ich möchte nicht direkt nach der Schule studieren. || Ich möchte erst reisen. || Wir liefern Ihnen das Sofa direkt ins Haus.",12
a2_0280,A2,"die Disco, -s /","the disco, -s /","die Disco, -s /",die,noun,-s /,,Wir gehen heute Abend in die Disco/Disko.,12
a2_0281,A2,"die Disko, -s","the disco, -s","die Disko, -s",die,noun,-s,,,12
a2_0282,A2,"diskutieren,",discuss,"diskutieren,",,word,,,Ich möchte das mit meinen Kollegen diskutieren.,12
a2_0283,A2,"diskutiert,",discussed,"diskutiert,",,word,,hat diskutiert,,12
a2_0284,A2,doch,but,doch,,word,,,"Hast du keinen Hunger? || - Doch, ich bin sehr hungrig. || Kannst du morgen nicht kommen? || - Doch. || Geh doch mal wieder ins Kino! || Das macht doch nichts!",12
a2_0285,A2,"das Doppelzimmer,",the double room,"das Doppelzimmer,",das,noun,,,- Möchten Sie ein Doppelzimmer oder ein Einzelzimmer?,12
a2_0286,A2,"das Dorf, ¨-er","the village, ¨-er","das Dorf, ¨-er",das,noun,¨-er,,Unser Dorf liegt direkt an der Autobahn. || Meine Familie lebt in einem Dorf.,12
a2_0287,A2,"dort, -her, -hin","there, here, there","dort, -her, -hin",,adverb,,,"Wir treffen uns vor dem Kino. || - Gut, ich bin in fünf Minuten dort. || Dort ist unser Haus. || Deine Tasche kannst du dorthin stellen. || Kommst du mit in die Stadt? || - Nein, ich komme gerade dorther/von dort.",12
a2_0288,A2,draußen,outside,draußen,,verb,,,Das Wetter ist so schön. || Wollen wir draußen sitzen? || Hunde müssen draußen bleiben.,12
a2_0289,A2,dringend,urgent,dringend,,word,,,Bitte kommen Sie schnell. || Es ist dringend.,12
a2_0290,A2,drinnen,inside,drinnen,,verb,,,Wollen Sie drinnen oder draußen sitzen? || Hier drinnen ist es sehr warm.,12
a2_0291,A2,drüben,over,drüben,,verb,,,Da drüben ist die Haltestelle.,12
a2_0292,A2,"drücken, drückt,","press, press","drücken, drückt,",,word,,hat gedrückt,"An dieser Tür musst du drücken, nicht ziehen, || dann geht sie auf. || Drücken Sie „Bestätigen“! || Meine Schuhe drücken.",12
a2_0293,A2,"drucken, druckt,","print, prints","drucken, druckt,",,word,,hat gedruckt,Wähle einfach „Datei drucken“!,13
a2_0294,A2,"der Drucker, -","the printer, -","der Drucker, -",der,noun,-,,Mein Drucker ist kaputt.,13
a2_0295,A2,dumm,dumb,dumm,,word,,,"Ich finde den Film dumm. || Entschuldigung, das war dumm von mir. || Das ist mir zu dumm.",13
a2_0296,A2,dunkel,dark,dunkel,,word,,,Um sechs Uhr ist es schon dunkel. || Meine Schwester hat dunkle Haare. || Ich will eine dunkelblaue Bluse kaufen.,13
a2_0297,A2,dünn,thin,dünn,,word,,,"Das Buch ist sehr dünn. || Es hat nur 40 Seiten. || Mein Bruder ist 1,80 Meter groß und 62 Kilo schwer, er ist zu dünn.",13
a2_0298,A2,durch,through,durch,,preposition,,,Am besten gehen Sie durch die Tengstraße. || Wir fahren mit dem Fahrrad durch den Wald.,13
a2_0299,A2,"dürfen, darf,","may, may","dürfen, darf,",,word,,,Sie dürfen hier nicht parken.,13
a2_0300,A2,"durfte,",was allowed,"durfte,",,word,,hat gedurft,Dürfen wir heute länger fernsehen? || Darf ich Sie zu einem Kaffee einladen?,13
a2_0301,A2,der Durst (Sing.),the thirst (sing.),der Durst (Sing.),der,noun,,,Hast du etwas zu trinken? || Ich habe großen Durst.,13
a2_0302,A2,"die Dusche, -n","the shower, -n","die Dusche, -n",die,noun,-n,,Unsere Wohnung hat nur eine Dusche.,13
a2_0303,A2,"duschen (sich),",shower (oneself),"duschen (sich),",,word,,,"Ich bade nicht so gern, ich dusche lieber.",13
a2_0304,A2,"duscht,",showers,"duscht,",,word,,hat geduscht,Möchten Sie sich duschen? || Das Badezimmer ist dort || hinten links.,13
a2_0305,A2,"das E-Book, -s","the e-book, -s","das E-Book, -s",das,noun,-s,,"Liest du lieber E-Books oder Bücher aus Papier? || Entschuldigung, kann man hier E-Books kaufen?",13
a2_0306,A2,echt,real,echt,,word,,,Ist das Bild ein echter Picasso? || Der Film ist echt gut.,13
a2_0307,A2,"die Ecke, -n","the corner, -n","die Ecke, -n",die,noun,-n,,Gehen Sie an der nächsten Ecke links. || Dann kommen Sie zur Apotheke. || Wir stellen das Regal in die Ecke.,13
a2_0308,A2,egal,doesn't matter,egal,,word,,,Das ist mir egal. || Willst du Tee oder Kaffee trinken? || –Egal.,13
a2_0309,A2,"die Ehefrau, -en/","the wife, -en/","die Ehefrau, -en/",die,noun,-en/,,,13
a2_0310,A2,"der Ehemann,¨-er/","the husband,¨-he/","der Ehemann,¨-er/",der,noun,¨-er/,,Das ist mein Ehemann/meine Ehefrau.,13
a2_0311,A2,"der Ehepartner, -","the spouse, -","der Ehepartner, -",der,noun,-,,,13
a2_0312,A2,"das Ei, -er","the egg, -er","das Ei, -er",das,noun,-er,,Möchtest du ein Ei zum Frühstück?,13
a2_0313,A2,eigen-,own,eigen-,,word,,,Nicht alle Kinder haben ein eigenes Zimmer.,13
a2_0314,A2,eigentlich,actually,eigentlich,,adjective,,,"Wir wollten eigentlich Freunde besuchen, aber dann sind wir doch zu Hause geblieben. || Kennst du eigentlich Susanne?",13
a2_0315,A2,eilig,hurry,eilig,,adjective,,,Hast du es eilig?,13
a2_0316,A2,einfach,simply,einfach,,word,,,"Die Prüfung ist ganz einfach. || Ich verstehe das nicht. || Kannst du es bitte einfacher sagen? || Hin und zurück? || – Nein, bitte nur eine einfache Fahrt nach Berlin.",13
a2_0317,A2,"der Eingang, ¨-e","the entrance, ¨-e","der Eingang, ¨-e",der,noun,¨-e,,Der Eingang ist um die Ecke.,13
a2_0318,A2,einig-,agree-,einig-,,adjective,,,"In diesem Text sind einige Fehler. || Das dauert noch einige Zeit, bis das Essen fertig ist.",13
a2_0319,A2,"einkaufen,",shopping,"einkaufen,",,word,,,Ich muss noch für morgen einkaufen.,13
a2_0320,A2,"kauft ein,",buys,"kauft ein,",,word,,hat eingekauft,,13
a2_0321,A2,das Einkaufs-,the shopping,das Einkaufs-,das,noun,,,Kommst du morgen mit ins Einkaufszentrum?,13
a2_0322,A2,zentrum,center,"zentrum, -en",,verb,,-en,,13
a2_0323,A2,"einladen,",invite,"einladen,",,word,,,Darf ich Sie zu einem Kaffee einladen?,13
a2_0324,A2,"lädt ein,",invites,"lädt ein,",,word,,hat eingeladen,,13
a2_0325,A2,"die Einladung, -en","the invitation, -en","die Einladung, -en",die,noun,-en,,Danke für die Einladung zu deinem Geburtstag!,13
a2_0326,A2,einmal,once,einmal,,word,,,Rufen Sie/Ruf mich bitte morgen noch einmal an. || Diese Prüfung mache ich nicht noch einmal. || Warst du schon einmal in Paris?,13
a2_0327,A2,"einpacken,",pack up,"einpacken,",,word,,,Pack bitte die Handtücher ein!,13
a2_0328,A2,"packt ein,",packs up,"packt ein,",,word,,hat eingepackt,Soll ich Ihnen das als Geschenk einpacken?,13
a2_0329,A2,"einsteigen,",get in,"einsteigen,",,word,,,"Schnell, steig ein, der Zug fährt gleich ab.",13
a2_0330,A2,"steigt ein,",gets in,"steigt ein,",,word,,ist eingestiegen,Bitte ab 20 Uhr vorn im Bus einsteigen.,13
a2_0331,A2,"eintragen (sich),",register (oneself),"eintragen (sich),",,word,,,Tragen Sie sich bitte in diese Liste ein!,13
a2_0332,A2,"trägt ein,",contributes,"trägt ein,",,word,,hat eingetragen,Sie müssen Ihren Namen und Ihre Adresse || eintragen.,13
a2_0333,A2,"der Eintritt, -e","the entrance, -e","der Eintritt, -e",der,noun,-e,,Der Eintritt kostet fünf Euro. || Der Eintritt ist frei. || Sie müssen nichts bezahlen.,13
a2_0334,A2,einverstanden,agreed,einverstanden,,verb,,,"Als Termin schlage ich den 11. || Juni vor. || - Gut, (ich",13
a2_0335,A2,"sein,",be,"sein,",,word,,ist einverstanden,"bin) einverstanden. || Bist du einverstanden, wenn wir bald nach Hause",13
a2_0336,A2,"war einverstanden,",agreed,"war einverstanden,",,word,,ist einverstanden,gehen?,13
a2_0337,A2,gewesen,been,gewesen,,verb,,,,13
a2_0338,A2,einzel-,single,einzel-,,word,,,Nicht alle zusammen. || Könnt ihr bitte einzeln sprechen? || Florian ist ein Einzelkind. || Er hat keine Geschwister. || Ein Einzelzimmer ist noch frei.,13
a2_0339,A2,"einziehen,",move in,"einziehen,",,word,,,Im Juni ziehen unsere neuen Nachbarn ein.,13
a2_0340,A2,"zieht ein,",moves in,"zieht ein,",,word,,ist eingezogen,Wann können wir in die Wohnung einziehen?,13
a2_0341,A2,das Eis (Sg.),the ice (sg.),das Eis (Sg.),das,noun,,,Möchtest du auch ein Eis?,13
a2_0342,A2,"die (E-)Mail, -s","the (e-)mail, -s","die (E-)Mail, -s",die,noun,,,Ich schreibe Ihnen/dir eine E-Mail.,13
a2_0343,A2,"der Empfänger, –","the recipient, –","der Empfänger, –",der,noun,–,,"Auf dem Brief steht dein Name, also bist du der Empfänger.",13
a2_0344,A2,"empfehlen,",recommend,"empfehlen,",,word,,,Welchen Wein können Sie mir empfehlen?,13
a2_0345,A2,"empfiehlt,",recommends,"empfiehlt,",,word,,hat empfohlen,,13
a2_0346,A2,"das Ende, -n","the end, -n","das Ende, -n",das,noun,-n,,Sie wohnt am Ende der Straße. || Er bekommt sein Geld am Monatsende.,13
a2_0347,A2,"enden, endet,","end, ends","enden, endet,",,word,,hat geendet,Die Straße endet hier. || Der Kurs endet in einer Woche.,13
a2_0348,A2,endlich,finally,endlich,,adjective,,,Wann kommst du endlich? || Der Film fängt gleich an. || Endlich bist du da!,13
a2_0349,A2,eng,closely,eng,,word,,,Diese Hose ist zu eng. || Gibt es sie auch eine Nummer größer?,13
a2_0350,A2,entschuldigen,excuse,entschuldigen,,verb,,,Entschuldigen Sie bitte!,13
a2_0351,A2,(sich),(itself),"(sich),",,verb,,,Ich möchte mich bei dir entschuldigen.,13
a2_0352,A2,"entschuldigt,",sorry,"entschuldigt,",,word,,hat entschuldigt,,13
a2_0353,A2,die Entschuldi-,the apology,die Entschuldi-,die,noun,,,"Oh, Entschuldigung! || – Macht nichts. || Kein Problem.",13
a2_0354,A2,gung,gung,"gung, -en",,verb,,-en,,13
a2_0355,A2,"das Erdgeschoss,-e","the ground floor,-e","das Erdgeschoss,-e",das,noun,-e,,Ich wohne im Erdgeschoss.,14
a2_0356,A2,"die Erfahrung, -en","the experience, -s","die Erfahrung, -en",die,noun,-en,,Ich habe zehn Jahre Erfahrung in diesem Beruf.,14
a2_0357,A2,"erinnern (sich),",remember (to remember),"erinnern (sich),",,word,,,"Erinnerst du dich an José? || - Nein, ich erinnere mich",14
a2_0358,A2,"erinnert,",remembered,"erinnert,",,word,,hat erinnert,"nicht an ihn, tut mir leid. || Kannst du mich morgen bitte an meinen Arzttermin erinnern?",14
a2_0359,A2,"erkältet sein,",to have a cold,"erkältet sein,",,word,,ist erkältet,Lisa ist erkältet. || Sie kann heute nicht zur Schule || gehen.,14
a2_0360,A2,"war erkältet,",had a cold,"war erkältet,",,word,,ist erkältet,,14
a2_0361,A2,gewesen,been,gewesen,,verb,,,,14
a2_0362,A2,"erklären, erklärt,","explain, explained","erklären, erklärt,",,word,,hat erklärt,Ich verstehe das nicht. || Kannst du mir das erklären?,14
a2_0363,A2,"erlauben, erlaubt,","allow, permitted","erlauben, erlaubt,",,word,,hat erlaubt,Meine Kinder dürfen diesen Film sehen. || Ich habe es || ihnen erlaubt.,14
a2_0364,A2,"erlaubt sein,",be allowed,"erlaubt sein,",,word,,ist erlaubt,Parken ist hier nicht erlaubt.,14
a2_0365,A2,"war erlaubt,",was allowed,"war erlaubt,",,word,,ist erlaubt gewesen,,14
a2_0366,A2,die Erlaubnis (Sg.),permission (sg.),die Erlaubnis (Sg.),die,noun,,,Haben Sie eine Arbeitserlaubnis?,14
a2_0367,A2,"die Ermäßigung,-enFür","the discount,-enFor","die Ermäßigung,-enFür",die,noun,-enFür,,"Schüler, Studenten und Rentner gibt es eine Ermäßigung.",14
a2_0368,A2,"erreichen,",to reach,"erreichen,",,word,,,"Wenn wir uns beeilen, erreichen wir noch den Zug",14
a2_0369,A2,"erreicht,",reached,"erreicht,",,word,,hat erreicht,um acht Uhr. || Bis 18 Uhr können Sie mich im Büro erreichen.,14
a2_0370,A2,erst,first,erst,,word,,,"Wir können erst morgen kommen. || Dina ist keine 18, sie ist erst 16 Jahre alt.",14
a2_0371,A2,"der Erwachsene,-n","the adult, -n","der Erwachsene,-n",der,noun,-n,,"Erwachsene zahlen zehn Euro, für Kinder ist der Eintritt frei. || Dieser Film ist nur für Erwachsene.",14
a2_0372,A2,"erzählen, erzählt,","tell, told","erzählen, erzählt,",,word,,hat erzählt,Wir müssen euch etwas erzählen! || Erzählst du mir eine Geschichte?,14
a2_0373,A2,"essen, isst,","eat, eat","essen, isst,",,word,,hat gegessen,Was gibt es zu essen?,14
a2_0374,A2,"das Essen, -","the food, -","das Essen, -",das,noun,-,,Das Essen in der Cafeteria ist meistens ganz gut. || Darf ich Sie zum Essen einladen?,14
a2_0375,A2,etwas,something,etwas,,word,,,Ich muss dir etwas erzählen! || Haben Sie etwas zum Schreiben? || Ich habe leider nur Tee. || Etwas anderes kann ich dir leider nicht anbieten.,14
a2_0376,A2,"das Fach, ¨-er","the subject, ¨-er","das Fach, ¨-er",das,noun,¨-er,,Welches Fach magst du in der Schule am liebsten?,14
a2_0377,A2,"(ab)fahren,",(depart,"(ab)fahren,",,word,,,Ich fahre mit dem Auto zur Arbeit.,14
a2_0378,A2,"fährt (ab),",departs (departs),"fährt (ab),",,word,,ist (ab)gefahren,Achtung an Gleis 17! || Der Zug München - Paris fährt || jetzt ab.,14
a2_0379,A2,"die Abfahrt, -en","the departure, -en","die Abfahrt, -en",die,noun,-en,,Wir haben noch zwanzig Minuten bis zur Abfahrt.,14
a2_0380,A2,"die Fahrkarte, -n","the ticket, -n","die Fahrkarte, -n",die,noun,-n,,"Hast du schon eine Fahrkarte? || Ihre Fahrkarten, bitte!",14
a2_0381,A2,"der Fahrplan, ¨-e","the timetable, ¨-e","der Fahrplan, ¨-e",der,noun,¨-e,,Ist das der neue Fahrplan?,14
a2_0382,A2,"das (Fahr)Rad, ¨-er","the (bicycle) bike, ¨-er","das (Fahr)Rad, ¨-er",das,noun,,,"Wenn es nicht regnet, fahre ich mit dem Fahrrad.",14
a2_0383,A2,"fallen, fällt,","fall, falls","fallen, fällt,",,word,,ist gefallen,"Pass auf, das Glas fällt gleich vom Tisch.",14
a2_0384,A2,falsch,incorrect,falsch,,word,,,Die Lösung ist falsch. || Sie haben die falsche Nummer gewählt.,14
a2_0385,A2,"die Familie, -n","the family, -n","die Familie, -n",die,noun,-n,,Meine Familie lebt in Spanien. || Ich habe eine große Familie.,14
a2_0386,A2,der Familien-,the family,der Familien-,der,noun,,,Mein Familienname ist González.,14
a2_0387,A2,"name, -n","name, -n","name, -n",,word,,,,14
a2_0388,A2,"der Fan, -s","the fan, -s","der Fan, -s",der,noun,-s,,Er ist ein großer Fußballfan. || Bella ist ein Fan von Rammstein.,14
a2_0389,A2,fantastisch,fantastisch,fantastisch,,adjective,,,Dein neues Kleid sieht fantastisch aus! || Das Buch ist fantastisch. || Du musst es unbedingt lesen!,14
a2_0390,A2,"die Farbe, -n","the color, -n","die Farbe, -n",die,noun,-n,,Die Farbe gefällt mir gut. || Was ist deine Lieblingsfarbe?,14
a2_0391,A2,fast,almost,fast,,word,,,Der Film ist fast zu Ende. || Ich habe fast alles verstanden.,14
a2_0392,A2,faul,lazy,faul,,word,,,Heute sind wir faul: Wir machen keine Hausauf- gaben und arbeiten nicht.,14
a2_0393,A2,"fehlen, fehlt,","missing, missing","fehlen, fehlt,",,word,,hat gefehlt,"Herr Müller ist nicht da, er fehlt schon seit drei || Tagen. || Was fehlt Ihnen?",14
a2_0394,A2,"der Fehler, -","the error, -","der Fehler, -",der,noun,-,,Diesen Fehler mache ich immer wieder.,14
a2_0395,A2,"die Feier, -n","the celebration, -n","die Feier, -n",die,noun,-n,,Wann hast du Feierabend?,14
a2_0396,A2,"(z. B. Feierabend,",(e.g. after work,"(z. B. Feierabend,",,word,,,Am ersten Mai ist ein Feiertag.,14
a2_0397,A2,Feiertag),Holiday),Feiertag),,noun,,,,14
a2_0398,A2,"feiern, feiert,","celebrate, celebrate","feiern, feiert,",,word,,hat gefeiert,Wir feiern heute meinen Geburtstag. || Die Feier war sehr schön.,14
a2_0399,A2,"das Fenster, -","the window, -","das Fenster, -",das,noun,-,,Kannst du bitte das Fenster öffnen?,14
a2_0400,A2,die Ferien (Pl.),the holidays (pl.),die Ferien (Pl.),die,noun,,,Bald haben wir Ferien. || Fährst du in den Ferien weg oder bleibst du zu Hause?,14
a2_0401,A2,"fernsehen,",TV,"fernsehen,",,word,,,Lass uns heute Abend mal fernsehen.,14
a2_0402,A2,"sieht fern,",watches tv,"sieht fern,",,word,,hat ferngesehen,,14
a2_0403,A2,"der Fernseher, -","the TV, -","der Fernseher, -",der,noun,-,,Der Fernseher ist kaputt.,14
a2_0404,A2,"fertig sein,","fertig sein,","fertig sein,",,adjective,,ist fertig,Das Essen ist gleich fertig. || Kommst du? || Wir müssen gleich gehen. || Bist du fertig?,14
a2_0405,A2,"war fertig,",was finished,"war fertig,",,word,,ist fertig gewesen,,14
a2_0406,A2,"das Fest, -e","the festival, -e","das Fest, -e",das,noun,-e,,Frohes Fest! || Am Wochenende feiern wir ein Fest. || Meine Tochter hat Geburtstag.,14
a2_0407,A2,"das Festival, -s","the festival, -s","das Festival, -s",das,noun,-s,,Am Wochenende ist in der Stadt ein Musik-Festival.,14
a2_0408,A2,fett,fat,fett,,word,,,Die Wurst ist mir zu fett.,14
a2_0409,A2,das Fieber (Sg.),the fever (sg.),das Fieber (Sg.),das,noun,,,Sie hat hohes Fieber.,14
a2_0410,A2,"der Film, -e","the film, -e","der Film, -e",der,noun,-e,,Ich möchte gern diesen Film sehen.,14
a2_0411,A2,"finden, findet,","find, find","finden, findet,",,word,,hat gefunden,"Wir müssen den Schlüssel finden. || Ich finde es nicht gut, dass du so viel arbeitest. || Ich finde ihn sehr nett.",14
a2_0412,A2,"die Firma, -en","the company, -en","die Firma, -en",die,noun,-en,,Er arbeitet jetzt bei einer anderen Firma.,14
a2_0413,A2,"der Fisch, -e","the fish, -e","der Fisch, -e",der,noun,-e,,Fisch mag ich lieber als Fleisch.,14
a2_0414,A2,"fit sein, ist fit,",Being fit is fit,"fit sein, ist fit,",,word,,,Tom will fit sein. || Er geht jeden Tag ins Fitness-,14
a2_0415,A2,"war fit,",was fit,"war fit,",,word,,ist fit gewesen,studio.,14
a2_0416,A2,"die Flasche, -n","the bottle, -n","die Flasche, -n",die,noun,-n,,"Eine Flasche Mineralwasser, bitte!",15
a2_0417,A2,das Fleisch (Sg.),the flesh (sg.),das Fleisch (Sg.),das,noun,,,Fleisch mag ich nicht.,15
a2_0418,A2,fleißig,diligent,fleißig,,adjective,,,Ibrahim ist sehr fleißig. || Er macht immer seine Hausaufgaben.,15
a2_0419,A2,"(ab)fliegen,",fly (off).,"(ab)fliegen,",,word,,,Ich fliege nicht gern; ich fahre lieber mit dem Zug.,15
a2_0420,A2,"fliegt (ab),",flies (off),"fliegt (ab),",,word,,ist (ab)geflogen,Ich fliege in den Ferien nach Spanien. || Wann fliegst du ab?,15
a2_0421,A2,"der Flohmarkt, ¨-e","the flea market, ¨-e","der Flohmarkt, ¨-e",der,noun,¨-e,,Ich gehe gern auf den Flohmarkt. || Diesen Hut habe ich auf dem Flohmarkt gekauft.,15
a2_0422,A2,"der Flug, ¨-e","the flight, ¨-e","der Flug, ¨-e",der,noun,¨-e,,Ich möchte einen Flug nach Kanada buchen. || Der Flug LH123 von München nach Frankfurt ist um 21:00 Uhr.,15
a2_0423,A2,"der Flughafen, ¨",the airport,"der Flughafen, ¨",der,noun,¨,,Kannst du mich zum Flughafen bringen?,15
a2_0424,A2,"das Flugzeug, -e","the plane, -e","das Flugzeug, -e",das,noun,-e,,Das Flugzeug aus Berlin hat Verspätung. || Das Flugzeug startet in einer halben Stunde. || Wir müssen uns beeilen.,15
a2_0425,A2,"der Fluss, ¨-e","der Fluss, ¨-e","der Fluss, ¨-e",der,noun,¨-e,,Der Rhein ist ein großer Fluss.,15
a2_0426,A2,"das Formular, -e","the form, -e","das Formular, -e",das,noun,-e,,Sie müssen dieses Formular ausfüllen.,15
a2_0427,A2,"der Fotoapparat, -eIch","the camera, -eI","der Fotoapparat, -eIch",der,noun,-eIch,,möchte mir einen Fotoapparat kaufen.,15
a2_0428,A2,"fotografieren,",photograph,"fotografieren,",,word,,,Ich fotografiere gern.,15
a2_0429,A2,"fotografiert,",photographed,"fotografiert,",,word,,hat fotografiert,,15
a2_0430,A2,"das Foto, -s","the photo, -s","das Foto, -s",das,noun,-s,,Darf ich ein Foto machen?,15
a2_0431,A2,"die Frage, -n",the questions,"die Frage, -n",die,noun,-n,,Ich habe eine Frage.,15
a2_0432,A2,"fragen, fragt,","ask, ask","fragen, fragt,",,word,,hat gefragt,"Er fragt, wann er kommen kann. || Ich möchte Sie etwas fragen.",15
a2_0433,A2,"die Frau, -en",the women,"die Frau, -en",die,noun,-en,,"Das ist Frau Becker. || Guten Tag, Frau Schmitt! || Hier arbeiten mehr Frauen als Männer.",15
a2_0434,A2,frei,free,frei,,adjective,,,"Entschuldigung, ist dieser Platz noch frei? || Morgen haben wir frei. || Eintritt frei.",15
a2_0435,A2,freiwillig,voluntarily,freiwillig,,adjective,,,Manchmal bleibe ich freiwillig länger im Büro.,15
a2_0436,A2,die Freizeit (Sg.),leisure time (sg.),die Freizeit (Sg.),die,noun,,,In meiner Freizeit spiele ich oft Fußball.,15
a2_0437,A2,fremd,foreign,fremd,,word,,,Das weiß ich nicht; ich bin fremd hier. || Ich reise gern in fremde Länder.,15
a2_0438,A2,"freuen (sich),",to be glad),"freuen (sich),",,word,,,Zum Geburtstag habe ich ein interessantes Buch bekommen. || Ich freue mich sehr über das Geschenk.,15
a2_0439,A2,"freut,",happy,"freut,",,word,,hat gefreut,"Die Kinder freuen sich schon auf die Ferien. || Ich freue mich, weil ich heute mit meinen Freunden Fußball spiele. || Es/Das freut mich!",15
a2_0440,A2,"der Freund, -e,","the friend, -e","der Freund, -e,",der,noun,"-e,",,Das ist ein Freund von mir.,15
a2_0441,A2,"die Freundin, -nen","the girlfriend, -nen","die Freundin, -nen",die,noun,-nen,,Das ist meine Freundin Susanne.,15
a2_0442,A2,freundlich,friendly,freundlich,,adjective,,,Er ist immer sehr freundlich zu mir. || Mit freundlichen Grüßen,15
a2_0443,A2,frisch,fresh,frisch,,adjective,,,Das Brot ist noch ganz frisch. || Ich habe es gerade gekauft.,15
a2_0444,A2,froh,glad,froh,,word,,,"Ich bin froh, dass du kommen kannst. || Frohes Fest!",15
a2_0445,A2,früh,early,früh,,word,,,Geht es auch später? || Sechs Uhr ist mir zu früh. || Ich muss morgen sehr früh aufstehen.,15
a2_0446,A2,früher,earlier,früher,,word,,,Früher habe ich in Berlin gewohnt. || Wir nehmen den früheren Zug.,15
a2_0447,A2,das Frühstück (Sg.),breakfast (sg.),das Frühstück (Sg.),das,noun,,,Möchtest du ein Ei zum Frühstück?,15
a2_0448,A2,"frühstücken,",have breakfast,"frühstücken,",,word,,,Ich frühstücke immer um 9:00 Uhr.,15
a2_0449,A2,"frühstückt,",has breakfast,"frühstückt,",,word,,hat gefrühstückt,,15
a2_0450,A2,"fühlen (sich),",feel (oneself),"fühlen (sich),",,word,,,Wie fühlen Sie sich?,15
a2_0451,A2,"fühlt, hat gefühlt","feels, has felt","fühlt, hat gefühlt",,word,,,Ich fühle mich heute nicht gut.,15
a2_0452,A2,der Führer-,the leader-,der Führer-,der,noun,,,Hast du den Führerschein?,15
a2_0453,A2,"schein, -e","seem, -e","schein, -e",,word,,,Sie hat die Führerscheinprüfung bestanden.,15
a2_0454,A2,"die Führung, -en","the leadership, -en","die Führung, -en",die,noun,-en,,Die nächste Führung beginnt um 15 Uhr.,15
a2_0455,A2,die Fundsachen,the lost property,die Fundsachen,die,noun,,,Haben Sie meinen Schirm gefunden? || - Sie können,15
a2_0456,A2,(Pl.),(pl.),(Pl.),,other,,,dort bei den Fundsachen schauen.,15
a2_0457,A2,für,for,für,,preposition,,,Das Paket ist für Sie. || Das ist der Schlüssel für die Haustür. || Gibt es hier einen Sportverein für Jugendliche?,15
a2_0458,A2,furchtbar,terrible,furchtbar,,adjective,,,Er hat furchtbare Schmerzen. || Die Hose sieht ja furchtbar aus. || So kannst du nicht zur Arbeit gehen!,15
a2_0459,A2,"der Fuß, ¨-e","der Fuß, ¨-e","der Fuß, ¨-e",der,noun,¨-e,,Der linke Fuß tut mir weh. || Gehen Sie zu Fuß zur Arbeit?,15
a2_0460,A2,"der Fußball, ¨-e","the football, ¨-e","der Fußball, ¨-e",der,noun,¨-e,,Spielt ihr gern Fußball?,15
a2_0461,A2,"die Gabel, -n","the fork, -n","die Gabel, -n",die,noun,-n,,Kann ich bitte eine Gabel haben?,15
a2_0462,A2,ganz,quite,ganz,,word,,,"Oh nein! || Was ist passiert? || Ist deine Brille jetzt kaputt? || - Nein, zum Glück ist sie noch ganz! || Morgen haben wir den ganzen Tag Schule. || Ich bin ganz sicher, dass dein Termin am Montag ist. || Ich finde Lara ganz nett. || Oh, ich habe meinen Zahnarzttermin ganz vergessen.",15
a2_0463,A2,"die Garage, -n","the garage, -n","die Garage, -n",die,noun,-n,,Hier ist eine Garage für dein Auto.,15
a2_0464,A2,"der Garten, ¨",the garden,"der Garten, ¨",der,noun,¨,,Wir haben leider keinen Garten.,15
a2_0465,A2,"der Gast, ¨-e","the guest, ¨-e","der Gast, ¨-e",der,noun,¨-e,,Heute Abend haben wir Gäste.,15
a2_0466,A2,"geben, gibt,","give, gives","geben, gibt,",,word,,hat gegeben,Kannst du mir mal deinen Stift geben? || Es gibt keine Karten mehr für das Konzert.,15
a2_0467,A2,geboren,born,geboren,,verb,,,Ich bin in Zagreb geboren. || Wann und wo sind Sie geboren?,15
a2_0468,A2,Geburts-,birth,Geburts-,,noun,,,"Das Geburtsjahr Ihres Sohnes, bitte?",15
a2_0469,A2,"(jahr, ort, tag),","(year, place, day)","(jahr, ort, tag),",,word,,,Bitte tragen Sie Ihren Geburtsort noch ein.,15
a2_0470,A2,"(-e, -e, -e)","(-e, -e, -e)","(-e, -e, -e)",,word,,,Herzlichen Glückwunsch zum Geburtstag!,15
a2_0471,A2,geehrt-,honored-,geehrt-,,word,,,"Sehr geehrte Damen und Herren,",15
a2_0472,A2,gefährlich,dangerous,gefährlich,,adjective,,,Du darfst nicht bei Rot über die Straße gehen. || Das ist gefährlich.,15
a2_0473,A2,"gefallen, gefällt,","liked, liked","gefallen, gefällt,",,word,,hat gefallen,Das Bild gefällt mir. || Wie gefällt es Ihnen in Berlin?,15
a2_0474,A2,gegen,against,gegen,,verb,,,Fahr nicht gegen den Baum! || Ich bin gegen diesen Vorschlag. || Wer spielt gegen wen? || - Bayern gegen Dortmund. || Haben Sie etwas gegen Grippe?,15
a2_0475,A2,"das Gegenteil , -e","the opposite, -e","das Gegenteil , -e",das,noun,-e,,Das Gegenteil von „klein“ ist „groß“.,16
a2_0476,A2,gegenüber,opposite,gegenüber,,word,,,Die Post ist gegenüber vom Bahnhof. || Die Hausnummer 84 ist gleich gegenüber.,16
a2_0477,A2,"das Gehalt, ¨-er","the salary, ¨-er","das Gehalt, ¨-er",das,noun,¨-er,,Sie ist mit ihrem Gehalt zufrieden.,16
a2_0478,A2,"gehen, geht,","go, go","gehen, geht,",,word,,ist gegangen,"Ich weiß nicht, wie das geht. || Wie geht‘s? || - Es geht. || Ich muss jetzt leider gehen. || Ich muss zum Arzt gehen. || Das geht (doch) nicht! || Nimmst du die Straßenbahn? || - Nein, ich gehe lieber zu Fuß.",16
a2_0479,A2,"gehören, gehört,","belong, heard","gehören, gehört,",,word,,hat gehört,Gehört der Stift dir?,16
a2_0480,A2,das Geld (Sg.),the money (sg.),das Geld (Sg.),das,noun,,,Hast du noch Geld? || Kannst du mir ein bisschen Geld leihen?,16
a2_0481,A2,"die Geldbörse, -n","the purse, -n","die Geldbörse, -n",die,noun,-n,,Sie hat ihre Geldbörse verloren.,16
a2_0482,A2,das Gemüse (Sg.),the vegetable (sg.),das Gemüse (Sg.),das,noun,,,Wir kaufen das Gemüse immer auf dem Markt. || Tomaten sind mein Lieblingsgemüse.,16
a2_0483,A2,genau,Exactly,genau,,word,,,"Sind Sie sicher, dass die Prüfung am 15. || Juni ist? || - Ja, das weiß ich genau. || Die Uhr geht genau. || Es ist genau acht Uhr.",16
a2_0484,A2,genug,enough,genug,,word,,,Es ist noch genug Pizza da. || Möchtest du noch ein Stück? || Ich verdiene nicht genug.,16
a2_0485,A2,das Gepäck (Sg.),the luggage (sg.),das Gepäck (Sg.),das,noun,,,Wollen Sie Ihr Gepäck mitnehmen? || Sie können Ihr Gepäck auch im Hotel lassen.,16
a2_0486,A2,gerade,straight,gerade,,word,,,Kannst du später anrufen? || Wir essen gerade. || Was machst du gerade? || Da kommt er ja gerade.,16
a2_0487,A2,geradeaus,straight ahead,geradeaus,,word,,,Gehen Sie immer geradeaus!,16
a2_0488,A2,"das Gerät, -e","the device, -e","das Gerät, -e",das,noun,-e,,Elektrogeräte finden Sie im dritten Stock.,16
a2_0489,A2,"das Gericht, -e","the court, -e","das Gericht, -e",das,noun,-e,,Mein Lieblingsgericht ist Pizza.,16
a2_0490,A2,"gern, lieber,","gladly, dear","gern, lieber,",,adverb,,,Ich helfe Ihnen gern.,16
a2_0491,A2,am liebsten,rather,am liebsten,,verb,,,Kaffee oder Tee? || - Ich trinke lieber einen Tee. || Am liebsten trinke ich Kaffee.,16
a2_0492,A2,"das Geschäft, -e","the business, -e","das Geschäft, -e",das,noun,-e,,Die Geschäfte schließen um 18.30 Uhr.,16
a2_0493,A2,"das Geschenk, -e","the gift, -e","das Geschenk, -e",das,noun,-e,,Danke für das schöne Geschenk.,16
a2_0494,A2,"die Geschichte, -n","the story, -n","die Geschichte, -n",die,noun,-n,,Erzählst du mir eine Geschichte? || Ich interessiere mich nicht für Geschichte. || Paul hat gute Noten in Geschichte.,16
a2_0495,A2,das Geschirr (Sg.),the dishes (sg.),das Geschirr (Sg.),das,noun,,,Stellst du bitte das Geschirr in den Schrank?,16
a2_0496,A2,"das Gesicht, -er","the face, -he","das Gesicht, -er",das,noun,-er,,Wasch dir bitte das Gesicht. || Sie hat ein freundliches Gesicht.,16
a2_0497,A2,"das Gespräch, -e","the conversation, -e","das Gespräch, -e",das,noun,-e,,Sie hören ein Gespräch. || Zu diesem Gespräch gibt es fünf Aufgaben. || Das Gespräch mit Frau Kunz ist um 14 Uhr.,16
a2_0498,A2,gestern,yesterday,gestern,,verb,,,Gestern wollte ich dich anrufen.,16
a2_0499,A2,gesund,healthy,gesund,,word,,,Ich hatte Grippe. || Jetzt bin ich wieder gesund.,16
a2_0500,A2,die Gesundheit,die Gesundheit,die Gesundheit,die,noun,,,Gesundheit! || Sind Sie erkältet?,16
a2_0501,A2,(Sg.),(Sg.),(Sg.),,other,,,,16
a2_0502,A2,"das Getränk, -e","the drink, -e","das Getränk, -e",das,noun,-e,,"Mein Lieblingsgetränk ist Tomatensaft. || Die Getränkekarte, bitte!",16
a2_0503,A2,"gewinnen,",win,"gewinnen,",,word,,,Unsere Mannschaft hat gewonnen.,16
a2_0504,A2,"gewinnt,",wins,"gewinnt,",,word,,hat gewonnen,Mein Sohn will bei diesem Spiel immer gewinnen.,16
a2_0505,A2,"das Gewitter, -","the thunderstorm, -","das Gewitter, -",das,noun,-,,"Ich glaube, es gibt heute ein Gewitter.",16
a2_0506,A2,"die Gitarre, -n","the guitar, -n","die Gitarre, -n",die,noun,-n,,Er kann gut Gitarre spielen.,16
a2_0507,A2,"das Glas, ¨-er","the glass, ¨-er","das Glas, ¨-er",das,noun,¨-er,,Bitte noch ein Glas Apfelsaft! || Wir brauchen noch drei Gläser.,16
a2_0508,A2,"glauben, glaubt,","believe, believes","glauben, glaubt,",,word,,hat geglaubt,"Sie können mir glauben, es ist so. || Ich glaube, er kommt gleich.",16
a2_0509,A2,gleich,even,gleich,,word,,,Ich komme gleich. || Wir sind gleich alt.,16
a2_0510,A2,"das Gleis, -e","the track, -e","das Gleis, -e",das,noun,-e,,Der ICE nach Berlin hält heute an Gleis 12.,16
a2_0511,A2,das Glück (Sg.),happiness (sg.),das Glück (Sg.),das,noun,,,"Viel Glück! || Oh, es regnet. || Zum Glück habe ich meinen Schirm dabei.",16
a2_0512,A2,glücklich,happy,glücklich,,adjective,,,Meine Tochter ist glücklich verheiratet. || Ein glückliches neues Jahr!,16
a2_0513,A2,der Glück-,the luck-,der Glück-,der,noun,,,Herzlichen Glückwunsch zum Geburtstag!,16
a2_0514,A2,"wunsch, ¨-e",wishes,"wunsch, ¨-e",,word,,,,16
a2_0515,A2,"gratulieren,",congratulate,"gratulieren,",,word,,,Ich gratuliere dir!,16
a2_0516,A2,"gratuliert,",congratulates,"gratuliert,",,word,,hat gratuliert,,16
a2_0517,A2,"grillen, grillt,","grill, grill","grillen, grillt,",,word,,hat gegrillt,Heute grillen wir im Garten.,16
a2_0518,A2,die Grippe (Sg.),the flu (sg.),die Grippe (Sg.),die,noun,,,Ich habe eine Grippe und kann leider nicht kommen.,16
a2_0519,A2,groß,large,groß,,word,,,Mein Bruder und ich sind gleich groß. || Frankfurt ist eine große Stadt. || Unsere Wohnung ist 80 m² groß.,16
a2_0520,A2,"die Größe, -n","the size, -n","die Größe, -n",die,noun,-n,,Haben Sie das T-Shirt auch in Größe M?,16
a2_0521,A2,"die Gruppe, -n","the group, -n","die Gruppe, -n",die,noun,-n,,Die erste Gruppe beginnt um 16 Uhr. || Für Gruppen gibt es eine Ermäßigung.,16
a2_0522,A2,"der Gruß, ¨-e","greetings, ¨-e","der Gruß, ¨-e",der,noun,¨-e,,Viele Grüße an Ihre Frau. || Liebe Grüße Mit freundlichen Grüßen,16
a2_0523,A2,"gültig sein,",be valid,"gültig sein,",,adjective,,ist gültig,Der Pass ist nicht mehr gültig.,16
a2_0524,A2,"war gültig,",was valid,"war gültig,",,word,,ist gültig gewesen,,16
a2_0525,A2,günstig,cheap,günstig,,adjective,,,In diesem Laden gibt es immer günstige Angebote. || Ich suche ein günstiges Sofa.,16
a2_0526,A2,"gut, besser,","good, better","gut, besser,",,word,,,Das finde ich gut.,16
a2_0527,A2,am besten,preferably,am besten,,verb,,,Ich komme um 17 Uhr. || – Gut! || Guten Morgen! || Ein gutes neues Jahr! || Guten Appetit! || Welches Bild gefällt dir besser? || Dieses Kleid finde ich am besten.,16
a2_0528,A2,"das Haar, -e","the hair, -e","das Haar, -e",das,noun,-e,,Sie hat lange Haare.,16
a2_0529,A2,"haben, hat,","have, has","haben, hat,",,word,,,Ich habe ein neues Auto.,16
a2_0530,A2,"hatte, hat gehabt","had, has had","hatte, hat gehabt",,word,,,Hast du kurz Zeit?,16
a2_0531,A2,"das Hähnchen, -","the chicken, -","das Hähnchen, -",das,noun,-,,"Ein Hähnchen mit Pommes, bitte!",16
a2_0532,A2,"die Halle, -n","the hall, -n","die Halle, -n",die,noun,-n,,Wir treffen uns in Halle B. || Wo ist die neue Sporthalle?,17
a2_0533,A2,hallo,Hello,hallo,,word,,,Hallo Inge! || Wie geht’s?,17
a2_0534,A2,"der Hals, ¨-e","the neck, ¨-e","der Hals, ¨-e",der,noun,¨-e,,Mir tut der Hals weh. || Ich habe seit gestern Halsschmerzen.,17
a2_0535,A2,"halten, hält,","hold, holds","halten, hält,",,word,,hat gehalten,Dieser Zug hält nicht in Rüdesheim. || Kannst du mal kurz meine Jacke halten?,17
a2_0536,A2,"die Haltestelle, -n","the stop, -n","die Haltestelle, -n",die,noun,-n,,An der nächsten Haltestelle müssen Sie aussteigen.,17
a2_0537,A2,"der Hamburger, -","the hamburger, -","der Hamburger, -",der,noun,-,,"Einen Hamburger ohne Salat, bitte.",17
a2_0538,A2,"die Hand, ¨-e","the hand, ¨-e","die Hand, ¨-e",die,noun,¨-e,,Wasch dir bitte die Hände vor dem Essen.,17
a2_0539,A2,"das Handtuch, ¨-er","the towel, ¨-er","das Handtuch, ¨-er",das,noun,¨-er,,Gibst du mir bitte ein frisches Handtuch?,17
a2_0540,A2,"das Handy, -s","the cell phone, -s","das Handy, -s",das,noun,-s,,In der Schule bitte die Handys ausmachen! || Kannst du mir bitte deine Handynummer geben?,17
a2_0541,A2,"hängen, hängt,","hang, hang","hängen, hängt,",,word,,hat gehangen/,Im Museum hängen moderne Bilder. || Warum hast du das Bild noch nicht an die Wand,17
a2_0542,A2,gehängt,gehängt,gehängt,,word,,,gehängt? || Das Bild von meiner Tochter hat im Wohnzimmer gehangen.,17
a2_0543,A2,hart,hard,hart,,word,,,Ich finde das Bett zu hart. || Die Brötchen sind ja ganz hart.,17
a2_0544,A2,hässlich,ugly,hässlich,,adjective,,,Ich finde das Kleid hässlich. || Es gefällt mir nicht.,17
a2_0545,A2,"die Hauptstadt, ¨-e","the capital, ¨-e","die Hauptstadt, ¨-e",die,noun,¨-e,,Berlin ist die Hauptstadt von Deutschland.,17
a2_0546,A2,"das Haus, ¨-er","the house, ¨-er","das Haus, ¨-er",das,noun,¨-er,,In welchem Haus wohnst du? || Ich gehe jetzt nach Hause. || Paul ist nicht zu Hause.,17
a2_0547,A2,"der Haushalt, -e","the household, -e","der Haushalt, -e",der,noun,-e,,Wer macht bei euch den Haushalt? || - Meine Frau und ich machen den Haushalt zusammen: Ich wasche die Wäsche und sie putzt und räumt auf.,17
a2_0548,A2,"das Heft, -e","the booklet, -e","das Heft, -e",das,noun,-e,,Hast du dein Heft dabei?,17
a2_0549,A2,die Heimat (Sg.),the homeland (sg.),die Heimat (Sg.),die,noun,,,"Ich komme aus der Schweiz. || Das ist meine Heimat. || Mein Heimatland ist Italien. || Dort bin ich geboren. || Jetzt lebe ich in Deutschland, das ist meine neue Heimat.",17
a2_0550,A2,"heiraten, heiratet,","get married, get married","heiraten, heiratet,",,word,,hat geheiratet,Meine Schwester heiratet nächsten Monat.,17
a2_0551,A2,heiß,hot,heiß,,word,,,"Vorsicht, der Tee ist heiß! || Mir ist heiß. || Kannst du das Fenster öffnen?",17
a2_0552,A2,"heißen, heißt,","called, is called","heißen, heißt,",,word,,hat geheißen,Ich heiße Charlotte Meier. || Wie heißt das auf Deutsch?,17
a2_0553,A2,"die Heizung, -en","the heating, -en","die Heizung, -en",die,noun,-en,,Es ist kalt. || Ist die Heizung kaputt?,17
a2_0554,A2,"helfen, hilft,","help, helps","helfen, hilft,",,word,,hat geholfen,Würden Sie mir bitte helfen?,17
a2_0555,A2,hell,bright,hell,,word,,,Im Sommer ist es bis 21 Uhr hell. || Mein Zimmer ist sehr hell. || Haben Sie das T-Shirt auch in hellblau?,17
a2_0556,A2,"das Hemd, -en","the shirt, -en","das Hemd, -en",das,noun,-en,,Nick trägt heute ein neues Hemd.,17
a2_0557,A2,her/her-/-her,here/her-/-her,her/her-/-her,,word,,,Komm bitte mal her! || Herein! || Die Tür ist offen. || Woher kommen Sie?,17
a2_0558,A2,heraus/raus,out/out,heraus/raus,,word,,,Möchtet ihr nicht rauskommen? || Das Wetter ist so schön. || Kannst du bitte den Müll rausbringen?,17
a2_0559,A2,herein/rein,in/in,herein/rein,,word,,,Herein! || Die Tür ist offen. || Möchtest du nicht reinkommen? || Ich kann uns einen Tee machen.,17
a2_0560,A2,"der Herd, -e","the stove, -e","der Herd, -e",der,noun,-e,,In der neuen Küche fehlt noch der Herd.,17
a2_0561,A2,"der Herr, -en","the gentleman, -en","der Herr, -en",der,noun,-en,,"Guten Tag, Herr Sommer!",17
a2_0562,A2,"herstellen,",produce,"herstellen,",,word,,,In unserer Firma stellen wir Möbel her.,17
a2_0563,A2,"stellt her,",produces,"stellt her,",,word,,hat hergestellt,,17
a2_0564,A2,"herunterladen,",download,"herunterladen,",,word,,,Er lädt die Musik aus dem Internet herunter.,17
a2_0565,A2,"lädt herunter,",downloads,"lädt herunter,",,word,,hat heruntergeladen,,17
a2_0566,A2,herzlich,herzlich,herzlich,,adjective,,,Herzlichen Glückwunsch!,17
a2_0567,A2,heute,today,heute,,adverb,,,Heute ist ein schöner Tag. || Heute muss ich nur bis 16 Uhr arbeiten.,17
a2_0568,A2,hier,here,hier,,adverb,,,"Elektro Bauer, guten Tag. || Hier ist Pamela Linke. || Was kann ich für Sie tun? || Hier wohne ich. || Unterschreiben Sie bitte hier!",17
a2_0569,A2,die Hilfe (Sg.),the help (sg.),die Hilfe (Sg.),die,noun,,,Hilfe! || Bitte helfen Sie mir! || Er bekommt Hilfe von Freunden.,17
a2_0570,A2,der Himmel (Sg.),the sky (sg.),der Himmel (Sg.),der,noun,,,Heute ist so tolles Wetter: Der Himmel ist blau und es gibt keine Wolken.,17
a2_0571,A2,hin/hin-/-hin,to/toward/towards,hin/hin-/-hin,,word,,,Wo gehst du hin?/Wohin gehst du? || Wohin ist Paul gegangen? || –Ich glaube dorthin. || Er geht in den Garten hinaus. || Wir gehen ins Haus hinein.,17
a2_0572,A2,hinten,rear,hinten,,verb,,,Die Tür zum Aussteigen ist hinten. || Bitte hinten aussteigen!,17
a2_0573,A2,hinter,behind,hinter,,preposition,,,Hinter dem Haus haben wir einen Garten.,17
a2_0574,A2,"das Hobby, -s","the hobby, -s","das Hobby, -s",das,noun,-s,,Meine Hobbys sind Joggen und Schwimmen.,17
a2_0575,A2,hoch,high,hoch,,word,,,Der Mount Everest ist circa 8.880 Meter hoch. || Die Preise in diesem Laden sind sehr hoch.,17
a2_0576,A2,"die Hochzeit, -en","the wedding, -en","die Hochzeit, -en",die,noun,-en,,Zu seiner Hochzeit kommen mehr als einhundert Gäste.,17
a2_0577,A2,"hoffen, hofft,","hope, hopes","hoffen, hofft,",,word,,hat gehofft,"Ich hoffe, dass es dir gut geht.",17
a2_0578,A2,hoffentlich,hopefully,hoffentlich,,adjective,,,Hoffentlich hat unser Zug keine Verspätung.,17
a2_0579,A2,"holen, holt,","fetch, fetch","holen, holt,",,word,,hat geholt,Soll ich uns etwas zu trinken holen?,17
a2_0580,A2,"die Homepage, -s","the homepage, -s","die Homepage, -s",die,noun,-s,,Auf der Homepage von Freiburg gibt es alle wichtigen Informationen über die Stadt. || Kennst du eine Homepage mit Deutschübungen?,17
a2_0581,A2,"hören, hört,","hear, hear","hören, hört,",,word,,hat gehört,Hör mal! || Was ist das? || Ich habe das Lied schon mal gehört.,17
a2_0582,A2,"die Hose, -n","the pants, -n","die Hose, -n",die,noun,-n,,Kann ich die Hose waschen?,17
a2_0583,A2,"das Hotel, -s","the hotel, -s","das Hotel, -s",das,noun,-s,,Im Urlaub sind wir in einem Hotel am Meer.,17
a2_0584,A2,"der Hund, -e","the dog, -e","der Hund, -e",der,noun,-e,,Magst du Hunde? || Meine Tochter hat Angst vor Hunden.,17
a2_0585,A2,der Hunger (Sg.),hunger (sg.),der Hunger (Sg.),der,noun,,,Ich habe Hunger! || Wann können wir endlich essen?,17
a2_0586,A2,"husten, hustet,","cough, cough","husten, hustet,",,word,,hat gehustet,Sie hustet seit zwei Tagen. || Sie ist krank.,17
a2_0587,A2,"die Idee, -n","the idea, -n","die Idee, -n",die,noun,-n,,Was machen wir heute Abend? || Hast du eine gute Idee?,18
a2_0588,A2,immer,always,immer,,adverb,,,Frau Bast kommt immer zu spät.,18
a2_0589,A2,in,in,in,,preposition,,,"Ich wohne in Wiesbaden. || Der Zug kommt in fünf Minuten. || Frau Rausch arbeitet im Reisebüro. || Komm, wir gehen ins Kino.",18
a2_0590,A2,"die Information,-en",the information,"die Information,-en",die,noun,-en,,"Wir haben hier einige wichtige Informationen für Sie. || Wenn Sie Fragen haben, gehen Sie zur Information.",18
a2_0591,A2,informieren,inform,informieren,,verb,,,Ich möchte mich vor der Reise über das Land,18
a2_0592,A2,(sich) (über),(oneself) (about),"(sich) (über),",,verb,,,informieren.,18
a2_0593,A2,"informiert,",informed,"informiert,",,word,,hat informiert,Hast du dich über die Prüfung informiert?,18
a2_0594,A2,"die Insel, -n","the island, -n","die Insel, -n",die,noun,-n,,Ich möchte im Sommer auf einer Insel Urlaub machen. || Rügen ist die größte deutsche Insel.,18
a2_0595,A2,"das Instrument, -e","the instrument, -e","das Instrument, -e",das,noun,-e,,Ich spiele Klavier. || Spielen Sie auch ein Instrument?,18
a2_0596,A2,intelligent,intelligent,intelligent,,word,,,Einstein war sehr intelligent.,18
a2_0597,A2,"das Interesse, -n","the interest, -n","das Interesse, -n",das,noun,-n,,"Ich habe viele Interessen: Sport, Lesen, Kultur, Reisen.",18
a2_0598,A2,"interessieren (sich),",to be interested (to be),"interessieren (sich),",,word,,,Ich interessiere mich für Fußball.,18
a2_0599,A2,"interessiert,",interested,"interessiert,",,word,,hat interessiert,Den Artikel über Brasilien finde ich sehr || interessant.,18
a2_0600,A2,interessant,interesting,interessant,,word,,,Ich lese gerade ein interessantes Buch.,18
a2_0601,A2,international,international,international,,word,,,"Unser Deutschkurs ist international: Silvana kommt aus Italien, Conchi aus Spanien, Yin aus China …",18
a2_0602,A2,das Internet (Sg.),the Internet (sg.),das Internet (Sg.),das,noun,,,Das findest du im Internet. || Du kannst im Internet Musik hören oder Spiele spielen.,18
a2_0603,A2,"das Interview, -s","the interview, -p","das Interview, -s",das,noun,-s,,Komm schnell! || Im Radio kommt ein Interview mit deinem Lieblingssänger.,18
a2_0604,A2,ja,Yes,ja,,word,,,Sind Sie Herr Watanabe? || – Ja. || Du bist hier in Berlin? || Das ist ja toll!,18
a2_0605,A2,"die Jacke, -n","the jacket, -n","die Jacke, -n",die,noun,-n,,Zieh dir eine Jacke an. || Es ist kalt.,18
a2_0606,A2,die Jeans (Pl.),the jeans (pl.),die Jeans (Pl.),die,noun,,,Ich mag Jeans lieber als Röcke.,18
a2_0607,A2,"jeder, e, s","everyone, e, s","jeder, e, s",,word,,,Das Restaurant hat jeden Tag geöffnet. || Jedes Kind bekommt einen Ball.,18
a2_0608,A2,jemand,someone,jemand,,word,,,"Hat jemand meinen Stift? || Hallo, ist jemand da?",18
a2_0609,A2,jetzt,now,jetzt,,adverb,,,Jetzt machen wir eine Pause.,18
a2_0610,A2,"der Job, -s","the job, -s","der Job, -s",der,noun,-s,,Jenny hat einen neuen Job bei der Post. || Ich suche noch einen Ferienjob.,18
a2_0611,A2,"joggen, joggt,","jogging, jogging","joggen, joggt,",,word,,,Ich jogge gern im Park.,18
a2_0612,A2,ist/hat gejoggt,is/was jogging,ist/hat gejoggt,,word,,,,18
a2_0613,A2,die Jugend-,the youth-,die Jugend-,die,noun,,,Wir übernachten in einer Jugendherberge.,18
a2_0614,A2,"herberge, -n","hostel, -n","herberge, -n",,word,,,,18
a2_0615,A2,der/die,the/the,der/die,,word,,,Viele Jugendliche hören den ganzen Tag Musik.,18
a2_0616,A2,"Jugendliche, -n","young people, -n","Jugendliche, -n",,noun,,,Der Eintritt für Kinder und Jugendliche bis 16 Jahre ist frei.,18
a2_0617,A2,jung,young,jung,,word,,,Claudia ist 21. || – Was? || Noch so jung? || Bei uns im Haus wohnen viele junge Leute. || Mein Bruder ist fünf Jahre jünger als ich.,18
a2_0618,A2,"der Junge, -n","the boy, -n","der Junge, -n",der,noun,-n,,In der Klasse von meiner Tochter sind 13 Jungen und 15 Mädchen.,18
a2_0619,A2,"der Kaffee, -s","the coffee, -s","der Kaffee, -s",der,noun,-s,,"Zum Frühstück trinke ich immer Kaffee. || Einen Kaffee, bitte.",18
a2_0620,A2,"der Kalender, -","the calendar, -","der Kalender, -",der,noun,-,,"Haben Sie am Montag Zeit? || - Einen Moment, ich schaue in meinem Kalender. || Ich schreibe alle Termine in meinen Kalender.",18
a2_0621,A2,kalt,cold,kalt,,word,,,Heute ist es sehr kalt. || Der Kaffee ist kalt. || Ich möchte ihn nicht mehr trinken. || Mir ist kalt.,18
a2_0622,A2,"die Kamera, -s","the camera, -s","die Kamera, -s",die,noun,-s,,Hannes hat eine neue Kamera. || Er kann mit der Kamera Fotos und Filme machen.,18
a2_0623,A2,kaputt,broken,kaputt,,word,,,Unsere Waschmaschine ist kaputt.,18
a2_0624,A2,"die Karte, -n","the card, -n","die Karte, -n",die,noun,-n,,"Ich schreibe meinen Bekannten eine Karte aus dem Urlaub. || Wollen wir Karten spielen? || Du musst noch die Karten für das Konzert abholen, vergiss das bitte nicht! || Die Karte, bitte! || Ich möchte etwas bestellen. || Kann ich auch mit Karte (be-)zahlen?",18
a2_0625,A2,"die Kartoffel, -n","the potato, -n","die Kartoffel, -n",die,noun,-n,,Für Pommes frites braucht man Kartoffeln.,18
a2_0626,A2,der Käse (Sg.),the cheese (sg.),der Käse (Sg.),der,noun,,,Isst du lieber Käse oder Wurst?,18
a2_0627,A2,"die Kasse, -n","the cash register, -n","die Kasse, -n",die,noun,-n,,Zahlen Sie bitte an der Kasse.,18
a2_0628,A2,"die Katze, -n","the cat, -n","die Katze, -n",die,noun,-n,,Meine Tochter wünscht sich eine Katze.,18
a2_0629,A2,"kaufen, kauft,","buy, buy","kaufen, kauft,",,word,,hat gekauft,Tim kauft sich ein neues Auto.,18
a2_0630,A2,"das Kaufhaus, -¨er","the department store, -¨er","das Kaufhaus, -¨er",das,noun,-¨er,,Meine Pullover kaufe ich immer im Kaufhaus Hertie.,18
a2_0631,A2,"kein, e",no,"kein, e",,word,,,Hast du keinen Hunger? || Ich habe heute leider keine Zeit. || Ich spreche leider kein Chinesisch. || Ich habe keine Kinder.,18
a2_0632,A2,"der Keller, -","the cellar, -","der Keller, -",der,noun,-,,Bitte bring die Kartoffeln in den Keller! || Die Waschmaschinen sind im Keller.,18
a2_0633,A2,"kennen, kennt,","know, know","kennen, kennt,",,word,,hat gekannt,"Kennen Sie diese Frau? || – Nein, leider nicht. || Kennen Sie Berlin? || –Ja, eine tolle Stadt.",18
a2_0634,A2,"kennenlernen,",get to know,"kennenlernen,",,word,,,Wo habt ihr euch kennengelernt? || –Wir haben uns,18
a2_0635,A2,"lernt kennen,",gets to know,"lernt kennen,",,word,,hat kennengelernt,in München kennengelernt.,18
a2_0636,A2,die Kenntnisse (Pl.),the knowledge (pl.),die Kenntnisse (Pl.),die,noun,,,Deine Deutschkenntnisse sind sehr gut! || Ich möchte meine Computerkenntnisse verbessern.,18
a2_0637,A2,"die Kette, -n","the chain, -n","die Kette, -n",die,noun,-n,,Meine Mutter bekommt eine schöne Kette zum Geburtstag.,18
a2_0638,A2,"das Kind, -er","the child, -he","das Kind, -er",das,noun,-er,,Wie viele Kinder haben Sie?,18
a2_0639,A2,"der Kindergarten,¨-Die","the kindergarten,¨-The","der Kindergarten,¨-Die",der,noun,¨-Die,,kleine Laura geht schon in den Kindergarten.,18
a2_0640,A2,"das Kino, -s","the cinema, -s","das Kino, -s",das,noun,-s,,Gehen wir heute Abend zusammen ins Kino?,18
a2_0641,A2,"der Kiosk , -e","the kiosk, -e","der Kiosk , -e",der,noun,-e,,Zeitungen kannst du am Kiosk kaufen.,19
a2_0642,A2,"die Kirche, -n","the church, -n","die Kirche, -n",die,noun,-n,,Diese Kirche ist fast 800 Jahre alt.,19
a2_0643,A2,"klappen, klappt,","work, work","klappen, klappt,",,word,,hat geklappt,"Können wir uns heute Mittag treffen? || –Ja, das || klappt. || Wie war die Reise? || - Gut, es hat alles super geklappt.",19
a2_0644,A2,klar,clear,klar,,word,,,"Kommst du mit? || – Klar! || Ich komme morgen zu deiner Party, das ist doch klar.",19
a2_0645,A2,"das Klavier, -e","the piano, -e","das Klavier, -e",das,noun,-e,,Jakob kann sehr gut Klavier spielen.,19
a2_0646,A2,"das Kleid, -er","the dress, -er","das Kleid, -er",das,noun,-er,,Julia möchte ein rotes Kleid kaufen.,19
a2_0647,A2,die Kleidung (Sg.),the clothes (sg.),die Kleidung (Sg.),die,noun,,,"Wo finde ich Kleidung? || – Hosen im ersten, Kleider und Röcke im zweiten Stock.",19
a2_0648,A2,klein,small,klein,,word,,,Unsere Wohnung ist sehr klein. || Unsere Tochter ist noch klein. || Sie ist erst zwei Jahre alt. || Wir machen am Wochenende einen kleinen Ausflug.,19
a2_0649,A2,klug,smart,klug,,word,,,Molly ist ein kluges Mädchen. || Lisa ist sehr klug. || Sie bekommt immer gute Noten. || Das ist klug von dir.,19
a2_0650,A2,"kochen, kocht,","cook, cook","kochen, kocht,",,word,,hat gekocht,Herr Georgi kann gut kochen. || Das Wasser kocht.,19
a2_0651,A2,"der Koffer, -","the suitcase, -","der Koffer, -",der,noun,-,,Hast du den Koffer schon gepackt?,19
a2_0652,A2,"der Kollege, -n /","the colleague, -n /","der Kollege, -n /",der,noun,-n /,,Wie heißt die neue Kollegin?,19
a2_0653,A2,"die Kollegin, -nen","the colleague, -nen","die Kollegin, -nen",die,noun,-nen,,,19
a2_0654,A2,komisch,funny,komisch,,adjective,,,Der Film war sehr komisch. || Wir haben viel gelacht. || Eine grüne Hose und gelbe Schuhe? || Das sieht komisch aus. || Das Essen schmeckt komisch. || Probier mal!,19
a2_0655,A2,"kommen, kommt,","come, come","kommen, kommt,",,word,,ist gekommen,Woher kommen Sie? || – Aus Frankreich. || Er wird bald kommen.,19
a2_0656,A2,"können, kann,","can, can","können, kann,",,word,,,Ich kann Deutsch und Russisch. || Aber Englisch kann,19
a2_0657,A2,"konnte,",could,"konnte,",,word,,hat gekonnt,"ich nicht. || Können Sie mir helfen? || Du kannst durch den Park laufen, das ist am schnellsten. || Kann ich jetzt nach Hause gehen? || Sie können mit dem Bus an den Bahnhof fahren.",19
a2_0658,A2,"der Kontakt, -e","the contact, -e","der Kontakt, -e",der,noun,-e,,Ich habe wenig Kontakt zu meinen Kollegen. || Bitte schicken Sie mir Ihre Kontaktdaten!,19
a2_0659,A2,"das Konto, -en","the account, -en","das Konto, -en",das,noun,-en,,Das Geld überweisen wir am ersten März auf Ihr Konto.,19
a2_0660,A2,"kontrollieren,",control,"kontrollieren,",,word,,,Können Sie bei meinem Auto bitte das Öl,19
a2_0661,A2,"kontrolliert,",controlled,"kontrolliert,",,word,,hat kontrolliert,"kontrollieren? || Bitte öffnen Sie Ihren Koffer, wir müssen Ihr Gepäck kontrollieren.",19
a2_0662,A2,"das Konzert, -e","the concert, -e","das Konzert, -e",das,noun,-e,,Für das Konzert am Sonntag gibt es noch Karten.,19
a2_0663,A2,"der Kopf, ¨-e","the head, ¨-e","der Kopf, ¨-e",der,noun,¨-e,,Mein Kopf tut weh!,19
a2_0664,A2,"der Körper, -","the body, -","der Körper, -",der,noun,-,,"Der Arzt sagt, ich muss etwas für meinen Körper tun, z. || B. schwimmen oder Fahrrad fahren.",19
a2_0665,A2,die Kosmetik (Sg.),cosmetics (sg.),die Kosmetik (Sg.),die,noun,,,Kosmetik können Sie im Erdgeschoss kaufen.,19
a2_0666,A2,"kosten, kostet,","cost, costs","kosten, kostet,",,word,,hat gekostet,Wie viel kostet das Buch? || – 20 Euro.,19
a2_0667,A2,kostenlos,for free,kostenlos,,word,,,Diese Zeitschrift kostet nichts. || Sie ist kostenlos.,19
a2_0668,A2,krank,sick,krank,,word,,,"Ich kann heute nicht zur Arbeit kommen, ich bin krank und liege im Bett.",19
a2_0669,A2,das Kranken-,the sick,das Kranken-,das,noun,,,Meine Tante ist im Krankenhaus.,19
a2_0670,A2,"haus, ¨-er","house, ¨-er","haus, ¨-er",,word,,,Er hat sich verletzt und muss ins Krankenhaus.,19
a2_0671,A2,die Kranken-,the sick,die Kranken-,die,noun,,,Bei welcher Krankenkasse sind Sie?,19
a2_0672,A2,"kasse, -n","cash register, -n","kasse, -n",,word,,,,19
a2_0673,A2,"die Krankheit, -en","the disease, -en","die Krankheit, -en",die,noun,-en,,Welche Krankheit hat Herr Brandner?,19
a2_0674,A2,"der Kredit, -e","the credit, -e","der Kredit, -e",der,noun,-e,,Ich brauche einen Kredit von der Bank. || Bezahlen Sie mit Kreditkarte?,19
a2_0675,A2,"die Kreuzung, -en","the intersection, -en","die Kreuzung, -en",die,noun,-en,,Fahren Sie an der nächsten Kreuzung rechts.,19
a2_0676,A2,"kriegen, kriegt,","get, get","kriegen, kriegt,",,word,,hat gekriegt,"Ich kriege 15 Euro pro Stunde für meinen Job. || Auch wenn du schnell läufst: Ich kriege dich. || Was kriegen Sie? || – Ein Käsebrötchen, bitte.",19
a2_0677,A2,"der Krimi, -s","the crime thriller, -s","der Krimi, -s",der,noun,-s,,"Miriam liest gern spannende Krimis. || Schauen wir am Sonntag zusammen den Tatort? || –Nein, ich mag keine Krimis.",19
a2_0678,A2,"die Küche, -n","the kitchen, -n","die Küche, -n",die,noun,-n,,"Ich suche eine neue Wohnung mit drei Zimmern, Küche und Bad.",19
a2_0679,A2,"der Kuchen, -","the cake, -","der Kuchen, -",der,noun,-,,Er isst sonntags ein Stück Kuchen. || Schokoladenkuchen schmeckt mir am besten.,19
a2_0680,A2,kühl,cool,kühl,,word,,,Es ist kühl draußen. || Zieh dir eine Jacke an.,19
a2_0681,A2,der Kühl-,the cooling,der Kühl-,der,noun,,,"Haben wir noch Milch? || – Ja, im Kühlschrank.",19
a2_0682,A2,"schrank, ¨-e","cupboard, ¨-e","schrank, ¨-e",,word,,,,19
a2_0683,A2,"die Kultur, -en","the culture, -en","die Kultur, -en",die,noun,-en,,Ich finde fremde Länder und Kulturen sehr interessant. || Jana interessiert sich sehr für Kultur. || Sie geht jede Woche ins Theater oder ins Museum.,19
a2_0684,A2,"kümmern (sich),",take care of (take care of),"kümmern (sich),",,word,,,Sonja kann nicht arbeiten. || Sie muss sich um ihre,19
a2_0685,A2,"kümmert,",cares,"kümmert,",,word,,hat gekümmert,Tochter kümmern. || Ich habe jetzt keine Zeit. || Ich muss mich um das Essen kümmern.,19
a2_0686,A2,"der Kunde, -n /","the customer, -n /","der Kunde, -n /",der,noun,-n /,,"Einen Moment, bitte. || Ich habe eine Kundin.",19
a2_0687,A2,"die Kundin, -nen","the customer, -nen","die Kundin, -nen",die,noun,-nen,,,19
a2_0688,A2,"kündigen, kündigt,","quit, quit","kündigen, kündigt,",,word,,hat gekündigt,Meine Arbeit gefällt mir nicht mehr. || Ich habe heute || gekündigt.,19
a2_0689,A2,"die Kunst, ¨-e","the art, ¨-e","die Kunst, ¨-e",die,noun,¨-e,,Ich verstehe nichts von moderner Kunst. || Kunst war mein Lieblingsfach in der Schule.,19
a2_0690,A2,"der Kurs, -e","the course, -e","der Kurs, -e",der,noun,-e,,Der Deutschkurs dauert zwei Monate.,19
a2_0691,A2,kurz,short,kurz,,word,,,Ricardo hat kurze Haare. || Kann ich Sie kurz sprechen?,19
a2_0692,A2,"lachen, lacht,","laugh, laughs","lachen, lacht,",,word,,hat gelacht,Die Kinder lachen über den Witz. || Lachen ist gesund.,19
a2_0693,A2,"der Laden, ¨-",the store-,"der Laden, ¨-",der,noun,¨-,,Ich kaufe meine Kleider immer in einem kleinen Laden im Zentrum.,19
a2_0694,A2,"die Lampe, -n","the lamp, -n","die Lampe, -n",die,noun,-n,,Mach bitte die Lampe an. || Es ist so dunkel.,19
a2_0695,A2,"das Land, ¨-er","the country, ¨-er","das Land, ¨-er",das,noun,¨-er,,Deutschland ist ein schönes Land. || Möchten Sie lieber auf dem Land oder in der Stadt wohnen?,19
a2_0696,A2,"die Landschaft, -en","the landscape, -en","die Landschaft, -en",die,noun,-en,,Die Landschaft ist sehr schön.,19
a2_0697,A2,lang,long,lang,,word,,,Die Hose ist zu lang. || Können Sie sie ändern?,20
a2_0698,A2,lange,long,lange,,word,,,Wie lange fährt der Zug von Hamburg nach Berlin?,20
a2_0699,A2,langsam,slow,langsam,,adjective,,,Könnten Sie bitte etwas langsamer sprechen?,20
a2_0700,A2,langweilig,boring,langweilig,,adjective,,,Mir ist langweilig. || Sie findet Fußball sehr langweilig.,20
a2_0701,A2,"der/das Laptop, -s","the laptop, -s","der/das Laptop, -s",,word,,,Ich brauche einen neuen Laptop.,20
a2_0702,A2,"lassen, lässt,","let, let","lassen, lässt,",,word,,hat gelassen,Lass mich in Ruhe! || Kann ich mein Auto hier stehen lassen? || Ich kann meine kleine Tochter noch nicht allein lassen.,20
a2_0703,A2,"laufen, läuft,","run, run","laufen, läuft,",,word,,ist gelaufen,"Ich gehe jeden Morgen laufen. || Unsere Tochter ist erst ein Jahr alt, aber sie kann schon laufen. || Wann läuft der Film?",20
a2_0704,A2,laut,loud,laut,,word,,,Nicht so laut! || Das Baby schläft.,20
a2_0705,A2,"leben, lebt,","live, lives","leben, lebt,",,word,,hat gelebt,Sie lebt bei ihrer Schwester. || Ihre Großeltern leben nicht mehr.,20
a2_0706,A2,"das Leben, -","the life, -","das Leben, -",das,noun,-,,Hier in London ist das Leben teuer.,20
a2_0707,A2,die Lebens-,the life,die Lebens-,die,noun,,,Lebensmittel bekommen Sie im Supermarkt.,20
a2_0708,A2,mittel (Pl.),medium (pl.),mittel (Pl.),,word,,,,20
a2_0709,A2,leer,empty,leer,,word,,,Die Kanne ist fast leer. || Ich mache neuen Tee.,20
a2_0710,A2,"legen, legt,","lay, lay","legen, legt,",,word,,hat gelegt,Legen Sie das Buch auf den Tisch.,20
a2_0711,A2,leicht,light,leicht,,word,,,"Das Paket ist leicht, es wiegt nur ein Kilo. || Die Aufgabe ist nicht leicht.",20
a2_0712,A2,leider,unfortunately,leider,,adverb,,,Leider kann ich nicht kommen. || Ich muss zum Arzt.,20
a2_0713,A2,"leidtun/leid tun,",feel sorry/sorry,"leidtun/leid tun,",,word,,,"Es tut mir leid, dass ich nicht kommen kann.",20
a2_0714,A2,"tut leid,",sorry,"tut leid,",,word,,hat leidgetan,,20
a2_0715,A2,"leihen, leiht,","borrow, borrows","leihen, leiht,",,word,,hat geliehen,Kannst du mir fünf Euro leihen?,20
a2_0716,A2,leise,quiet,leise,,word,,,Seid leise. || Die anderen schlafen schon.,20
a2_0717,A2,"lernen, lernt,","learn, learn","lernen, lernt,",,word,,hat gelernt,Wie lange lernen Sie schon Deutsch?,20
a2_0718,A2,"lesen, liest,","read, reads","lesen, liest,",,word,,hat gelesen,In der Schule lesen wir ein Buch von Goethe.,20
a2_0719,A2,letzt-,last-,letzt-,,word,,,Morgen ist der letzte Kurstag. || Was hast du letzte Woche gemacht?,20
a2_0720,A2,die Leute (Pl.),the people (pl.),die Leute (Pl.),die,noun,,,Auf der Party sind viele Leute.,20
a2_0721,A2,"das Licht, -er","the light, -er","das Licht, -er",das,noun,-er,,Es ist so dunkel. || Mach bitte das Licht an!,20
a2_0722,A2,lieb-,dear-,lieb-,,word,,,"Liebe Susanne, lieber Hans, Ich fahre lieber mit dem Zug als mit dem Bus. || Möchtest du Pommes oder lieber eine Pizza?",20
a2_0723,A2,"lieben, liebt,","love, loves","lieben, liebt,",,word,,hat geliebt,Ich liebe dich!,20
a2_0724,A2,Lieblings-,Favorite-,Lieblings-,,noun,,,Meine Lieblingsfarbe ist Blau.,20
a2_0725,A2,"das Lied, -er","the song, -er","das Lied, -er",das,noun,-er,,Zum Geburtstag singen wir dir ein Lied.,20
a2_0726,A2,"liefern, liefert,","deliver, delivers","liefern, liefert,",,word,,hat geliefert,Wir liefern Ihnen den Schrank nach Hause.,20
a2_0727,A2,"liegen, liegt,","lie, lies","liegen, liegt,",,word,,hat/ist gelegen,Die Zeitung liegt auf dem Tisch. || Judith liegt noch im Bett. || Frankfurt liegt am Main.,20
a2_0728,A2,"der Link, -s","the link, -s","der Link, -s",der,noun,-s,,Ich schicke dir einen Link zu Deutschübungen.,20
a2_0729,A2,links,left,links,,word,,,Gehen Sie die nächste Straße links.,20
a2_0730,A2,"der Löffel, -","the spoon, -","der Löffel, -",der,noun,-,,Bitte bringen Sie mir einen Löffel.,20
a2_0731,A2,"das Lokal, -e","the restaurant, -e","das Lokal, -e",das,noun,-e,,Gibt es hier in der Nähe ein gutes Lokal?,20
a2_0732,A2,"die Lüge, -n","the lie, -n","die Lüge, -n",die,noun,-n,,Das stimmt nicht! || Das ist eine Lüge!,20
a2_0733,A2,"lügen, lügt,","lie, lies","lügen, lügt,",,word,,hat gelogen,"Du sollst nicht lügen. || Glaub ihm nicht, er lügt.",20
a2_0734,A2,die Lust (Sg.),the desire (sg.),die Lust (Sg.),die,noun,,,"Gehen wir heute Abend ins Kino? || - Nein, ich habe keine Lust. || Ich habe Lust auf Schokolade.",20
a2_0735,A2,lustig,funny,lustig,,adjective,,,Warum lacht ihr? || Was ist so lustig? || Ich mag lustige Filme.,20
a2_0736,A2,"machen, macht,","make, makes","machen, macht,",,word,,hat gemacht,Was machst du heute Abend? || Ich muss jetzt das Essen machen. || Das macht 5 Euro 95. || Entschuldigung! || - Das macht doch nichts.,20
a2_0737,A2,"das Mädchen, -","the girl, -","das Mädchen, -",das,noun,-,,Familie Kurz bekommt ein Baby. || – Junge oder Mädchen?,20
a2_0738,A2,"der Magen, ¨-","the stomach, ¨-","der Magen, ¨-",der,noun,¨-,,Mein Magen tut weh.,20
a2_0739,A2,"die Mailbox, -en","the mailbox, -en","die Mailbox, -en",die,noun,-en,,Hier ist die Mailbox von Susanne König. || Ich habe dir auf die Mailbox gesprochen.,20
a2_0740,A2,mal / das Mal,times / that time,mal / das Mal,,word,,,"Sag mal, wie gefällt dir mein neues Kleid? || Das erste Mal war ich vor fünf Jahren in England. || Tschüss, bis zum nächsten Mal!",20
a2_0741,A2,"malen, malt,","paint, paints","malen, malt,",,word,,hat gemalt,Mein Sohn kann gut malen.,20
a2_0742,A2,man,man,man,,word,,,Wie schreibt man das? || Hier darf man nicht rauchen.,20
a2_0743,A2,manch-,some-,manch-,,word,,,Manche Nachbarn sind unfreundlich.,20
a2_0744,A2,manchmal,sometimes,manchmal,,word,,,Manchmal essen wir im Restaurant. || Rauchen Sie? || - Manchmal.,20
a2_0745,A2,"der Mann, ¨-er","the man, ¨-er","der Mann, ¨-er",der,noun,¨-er,,Mein Mann ist Polizist.,20
a2_0746,A2,männlich,masculine,männlich,,adjective,,,Bitte wählen Sie: „weiblich“ oder „männlich“.,20
a2_0747,A2,"die Mannschaft,-enMeine","the team,-enMy","die Mannschaft,-enMeine",die,noun,-enMeine,,Lieblingsmannschaft hat 1:0 verloren.,20
a2_0748,A2,"der Mantel, ¨-","the coat, ¨-","der Mantel, ¨-",der,noun,¨-,,Es ist kalt. || Zieh deinen Mantel an!,20
a2_0749,A2,"der Markt, ¨-e","the market, ¨-e","der Markt, ¨-e",der,noun,¨-e,,Ich gehe heute auf den Markt. || Samstags ist hier Markt.,20
a2_0750,A2,"die Maschine, -n","the machine, -n","die Maschine, -n",die,noun,-n,,Die Waschmaschine funktioniert sehr gut.,20
a2_0751,A2,"das Medikament,-e","the medication,-e","das Medikament,-e",das,noun,-e,,Nehmen Sie dieses Medikament dreimal pro Tag!,20
a2_0752,A2,"das Meer, -e","the sea, -e","das Meer, -e",das,noun,-e,,Wir machen Urlaub am Meer.,20
a2_0753,A2,mehr,more,mehr,,word,,,Dieses Auto kostet 1.000 Euro mehr als das andere. || Mehr kann ich nicht essen! || Ich möchte mehr Taschengeld.,20
a2_0754,A2,"meinen, meint,","mean, means","meinen, meint,",,word,,hat gemeint,Wie meinst du das? || Erklär mir das bitte genauer! || Der Film ist gut. || Was meinst du?,20
a2_0755,A2,"die Meinung, -en","the opinion, -en","die Meinung, -en",die,noun,-en,,Meine Meinung zu dem Thema ist: … Was ist deine Meinung dazu? || Ich habe meine Meinung geändert.,20
a2_0756,A2,meist-,mostly-,meist-,,word,,,Ich bin neu hier im Haus. || Die meisten Nachbarn kenne ich noch nicht.,20
a2_0757,A2,meistens,mostly,meistens,,word,,,Meistens trinke ich zum Frühstück nur einen Kaffee.,21
a2_0758,A2,"die Menge, -n","the quantity, -n","die Menge, -n",die,noun,-n,,Wir haben noch eine Menge Zeit. || Ich kenne eine Menge Leute in dieser Stadt.,21
a2_0759,A2,"der Mensch, -en","the human being, -en","der Mensch, -en",der,noun,-en,,Die Menschen sind hier ein bisschen anders als im Süden.,21
a2_0760,A2,"merken, merkt,","notice, notice","merken, merkt,",,word,,hat gemerkt,"Ich kann mir keine Zahlen merken. || Ich vergesse sie || sofort. || Merkst du, dass es wärmer wird?",21
a2_0761,A2,"die Messe, -n","the fair, -n","die Messe, -n",die,noun,-n,,Kommst du mit zur Buchmesse nach Frankfurt?,21
a2_0762,A2,"das Messer, -","the knife, -","das Messer, -",das,noun,-,,Das Messer schneidet nicht gut. || Ich habe nur ein Messer. || Kannst du mir bitte noch eine Gabel bringen?,21
a2_0763,A2,"die Miete, -n","the rent, -n","die Miete, -n",die,noun,-n,,Wie viel Miete bezahlst du für deine Wohnung?,21
a2_0764,A2,"mieten, mietet,","rent, rents","mieten, mietet,",,word,,hat gemietet,Ich möchte ein Auto mieten.,21
a2_0765,A2,die Milch (Sg.),the milk (sg.),die Milch (Sg.),die,noun,,,Die Milch steht im Kühlschrank.,21
a2_0766,A2,mindestens,at least,mindestens,,word,,,Bitte kommen Sie mindestens zwei Stunden vor Ihrem Flug zum Flughafen. || Schreiben Sie mindestens sieben Sätze! || Ich warte schon mindestens 20 Minuten. || Wann kommst du denn endlich?,21
a2_0767,A2,das Mineral-,the mineral,das Mineral-,das,noun,,,"Ein Glas Mineralwasser, bitte.",21
a2_0768,A2,wasser (Sg.),water (sg.),wasser (Sg.),,word,,,,21
a2_0769,A2,mit (+ mitbringen/,with (+ bring/,mit (+ mitbringen/,,preposition,,,Trinken Sie den Kaffee mit oder ohne Zucker?,21
a2_0770,A2,-kommen/-machen/Fahren,-come/do/go,-kommen/-machen/Fahren,,verb,,,wir mit dem Auto oder mit dem Zug nach,21
a2_0771,A2,-nehmen/-spielen),-take/play),-nehmen/-spielen),,word,,,Hamburg? || Ich komme mit meinem Freund. || Ich gehe einkaufen. || Soll ich dir was mitbringen? || Ich gehe ins Kino. || Kommst du mit? || Wir organisieren ein Fest. || Möchtest du auch mitmachen? || Wir fahren am Wochenende in die Berge. || Ich muss mein Zelt mitnehmen. || Warum spielt ihr nicht mit?,21
a2_0772,A2,"der Mitarbeiter, -","the employee, -","der Mitarbeiter, -",der,noun,-,,Unsere Firma hat sieben Mitarbeiter.,21
a2_0773,A2,"das Mittagessen, -","the lunch, -","das Mittagessen, -",das,noun,-,,Um zwölf Uhr gibt es Mittagessen.,21
a2_0774,A2,"die Mitte, -n","the middle, -n","die Mitte, -n",die,noun,-n,,"Den Schrank stellen wir an die Wand, den Tisch in die Mitte. || Ich habe bis Mitte August frei.",21
a2_0775,A2,"das Mittel, -","the means, -","das Mittel, -",das,noun,-,,Haben Sie ein Mittel gegen Magenschmerzen? || Das neue Waschmittel ist sehr gut.,21
a2_0776,A2,die Möbel (Pl.),the furniture (pl.),die Möbel (Pl.),die,noun,,,Eure Möbel sind sehr schön.,21
a2_0777,A2,das Mobil-,the mobile,das Mobil-,das,noun,,,Wie kann ich Sie erreichen? || Haben Sie ein,21
a2_0778,A2,"telefon, -e","telephone, -e","telefon, -e",,word,,,Mobiltelefon?,21
a2_0779,A2,"möchten, möchte,","would like, would like","möchten, möchte,",,word,,,Was möchten Sie trinken?,21
a2_0780,A2,"mochte,",want,"mochte,",,word,,hat gemocht,,21
a2_0781,A2,"die Mode, -n","the fashion, -n","die Mode, -n",die,noun,-n,,Wie findest du die neue Mode?,21
a2_0782,A2,modern,modern,modern,,verb,,,Das Stadtzentrum von Frankfurt ist sehr modern.,21
a2_0783,A2,"mögen, mag,","like, like","mögen, mag,",,word,,,"Magst du Schokolade? || - Nein, ich mag keine",21
a2_0784,A2,"mochte,",want,"mochte,",,word,,hat gemocht,Süßigkeiten.,21
a2_0785,A2,möglich,possible,möglich,,adjective,,,Kann ich bitte sofort einen Termin haben? || - Das ist leider nicht möglich.,21
a2_0786,A2,"der Moment, -e","the moment, -e","der Moment, -e",der,noun,-e,,"Einen Moment, bitte. || Warten Sie bitte einen Moment. || Ich habe im Moment sehr viel zu tun.",21
a2_0787,A2,morgen,morning,morgen,,verb,,,Morgen beginnt die Schule erst um zehn Uhr.,21
a2_0788,A2,"der Motor, -en","the engine, -en","der Motor, -en",der,noun,-en,,Der Motor ist kaputt. || Das Auto fährt nicht mehr.,21
a2_0789,A2,"der Motorroller, -","the scooter, -","der Motorroller, -",der,noun,-,,Oskar fährt mit dem Motorroller zur Arbeit.,21
a2_0790,A2,müde,tired,müde,,word,,,Ich bin müde. || Ich gehe schlafen.,21
a2_0791,A2,der Müll (Sg.),the garbage (sg.),der Müll (Sg.),der,noun,,,"Bringst du bitte den Müll raus? || Kann ich die Zeitungen wegwerfen? || - Ja, sie sind alt. || Bring/Wirf sie bitte in den Müll!",21
a2_0792,A2,"der Mund, ¨-er","the mouth, ¨-er","der Mund, ¨-er",der,noun,¨-er,,Öffnen Sie bitte den Mund. || Ich möchte in Ihren Hals sehen.,21
a2_0793,A2,"das Museum, -een","the museum, -een","das Museum, -een",das,noun,-een,,Im Kunstmuseum gibt es eine neue Ausstellung.,21
a2_0794,A2,die Musik (Sg.),the music (sg.),die Musik (Sg.),die,noun,,,Wie findest du die Musik? || Spanische Musik gefällt mir gut.,21
a2_0795,A2,"müssen, muss,","must, must","müssen, muss,",,word,,,Ich muss jeden Tag von 8 Uhr bis 18 Uhr arbeiten.,21
a2_0796,A2,musste,had to,musste,,word,,,,21
a2_0797,A2,"die Mütze, -n","the hat, -n","die Mütze, -n",die,noun,-n,,Haben Sie rote Mützen?,21
a2_0798,A2,nach,after,nach,,preposition,,,Ich gehe jetzt nach Hause. || Ich fliege nach München. || Es ist schon fünf nach zwölf. || Wir treffen uns nach der Arbeit.,21
a2_0799,A2,"der Nachbar, -n,","the neighbor, -n","der Nachbar, -n,",der,noun,"-n,",,Mein Nachbar kommt aus Brasilien und meine,21
a2_0800,A2,"die Nachbarin,-nen","the neighbor,-nen","die Nachbarin,-nen",die,noun,-nen,,Nachbarin ist Italienerin. || Die neuen Nachbarn sind sehr nett.,21
a2_0801,A2,"die Nachricht, -en",the news,"die Nachricht, -en",die,noun,-en,,Ich sehe abends immer die Nachrichten im Fernsehen. || Kommst du mit ins Kino? || - Ich weiß es noch nicht. || Ich schreibe dir später eine Nachricht. || Sie haben keine neuen Nachrichten.,21
a2_0802,A2,"nächste, -er, -es","next, -he, -it","nächste, -er, -es",,word,,,Sehen wir uns nächste Woche? || Ihr nächster Termin ist in einem Monat. || Bis nächstes Mal!,21
a2_0803,A2,die Nähe (Sg.),the proximity (sg.),die Nähe (Sg.),die,noun,,,Die Post ist in der Nähe vom Bahnhof.,21
a2_0804,A2,"der Name, -n","the name, -n","der Name, -n",der,noun,-n,,Wie ist Ihr Name? || Mein Name ist Thomas Schmidt. || Mein Vorname ist Thomas; Schmidt ist der Familien- name.,21
a2_0805,A2,nass,wet,nass,,word,,,Geh nicht mit den nassen Schuhen ins Wohnzimmer! || Du bist ja ganz nass. || Hast du den Regenschirm vergessen?,21
a2_0806,A2,die Natur (Sg.),nature (sg.),die Natur (Sg.),die,noun,,,Ich bin gern draußen in der Natur.,21
a2_0807,A2,natürlich,naturally,natürlich,,adjective,,,Natürlich helfen wir dir. || Kommst du zu meiner Party? || –Natürlich.,21
a2_0808,A2,neben,neben,neben,,verb,,,Neben mir ist noch ein Platz frei. || Die Apotheke ist neben der Post.,21
a2_0809,A2,nebenan,next door,nebenan,,word,,,Das ist José. || Er wohnt nebenan.,21
a2_0810,A2,neblig,foggy,neblig,,adjective,,,Fahr vorsichtig! || Es ist neblig.,21
a2_0811,A2,"nehmen, nimmt,","take, takes","nehmen, nimmt,",,word,,hat genommen,Nehmen Sie die Tabletten vor dem Essen! || Was möchten Sie? || –Ich nehme einen Salat. || Ich nehme den Bus.,21
a2_0812,A2,nein,no,nein,,word,,,"Möchten Sie ein Stück Kuchen? || –Nein, danke. || Fährst du auch nach München? || – Nein, ich habe keine Zeit.",22
a2_0813,A2,"nennen, nennt,","call, calls","nennen, nennt,",,word,,hat genannt,"Mein Freund heißt Alexander, aber alle nennen || ihn Alex.",22
a2_0814,A2,nervös,nervous,nervös,,word,,,Bei Prüfungen bin ich immer sehr nervös.,22
a2_0815,A2,nett,nice,nett,,word,,,Ich habe viele nette Kollegen. || Vielen Dank! || Das ist sehr nett von dir.,22
a2_0816,A2,neu,new,neu,,word,,,Ich bin der neue Mitarbeiter. || Wir haben eine neue Wohnung. || Zeig mal! || Ist das dein neues Handy?,22
a2_0817,A2,nicht,not,nicht,,word,,,"Das stimmt nicht. || Ich kann morgen leider nicht kommen. || Lisa wohnt nicht in Hamburg, sie wohnt in Bremen.",22
a2_0818,A2,nichts,nothing,nichts,,word,,,Das macht nichts. || Hier kaufe ich nichts. || Der Laden gefällt mir nicht.,22
a2_0819,A2,nie,never,nie,,adverb,,,Er kommt nie pünktlich.,22
a2_0820,A2,niemand,no one,niemand,,word,,,Hier ist niemand. || Hier ist der Anrufbeantworter von Familie Klein. || Leider ist im Moment niemand zu Hause.,22
a2_0821,A2,nirgends,nowhere,nirgends,,word,,,Hier kann man nirgends parken. || Wo ist Stefan? || Ich kann ihn nirgends sehen.,22
a2_0822,A2,noch,still,noch,,word,,,Vielleicht kommt er noch. || Es dauert noch ein paar Minuten. || Ich habe noch 20 Euro.,22
a2_0823,A2,normal,normal,normal,,word,,,Das ist doch ganz normal.,22
a2_0824,A2,"die Note, -n","the grade, -n","die Note, -n",die,noun,-n,,Eva hat immer sehr gute Noten in Deutsch.,22
a2_0825,A2,"notieren, notiert,","note, noted","notieren, notiert,",,word,,hat notiert,Notieren Sie bitte alle wichtigen Informationen.,22
a2_0826,A2,"die Notiz, -en","the note, -en","die Notiz, -en",die,noun,-en,,Schreib mir bitte eine Notiz. || Haben Sie einen Notizzettel für mich?,22
a2_0827,A2,notwendig,necessary,notwendig,,adjective,,,"Muss ich noch einmal kommen? || –Nein, das ist nicht notwendig.",22
a2_0828,A2,"die Nudel, -n","the noodle, -n","die Nudel, -n",die,noun,-n,,"Möchten Sie lieber Reis oder Nudeln? || –Lieber Nudeln, bitte.",22
a2_0829,A2,"die Nummer, -n","the number, -n","die Nummer, -n",die,noun,-n,,Sie haben Zimmer Nummer zwölf. || Welche Hausnummer haben Sie? || Können Sie mir bitte Ihre Nummer geben? || Haben Sie die Bluse auch eine Nummer kleiner?,22
a2_0830,A2,nur,only,nur,,word,,,Ich möchte nur ein Glas Wasser. || Das T-Shirt kostet nur fünf Euro.,22
a2_0831,A2,nützlich,useful,nützlich,,adjective,,,Danke für den Tipp. || Er war sehr nützlich.,22
a2_0832,A2,oben,above,oben,,verb,,,Ich wohne oben im || Stock.,22
a2_0833,A2,das Obst (Sg.),the fruit (sg.),das Obst (Sg.),das,noun,,,Obst kaufe ich immer auf dem Markt. || Heute kaufe ich Äpfel und Orangen.,22
a2_0834,A2,oder,or,oder,,conjunction,,,Wann können Sie kommen – heute oder morgen? || Entweder fahren wir mit dem Bus oder wir gehen zu Fuß.,22
a2_0835,A2,offen,open,offen,,verb,,,"Ist das Fenster im Bad noch offen? || Ich glaube, der Supermarkt ist jetzt noch offen.",22
a2_0836,A2,"öffnen, öffnet,","open, opens","öffnen, öffnet,",,word,,hat geöffnet,Ich öffne die Tür. || Der Laden ist samstags bis 16.00 Uhr geöffnet.,22
a2_0837,A2,oft,often,oft,,adverb,,,Ich gehe nicht oft ins Kino.,22
a2_0838,A2,ohne,without,ohne,,preposition,,,Bitte einen Kaffee ohne Milch und Zucker. || Schaffst du das auch ohne mich oder soll ich dir helfen?,22
a2_0839,A2,"das Ohr, -en","das Ohr, -en","das Ohr, -en",das,noun,-en,,Ich habe Ohrenschmerzen.,22
a2_0840,A2,"das Öl, -e","the oil, -e","das Öl, -e",das,noun,-e,,Machen wir den Salat mit Öl? || Können Sie bei meinem Auto bitte das Öl kontrollieren?,22
a2_0841,A2,online,on-line,online,,word,,,Wann bist du wieder online? || Ich habe hier kein Internet. || Ich bin erst heute Abend wieder online. || Sie können das Geld auch online überweisen.,22
a2_0842,A2,"die Orange, -n","the orange, -n","die Orange, -n",die,noun,-n,,Ich esse gern Orangen.,22
a2_0843,A2,"die Ordnung, -en","the order, -en","die Ordnung, -en",die,noun,-en,,Er hat seine Hausaufgabe gut gemacht. || Das ist alles in Ordnung. || Ich mache gleich Ordnung in meinem Zimmer.,22
a2_0844,A2,"organisieren,",organize,"organisieren,",,word,,,Frau Gomez organisiert unseren Ausflug.,22
a2_0845,A2,"organisiert,",organized,"organisiert,",,word,,hat organisiert,Hast du schon alles für deinen Urlaub organisiert?,22
a2_0846,A2,"der Ort, -e","der Ort, -e","der Ort, -e",der,noun,-e,,"Vergessen Sie Ort und Datum nicht, wenn Sie einen Brief schreiben. || Der Ort liegt in den Bergen. || Wohnort: Köln.",22
a2_0847,A2,"das Paar, -e","the couple, -e","das Paar, -e",das,noun,-e,,Romeo und Julia sind ein Paar. || Ich brauche ein Paar Schuhe.,22
a2_0848,A2,ein paar,a couple,ein paar,,word,,,Wir fahren ein paar Tage ans Meer. || Hast du ein paar Minuten Zeit?,22
a2_0849,A2,"packen, packt,","pack, pack","packen, packt,",,word,,hat gepackt,Ich muss noch meinen Koffer packen.,22
a2_0850,A2,"das Paket, -e","the package, -e","das Paket, -e",das,noun,-e,,Bringst du bitte das Paket zur Post?,22
a2_0851,A2,"das Papier, -e","the paper, -e","das Papier, -e",das,noun,-e,,Hier sind Papier und Bleistift.,22
a2_0852,A2,die Papiere (Pl.),the papers (pl.),die Papiere (Pl.),die,noun,,,Haben Sie Ihre Papiere dabei?,22
a2_0853,A2,"das Parfüm, -s","the perfume, -s","das Parfüm, -s",das,noun,-s,,Ich suche ein Parfum als Geschenk für meine Frau.,22
a2_0854,A2,"der Park, -s","the park, -s","der Park, -s",der,noun,-s,,Ich gehe gern im Park spazieren.,22
a2_0855,A2,"parken, parkt,","park, park","parken, parkt,",,word,,hat geparkt,Darf ich hier parken? || Hier ist Parken verboten.,22
a2_0856,A2,"der Partner, -","the partner, -","der Partner, -",der,noun,-,,Veronika ist meine Partnerin.,22
a2_0857,A2,"die Partnerin, -nen","the partner, -nen","die Partnerin, -nen",die,noun,-nen,,,22
a2_0858,A2,"die Party, -s","the party, -s","die Party, -s",die,noun,-s,,Heute Abend machen wir eine Party.,22
a2_0859,A2,"der Pass, ¨-e","the passport, ¨-e","der Pass, ¨-e",der,noun,¨-e,,Am Flughafen brauchst du deinen Pass.,22
a2_0860,A2,"passen, passt,","fit, fit","passen, passt,",,word,,hat gepasst,Die Bluse passt mir nicht. || Welches Wort passt? || Wählen Sie.,22
a2_0861,A2,"passieren,",happen,"passieren,",,word,,,Wie ist der Unfall passiert?,22
a2_0862,A2,"passiert,",happened,"passiert,",,word,,ist passiert,Was ist passiert?,22
a2_0863,A2,"das Passwort, ¨-er","the password, ¨-er","das Passwort, ¨-er",das,noun,¨-er,,Bitte schreiben Sie Ihr Passwort. || Sie brauchen ein Passwort. || Ich habe mein Passwort vergessen.,23
a2_0864,A2,"die Pause, -n","the break, -n","die Pause, -n",die,noun,-n,,Von 12.00 bis 12.30 Uhr haben wir Mittagspause.,23
a2_0865,A2,"die Person, -en","the person, -s","die Person, -en",die,noun,-en,,Eintritt pro Person: 5 Euro.,23
a2_0866,A2,"das Pferd, -e","the horse, -e","das Pferd, -e",das,noun,-e,,Amira liebt Pferde. || Sie reitet seit zehn Jahren.,23
a2_0867,A2,"die Pflanze, -n","the plant, -n","die Pflanze, -n",die,noun,-n,,Können Sie sich bitte um unsere Pflanzen kümmern? || Wir sind nächste Woche im Urlaub.,23
a2_0868,A2,"die Pizza, -s/-en","the pizza, -s/-en","die Pizza, -s/-en",die,noun,-s/-en,,"Mein Lieblingsessen ist Pizza. || Eine Pizza mit viel Käse, bitte.",23
a2_0869,A2,"das Plakat, -e","the poster, -e","das Plakat, -e",das,noun,-e,,Wir machen im Unterricht ein Plakat zum Thema „Essen und Trinken“.,23
a2_0870,A2,"der Plan, ¨-e","the plan, ¨-e","der Plan, ¨-e",der,noun,¨-e,,Ich kaufe mir einen Stadtplan.,23
a2_0871,A2,"planen, plant,","plan, plan","planen, plant,",,word,,hat geplant,Wir sollen zusammen eine Klassenparty planen. || Morgen schwimmen ... ist ein guter Plan.,23
a2_0872,A2,"der Platz, ¨-e","the place, ¨-e","der Platz, ¨-e",der,noun,¨-e,,Hier ist noch ein Platz frei. Bitte nehmen Sie Platz! Ich wohne am Messeplatz || Ich finde keinen Parkplatz.,23
a2_0873,A2,plötzlich,suddenly,plötzlich,,adjective,,,Plötzlich war das Licht aus.,23
a2_0874,A2,die Polizei (Sg.),the police (sg.),die Polizei (Sg.),die,noun,,,Rufen Sie die Polizei!,23
a2_0875,A2,die Pommes frites,the french fries,die Pommes frites,die,noun,,,Die Kinder essen Bratwurst mit Pommes frites.,23
a2_0876,A2,(Pl.),(pl.),(Pl.),,other,,,,23
a2_0877,A2,"die Portion, -en","the portion, -en","die Portion, -en",die,noun,-en,,Ich nehme eine kleine Portion Eis.,23
a2_0878,A2,die Post (Sg.),the mail (sg.),die Post (Sg.),die,noun,,,"Entschuldigung, wo ist die Post? || Ist Post für mich da?",23
a2_0879,A2,"das Poster, -","the poster, -","das Poster, -",das,noun,-,,Das Poster hängt über dem Bett.,23
a2_0880,A2,"die Postkarte, -n","the postcard, -n","die Postkarte, -n",die,noun,-n,,Schreibst du mir eine Postkarte aus Kanada?,23
a2_0881,A2,die Postleit-,the postal code,die Postleit-,die,noun,,,Wie ist Ihre Postleitzahl?,23
a2_0882,A2,zahl,number,"zahl, -en",,verb,,-en,,23
a2_0883,A2,"das Praktikum, -a","the internship, -a","das Praktikum, -a",das,noun,-a,,Ich mache ein Praktikum bei Siemens.,23
a2_0884,A2,praktisch,practical,praktisch,,adjective,,,Mit meinem neuen Handy kann ich auch im Internet surfen und Fotos machen. || Das finde ich sehr praktisch.,23
a2_0885,A2,"die Praxis, -en","the practice, -en","die Praxis, -en",die,noun,-en,,Unsere Praxis ist ab acht Uhr geöffnet. || Frau Doktor Weiß hat ab neun Uhr Sprechstunde.,23
a2_0886,A2,"der Preis, -e","the price, -e","der Preis, -e",der,noun,-e,,Die Preise sind hier viel höher als bei uns.,23
a2_0887,A2,preiswert,inexpensive,preiswert,,word,,,Die Jacke ist sehr preiswert. || Sie kostet nur 15 Euro.,23
a2_0888,A2,privat,private,privat,,word,,,"Das ist meine Nummer im Büro und das ist meine private Handynummer. || Dieser Strand ist privat. || Wir dürfen hier nicht schwimmen gehen. || Hey, du darfst die Mail nicht lesen! || Sie ist privat.",23
a2_0889,A2,pro,per,pro,,word,,,Das Zimmer kostet 100 Euro pro Nacht.,23
a2_0890,A2,"probieren,",try out,"probieren,",,word,,,Möchten Sie den Käse probieren?,23
a2_0891,A2,"probiert,",tried,"probiert,",,word,,hat probiert,Die Tür geht schwer auf. || Probier mal!,23
a2_0892,A2,"das Problem, -e","the problem, -e","das Problem, -e",das,noun,-e,,Ich habe ein Problem. || Können Sie mir bitte helfen?,23
a2_0893,A2,"das Produkt, -e","the product, -e","das Produkt, -e",das,noun,-e,,Unsere Produkte haben eine sehr hohe Qualität.,23
a2_0894,A2,"das Programm, -e","the program, -e","das Programm, -e",das,noun,-e,,Dieses Programm im Radio interessiert mich nicht. || Was kommt heute im Kino? || Hast du das Programm hier?,23
a2_0895,A2,"das Projekt, -e","the project, -e","das Projekt, -e",das,noun,-e,,Wir machen ein Projekt über Sehenswürdigkeiten in unserer Stadt.,23
a2_0896,A2,"der Prospekt, -e","the prospectus, -e","der Prospekt, -e",der,noun,-e,,Bitte schicken Sie mir einen Prospekt von Ihrem Hotel.,23
a2_0897,A2,"prüfen, prüft,","check, check","prüfen, prüft,",,word,,hat geprüft,Bitte prüfen Sie die Rechnung sofort.,23
a2_0898,A2,"die Prüfung, -en","the exam, -en","die Prüfung, -en",die,noun,-en,,Ich habe die Prüfung bestanden.,23
a2_0899,A2,"der Pullover, -","the sweater, -","der Pullover, -",der,noun,-,,Ich muss mir einen Pullover kaufen.,23
a2_0900,A2,pünktlich,on time,pünktlich,,adjective,,,Der Bus fährt pünktlich um acht Uhr. || Herr Müller ist immer pünktlich.,23
a2_0901,A2,"putzen, putzt,","cleaning, cleaning","putzen, putzt,",,word,,hat geputzt,Ich muss heute noch das Bad putzen.,23
a2_0902,A2,"die Qualität, -en","the quality, -en","die Qualität, -en",die,noun,-en,,Dieser Fernseher hat eine gute Qualität. || Ich finde die Qualität wichtiger als den Preis.,23
a2_0903,A2,das Quiz (Sg.),the quiz (sg.),das Quiz (Sg.),das,noun,,,Er schaut gern Quizsendungen an. || Sie hat beim Quiz gewonnen.,23
a2_0904,A2,"das Radio, -s","the radio, -s","das Radio, -s",das,noun,-s,,Ich höre im Auto gern Radio.,23
a2_0905,A2,"raten, rät,","advise, advise","raten, rät,",,word,,hat geraten,"Ich weiß nicht, welches Handy ich kaufen soll. || Was || raten Sie mir? || Rate mal, wen ich heute gesehen habe! || Deinen Lehrer.",23
a2_0906,A2,"das Rathaus, ¨-er","the town hall, ¨-er","das Rathaus, ¨-er",das,noun,¨-er,,Das Formular bekommen Sie im Rathaus. || Sie müssen sich im Rathaus anmelden.,23
a2_0907,A2,"das Rätsel, -","the riddle, -","das Rätsel, -",das,noun,-,,Das Rätsel ist schwierig! || Ich weiß die Antwort nicht.,23
a2_0908,A2,"rauchen, raucht,","smoke, smokes","rauchen, raucht,",,word,,hat geraucht,"Stört es Sie, wenn ich rauche? || Rauchen ist hier verboten!",23
a2_0909,A2,"der Raum, ¨-e","the space, ¨-e","der Raum, ¨-e",der,noun,¨-e,,Der Unterricht findet heute in Raum 332 statt.,23
a2_0910,A2,"rechnen, rechnet,","calculate, calculate","rechnen, rechnet,",,word,,hat gerechnet,Sarah kann gut rechnen.,23
a2_0911,A2,"die Rechnung, -en","the bill, -en","die Rechnung, -en",die,noun,-en,,"Schicken Sie die Rechnung an mich. || Bitte, die Rechnung!",23
a2_0912,A2,"recht haben,",to be right,"recht haben,",,word,,hat recht,Du hast (nicht) recht.,23
a2_0913,A2,"hatte recht,",was right,"hatte recht,",,word,,hat recht gehabt,,23
a2_0914,A2,rechts,right,rechts,,word,,,Der Bahnhof ist hier rechts.,23
a2_0915,A2,"reden, redet,","talk, talk","reden, redet,",,word,,hat geredet,Mit meiner Freundin kann ich über alles reden. || Rede nicht so viel!,23
a2_0916,A2,der Regen (Sg.),the rain (sg.),der Regen (Sg.),der,noun,,,Bei Regen gehe ich nicht aus dem Haus.,23
a2_0917,A2,"regnen, regnet,","rain, rain","regnen, regnet,",,word,,hat geregnet,"Wenn es regnet, bleiben wir zu Hause.",23
a2_0918,A2,reich,rich,reich,,word,,,Lotte ist reich. || Sie hat sehr viel Geld.,23
a2_0919,A2,"der Reifen, -","the tire, -","der Reifen, -",der,noun,-,,Ich brauche neue Reifen für mein Auto.,23
a2_0920,A2,"die Reihe, -n","the row, -n","die Reihe, -n",die,noun,-n,,Ich habe Karten für das Konzert. || Wir sitzen in der dritten Reihe. || Wer ist jetzt an der Reihe?,23
a2_0921,A2,"die Reinigung, -en","the cleaning, -en","die Reinigung, -en",die,noun,-en,,Bringst du bitte die Bluse in die Reinigung? || Man darf sie nicht in der Waschmaschine waschen.,23
a2_0922,A2,der Reis (Sg.),the rice (sg.),der Reis (Sg.),der,noun,,,Ich esse gern Reis mit Gemüse und Fisch.,24
a2_0923,A2,"die Reise, -n","the journey, -n","die Reise, -n",die,noun,-n,,Wir machen eine Reise nach Österreich. || Ich mache nächste Woche eine Geschäftsreise.,24
a2_0924,A2,"das Reisebüro, -s","the travel agency, -s","das Reisebüro, -s",das,noun,-s,,Wir organisieren eine Rundreise durch Deutschland. || Wir buchen die Reise im Reisebüro.,24
a2_0925,A2,"der Reiseführer, -","the guide, -","der Reiseführer, -",der,noun,-,,Ich kaufe mir einen Reiseführer von Berlin. || Unser Reiseführer heißt Robert und ist sehr sympathisch.,24
a2_0926,A2,"reisen, reist,","travel, travels","reisen, reist,",,word,,ist gereist,Ich reise gern.,24
a2_0927,A2,"reiten, reitet,","ride, rides","reiten, reitet,",,word,,ist geritten,Möchtest du reiten lernen?,24
a2_0928,A2,"renovieren,",renovate,"renovieren,",,word,,,Wir renovieren das ganze Haus.,24
a2_0929,A2,"renoviert,",renovated,"renoviert,",,word,,hat renoviert,,24
a2_0930,A2,"der Rentner, - /","the pensioner, - /","der Rentner, - /",der,noun,- /,,Mein Onkel arbeitet nicht mehr. || Er ist Rentner.,24
a2_0931,A2,"die Rentnerin, -nen","the pensioner, -nen","die Rentnerin, -nen",die,noun,-nen,,,24
a2_0932,A2,"die Reparatur, -en","the repair, -en","die Reparatur, -en",die,noun,-en,,Die Reparatur ist sehr teuer.,24
a2_0933,A2,"reparieren,",repair,"reparieren,",,word,,,Er muss den Motor reparieren.,24
a2_0934,A2,"repariert,",repaired,"repariert,",,word,,hat repariert,,24
a2_0935,A2,"reservieren,",reserve,"reservieren,",,word,,,Reservieren Sie bitte ein Doppelzimmer.,24
a2_0936,A2,"reserviert,",reserved,"reserviert,",,word,,,Ich möchte gern einen Tisch für fünf Personen,24
a2_0937,A2,"reservierte,",reserved,"reservierte,",,word,,hat reserviert,reservieren.,24
a2_0938,A2,"der Rest, -e","the rest, -e","der Rest, -e",der,noun,-e,,Hier sind 50 Euro. || Den Rest gebe ich dir später. || Es ist noch ein Rest Suppe da. || Möchtest du noch?,24
a2_0939,A2,"das Restaurant, -s","the restaurant, -s","das Restaurant, -s",das,noun,-s,,Wir essen heute in einem Restaurant.,24
a2_0940,A2,"das Rezept, -e","the recipe, -e","das Rezept, -e",das,noun,-e,,Dieser Kuchen schmeckt super! || Kannst du mir bitte das Rezept geben? || Dieses Medikament gibt es nur auf Rezept.,24
a2_0941,A2,"die Rezeption, en","the reception, en","die Rezeption, en",die,noun,en,,Geben Sie bitte den Schlüssel an der Rezeption ab.,24
a2_0942,A2,richtig,correct,richtig,,adjective,,,Habe ich das richtig verstanden? || Das ist richtig.,24
a2_0943,A2,"riechen, riecht,","smell, smells","riechen, riecht,",,word,,hat gerochen,Diese Blumen riechen gut. || Hier riecht es nach Fisch.,24
a2_0944,A2,das Rind,the beef,das Rind,das,noun,,,Ich esse nur Fleisch vom Rind.,24
a2_0945,A2,"der Ring, -e","the ring, -e","der Ring, -e",der,noun,-e,,Ich habe meinen Ring verloren.,24
a2_0946,A2,"der Rock, ¨-e","the skirt, ¨-e","der Rock, ¨-e",der,noun,¨-e,,Der Rock ist zu eng.,24
a2_0947,A2,romantisch,romantic,romantisch,,adjective,,,Dieser Film ist sehr romantisch. || Meine Freundin ist total romantisch.,24
a2_0948,A2,"die Rose, -n","the rose, -n","die Rose, -n",die,noun,-n,,Er schenkt seiner Freundin rote Rosen zum Geburtstag.,24
a2_0949,A2,"der Rücken, -","der Rücken, -","der Rücken, -",der,noun,-,,Mein Rücken tut mir weh.,24
a2_0950,A2,"der Rucksack, ¨-e","the backpack, ¨-e","der Rucksack, ¨-e",der,noun,¨-e,,Ich nehme lieber einen Rucksack als einen Koffer mit.,24
a2_0951,A2,"rufen, ruft,","calling, calling","rufen, ruft,",,word,,hat gerufen,Rufst du bitte die Kinder. || Das Essen ist fertig. || Wir müssen einen Arzt rufen.,24
a2_0952,A2,die Ruhe (Sg.),the calm (sg.),die Ruhe (Sg.),die,noun,,,"Ruhe, bitte! || Hier in der Bibliothek darf man nicht laut sprechen. || Meine Großmutter ist krank. || Sie braucht viel Ruhe.",24
a2_0953,A2,ruhig,quiet,ruhig,,adjective,,,Ich möchte ein ruhiges Zimmer.,24
a2_0954,A2,rund,around,rund,,word,,,Unser Wohnzimmertisch ist rund. || Bis Berlin sind es noch rund 80 Kilometer.,24
a2_0955,A2,"der Rundgang, ¨-e","the tour, ¨-e","der Rundgang, ¨-e",der,noun,¨-e,,Der Rundgang durch das Schloss beginnt in wenigen Minuten.,24
a2_0956,A2,"die Sache, -n","the thing, -n","die Sache, -n",die,noun,-n,,Ihr könnt eure Sachen im Hotel lassen. || Nimm deine Sachen und komm! || Das ist meine Sache.,24
a2_0957,A2,"der Saft, ¨-e","the juice, ¨-e","der Saft, ¨-e",der,noun,¨-e,,Möchtest du einen Apfelsaft?,24
a2_0958,A2,"sagen, sagt,","say, says","sagen, sagt,",,word,,hat gesagt,"Entschuldigung, was haben Sie gesagt? || Wie sagt man „sorry“ auf Deutsch? || Sag mal, wie geht es dir denn?",24
a2_0959,A2,"der Salat, -e","der Salat, -e","der Salat, -e",der,noun,-e,,Wie schmeckt dir der Salat? || Möchten Sie zum Fisch einen Salat?,24
a2_0960,A2,"das Salz, -e","the salt, -e","das Salz, -e",das,noun,-e,,"Entschuldigung, kann ich bitte Salz haben?",24
a2_0961,A2,"sammeln,",collect,"sammeln,",,word,,,Peter sammelt Briefmarken.,24
a2_0962,A2,"sammelt,",collects,"sammelt,",,word,,hat gesammelt,Im Herbst sammeln wir im Wald bunte Blätter.,24
a2_0963,A2,"der Satz, ¨-e","the sentence, ¨-e","der Satz, ¨-e",der,noun,¨-e,,Den letzten Satz verstehe ich nicht.,24
a2_0964,A2,sauber,clean,sauber,,word,,,Bringen Sie mir bitte ein sauberes Glas!,24
a2_0965,A2,sauer,sour,sauer,,word,,,Zitronen sind mir zu sauer. || Was ist los? || –Ich bin sauer. || Ich muss am Wochen- ende zu Hause bleiben und darf nicht mit meinen Freunden ins Kino gehen.,24
a2_0966,A2,schade,too bad,schade,,word,,,"Schade, dass du nicht kommen kannst.",24
a2_0967,A2,schädlich,harmful,schädlich,,adjective,,,Rauchen ist schädlich für die Gesundheit.,24
a2_0968,A2,"schaffen, schafft,","create, creates","schaffen, schafft,",,word,,hat geschafft,Kannst du mir bitte helfen? || Ich schaffe das nicht || alleine. || Geschafft! || Das Projekt ist endlich fertig.,24
a2_0969,A2,"der Schalter, -","the desk, -","der Schalter, -",der,noun,-,,Gehen Sie bitte zum Schalter drei! || Der Lichtschalter ist neben der Tür.,24
a2_0970,A2,scharf,sharp,scharf,,word,,,Die Suppe ist mir zu scharf. || Pass auf! || Das Messer ist sehr scharf.,24
a2_0971,A2,"scheinen, scheint,","seem, seems","scheinen, scheint,",,word,,hat geschienen,Die Sonne scheint.,24
a2_0972,A2,"schenken,",give,"schenken,",,word,,,Was schenken wir Michael zum Geburtstag?,24
a2_0973,A2,"schenkt,",gives,"schenkt,",,word,,hat geschenkt,,24
a2_0974,A2,"die Schere, -n","the scissors, -n","die Schere, -n",die,noun,-n,,Die Schere schneidet nicht gut. || Hast du eine andere?,24
a2_0975,A2,"schicken, schickt,","schicken, schickt,","schicken, schickt,",,word,,hat geschickt,Bitte schicken Sie mir eine E-Mail. || Ich schicke dir den Brief nach Hause.,24
a2_0976,A2,"das Schiff, -e","the ship, -e","das Schiff, -e",das,noun,-e,,Wir fahren mit dem Schiff von Basel nach Köln.,24
a2_0977,A2,"das Schild, -er","the sign, -er","das Schild, -er",das,noun,-er,,Haben Sie das Schild nicht gesehen?,24
a2_0978,A2,"schimpfen,",scold,"schimpfen,",,word,,,Warum schimpfst du denn so laut? || –Ich ärgere,24
a2_0979,A2,"schimpft,",scolds,"schimpft,",,word,,hat geschimpft,mich über mein Auto. || Alle schimpfen über/auf das Wetter.,24
a2_0980,A2,der Schirm,the umbrella,der Schirm,der,noun,,,"Nimm den Schirm mit, es regnet.",24
a2_0981,A2,"schlafen, schläft,","sleep, sleep","schlafen, schläft,",,word,,hat geschlafen,Ich schlafe meistens acht Stunden. || Haben Sie gut geschlafen? || Gute Nacht! || Schlaf gut und träum süß!,24
a2_0982,A2,"das Schlafzimmer, -Hier","the bedroom, -Here","das Schlafzimmer, -Hier",das,noun,-Hier,,ist das Schlafzimmer.,25
a2_0983,A2,schlecht,bad,schlecht,,word,,,Das Wetter ist schlecht. || Wir haben schon seit einer Woche schlechtes Wetter. || Mir ist schlecht! || Mir geht es schlecht. || Ich habe Fieber.,25
a2_0984,A2,"schließen,",close,"schließen,",,word,,,Bitte schließen Sie die Tür.,25
a2_0985,A2,"schließt,",closes,"schließt,",,word,,hat geschlossen,"Wir müssen uns beeilen, die Bank schließt um || 18 Uhr.",25
a2_0986,A2,schlimm,terrible,schlimm,,word,,,"Kein Problem, das ist nicht so schlimm.",25
a2_0987,A2,"das Schloss, ¨-er","the castle, ¨-er","das Schloss, ¨-er",das,noun,¨-er,,Am Wochenende besichtigen wir Schloss Neuschwanstein. || An unserer Tür ist das Schloss kaputt.,25
a2_0988,A2,"der Schluss, ¨-e","the conclusion, ¨-e","der Schluss, ¨-e",der,noun,¨-e,,Zum Schluss nochmals herzlichen Dank. || Ich muss jetzt Schluss machen. || Bis bald!,25
a2_0989,A2,"der Schlüssel, -","the key, -","der Schlüssel, -",der,noun,-,,Ich gebe Ihnen noch den Zimmerschlüssel. || Ich finde meinen Schlüssel nicht.,25
a2_0990,A2,"schmecken,",taste good,"schmecken,",,word,,,Schmeckt dir die Suppe?,25
a2_0991,A2,"schmeckt,",tastes,"schmeckt,",,word,,hat geschmeckt,Hat es Ihnen geschmeckt? || Schmeckt's?,25
a2_0992,A2,"der Schmerz, -en","the pain, -en","der Schmerz, -en",der,noun,-en,,Haben Sie Schmerzen? || Ich habe Bauchschmerzen.,25
a2_0993,A2,schmutzig,schmutzig,schmutzig,,adjective,,,Das Handtuch ist schmutzig.,25
a2_0994,A2,der Schnee (Sg.),the snow (sg.),der Schnee (Sg.),der,noun,,,In den Bergen liegt viel Schnee.,25
a2_0995,A2,"schneiden (sich),",to cut (oneself),"schneiden (sich),",,word,,,Das Messer schneidet nicht gut.,25
a2_0996,A2,"schneidet,",cuts,"schneidet,",,word,,hat geschnitten,Wer schneidet dir die Haare? || Aua! || Ich habe mich geschnitten!,25
a2_0997,A2,"schneien,",snow,"schneien,",,word,,,Morgen schneit es.,25
a2_0998,A2,"schneit,",snowing,"schneit,",,word,,hat geschneit,,25
a2_0999,A2,schnell,fast,schnell,,word,,,Warum fährst du so schnell?,25
a2_1000,A2,die Schokolade,the chocolate,die Schokolade,die,noun,,,Julia liebt Schokolade.,25
a2_1001,A2,(Sg.),(Sg.),(Sg.),,other,,,,25
a2_1002,A2,schon,already,schon,,adverb,,,Ist das Essen schon fertig? || Ich wohne schon seit fünf Jahren in Freiburg.,25
a2_1003,A2,schön,nice,schön,,word,,,"Schöne Ferien! || Das Bild ist sehr schön. || Schön, dass du kommst.",25
a2_1004,A2,"der Schrank, ¨-e","the closet, ¨-e","der Schrank, ¨-e",der,noun,¨-e,,Die Gläser stehen im Schrank. || Legst du bitte die Handtücher in den Schrank?,25
a2_1005,A2,schrecklich,terrible,schrecklich,,adjective,,,Ich finde ihren Rock schrecklich. || Er sieht furchtbar aus! || Ich finde den Film schrecklich. || Er macht mir Angst.,25
a2_1006,A2,"schreiben,",write,"schreiben,",,word,,,Ich schreibe dir eine E-Mail.,25
a2_1007,A2,"schreibt,",writes,"schreibt,",,word,,hat geschrieben,,25
a2_1008,A2,schriftlich,in written form,schriftlich,,adjective,,,Sie müssen sich schriftlich anmelden. || Die schriftliche Prüfung dauert 70 Minuten.,25
a2_1009,A2,"der Schuh, -e","the shoe, -e","der Schuh, -e",der,noun,-e,,Zieh die Schuhe aus! || Die neuen Schuhe sind mir zu eng. || Sie drücken.,25
a2_1010,A2,"die Schule, -n","the school, -n","die Schule, -n",die,noun,-n,,Meine Tochter geht schon in die Schule. || Die Schule ist gleich hier um die Ecke.,25
a2_1011,A2,"der Schüler, - /","the student, - /","der Schüler, - /",der,noun,- /,,In meinem Kurs sind acht Schülerinnen und fünf,25
a2_1012,A2,"die Schülerin, -nen","the student, -nen","die Schülerin, -nen",die,noun,-nen,,Schüler.,25
a2_1013,A2,schwach,weak,schwach,,word,,,Er ist krank und schwach. || Ich fühle mich sehr schwach. || Die Tabletten sind zu schwach. || Sie helfen nicht.,25
a2_1014,A2,schwanger,pregnant,schwanger,,word,,,Lena ist schwanger. || Sie bekommt im Juli ein Kind.,25
a2_1015,A2,"das Schwein, -e","the pig, -e","das Schwein, -e",das,noun,-e,,Ich esse kein Schweinefleisch.,25
a2_1016,A2,schwer,difficult,schwer,,word,,,Wie schwer ist das Paket? || Das ist eine schwere Arbeit.,25
a2_1017,A2,schwierig,difficult,schwierig,,adjective,,,Die Prüfung war nicht schwierig.,25
a2_1018,A2,das Schwimm-,the swimming,das Schwimm-,das,noun,,,Kommst du mit ins Schwimmbad?,25
a2_1019,A2,"bad, ¨-er","bad, ¨-er","bad, ¨-er",,word,,,,25
a2_1020,A2,"schwimmen,",to swim,"schwimmen,",,word,,,Ich schwimme täglich einen Kilometer.,25
a2_1021,A2,"schwimmt,",swims,"schwimmt,",,word,,ist geschwommen,,25
a2_1022,A2,"der See, -n","the lake, -n","der See, -n",der,noun,-n,,"Morgen fahren wir mal an einen See schwimmen. || Komm, wir fahren an den Bodensee.",25
a2_1023,A2,die See (Sg),the sea (Sg),die See (Sg),die,noun,,,Die See ist heute ruhig. || Wir machen Urlaub an der Nordsee.,25
a2_1024,A2,"sehen, sieht,","see, sees","sehen, sieht,",,word,,hat gesehen,Ich kann dich nicht sehen. || Möchtest du einen Film sehen? || Ich habe Lisa lange nicht gesehen. || Ist sie im Urlaub? || Darf ich mal Ihren Ausweis sehen?,25
a2_1025,A2,die Sehens-,the seeing,die Sehens-,die,noun,,,Welche Sehenswürdigkeiten gibt es in Frankfurt?,25
a2_1026,A2,würdigkeit,worthiness,"würdigkeit, -en",,verb,,-en,,25
a2_1027,A2,sehr,very,sehr,,adverb,,,Danke sehr! || Das Wetter ist heute sehr schön.,25
a2_1028,A2,"die Seife, -n","the soap, -n","die Seife, -n",die,noun,-n,,Hier gibt es keine Seife.,25
a2_1029,A2,"sein, ist, war,","be, is, was","sein, ist, war,",,word,,ist gewesen,Das sind meine Kollegen. || Ich bin Mechaniker. || Die Cola ist kalt. || Mir ist kalt. || Ich bin dreiundzwanzig. || Um halb elf ist Pause. || Frau Berger ist im Urlaub.,25
a2_1030,A2,an sein / aus sein,to be on / to be off,an sein / aus sein,,preposition,,,Das Licht ist noch an/schon aus.,25
a2_1031,A2,auf sein,to be up,auf sein,,preposition,,,Das Fenster ist noch auf.,25
a2_1032,A2,weg sein,be away,weg sein,,word,,,Herr Meier ist schon weg.,25
a2_1033,A2,zu sein,to be,zu sein,,preposition,,,Die Tür ist zu.,25
a2_1034,A2,seit,since,seit,,preposition,,,Ich wohne seit drei Jahren in Köln.,25
a2_1035,A2,"die Seite, -n","the page, -n","die Seite, -n",die,noun,-n,,Öffnen Sie das Kursbuch auf Seite 20. || Das ist die Bachstraße. || Mein Haus ist auf der linken Seite.,25
a2_1036,A2,selbst,himself,selbst,,word,,,"Du musst mir nicht helfen, ich mache das selbst.",25
a2_1037,A2,"die Sendung, -en","the broadcast, -en","die Sendung, -en",die,noun,-en,,Welche Sendungen schaust du gern an? || –Ich mag Sportsendungen. || Diese Sendung ist nicht für Jugendliche unter 18 Jahren.,25
a2_1038,A2,der Service (Sg.),the service (sg.),der Service (Sg.),der,noun,,,Ich bin mit dem Service in der Werkstatt sehr zufrieden. || Rufst du beim Pizza-Service an?,25
a2_1039,A2,"setzen (sich),",to sit down,"setzen (sich),",,word,,,Setz dich doch!,25
a2_1040,A2,"setzt, hat gesetzt","sets, has set","setzt, hat gesetzt",,word,,,,25
a2_1041,A2,sicher,secure,sicher,,word,,,"Dieses Auto ist besonders sicher. || Ich bin ganz sicher, dass er kommt. || Er ist sicher gleich da.",26
a2_1042,A2,"singen, singt,","sing, sings","singen, singt,",,word,,hat gesungen,Er singt gern.,26
a2_1043,A2,"die Situation, -en","the situation, -en","die Situation, -en",die,noun,-en,,"Ich bin in einer schwierigen Situation. || Ich weiß nicht, was ich tun soll. || Lesen Sie die Anzeigen und die Aufgaben 11-15. || Welche Anzeige passt zu welcher Situation?",26
a2_1044,A2,"sitzen, sitzt,","sit, sits","sitzen, sitzt,",,word,,hat/ist gesessen,Wo möchten Sie sitzen? || –Bitte ganz hinten.,26
a2_1045,A2,"der Ski, -, -er","the ski, -, -er","der Ski, -, -er",der,noun,"-, -er",,Gehen wir am Wochenende Ski fahren? || Er kauft sich neue Ski.,26
a2_1046,A2,so,so,so,,word,,,"Sie müssen das so machen! || Fahren Sie bitte nicht so schnell! || Meine Frau ist so groß wie ich. || So, das war‘s/wär‘s!",26
a2_1047,A2,"das Sofa, -s","das Sofa, -s","das Sofa, -s",das,noun,-s,,Das Sofa ist bequem.,26
a2_1048,A2,sofort,immediately,sofort,,word,,,Bitte antworten Sie sofort. || Sie können sich ab sofort für den Kurs anmelden.,26
a2_1049,A2,sogar,even,sogar,,word,,,Heute ist es sehr kalt. || In den Bergen schneit es sogar. || Zu meiner Hochzeit kommen viele Gäste. || Sogar meine Tante aus Kanada kommt.,26
a2_1050,A2,"sollen, soll,","should, should","sollen, soll,",,word,,,Wann soll ich kommen und was soll ich mitbringen?,26
a2_1051,A2,sollte,should,sollte,,word,,,"Und, was hat der Arzt gesagt? || –Ich soll drei Tage im Bett bleiben und viel Tee trinken.",26
a2_1052,A2,"die Sonne, -n","the sun, -n","die Sonne, -n",die,noun,-n,,Die Sonne scheint.,26
a2_1053,A2,sonnig,sunny,sonnig,,adjective,,,Morgen ist das Wetter wieder warm und sonnig.,26
a2_1054,A2,sonst,otherwise,sonst,,word,,,"Haben Sie sonst noch einen Wunsch? || –Nein danke, das ist alles. || Beeil dich, sonst kommen wir zu spät!",26
a2_1055,A2,spannend,exciting,spannend,,word,,,Ich finde den Film sehr spannend.,26
a2_1056,A2,"sparen, spart,","save, save","sparen, spart,",,word,,hat gespart,Ein neues Auto ist sehr teuer. || Ich muss sparen.,26
a2_1057,A2,der Spaß (Sg.),der Spaß (Sg.),der Spaß (Sg.),der,noun,,,Meine Arbeit macht mir Spaß. || Ich will nicht aufräumen. || Das macht mir keinen Spaß. || Viel Spaß!,26
a2_1058,A2,spät,late,spät,,word,,,"Es ist schon spät, ich muss gehen.",26
a2_1059,A2,später,later,später,,word,,,Das können wir später machen.,26
a2_1060,A2,"spazieren gehen,",go for a stroll,"spazieren gehen,",,word,,,Wir gehen sonntags immer spazieren.,26
a2_1061,A2,"geht spazieren,",goes for a walk,"geht spazieren,",,word,,ist spazieren gegangen,,26
a2_1062,A2,der Spazier-,the walking,der Spazier-,der,noun,,,Abends mache ich immer einen Spaziergang.,26
a2_1063,A2,"gang, ¨-e","gear, ¨-e","gang, ¨-e",,word,,,,26
a2_1064,A2,"speichern,",save,"speichern,",,word,,,Sie müssen die Datei speichern.,26
a2_1065,A2,"speichert,",saves,"speichert,",,word,,hat gespeichert,,26
a2_1066,A2,"die Speisekarte, -n","the menu, -n","die Speisekarte, -n",die,noun,-n,,"Entschuldigung, bringen Sie uns bitte die Speisekarte.",26
a2_1067,A2,"das Spiel, -e","the game, -e","das Spiel, -e",das,noun,-e,,Welche Kartenspiele kennen Sie? || Monopoly ist ein sehr bekanntes Spiel.,26
a2_1068,A2,"spielen,",play,"spielen,",,word,,,Die Kinder spielen draußen.,26
a2_1069,A2,"spielt,",plays,"spielt,",,word,,hat gespielt,Spielen Sie Karten? || Jakob spielt Klavier.,26
a2_1070,A2,der Sport (Sg.),the sport (sg.),der Sport (Sg.),der,noun,,,Ich mache viel Sport.,26
a2_1071,A2,sportlich,sporty,sportlich,,adjective,,,Tom ist sehr sportlich.,26
a2_1072,A2,"der Sportplatz, ¨-e","the sports field, ¨-e","der Sportplatz, ¨-e",der,noun,¨-e,,Das Fußballtraining ist um 17 Uhr auf dem Sportplatz.,26
a2_1073,A2,"die Sprache, -n",the languages,"die Sprache, -n",die,noun,-n,,Welche Sprachen sprichst du? || –Ich spreche Englisch und Spanisch.,26
a2_1074,A2,"sprechen,",speak,"sprechen,",,word,,,Kann ich (mit) Herrn Klein sprechen?,26
a2_1075,A2,"spricht,",speaks,"spricht,",,word,,hat gesprochen,,26
a2_1076,A2,die Sprech-,the speaking,die Sprech-,die,noun,,,Frau Doktor Weiß hat von 9:00 bis 12:30 Uhr,26
a2_1077,A2,"stunde, -n",hours,"stunde, -n",,word,,,Sprechstunde.,26
a2_1078,A2,"die Stadt, ¨-e","the city, ¨-e","die Stadt, ¨-e",die,noun,¨-e,,Heidelberg ist eine alte Stadt.,26
a2_1079,A2,"der Stadtplan, ¨-e","the city map, ¨-e","der Stadtplan, ¨-e",der,noun,¨-e,,Haben Sie einen Stadtplan von Salzburg?,26
a2_1080,A2,"der Star, -s","the star, -s","der Star, -s",der,noun,-s,,Diese Sängerin ist ein Star in Deutschland.,26
a2_1081,A2,stark,strong,stark,,word,,,Ich habe starke Kopfschmerzen. || Es regnet stark. || Der Kaffee ist sehr stark.,26
a2_1082,A2,"stattfinden,",take place,"stattfinden,",,word,,,Das Spiel findet auch bei Regen statt.,26
a2_1083,A2,"findet statt,",takes place,"findet statt,",,word,,hat stattgefunden,,26
a2_1084,A2,"stehen, steht,","stand, stands","stehen, steht,",,word,,hat/ist gestanden,Der Bus steht schon an der Haltestelle. || Ich bin Verkäuferin. || In meinem Beruf muss ich viel stehen. || Was steht heute in der Zeitung?,26
a2_1085,A2,"die Stelle, -n","the place, -n","die Stelle, -n",die,noun,-n,,Ich habe eine neue Stelle. || Ich arbeite jetzt bei Mercedes. || Wir treffen uns hier an dieser Stelle.,26
a2_1086,A2,"stellen, stellt,","put, puts","stellen, stellt,",,word,,hat gestellt,Stell die Milch bitte in den Kühlschrank!,26
a2_1087,A2,"sterben, stirbt,","die, die","sterben, stirbt,",,word,,ist gestorben,Herr Müller kommt heute nicht. || Sein Vater ist || gestern gestorben.,26
a2_1088,A2,"der Stiefel, -","the boot, -","der Stiefel, -",der,noun,-,,Wie viel kosten die roten Stiefel?,26
a2_1089,A2,"der Stift, -e","the pen, -e","der Stift, -e",der,noun,-e,,Kannst du mir bitte einen Stift geben? || - Was brauchst du? || Einen Farbstift oder einen Bleistift oder einen Kugelschreiber?,26
a2_1090,A2,das Stipen-,the scholarship,das Stipen-,das,noun,,,"Wenn ich ein gutes Zeugnis habe, bekomme ich",26
a2_1091,A2,dium,dium,"dium, -en",,verb,,-en,ein Stipendium.,26
a2_1092,A2,"der Stock, ¨-e;","the stick, ¨-e;","der Stock, ¨-e;",der,noun,¨-e;,,Unsere Wohnung liegt im ersten Stock.,26
a2_1093,A2,"das Stockwerk, -e","the floor, -e","das Stockwerk, -e",das,noun,-e,,Das Gebäude hat zwanzig Stockwerke.,26
a2_1094,A2,"stören, stört,","disturb, disturb","stören, stört,",,word,,hat gestört,Störe ich? || Darf ich Sie kurz stören? || Mach die Musik leiser! || Sie stört mich.,26
a2_1095,A2,"der Strand, ¨-e","der Strand, ¨-e","der Strand, ¨-e",der,noun,¨-e,,Im Urlaub bin ich am liebsten am Strand.,26
a2_1096,A2,"die Straße, -n","the street, -n","die Straße, -n",die,noun,-n,,In welcher Straße wohnen Sie?,26
a2_1097,A2,die Straßen-,the streets-,die Straßen-,die,noun,,,Fahren wir mit der Straßenbahn oder mit der,26
a2_1098,A2,bahn,train,"bahn, -en",,verb,,-en,U-Bahn?,26
a2_1099,A2,"streiten (sich),",to argue,"streiten (sich),",,word,,,Die Kinder streiten (sich) oft.,26
a2_1100,A2,"streitet,",argues,"streitet,",,word,,hat gestritten,,26
a2_1101,A2,streng,strictly,streng,,word,,,Der Lehrer von meiner Tochter ist sehr streng.,27
a2_1102,A2,der Stress (Sg.),the stress (sg.),der Stress (Sg.),der,noun,,,Ich habe bei der Arbeit viel Stress.,27
a2_1103,A2,stressig,stressful,stressig,,adjective,,,Meine Arbeit ist stressig.,27
a2_1104,A2,"das Stück, -e","the piece, -e","das Stück, -e",das,noun,-e,,Möchten Sie noch ein Stück Kuchen? || Im Theater spielen sie heute das Stück „Romeo und Julia“.,27
a2_1105,A2,"der Student, -en,","the student, -en","der Student, -en,",der,noun,"-en,",,Ich bin Studentin.,27
a2_1106,A2,"die Studentin, -nen","the student, -nen","die Studentin, -nen",die,noun,-nen,,,27
a2_1107,A2,"studieren,",study,"studieren,",,word,,,Ich studiere in Mainz.,27
a2_1108,A2,"studiert,",studied,"studiert,",,word,,hat studiert,,27
a2_1109,A2,das Studium (Sg.),the study (sg.),das Studium (Sg.),das,noun,,,Das Studium dauert drei Jahre.,27
a2_1110,A2,"der Stuhl, ¨-e","the chair, ¨-e","der Stuhl, ¨-e",der,noun,¨-e,,Ist der Stuhl frei?,27
a2_1111,A2,"suchen, sucht,","looking, looking","suchen, sucht,",,word,,hat gesucht,Suchst du etwas? || Ich suche meine Brille. || Wir suchen eine größere Wohnung.,27
a2_1112,A2,super,super,super,,word,,,Der Film ist super. || Er kann super tanzen.,27
a2_1113,A2,"der Supermarkt, ¨-eIch","the supermarket, ¨-eI","der Supermarkt, ¨-eIch",der,noun,¨-eIch,,kaufe oft im Supermarkt ein.,27
a2_1114,A2,"die Suppe, -n","the soup, -n","die Suppe, -n",die,noun,-n,,Schmeckt dir die Suppe?,27
a2_1115,A2,"surfen, surft,","surf, surf","surfen, surft,",,word,,hat/ist gesurft,Ich möchte gern surfen lernen. || Surfst du oft im Internet?,27
a2_1116,A2,süß,sweet,süß,,word,,,Ich finde die Torte zu süß. || Ist das deine Tochter? || Die ist ja süß!,27
a2_1117,A2,die Süßigkeiten,the sweets,die Süßigkeiten,die,noun,,,Welche Süßigkeiten isst du am liebsten?,27
a2_1118,A2,(Pl.),(pl.),(Pl.),,other,,,-Schokolade und Eis.,27
a2_1119,A2,sympathisch,friendly,sympathisch,,adjective,,,Der neue Chef ist sehr sympathisch.,27
a2_1120,A2,"das Tablet, -s","the tablet, -s","das Tablet, -s",das,noun,-s,,"Hast du ein Tablet? || - Nein, ich habe einen Laptop und ein Handy.",27
a2_1121,A2,"die Tablette, -n","the tablet, -n","die Tablette, -n",die,noun,-n,,Du sollst am Abend zwei Tabletten nehmen.,27
a2_1122,A2,"die Tafel, -n","the board, -n","die Tafel, -n",die,noun,-n,,Der Lehrer schreibt das neue Wort an die Tafel.,27
a2_1123,A2,(z. B. Infotafel),(e.g. information board),(z. B. Infotafel),,word,,,Am Eingang gibt es Tafeln mit Informationen. || Die Infotafel ist am Eingang.,27
a2_1124,A2,"tanzen, tanzt,","dance, dance","tanzen, tanzt,",,word,,hat getanzt,Tanzen Sie gern?,27
a2_1125,A2,"die Tasche, -n","the bag, -n","die Tasche, -n",die,noun,-n,,Ich habe die Schlüssel in der Tasche. || Ich habe nicht viel Gepäck. || Nur eine Tasche.,27
a2_1126,A2,das Taschengeld,the pocket money,das Taschengeld,das,noun,,,Wie viel Taschengeld bekommen deine Kinder?,27
a2_1127,A2,(Sg.),(Sg.),(Sg.),,other,,,,27
a2_1128,A2,"die Tasse, -n","the cup, -n","die Tasse, -n",die,noun,-n,,Möchten Sie eine Tasse Kaffee?,27
a2_1129,A2,"(aus)tauschen,",(exchange,"(aus)tauschen,",,word,,,Können wir bitte die Plätze tauschen?,27
a2_1130,A2,"tauscht (aus),",exchanges (exchanges),"tauscht (aus),",,word,,hat (aus)getauscht,Können wir unsere Adressen austauschen?,27
a2_1131,A2,"das Taxi, -s","the taxi, -s","das Taxi, -s",das,noun,-s,,Bitte rufen Sie mir ein Taxi.,27
a2_1132,A2,"das Team, -s","the team, -s","das Team, -s",das,noun,-s,,Ich arbeite gern in einem Team. || Welches Fußballteam findest du am besten?,27
a2_1133,A2,"der Tee, -s","the tea, -s","der Tee, -s",der,noun,-s,,Ich trinke morgens immer Tee.,27
a2_1134,A2,"teilen, teilt,","share, share","teilen, teilt,",,word,,hat geteilt,Wollen wir die Pizza teilen? || Mein Mann und ich teilen uns die Arbeit.,27
a2_1135,A2,"teilnehmen,",participate,"teilnehmen,",,word,,,Ich möchte an dem Tanzkurs teilnehmen.,27
a2_1136,A2,"nimmt teil,",takes part,"nimmt teil,",,word,,hat teilgenommen,,27
a2_1137,A2,"das Telefon, -e","the telephone, -e","das Telefon, -e",das,noun,-e,,Darf ich bitte Ihr Telefon benutzen?,27
a2_1138,A2,"telefonieren,",make a phone call,"telefonieren,",,word,,,Ich muss kurz telefonieren.,27
a2_1139,A2,"telefoniert,",telephoned,"telefoniert,",,word,,hat telefoniert,,27
a2_1140,A2,"der Teller, -","the dish, -","der Teller, -",der,noun,-,,Stell die Teller bitte auf den Tisch! || Möchtest du noch einen Teller Suppe?,27
a2_1141,A2,das Tennis (Sg.),tennis (sg.),das Tennis (Sg.),das,noun,,,Steffi spielt sehr gut Tennis.,27
a2_1142,A2,"der Termin, -e","der Termin, -e","der Termin, -e",der,noun,-e,,Am besten machen wir sofort einen Termin. || Ich habe heute einen Termin bei meiner Zahnärztin.,27
a2_1143,A2,teuer,expensive,teuer,,word,,,Das ist mir zu teuer.,27
a2_1144,A2,"der Text, -e","the text, -e","der Text, -e",der,noun,-e,,Lesen Sie bitte den Text.,27
a2_1145,A2,"das Theater, -","the theater, -","das Theater, -",das,noun,-,,Ich gehe nicht gern ins Theater.,27
a2_1146,A2,"das Thema, -en","the topic, -en","das Thema, -en",das,noun,-en,,Heute heißt unser Thema: „Essen und Trinken“.,27
a2_1147,A2,"das Ticket, -s","the ticket, -s","das Ticket, -s",das,noun,-s,,Wie viel kostet das Ticket?,27
a2_1148,A2,tief,deep,tief,,word,,,"Vorsicht, das Wasser ist tief!",27
a2_1149,A2,"das Tier, -e","the animal, -e","das Tier, -e",das,noun,-e,,Wir dürfen keine Tiere in der Wohnung haben. || Meine Lieblingstiere sind Katzen.,27
a2_1150,A2,"der Tipp, -s","the tip, -s","der Tipp, -s",der,noun,-s,,Kannst du mir einen guten Tipp geben?,27
a2_1151,A2,"der Tisch, -e","the table, -e","der Tisch, -e",der,noun,-e,,Das Essen steht schon auf dem Tisch.,27
a2_1152,A2,"der Titel, -","the title, -","der Titel, -",der,noun,-,,Wie heißt der Film? || - Ich weiß den Titel nicht mehr.,27
a2_1153,A2,"die Toilette, -n","the toilet, -n","die Toilette, -n",die,noun,-n,,"Wo ist die Toilette, bitte?",27
a2_1154,A2,toll,great,toll,,word,,,Der Urlaub war toll.,27
a2_1155,A2,"die Tomate, -n","the tomato, -n","die Tomate, -n",die,noun,-n,,Die Tomate ist noch grün.,27
a2_1156,A2,"der Topf, ¨-e","the pot, ¨-e","der Topf, ¨-e",der,noun,¨-e,,Hast du keinen größeren Topf? || Ich möchte Kartoffeln kochen.,27
a2_1157,A2,"die Torte, -n","the cake, -n","die Torte, -n",die,noun,-n,,Zum Geburtstag backe ich dir eine Torte.,27
a2_1158,A2,tot,dead,tot,,word,,,Meine Großeltern sind schon lange tot.,27
a2_1159,A2,total,total,total,,word,,,Der Film ist total langweilig.,27
a2_1160,A2,"die Tour, -en","the tour, -en","die Tour, -en",die,noun,-en,,Wo kann ich eine Stadttour buchen? || Wir gehen am Wochenende wandern. || Ich kenne eine schöne Tour in den Bergen.,27
a2_1161,A2,"der Tourist, -en,","the tourist, -en","der Tourist, -en,",der,noun,"-en,",,Im Sommer kommen viele Touristen in diese Stadt.,27
a2_1162,A2,"die Touristin, -nen","the tourist, -nen","die Touristin, -nen",die,noun,-nen,,,27
a2_1163,A2,"tragen, trägt,","wear, wears","tragen, trägt,",,word,,hat getragen,"Ich kann den Koffer nicht tragen, er ist zu schwer. || Er trägt heute einen blauen Anzug.",27
a2_1164,A2,"trainieren,",train,"trainieren,",,word,,,Wir trainieren einmal pro Woche im Sportverein.,27
a2_1165,A2,"trainiert,",trained,"trainiert,",,word,,hat trainiert,,27
a2_1166,A2,"das Training, -s","the training, -s","das Training, -s",das,noun,-s,,Das Training ist immer dienstags. || Ich gehe jede Woche zum Training.,27
a2_1167,A2,"der Traum, ¨-e","the dream, ¨-e","der Traum, ¨-e",der,noun,¨-e,,"Ich möchte eine eigene Firma, das ist mein Traum.",27
a2_1168,A2,"träumen,",dream,"träumen,",,word,,,Ich habe schlecht geträumt.,27
a2_1169,A2,"träumt,",dreams,"träumt,",,word,,hat geträumt,Ich träume von einem großen Haus mit Garten.,27
a2_1170,A2,traurig,sad,traurig,,adjective,,,Ich bin sehr traurig. || Meine Katze ist weggelaufen.,27
a2_1171,A2,"treffen (sich),",come together),"treffen (sich),",,word,,,Ich treffe in der Stadt einen Kollegen.,27
a2_1172,A2,"trifft,",hits,"trifft,",,word,,hat getroffen,Wir treffen uns immer freitags.,28
a2_1173,A2,"die Treppe, -n","the stairs, -n","die Treppe, -n",die,noun,-n,,"Ich nehme die Treppe, nicht den Aufzug. || Wo ist die Toilette? || - Die Treppe hoch und dann links.",28
a2_1174,A2,"trinken, trinkt,","drink, drinks","trinken, trinkt,",,word,,hat getrunken,Möchtest du etwas trinken?,28
a2_1175,A2,trocken,dry,trocken,,verb,,,Die Wäsche ist bald trocken.,28
a2_1176,A2,tschüs,bye,tschüs,,word,,,"Tschüs, bis morgen!",28
a2_1177,A2,"das T-Shirt, -s","the T-shirt, -s","das T-Shirt, -s",das,noun,-s,,Haben Sie dieses T-Shirt auch in M?,28
a2_1178,A2,"tun, tut,","do, does","tun, tut,",,word,,hat getan,"Mein Rücken tut weh. || Es tut mir leid, ich kann leider nicht kommen. || Was kann ich für Sie tun?",28
a2_1179,A2,"die Tür, -en","the door, -en","die Tür, -en",die,noun,-en,,Mach bitte die Tür zu!,28
a2_1180,A2,typisch,typical,typisch,,adjective,,,"Diese Musik ist typisch für dieses Land. || Typisch Anna, sie kommt natürlich wieder zu spät.",28
a2_1181,A2,"üben, übt,","practice, practice","üben, übt,",,word,,hat geübt,Ich lerne gerade Gitarre spielen. || Ich übe jeden Tag || zwei Stunden.,28
a2_1182,A2,über,above,über,,preposition,,,Gehen Sie lieber hier über die Straße. || Über uns wohnt Familie Schneider. || Sind Sie über 18?,28
a2_1183,A2,überall,everywhere,überall,,word,,,"Ich habe überall gesucht, aber ich kann meine Brille nicht finden.",28
a2_1184,A2,übermorgen,the day after tomorrow,übermorgen,,verb,,,Morgen habe ich frei. || Ich komme übermorgen wieder ins Büro.,28
a2_1185,A2,"übernachten,",stay overnight,"übernachten,",,word,,,Du kannst bei mir übernachten.,28
a2_1186,A2,"übernachtet,",stayed overnight,"übernachtet,",,word,,hat übernachtet,,28
a2_1187,A2,"übersetzen,",translate,"übersetzen,",,word,,,Können Sie mir den Brief bitte übersetzen?,28
a2_1188,A2,"übersetzt,",translated,"übersetzt,",,word,,hat übersetzt,,28
a2_1189,A2,die Über-,the over-,die Über-,die,noun,,,Ich brauche eine Übersetzung von meinem Zeugnis.,28
a2_1190,A2,setzung,setting,"setzung, -en",,verb,,-en,,28
a2_1191,A2,"überweisen,",transfer,"überweisen,",,word,,,Sie können das Geld auch überweisen.,28
a2_1192,A2,"überweist,",transferred,"überweist,",,word,,hat überwiesen,Ich überweise dir das Geld.,28
a2_1193,A2,"die Uhr, -en","the clock, -en","die Uhr, -en",die,noun,-en,,Es ist vier Uhr. || Geht deine Uhr richtig?,28
a2_1194,A2,um,around,um,,preposition,,,Er kommt um sieben Uhr. || Die Apotheke ist gleich um die Ecke.,28
a2_1195,A2,"umsteigen,",transfer,"umsteigen,",,word,,,Sie müssen in Mannheim umsteigen.,28
a2_1196,A2,"steigt um,",rises,"steigt um,",,word,,ist umgestiegen,,28
a2_1197,A2,"umziehen,",move,"umziehen,",,word,,,Nächsten Monat ziehen wir um.,28
a2_1198,A2,"zieht um,",moves,"zieht um,",,word,,ist umgezogen,,28
a2_1199,A2,sich umziehen,get changed,"sich umziehen,",,verb,,,"Warte bitte, ich muss mich noch umziehen.",28
a2_1200,A2,"zieht sich um,",changes clothes,"zieht sich um,",,word,,,,28
a2_1201,A2,"zog sich um,",changed clothes,"zog sich um,",,word,,hat sich umgezogen,,28
a2_1202,A2,"der Umzug, ¨-e","the move, ¨-e","der Umzug, ¨-e",der,noun,¨-e,,Der Umzug ist nächste Woche.,28
a2_1203,A2,unbedingt,absolutely,unbedingt,,word,,,Ich muss unbedingt mit dir sprechen.,28
a2_1204,A2,und,and,und,,conjunction,,,Ich habe heute und morgen frei. || Ich kaufe ein und mein Mann kocht.,28
a2_1205,A2,"der Unfall, ¨-e","the accident, ¨-e","der Unfall, ¨-e",der,noun,¨-e,,Ich hatte gestern einen Unfall. || Wie ist der Unfall passiert?,28
a2_1206,A2,"die Universität, -en","the university, -en","die Universität, -en",die,noun,-en,,Er studiert an der Universität Freiburg.,28
a2_1207,A2,unten,below,unten,,verb,,,Er wohnt ganz unten im Haus.,28
a2_1208,A2,unter,under,unter,,preposition,,,Unter uns wohnt eine Familie mit drei Kindern.,28
a2_1209,A2,"unterhalten (sich),",talk),"unterhalten (sich),",,word,,,Andreas und Nessrin unterhalten sich.,28
a2_1210,A2,"unterhält,",entertains,"unterhält,",,word,,hat unterhalten,Wir haben uns über das Fußballspiel unterhalten.,28
a2_1211,A2,"die Unterkunft, ¨-e","die Unterkunft, ¨-e","die Unterkunft, ¨-e",die,noun,¨-e,,Ich suche noch eine Unterkunft in Basel. || Kennst du ein günstiges Hotel?,28
a2_1212,A2,"unternehmen,",company,"unternehmen,",,word,,,Wollen wir heute Abend etwas unternehmen?,28
a2_1213,A2,"unternimmt,",undertakes,"unternimmt,",,word,,hat unternommen,,28
a2_1214,A2,der Unterricht (Sg.),the lesson (sg.),der Unterricht (Sg.),der,noun,,,Der Unterricht dauert bis 19 Uhr.,28
a2_1215,A2,"der Unterschied, -e","the difference, -e","der Unterschied, -e",der,noun,-e,,Was ist der Unterschied zwischen den beiden Kursen? || - Die Kurse sind gleich. || Es gibt keinen Unterschied.,28
a2_1216,A2,"unterschreiben,",sign,"unterschreiben,",,word,,,Wo muss ich unterschreiben?,28
a2_1217,A2,"unterschreibt,",signs,"unterschreibt,",,word,,hat unterschrieben,,28
a2_1218,A2,"die Unterschrift,-en","the signature,-en","die Unterschrift,-en",die,noun,-en,,Hier fehlt noch Ihre Unterschrift.,28
a2_1219,A2,"untersuchen,",investigate,"untersuchen,",,word,,,Der Arzt hat mich untersucht.,28
a2_1220,A2,"untersucht,",examined,"untersucht,",,word,,hat untersucht,Der Arzt muss dein Bein untersuchen.,28
a2_1221,A2,"unterwegs sein,",be on the move,"unterwegs sein,",,word,,ist unterwegs,Warte bitte auf mich. || Ich bin unterwegs und || komme gleich.,28
a2_1222,A2,"war unterwegs,",was on the way,"war unterwegs,",,word,,ist unterwegs gewesen,,28
a2_1223,A2,"der Urlaub, -e","the vacation, -e","der Urlaub, -e",der,noun,-e,,Ich nehme im September Urlaub.,28
a2_1224,A2,"verabredet sein,",have an appointment,"verabredet sein,",,word,,ist verabredet,Ich bin mit meiner Freundin verabredet.,28
a2_1225,A2,"war verabredet,",was agreed,"war verabredet,",,word,,ist verabredet gewesen,,28
a2_1226,A2,die Veranstal-,the event,die Veranstal-,die,noun,,,Am Samstag ist unser Restaurant geschlossen. || Wir,28
a2_1227,A2,tung,tung,"tung, -en",,verb,,-en,haben eine Veranstaltung.,28
a2_1228,A2,verbieten /,forbid /,verbieten /,,word,,,Hier ist Rauchen verboten.,28
a2_1229,A2,verboten sein,be forbidden,verboten sein,,word,,,,28
a2_1230,A2,"verdienen,",earn,"verdienen,",,word,,,Ich verdiene 1.500 Euro im Monat.,28
a2_1231,A2,"verdient,",earned,"verdient,",,word,,hat verdient,,28
a2_1232,A2,"der Verein, -e","der Verein, -e","der Verein, -e",der,noun,-e,,Er ist seit vielen Jahren im Verein. || Es gibt einen neuen Sportverein in der Stadt.,28
a2_1233,A2,"vereinbaren,",agree,"vereinbaren,",,word,,,Können wir einen Termin vereinbaren?,28
a2_1234,A2,"vereinbart,",agreed,"vereinbart,",,word,,hat vereinbart,,28
a2_1235,A2,"vergessen,",forget,"vergessen,",,word,,,Ich habe meine Hausaufgaben vergessen.,28
a2_1236,A2,"vergisst,",forgets,"vergisst,",,word,,hat vergessen,Vergiss deinen Arzttermin nicht!,28
a2_1237,A2,"vergleichen,",compare,"vergleichen,",,word,,,Vergleichen Sie die Angebote!,29
a2_1238,A2,"vergleicht,",compares,"vergleicht,",,word,,hat verglichen,Können wir die Antworten vergleichen?,29
a2_1239,A2,"verkaufen,",sell,"verkaufen,",,word,,,Er verkauft sein altes Auto.,29
a2_1240,A2,"verkauft,",sold,"verkauft,",,word,,hat verkauft,,29
a2_1241,A2,der Verkehr (Sg.),traffic (sg.),der Verkehr (Sg.),der,noun,,,Morgens gibt es hier immer viel Verkehr.,29
a2_1242,A2,das Verkehrs-,the traffic,das Verkehrs-,das,noun,,,Welche Verkehrsmittel benutzen Sie oft?,29
a2_1243,A2,"mittel, -","medium, -","mittel, -",,word,,,,29
a2_1244,A2,"verletzen (sich),",injure (oneself),"verletzen (sich),",,word,,,"Sind Sie verletzt? || –Ja, am Bein.",29
a2_1245,A2,"verletzt,",injured,"verletzt,",,word,,hat verletzt,Haben Sie sich verletzt?,29
a2_1246,A2,"verlieben (sich),",fall in love (fall in love),"verlieben (sich),",,word,,,Ich bin total verliebt.,29
a2_1247,A2,"verliebt,",in love,"verliebt,",,word,,hat verliebt,,29
a2_1248,A2,"verlieren,",lose,"verlieren,",,word,,,Ich habe meinen Schlüssel verloren.,29
a2_1249,A2,"verliert,",loses,"verliert,",,word,,hat verloren,Michael hat seine Arbeit verloren. || Wir haben das Fußballspiel verloren.,29
a2_1250,A2,"vermieten,",rent,"vermieten,",,word,,,Die Wohnung ist schon vermietet.,29
a2_1251,A2,"vermietet,",rented,"vermietet,",,word,,hat vermietet,,29
a2_1252,A2,"der Vermieter, - /","the landlord, - /","der Vermieter, - /",der,noun,- /,,Unser Vermieter ist nett.,29
a2_1253,A2,"die Vermieterin, -nen","the landlady, -nen","die Vermieterin, -nen",die,noun,-nen,,,29
a2_1254,A2,"verpassen,","verpassen,","verpassen,",,word,,,Ich habe den Zug verpasst.,29
a2_1255,A2,"verpasst,",missed,"verpasst,",,word,,hat verpasst,,29
a2_1256,A2,"verreisen,",travel,"verreisen,",,word,,,Verreist ihr in den Ferien?,29
a2_1257,A2,"verreist,",traveled,"verreist,",,word,,ist verreist,Frau Doktor Müller ist zur Zeit verreist. || Sie kommt || erst nächste Woche zurück.,29
a2_1258,A2,"verschieben,",move,"verschieben,",,word,,,Leider muss ich den Termin verschieben.,29
a2_1259,A2,"verschiebt,",postpones,"verschiebt,",,word,,hat verschoben,,29
a2_1260,A2,verschieden,different,verschieden,,verb,,,Unsere beiden Kinder sind sehr verschieden. || Ich habe diese Schuhe in verschiedenen Farben.,29
a2_1261,A2,"die Verspätung,-en","the delay,-en","die Verspätung,-en",die,noun,-en,,Unser Zug hat leider 15 Minuten Verspätung.,29
a2_1262,A2,"verstehen,",understand,"verstehen,",,word,,,Können Sie mich verstehen?,29
a2_1263,A2,"versteht,",understands,"versteht,",,word,,hat verstanden,Ich verstehe diese Aufgabe nicht.,29
a2_1264,A2,"versuchen,",attempt,"versuchen,",,word,,,Kann ich es auch einmal versuchen?,29
a2_1265,A2,"versucht,",tried,"versucht,",,word,,hat versucht,Haben Sie es schon einmal mit diesem Mittel || versucht?,29
a2_1266,A2,"der Vertrag, ¨-e","the contract, ¨-e","der Vertrag, ¨-e",der,noun,¨-e,,Ich muss den Vertrag noch unterschreiben.,29
a2_1267,A2,"viel, e",many,"viel, e",,word,,,Ich habe leider nicht viel Zeit. || Viel Spaß! || Im Winter sind viele Leute erkältet.,29
a2_1268,A2,vielleicht,perhaps,vielleicht,,adverb,,,Vielleicht bekomme ich diesen Job. || Er besucht uns vielleicht am Wochenende. || Kannst du mir vielleicht ein bisschen Geld leihen?,29
a2_1269,A2,"der Vogel, ¨-",the bird-,"der Vogel, ¨-",der,noun,¨-,,Nadine mag Vögel. || Morgens singen die Vögel immer laut.,29
a2_1270,A2,voll,full,voll,,adjective,,,Morgens und abends sind die Züge immer sehr voll. || Die Flasche ist noch ganz voll.,29
a2_1271,A2,"der Volleyball, ¨-e","the volleyball, ¨-e","der Volleyball, ¨-e",der,noun,¨-e,,Ich spiele gern Volleyball.,29
a2_1272,A2,von,from,von,,preposition,,,Das Auto von Felix ist kaputt. || Er kommt gerade von Köln/von zu Hause. || Die Brötchen sind leider von gestern.,29
a2_1273,A2,vor,before,vor,,preposition,,,Er ist vor einer Stunde gegangen. || Das Auto steht vor der Tür.,29
a2_1274,A2,vorbei,over,vorbei,,word,,,Die Linie 8 fährt am Krankenhaus vorbei. || Kommst du morgen bei mir vorbei?,29
a2_1275,A2,"vorbereiten,",prepare,"vorbereiten,",,word,,,Morgen mache ich eine Party. || Ich muss noch viel,29
a2_1276,A2,"bereitet vor,",prepares,"bereitet vor,",,word,,hat vorbereitet,dafür vorbereiten. || Ich muss mich auf meine Prüfung vorbereiten.,29
a2_1277,A2,vorgestern,the day before yesterday,vorgestern,,verb,,,Er hat mich vorgestern angerufen.,29
a2_1278,A2,vorher,previously,vorher,,word,,,Ich komme mit ins Café. || Vorher muss ich aber noch zur Bank.,29
a2_1279,A2,vorn(e),in front),vorn(e),,word,,,Bitte vorn(e) einsteigen!,29
a2_1280,A2,"der Vorname, -n","the first name, -n","der Vorname, -n",der,noun,-n,,"Ich heiße Müller, mein Vorname ist Eva.",29
a2_1281,A2,"der Vorschlag, ¨-e","the suggestion, ¨-e","der Vorschlag, ¨-e",der,noun,¨-e,,Was machen wir am Wochenende? || Hast du einen,29
a2_1282,A2,(haben/machen),(have/do),(haben/machen),,word,,,guten Vorschlag? || - Wir können ins Kino gehen. || Was schenken wir Christina zur Hochzeit? || - Wir haben doch schon so viele Vorschläge gemacht.,29
a2_1283,A2,vorsichtig,cautious,vorsichtig,,adjective,,,"Sei vorsichtig! || Du musst vorsichtig fahren, es ist neblig.",29
a2_1284,A2,"vorstellen (sich),",imagine (oneself),"vorstellen (sich),",,word,,,Wir wollen uns kennenlernen. || Können Sie sich,29
a2_1285,A2,"stellt vor,",introduces,"stellt vor,",,word,,hat vorgestellt,bitte vorstellen? || Darf ich Ihnen meine Frau vorstellen?,29
a2_1286,A2,vorwärts,forward,vorwärts,,word,,,Fahren Sie bitte noch ein Stück vorwärts.,29
a2_1287,A2,wach,wach,wach,,word,,,Bist du schon lange wach? || Ich bin noch nicht ganz wach.,29
a2_1288,A2,"der Wagen, –","the car, -","der Wagen, –",der,noun,–,,Wo steht Ihr Wagen? || Im zweiten Wagen ist unser Zugrestaurant.,29
a2_1289,A2,"wählen, wählt,","choose, choose","wählen, wählt,",,word,,hat gewählt,Sie müssen erst eine Null wählen. || Wählen Sie bitte ein Getränk.,29
a2_1290,A2,wahr,true,wahr,,word,,,Das ist (nicht) wahr!,29
a2_1291,A2,wahrscheinlich,probably,wahrscheinlich,,adjective,,,Wahrscheinlich mache ich im Herbst einen Deutschkurs. || Er kommt wahrscheinlich nicht.,29
a2_1292,A2,"der Wald, ¨-er","the forest, ¨-er","der Wald, ¨-er",der,noun,¨-er,,Im Wald ist es ruhig. || Ich gehe gern im Wald spazieren.,29
a2_1293,A2,"wandern,",hike,"wandern,",,word,,,Wir gehen oft wandern.,29
a2_1294,A2,"wandert,",wanders,"wandert,",,word,,ist gewandert,,29
a2_1295,A2,wann,When,wann,,word,,,Wann bist du fertig? || Wann kann ich Sie anrufen?,29
a2_1296,A2,warm,warm,warm,,adjective,,,Hier ist es sehr warm. || Mittags esse ich oft ein warmes Essen. || Ich brauche einen warmen Pullover.,29
a2_1297,A2,"warten,",wait,"warten,",,word,,,Können Sie ein paar Minuten warten?,29
a2_1298,A2,"wartet,",waits,"wartet,",,word,,hat gewartet,Auf wen warten Sie?,29
a2_1299,A2,warum,Why,warum,,word,,,Warum kommt er nicht?,29
a2_1300,A2,was,What,was,,word,,,Was ist das? || Was möchten Sie?,30
a2_1301,A2,"die Wäsche, -n","the laundry, -n","die Wäsche, -n",die,noun,-n,,Ich muss noch Wäsche waschen.,30
a2_1302,A2,"waschen (sich),",wash (oneself),"waschen (sich),",,word,,,Wo kann ich mir die Hände waschen?,30
a2_1303,A2,"wäscht,",washes,"wäscht,",,word,,hat gewaschen,,30
a2_1304,A2,das Wasser (Sg.),the water (sg.),das Wasser (Sg.),das,noun,,,"Ein Glas Wasser, bitte. || Gibt es hier kein warmes Wasser?",30
a2_1305,A2,"die Webseite, -n","the website, -n","die Webseite, -n",die,noun,-n,,Es gibt viele Webseiten mit Grammatikübungen.,30
a2_1306,A2,"wechseln,",change,"wechseln,",,word,,,Wir müssen den Reifen wechseln.,30
a2_1307,A2,"wechselt,",changes,"wechselt,",,word,,hat gewechselt,Können Sie mir zehn Dollar wechseln?,30
a2_1308,A2,"wecken,",wake up,"wecken,",,word,,,Bitte wecken Sie mich morgen früh um fünf.,30
a2_1309,A2,"weckt,",awakens,"weckt,",,word,,hat geweckt,,30
a2_1310,A2,weg/weg-,away/away-,weg/weg-,,word,,,Meine Brille ist weg. || Ich finde sie nicht mehr.,30
a2_1311,A2,(wegbringen/,(take away/,(wegbringen/,,word,,,Bringst du bitte den Müll weg?,30
a2_1312,A2,-fahren/-gehen/,-drive/-walk/,-fahren/-gehen/,,word,,,Können Sie Ihr Auto bitte wegfahren?,30
a2_1313,A2,-laufen/-machen/,-run/-do/,-laufen/-machen/,,word,,,Ich gehe jetzt weg.,30
a2_1314,A2,-nehmen/-werfen),-take/throw),-nehmen/-werfen),,word,,,Unser Hund ist weggelaufen. || Kannst du das bitte wegmachen? || Warum hast du dem Kind den Ball weggenommen? || Sie können diese Papiere wegwerfen.,30
a2_1315,A2,"der Weg, -e","the way, -e","der Weg, -e",der,noun,-e,,Das ist der kürzeste Weg. || Können Sie mir bitte den Weg zum Flughafen beschreiben?,30
a2_1316,A2,wegen,because of,wegen,,verb,,,Wegen seiner Arbeit kann er leider nicht kommen. || Ich rufe wegen meiner Tochter an.,30
a2_1317,A2,"wehtun,",hurt,"wehtun,",,word,,,Wo tut es weh?,30
a2_1318,A2,"tut weh,",hurts,"tut weh,",,word,,hat wehgetan,Ich will dir nicht wehtun.,30
a2_1319,A2,weiblich,female,weiblich,,adjective,,,Wählen Sie bitte: „weiblich“ oder „männlich“.,30
a2_1320,A2,weich,soft,weich,,word,,,Ich möchte zum Frühstück ein weiches Ei. || Das Bett im Hotel war zu weich.,30
a2_1321,A2,weil,because,weil,,conjunction,,,"Ich kann nicht kommen, weil ich arbeiten muss.",30
a2_1322,A2,"der Wein, -e","the wine, -e","der Wein, -e",der,noun,-e,,"Nein danke, ich möchte keinen Wein.",30
a2_1323,A2,"weinen, weint,","cry, cry","weinen, weint,",,word,,hat geweint,Warum weint das Baby? || Weine bitte nicht!,30
a2_1324,A2,weit,far,weit,,word,,,Zum Bahnhof ist es nicht weit.,30
a2_1325,A2,weiter,further,weiter,,word,,,Der Bus fährt nicht weiter.,30
a2_1326,A2,(z. B. weiter-,(e.g. continue-,(z. B. weiter-,,word,,,Können wir jetzt weitermachen?,30
a2_1327,A2,machen/-helfen),do/help),machen/-helfen),,word,,,"Entschuldigung, können Sie mir bitte weiterhelfen?",30
a2_1328,A2,"welcher, -e, -s","which, -e, -s","welcher, -e, -s",,word,,,Welcher Tag ist heute? || Welchen Kurs möchtest du machen? || Welche Bluse nehmen Sie? || Welches Buch suchst du?,30
a2_1329,A2,"die Welt, -en","the world, -en","die Welt, -en",die,noun,-en,,Ich möchte gern einmal um die Welt reisen. || Die Studenten kommen aus vielen Ländern. || Sie kommen aus der ganzen Welt.,30
a2_1330,A2,"wenig, -e",few,"wenig, -e",,adjective,,,Ich habe leider nur wenig verstanden. || Er verdient wenig.,30
a2_1331,A2,wenigstens,at least,wenigstens,,word,,,"Ich habe keinen Hunger. || - Ach, essen Sie wenigstens ein Stück Kuchen.",30
a2_1332,A2,wenn,if,wenn,,conjunction,,,"Wenn ich nicht arbeiten muss, komme ich.",30
a2_1333,A2,"wer (wen, wem)","who (whom, to whom)","wer (wen, wem)",,word,,,Wer ist das?,30
a2_1334,A2,"werden, wird,","will, will","werden, wird,",,word,,ist geworden,Mein Sohn will Arzt werden. || Das Wetter am Wochenende wird gut. || Das haben sie im Radio gesagt.,30
a2_1335,A2,"die Werkstatt, ¨-en","the workshop, ¨-en","die Werkstatt, ¨-en",die,noun,¨-en,,Mein Auto ist kaputt. || Es ist in der Werkstatt.,30
a2_1336,A2,"der Wettbewerb, -eMein","the competition, -eMein","der Wettbewerb, -eMein",der,noun,-eMein,,Sohn hat bei einem Wettbewerb gewonnen.,30
a2_1337,A2,das Wetter (Sg.),the weather (sg.),das Wetter (Sg.),das,noun,,,Heute ist das Wetter gut: Es ist sonnig und warm. || Wir hatten im Urlaub schlechtes Wetter.,30
a2_1338,A2,wichtig,important,wichtig,,adjective,,,"Es ist wichtig, dass Sie auch kommen. || Morgen habe ich einen wichtigen Termin.",30
a2_1339,A2,wie,How,wie,,word,,,Wie heißt du? || Wie bitte? || Können Sie das bitte wiederholen? || Er schreibt wie ein Kind. || Meine Frau ist so groß wie ich. || Wie groß ist die Wohnung? || Wie soll ich das machen? || Wie lange bist du schon hier?,30
a2_1340,A2,"wie viel, -e","how much, -e","wie viel, -e",,word,,,Wie viel kostet diese Hose? || Wie viele Kinder haben Sie?,30
a2_1341,A2,wieder,again,wieder,,word,,,Stefan kann wieder zum Fußballtraining kommen. || Geht es dir wieder besser? || Du kommst schon wieder zu spät. || Wann kommst du wieder?,30
a2_1342,A2,"wiederholen,",repeat,"wiederholen,",,word,,,Können Sie das bitte wiederholen?,30
a2_1343,A2,"wiederholt,",repeated,"wiederholt,",,word,,hat wiederholt,,30
a2_1344,A2,"das Wiederhören, -","hearing again, -","das Wiederhören, -",das,noun,-,,Wir müssen jetzt Schluss machen. || Also auf Wiederhören!,30
a2_1345,A2,"das Wiedersehen, -","the reunion, -","das Wiedersehen, -",das,noun,-,,Auf Wiedersehen!,30
a2_1346,A2,willkommen,welcome,willkommen,,verb,,,Herzlich willkommen in Berlin!,30
a2_1347,A2,"der Wind, -e","the wind, -e","der Wind, -e",der,noun,-e,,Der Wind ist kalt.,30
a2_1348,A2,windig,windy,windig,,adjective,,,Heute ist es sehr windig.,30
a2_1349,A2,wirklich,really,wirklich,,adjective,,,Du glaubst mir nicht? || Es ist aber wirklich so.,30
a2_1350,A2,"wissen, weiß,","know, know","wissen, weiß,",,word,,hat gewusst,"Weißt du, wie der Hausmeister heißt? || Woher wissen Sie das?",30
a2_1351,A2,"der Witz, -e","the joke, -e","der Witz, -e",der,noun,-e,,Wir haben Witze erzählt und viel gelacht.,30
a2_1352,A2,witzig,funny,witzig,,adjective,,,Warum lachst du? || Ich finde das nicht witzig.,30
a2_1353,A2,wo,where,wo,,word,,,Wo waren Sie im Urlaub? || - In Frankreich. || Wo ist meine Uhr? || Wo sind Sie geboren?,30
a2_1354,A2,woher,from where,woher,,word,,,Woher kommen Sie? || Woher wissen Sie das?,30
a2_1355,A2,wohin,where,wohin,,word,,,Wohin fährt dieser Bus? || - Nach Dresden. || Wohin wollen Sie am Wochenende gehen?,30
a2_1356,A2,"wohnen, wohnt,","live, lives","wohnen, wohnt,",,word,,hat gewohnt,Ich wohne in Kiel.,30
a2_1357,A2,"die Wohnung, -en","the apartment, -en","die Wohnung, -en",die,noun,-en,,Haben Sie schon eine neue Wohnung gefunden? || Meine Wohnung ist sehr hell.,30
a2_1358,A2,"das Wohnzimmer, -","the living room, -","das Wohnzimmer, -",das,noun,-,,Die Kinder sitzen im Wohnzimmer und sehen fern.,30
a2_1359,A2,"die Wolke, -n","the cloud, -n","die Wolke, -n",die,noun,-n,,Heute gibt es viele Wolken.,31
a2_1360,A2,"wollen, will,","want, want","wollen, will,",,word,,,Wollen Sie einen Kaffee trinken?,31
a2_1361,A2,"wollte,",wanted,"wollte,",,word,,hat gewollt,,31
a2_1362,A2,(hat wollen als Modalverb),(has want as a modal verb),(hat wollen als Modalverb),,word,,,,31
a2_1363,A2,"der Workshop, -s","the workshop, -s","der Workshop, -s",der,noun,-s,,Das war ein toller Workshop. || Ich habe viel gelernt. || Am Freitag gibt es einen Computer-Workshop in meiner Firma.,31
a2_1364,A2,"das Wort,¨-er","the word,¨-er","das Wort,¨-er",das,noun,¨-er,,Ich kenne das Wort nicht. || Ich muss das Wort im Wörterbuch suchen.,31
a2_1365,A2,wunderbar,wonderful,wunderbar,,adjective,,,Diese Schokolade schmeckt wunderbar. || Wir hatten im Urlaub wunderbares Wetter.,31
a2_1366,A2,"der Wunsch, ¨-e","the desire, ¨-e","der Wunsch, ¨-e",der,noun,¨-e,,"Ich wünsche Ihnen alles Gute! || Sie wünschen? || –Ich möchte ein halbes Kilo Äpfel, bitte. || Haben Sie noch einen Wunsch? || Was ist dein größter Wunsch?",31
a2_1367,A2,wünschen,wish,wünschen,,verb,,,Ich wünsche mir eine Kamera zum Geburtstag.,31
a2_1368,A2,"die Wurst, ¨-e","the sausage, ¨-e","die Wurst, ¨-e",die,noun,¨-e,,"Eine Wurst mit Pommes, bitte.",31
a2_1369,A2,"die Zahl, -en",the numbers,"die Zahl, -en",die,noun,-en,,Können Sie die Zahl bitte wiederholen?,31
a2_1370,A2,"zahlen, zahlt,","pay, pay","zahlen, zahlt,",,word,,hat gezahlt,"Entschuldigung, zahlen bitte!",31
a2_1371,A2,"der Zahn, ¨-e","the tooth, ¨-e","der Zahn, ¨-e",der,noun,¨-e,,Der Zahn tut mir schon seit einer Woche weh.,31
a2_1372,A2,"zeichnen,",draw,"zeichnen,",,word,,,Caterina kann gut zeichnen. || Sieh mal das Bild hier.,31
a2_1373,A2,"zeichnet,",draws,"zeichnet,",,word,,hat gezeichnet,,31
a2_1374,A2,"zeigen, zeigt,","show, shows","zeigen, zeigt,",,word,,hat gezeigt,Können Sie mir bitte den Weg zum Bahnhof zeigen?,31
a2_1375,A2,"die Zeit, -en","the time, -en","die Zeit, -en",die,noun,-en,,Ich habe heute keine Zeit.,31
a2_1376,A2,"die Zeitschrift, -en","the magazine, -en","die Zeitschrift, -en",die,noun,-en,,Diese Zeitschrift kauft Andrea jede Woche.,31
a2_1377,A2,"die Zeitung, -en","the newspaper, -en","die Zeitung, -en",die,noun,-en,,Ich lese manchmal Zeitung. || Wo ist die Zeitung von heute?,31
a2_1378,A2,"das Zelt, -e","das Zelt, -e","das Zelt, -e",das,noun,-e,,Im Sommer schlafen wir manchmal im Zelt.,31
a2_1379,A2,"das Zentrum, -en","the center, -en","das Zentrum, -en",das,noun,-en,,"Der Bahnhof ist im Stadtzentrum. || Wohnst du im Zentrum? || - Nein, ich wohne nicht direkt in der Stadt.",31
a2_1380,A2,"der Zettel, -","the note, -","der Zettel, -",der,noun,-,,Hast du einen Zettel für mich? || Ich muss etwas notieren. || Schreiben Sie Ihre Telefonnummer bitte auf den Zettel.,31
a2_1381,A2,"das Zeugnis, -se","the testimony, -se","das Zeugnis, -se",das,noun,-se,,Morgen bekommen die Kinder ihr Zeugnis.,31
a2_1382,A2,"(an-)/(aus)ziehen,",pull (on)/(off).,"(an-)/(aus)ziehen,",,word,,,Ich ziehe (mir) eine Jacke an.,31
a2_1383,A2,"zieht (an/aus),",pulls (on/off),"zieht (an/aus),",,word,,,Er hat sein T-Shirt ausgezogen und ein Hemd,31
a2_1384,A2,hat/ist,has/is,hat/ist,,word,,,angezogen.,31
a2_1385,A2,(an/aus)gezogen,pulled (on/off).,(an/aus)gezogen,,verb,,,Die Nachbarn sind am Wochenende ausgezogen.,31
a2_1386,A2,"das Ziel, -e","das Ziel, -e","das Ziel, -e",das,noun,-e,,John läuft sehr schnell. || Er war als erster am Ziel. || Was ist dein Ziel im Leben?,31
a2_1387,A2,"das Zimmer, -","the room, -","das Zimmer, -",das,noun,-,,Das Zimmer ist am größten. || Mach im Schlafzimmer das Fenster zu! || Die Wohnung hat drei Zimmer. || Ich habe im Hotel ein Zimmer bestellt.,31
a2_1388,A2,"der Zirkus, -se","the circus, -se","der Zirkus, -se",der,noun,-se,,Heute gehen wir mit den Kindern in den Zirkus.,31
a2_1389,A2,"die Zitrone, -n","the lemon, -n","die Zitrone, -n",die,noun,-n,,Ich trinke den Tee mit Zitrone. || Lucia mag Zitroneneis.,31
a2_1390,A2,"der Zoo, -s","the zoo, -s","der Zoo, -s",der,noun,-s,,Am Sonntag gehen wir in den Zoo.,31
a2_1391,A2,zu,to,zu,,preposition,,,Der Bus fährt zum Bahnhof. || Ich gehe zu Fuß. || Ich bin zu Hause. || Das Kleid ist mir zu teuer. || Ich trinke zum Essen ein Bier.,31
a2_1392,A2,der Zucker (Sg.),the sugar (sg.),der Zucker (Sg.),der,noun,,,Trinken Sie den Tee mit oder ohne Zucker?,31
a2_1393,A2,zuerst,first,zuerst,,word,,,"Zuerst müsst ihr die Hausaufgaben machen, dann könnt ihr spielen. || Zuerst hat mir die Arbeit gar nicht gefallen. || Jetzt geht es besser.",31
a2_1394,A2,zufrieden,satisfied,zufrieden,,verb,,,"Ich bin mit der Wohnung zufrieden. || Sie ist nicht groß, aber sie hat einen Balkon.",31
a2_1395,A2,"der Zug, ¨-e","the train, ¨-e","der Zug, ¨-e",der,noun,¨-e,,Ich fahre gern mit dem Zug.,31
a2_1396,A2,"zuhören, hört zu,","listen, listen","zuhören, hört zu,",,word,,hat zugehört,Hör mir doch mal zu! || Ich rede mit dir.,31
a2_1397,A2,zuletzt,last,zuletzt,,word,,,Wir haben uns vor drei Jahren zuletzt gesehen. || Diese Aufgabe machen wir zuletzt.,31
a2_1398,A2,zum Beispiel,for example,zum Beispiel,,word,,,"Mein Freund hat viele Hobbys, zum Beispiel Kochen, Lesen und Tanzen.",31
a2_1399,A2,"zumachen,",close,"zumachen,",,word,,,Machst du bitte das Fenster zu?,31
a2_1400,A2,"macht zu,",closes,"macht zu,",,word,,hat zugemacht,,31
a2_1401,A2,zurück,back,zurück,,word,,,"Eine Fahrkarte nach Frankfurt und zurück, bitte.",31
a2_1402,A2,zurück-,back-,zurück-,,word,,,Fahrt ihr nach der Party zurück nach Hause?,31
a2_1403,A2,"(fahren, geben,","(drive, give","(fahren, geben,",,word,,,Wann muss ich das Buch zurückgeben?,31
a2_1404,A2,"gehen, kommen,","go, come","gehen, kommen,",,word,,,Wir gehen wieder zurück.,31
a2_1405,A2,laufen),run),laufen),,word,,,Wann kommst du zurück? || Ich habe mein Buch vergessen. || Ich laufe schnell nach Hause zurück.,31
a2_1406,A2,zusammen,together,zusammen,,verb,,,"Wollen wir zusammen essen gehen? || Zahlen, bitte. || –Zusammen oder getrennt? || Das macht zusammen 10 Euro 80.",31
a2_1407,A2,zwischen,between,zwischen,,verb,,,Heidelberg liegt zwischen Frankfurt und Stuttgart. || Zwischen acht und zehn Uhr bin ich zu Hause.,31
a2_1408,A2,Dachauer Straße,Dachauer Street,Dachauer Straße,,noun,,,122,32
a2_1409,A2,80637 München,80637 Munich,80637 München,,verb,,,,32
b1_0001,B1,2 Alphabetischer,2 Alphabetical,2 Alphabetischer,,other,,,Wortschatz,16
b1_0002,B1,ab,away,ab 1.,,preposition,,,Die Fahrt kostet ab Hamburg 200 Euro. || Ab nächster Woche bleibt unser Geschäft samstags geschlossen. || Mein Bruder besucht uns ab und zu.,16
b1_0003,B1,"abbiegen, biegt ab,","turn, turn","abbiegen, biegt ab,",,word,,,An der nächsten Kreuzung müssen Sie,16
b1_0004,B1,bog ab,turned off,"bog ab, ist abgebogen",,verb,,ist abgebogen,links abbiegen.,16
b1_0005,B1,"die Abbildung, -en","the illustration, -en","die Abbildung, -en",die,noun,-en,,"Auf der Abbildung sehen Sie, wie man das Gerät einschaltet.",16
b1_0006,B1,"das Abenteuer, -","the adventure, -","das Abenteuer, - 1.",das,noun,- 1.,,Unser Urlaub war ein tolles Abenteuer. || Die Kinder lieben Aben- teuergeschichten.,16
b1_0007,B1,aber,but,aber 1.,,conjunction,,,"Heute kann ich nicht, aber morgen ganz bestimmt. || Es lag sehr viel Schnee, aber Enzo ist trotzdem mit dem Motorrad gefahren. || Wir haben nur eine kleine Wohnung, sind aber damit zufrieden. || Es war sehr schön. || Jetzt muss ich aber gehen. || Ich würde gerne kommen, aber es geht leider nicht. || Darf ich dich zu einem Kaffee einladen? || – Aber ja, sehr gern. || Du spielst aber gut Klavier.",16
b1_0008,B1,"abfahren, fährt ab,","depart, depart","abfahren, fährt ab,",,word,,,Unser Zug ist pünktlich abgefahren.,16
b1_0009,B1,fuhr ab,drove off,"fuhr ab, ist abgefahren",,verb,,ist abgefahren,,16
b1_0010,B1,"die Abfahrt, -en","the departure, -en","die Abfahrt, -en",die,noun,-en,,Es bleiben uns noch zwanzig Minuten bis zur Abfahrt.,16
b1_0011,B1,"der Abfall, ¨-e","the waste, ¨-e","der Abfall, ¨-e",der,noun,¨-e,,Werfen Sie den Bioabfall bitte nicht zum normalen Müll.,16
b1_0012,B1,"der Abfalleimer, -","the trash can, -","der Abfalleimer, -",der,noun,-,,Wirf das bitte in den Abfalleimer!,16
b1_0013,B1,Abgase (Pl.),exhaust gases (pl.),Abgase (Pl.),,noun,,,Abgase aus Industrie und Haushalten verschmutzen die Luft.,16
b1_0014,B1,"abgeben, gibt ab, gab ab,","give in, give in, give in","abgeben, gibt ab, gab ab,",,word,,hat abgegeben,Ich soll dieses Päckchen bei Herrn || Müller abgeben.,16
b1_0015,B1,"abhängen, hängt ab, hing","depend, depends, hung","abhängen, hängt ab, hing",,word,,,Vielleicht bleiben wir ein paar Tage,16
b1_0016,B1,"ab, hat abgehangen (von)","from, has depended (on)","ab, hat abgehangen (von)",,preposition,,,"länger, das hängt vom Wetter ab.",16
b1_0017,B1,abhängig,dependent,abhängig,,adjective,,,Gregor ist finanziell von seinen Eltern abhängig.,16
b1_0018,B1,"abheben, hebt ab, hob ab,","take off, take off, take off","abheben, hebt ab, hob ab,",,word,,hat abgehoben,Für die Reise habe ich 500 Euro von || meinem Konto abgehoben.,16
b1_0019,B1,"abholen, holt ab, holte ab,","pick up, picks up, picked up","abholen, holt ab, holte ab,",,word,,hat abgeholt,Meine Freundin hat mich vom Bahnhof || abgeholt.,16
b1_0020,B1,"abschreiben, schreibt ab,","write off, write off","abschreiben, schreibt ab,",,word,,,Er hat die Hausaufgaben von mir,16
b1_0021,B1,"schrieb ab,",wrote off,"schrieb ab,",,word,,hat abgeschrieben,abgeschrieben.,16
b1_0022,B1,"das Abitur (D)→A, CH:","the Abitur (D)→A, CH:","das Abitur (D)→A, CH:",das,noun,,,Meine Tochter hat gerade Abitur,16
b1_0023,B1,Matura,Matura,Matura,,noun,,,gemacht.,16
b1_0024,B1,"ablehnen, lehnt ab,","reject, reject","ablehnen, lehnt ab,",,word,,,"Er hat mein Angebot, ihm zu helfen,",16
b1_0025,B1,"lehnte ab, hat abgelehnt","refused, refused","lehnte ab, hat abgelehnt",,word,,,abgelehnt.,16
b1_0026,B1,"abmachen, macht ab,","cancel, cancel","abmachen, macht ab,",,word,,,"Wir hatten doch abgemacht, dass du",16
b1_0027,B1,"machte ab, hat abgemacht","made a deal, made a deal","machte ab, hat abgemacht",,word,,,die Getränke besorgst.,16
b1_0028,B1,"abnehmen, nimmt ab,","decrease, decrease","abnehmen, nimmt ab, 1.",,word,,,Morgen können wir den Verband,16
b1_0029,B1,"nahm ab,","nahm ab,","nahm ab,",,word,,hat abgenommen,abnehmen. || Ich habe zehn Kilo abgenommen.,16
b1_0030,B1,"abonnieren, abonniert,","subscribe, subscribed","abonnieren, abonniert,",,word,,,Diese Zeitschrift würde ich gerne,16
b1_0031,B1,"abonnierte, hat abonniert","subscribed, has subscribed","abonnierte, hat abonniert",,word,,,abonnieren.,16
b1_0032,B1,"das Abonnement, -s/-e","the subscription, -s/-e","das Abonnement, -s/-e",das,noun,-s/-e,,Ich habe das Abonnement gekündigt.,16
b1_0033,B1,"absagen, sagt ab, sagte","cancel, cancel, said","absagen, sagt ab, sagte",,word,,,"Ich muss unser Treffen leider absagen,",16
b1_0034,B1,"ab, hat abgesagt","off, canceled","ab, hat abgesagt",,preposition,,,weil ich krank geworden bin.,16
b1_0035,B1,"der Abschluss, ¨-e","the conclusion, ¨-e","der Abschluss, ¨-e",der,noun,¨-e,,Ein guter Schulabschluss ist sehr wichtig.,16
b1_0036,B1,"der Abschnitt, -e","the section, -e","der Abschnitt, -e",der,noun,-e,,Lesen Sie bitte den zweiten Abschnitt.,16
b1_0037,B1,"der Absender, -","the sender, -","der Absender, -",der,noun,-,,Schicken Sie das Paket an den,16
b1_0038,B1,"die Absenderin, -nen","the sender, -nen","die Absenderin, -nen",die,noun,-nen,,Absender zurück.,16
b1_0039,B1,"die Absicht, -en","the intention, -en","die Absicht, -en 1.",die,noun,-en 1.,,Entschuldigen Sie bitte. || Meine Tochter hat das nicht mit Absicht gemacht. || Hast du die Absicht zu studieren?,16
b1_0040,B1,absolut,absolutely,absolut 1.,,word,,,"Was Sie da sagen, ist absolut falsch. || Ich habe absolutes Vertrauen zu dir.",16
b1_0041,B1,"abstimmen, stimmt ab, Lasst","vote, vote, let","abstimmen, stimmt ab, Lasst",,word,,,uns über diesen Punkt abstimmen.,16
b1_0042,B1,"stimmte ab,",voted,"stimmte ab,",,word,,hat abgestimmt,,16
b1_0043,B1,"die Abteilung, -en","the department, -en","die Abteilung, -en",die,noun,-en,,Meine Freundin arbeitet in der Abteilung von Frau Kaufmann.,16
b1_0044,B1,"der Abwart, -e","the caretaker, -e","der Abwart, -e",der,noun,-e,,"Der Abwart hat mir geholfen, den",16
b1_0045,B1,"die Abwartin, -nen (CH) →","the waiting woman, -nen (CH) →","die Abwartin, -nen (CH) →",die,noun,-nen (CH) →,,Schrank in die Wohnung zu tragen.,16
b1_0046,B1,"D, A: Hausmeister","D, A: caretaker","D, A: Hausmeister",,noun,,,,16
b1_0047,B1,abwärts,down,abwärts,,word,,,Von dort führt der Weg abwärts ins Tal.,16
b1_0048,B1,"abwaschen, wäscht ab,","wash off, washes off","abwaschen, wäscht ab,",,word,,,Ich muss noch das Geschirr abwaschen.,16
b1_0049,B1,"wusch ab,",washed off,"wusch ab,",,word,,hat abgewaschen,,16
b1_0050,B1,abwesend,absent,abwesend,,word,,,Herr Huber ist bis zum 25. || April abwesend.,16
b1_0051,B1,"achten, achtet, achtete,","pay attention, pay attention, pay attention","achten, achtet, achtete,",,word,,hat geachtet (auf),"Achten Sie bitte darauf, dass Sie || abschließen, wenn Sie gehen.",16
b1_0052,B1,Achtung!,Danger!,Achtung!,,noun,,,"Achtung, hier endet die Straße!",17
b1_0053,B1,"die Adresse, -n","the address, -n","die Adresse, -n",die,noun,-n,,Hast du schon meine neue Adresse?,17
b1_0054,B1,ähnlich,similar,ähnlich 1.,,adjective,,,Emilia ist in einer ganz ähnlichen Situation wie ich. || Oleg sieht seinem Bruder sehr ähnlich.,17
b1_0055,B1,die Ahnung,the hunch,die Ahnung,die,noun,,,"Ich hatte keine Ahnung, dass du heute Geburtstag hast.",17
b1_0056,B1,"die Aktion, -en","the action, -en","die Aktion, -en",die,noun,-en,,Die Stadt sollte eine Aktion für Familien planen.,17
b1_0057,B1,aktiv,active,aktiv,,word,,,Ich bin sehr aktiv und mache viel Sport.,17
b1_0058,B1,"die Aktivität, -en","the activity, -en","die Aktivität, -en",die,noun,-en,,In den Ferien bietet die Stadt für Kinder verschiedene Freizeitaktiv- itäten.,17
b1_0059,B1,aktuell,current,aktuell,,word,,,Umweltschutz ist ein aktuelles Thema.,17
b1_0060,B1,"akzeptieren, akzeptiert,","accept, accepted","akzeptieren, akzeptiert,",,word,,,Ich kann diese Bedingungen nicht,17
b1_0061,B1,"akzeptierte, hat akzeptiert","accepted, has accepted","akzeptierte, hat akzeptiert",,word,,,akzeptieren.,17
b1_0062,B1,"der Alarm, -e","the alarm, -e","der Alarm, -e",der,noun,-e,,Bei Feueralarm dürfen Sie die Aufzüge nicht benutzen.,17
b1_0063,B1,der Alkohol,the alcohol,der Alkohol 1.,der,noun,,,"Du musst die Wunde mit Alkohol reinigen. || Nein, danke! || Ich trinke keinen Alkohol.",17
b1_0064,B1,all-,all-,all- 1.,,word,,,"Sind alle Kinder da? || Sonst noch (et)was? || – Nein, danke. || Das ist alles. || Alles Gute!",17
b1_0065,B1,allein,alone,allein 1.,,word,,,"Ich gehe nicht gern allein spazieren. || Soll ich Ihnen helfen? || – Danke, ich schaffe es schon allein. || Es war sehr teuer. || Allein das Essen hat schon über 50 Euro gekostet.",17
b1_0066,B1,aller-,all-,aller- 1.,,word,,,"Am allerbesten ist es, wenn du dich ins Bett legst und lange schläfst. || Dann wirst du schnell wieder gesund. || Das ist das Allerschönste, was ich je gesehen habe.",17
b1_0067,B1,allerdings,however,allerdings,,word,,,"Wir können uns morgen treffen, allerdings habe ich erst ab Mittag Zeit.",17
b1_0068,B1,allgemein,generally,allgemein 1.,,word,,,"Wir haben nur über allgemeine Probleme gesprochen. || Es ist allgemein bekannt, dass man hier gut essen kann. || Im Allgemeinen bin ich mit meiner Arbeit sehr zufrieden.",17
b1_0069,B1,der Alltag,the everyday,der Alltag,der,noun,,,"Das ist mein Alltag: putzen, waschen, kochen.",17
b1_0070,B1,alltäglich1.,everyday1.,alltäglich1.,,word,,,Das alltägliche Leben ist manchmal langweilig. || Der Roman erzählt eine ganz alltägliche Geschichte.,17
b1_0071,B1,"das Alphabet, -e","das Alphabet, -e","das Alphabet, -e",das,noun,-e,,Wie viele Buchstaben hat das Alphabet in Ihrer Sprache?,17
b1_0072,B1,als,as,als 1.,,conjunction,,,"Als mein Mann kam, war die Party schon zu Ende. || Sie können sich sowohl persönlich als auch im Internet anmelden. || Meine Schwester ist älter als ich. || Es ist später, als ich dachte.",17
b1_0073,B1,als ob,as if,als ob,,conjunction,,,"Er tut so, als ob wir nie darüber gesprochen hätten.",17
b1_0074,B1,also,so,also 1.,,word,,,"Also, die Sache ist so: … || Irina hat Urlaub. || Sie kann uns also helfen. || Also wirklich, jetzt reicht es.",17
b1_0075,B1,alt,old,alt 1.,,word,,,Wie alt sind Sie? || Maria ist eine alte Freundin von mir.,17
b1_0076,B1,das Alter,the age,das Alter 1.,das,noun,,,Wir sind etwa im gleichen Alter. || Alter: 26 Jahre,17
b1_0077,B1,"das Altenheim, -e →","the old people's home, -e →","das Altenheim, -e →",das,noun,-e →,,Die Großeltern unserer Nachbarn sind,17
b1_0078,B1,Altersheim,retirement home,Altersheim,,noun,,,im Altenheim.,17
b1_0079,B1,"das Altersheim, -e →","the retirement home, -e →","das Altersheim, -e →",das,noun,-e →,,Die Großeltern unserer Nachbarn sind,17
b1_0080,B1,Altenheim,Nursing home,Altenheim,,noun,,,im Altersheim.,17
b1_0081,B1,alternativ,alternatively,alternativ,,word,,,Wir brauchen alternative Energien.,17
b1_0082,B1,"die Alternative, -n","the alternative, -n","die Alternative, -n",die,noun,-n,,Auf dieser Strecke ist der Zug eine gute Alternative zum Flugzeug.,17
b1_0083,B1,"die Ampel, -n","the traffic light, -n","die Ampel, -n",die,noun,-n,,Dort an der Ampel kannst du über die Straße gehen.,17
b1_0084,B1,"das Amt, ¨-er","the office, ¨-er","das Amt, ¨-er",das,noun,¨-er,,Das Arbeitsamt befindet sich neben dem Busbahnhof.,17
b1_0085,B1,sich amüsieren,have fun,"sich amüsieren, amüsiert",,verb,,amüsiert,Bei dem Fest haben wir uns sehr gut,17
b1_0086,B1,"sich, amüsierte sich,","himself, amused himself","sich, amüsierte sich,",,word,,hat sich amüsiert,amüsiert.,17
b1_0087,B1,an,to,an 1.,,preposition,,,"Am Anfang war alles sehr schwierig. || Dann sehen wir uns also am Dienstag. || Ich warte am Bahnhof auf dich. || Am besten, du gehst zur Information und fragst da. || Das Licht war die ganze Nacht an.",17
b1_0088,B1,"analysieren, analysiert,","analyze, analyzed","analysieren, analysiert,",,word,,,Die Politiker analysieren die Situation,17
b1_0089,B1,"analysierte, hat analysiert","analyzed, has analyzed","analysierte, hat analysiert",,word,,,auf dem Arbeitsmarkt.,17
b1_0090,B1,"anbieten, bietet an,","offer, offers","anbieten, bietet an,",,word,,,Darf ich Ihnen etwas zu trinken,17
b1_0091,B1,bot an,offered,"bot an, hat angeboten",,verb,,hat angeboten,anbieten?,17
b1_0092,B1,"der Anbieter, -","the provider, -","der Anbieter, -",der,noun,-,,Ist das ein privater Telefonanbieter?,18
b1_0093,B1,"das Angebot, -e1.","the offer, -e1.","das Angebot, -e1.",das,noun,-e1.,,Ich habe in der Zeitung ein paar günstige Wohnungsangebote gelesen. || Der Käse ist heute im Angebot.,18
b1_0094,B1,ander-,at the-,ander- 1.,,word,,,Die anderen sind schon nach Hause gegangen. || Bitte nicht alle auf einmal! || Einer nach dem anderen. || Ich hätte gern ein anderes Auto. || Natascha hat unter anderem Chinesisch und Spanisch gelernt.,18
b1_0095,B1,andererseits,on the other hand,andererseits,,word,,,"Tarek möchte zwar studieren, aber andererseits möchte er auch gleich Geld verdienen.",18
b1_0096,B1,"ändern, ändert, änderte,","change, changes, changed","ändern, ändert, änderte, 1.",,word,,hat geändert,Das Wetter hat sich geändert. || Ich habe meine Meinung inzwischen geändert.,18
b1_0097,B1,"die Änderung, -en","the change, -en","die Änderung, -en",die,noun,-en,,Es gibt eine Programmänderung.,18
b1_0098,B1,anders,different,anders 1.,,word,,,Anders geht das leider nicht. || Oliver ist anders als seine Freunde. || Ich würde das anders machen.,18
b1_0099,B1,"anerkennen, erkennt an,","acknowledge, acknowledge","anerkennen, erkennt an,",,word,,,Meine Ausbildung wird hier nicht,18
b1_0100,B1,"erkannte an,",acknowledged,"erkannte an,",,word,,hat anerkannt,anerkannt.,18
b1_0101,B1,"anfangen, fängt an,","start, start","anfangen, fängt an, 1.",,word,,,Wann fängst du mit der Arbeit an?,18
b1_0102,B1,"fing an, hat angefangen","started, started","fing an, hat angefangen 2.",,word,,,Hier fängt die Bahnhofstraße an.,18
b1_0103,B1,"der Anfang, ¨-e1.","the beginning, ¨-e1.","der Anfang, ¨-e1.",der,noun,¨-e1.,,"Wie war der Film? || – Ich habe nur den Anfang gesehen. || Am Anfang habe ich bei der Arbeit viele Fragen gestellt. || Mein Chef ist Anfang fünfzig. || Meine Mutter war von Anfang an dagegen, dass ich nach Berlin ziehe. || Wir machen Anfang Juli Ferien. || Meine Freundin wohnt am Anfang der Straße.",18
b1_0104,B1,anfangs,initially,anfangs,,word,,,Anfangs ging alles gut.,18
b1_0105,B1,"angeben, gibt an, gab an,","indicate, indicates, stated","angeben, gibt an, gab an,",,word,,hat angegeben,Bitte geben Sie Ihre genaue Adresse || an.,18
b1_0106,B1,"die Angabe,-n","the information,-n","die Angabe,-n",die,noun,-n,,"Wir brauchen von Ihnen folgende Angaben: Name, Adresse, Geburtsdatum.",18
b1_0107,B1,"der Angehörige, -n","the relative, -n","der Angehörige, -n",der,noun,-n,,Der Arzt darf nur Familienangehörigen,18
b1_0108,B1,"die Angehörige, -n","the relatives, -n","die Angehörige, -n",die,noun,-n,,Auskunft geben.,18
b1_0109,B1,angenehm,pleasant,angenehm,,word,,,Wir wünschen Ihnen eine angenehme Reise.,18
b1_0110,B1,"die Angst, “-e","die Angst, “-e","die Angst, “-e 1.",die,noun,“-e 1.,,"Du brauchst keine Angst zu haben. || Der Hund tut dir nichts. || Ich habe Angst, vielleicht ist etwas passiert.",18
b1_0111,B1,ängstlich,fearful,ängstlich,,adjective,,,Meine Mutter ist etwas ängstlich. || Sie geht nicht gern allein auf die Straße.,18
b1_0112,B1,"anhaben, hat an, hatte an,","have on, has on, had on","anhaben, hat an, hatte an,",,word,,hat angehabt,Gestern hatte Julia ein rotes Kleid an.,18
b1_0113,B1,"anklicken, klickt an,","click, click","anklicken, klickt an,",,word,,,Du musst das Bild anklicken. || Dann,18
b1_0114,B1,"klickte an, hat angeklickt","clicked, clicked","klickte an, hat angeklickt",,word,,,wird es größer.,18
b1_0115,B1,"ankommen, kommt an,","arrive, arrive","ankommen, kommt an, 1.",,word,,,Wann kommt der Zug in Hamburg an?,18
b1_0116,B1,"kam an, ist angekommen","arrived, has arrived","kam an, ist angekommen 2.",,word,,,"Bei dem Spiel kommt es darauf an, schneller zu laufen als die anderen.",18
b1_0117,B1,die Ankunft,the arrival,die Ankunft 1.,die,noun,,,"Die Abfahrt ist um 0.55 Uhr, die Ankunft um 8.07 Uhr. || Gleich nach der Ankunft habe ich meine Eltern angerufen.",18
b1_0118,B1,"ankündigen, kündigt an,","announce, announces","ankündigen, kündigt an,",,word,,,Wir sollten unseren Besuch,18
b1_0119,B1,"kündigte an,",announced,"kündigte an,",,word,,hat angekündigt,ankündigen.,18
b1_0120,B1,"die Anlage, -n","the facility, -n","die Anlage, -n 1.",die,noun,-n 1.,,Meine Musikanlage ist kaputt. || In der Anlage der E-Mail finden Sie meinen Lebenslauf.,18
b1_0121,B1,"die Anleitung, -en","the instructions, -en","die Anleitung, -en",die,noun,-en,,"In der Anleitung steht, dass bei diesem Spiel der Älteste beginnt.",18
b1_0122,B1,"anmelden, meldet an,","anmelden, meldet an,","anmelden, meldet an,",,word,,,Für diesen Kurs müssen Sie sich,18
b1_0123,B1,"meldete an,",reported,"meldete an,",,word,,hat angemeldet,unbedingt vorher anmelden.,18
b1_0124,B1,"die Anmeldung, -en1.","the registration, -en1.","die Anmeldung, -en1.",die,noun,-en1.,,"Wo bekomme ich die Formulare für die Anmeldung? || Die Anmeldung ist im Erdgeschoss, Zimmer 55.",18
b1_0125,B1,"annehmen, nimmt an,","accept, accepts","annehmen, nimmt an, 1.",,word,,,Ich nehme Ihre Einladung gern an.,18
b1_0126,B1,"nahm an,",accepted,"nahm an, 2.",,word,,hat angenommen,"Ich nehme an, dass Sie mit dem || Vorschlag einverstanden sind.",18
b1_0127,B1,"die Annonce, -n","the advertisement, -n","die Annonce, -n",die,noun,-n,,"Ich habe alle Annoncen gelesen, aber die Wohnungen sind zu teuer.",18
b1_0128,B1,"die Anrede, -n","the salutation, -n","die Anrede, -n",die,noun,-n,,Du darfst im Brief die Anrede nicht vergessen.,18
b1_0129,B1,"anrufen, ruft an, rief an,","call, call, called","anrufen, ruft an, rief an,",,word,,hat angerufen,Ich rufe Sie heute Abend an.,18
b1_0130,B1,"der Anruf, -e","the call, -e","der Anruf, -e",der,noun,-e,,Ich warte auf einen Anruf aus Berlin.,18
b1_0131,B1,"der Anrufbeantworter, -","the answering machine, -","der Anrufbeantworter, -",der,noun,-,,Ich habe dir eine Nachricht auf den Anrufbeantworter gesprochen.,18
b1_0132,B1,"die Ansage, -n","the announcement, -n","die Ansage, -n",die,noun,-n,,Achten Sie auf die Ansage am Bahnsteig.,18
b1_0133,B1,"anschaffen, schafft an,","acquire, acquire","anschaffen, schafft an,",,word,,,Wir haben uns neue Möbel,19
b1_0134,B1,"schaffte an,",managed,"schaffte an,",,word,,hat angeschafft,angeschafft.,19
b1_0135,B1,"anschließen, schließt an,","connect, connect","anschließen, schließt an,",,word,,,Wo kann ich den Computer,19
b1_0136,B1,"schloss an,",connected,"schloss an,",,word,,hat angeschlossen,anschließen?,19
b1_0137,B1,"der Anschluss, ¨-e","the connection, ¨-e","der Anschluss, ¨-e 1.",der,noun,¨-e 1.,,In Mannheim haben Sie Anschluss nach Saarbrücken. || Ich brauche in meiner Wohnung einen Telefonanschluss.,19
b1_0138,B1,"anschnallen, schnallt an,","buckle up, buckle up","anschnallen, schnallt an,",,word,,,"Vergiss nicht, dich anzuschnallen.",19
b1_0139,B1,"schnallte an,",buckled up,"schnallte an,",,word,,hat angeschnallt,,19
b1_0140,B1,"ansehen, sieht an, sah an,","look at, looks at, looked at","ansehen, sieht an, sah an, 1.",,word,,hat angesehen,Warum siehst du mich so erschrocken || an? || Darf ich eure Urlaubsfotos ansehen?,19
b1_0141,B1,"ansprechen, spricht an,","ansprechen, spricht an,","ansprechen, spricht an,",,word,,,Gestern hat mich unsere neue,19
b1_0142,B1,"sprach an,",spoke up,"sprach an,",,word,,hat angesprochen,Nachbarin im Treppenhaus || angesprochen.,19
b1_0143,B1,"der Anspruch, ¨-e","the claim, ¨-e","der Anspruch, ¨-e",der,noun,¨-e,,Sie wohnen im Stadtzentrum. || Deshalb haben Sie keinen Anspruch auf Fahrgeld.,19
b1_0144,B1,"anstellen, stellt an,","hire, hire","anstellen, stellt an, 1.",,word,,,Können Sie bitte die Heizung,19
b1_0145,B1,"stellte an, hat angestellt","hired, hired","stellte an, hat angestellt",,word,,,anstellen? || Mein Schwager ist bei einer Möbelfirma angestellt. || Da vorne ist die Kasse. || Du musst dich anstellen.,19
b1_0146,B1,"der Angestellte, -n","the employee, -n","der Angestellte, -n",der,noun,-n,,Björn ist Angestellter in einem,19
b1_0147,B1,"die Angestellte, -n","the employee, -n","die Angestellte, -n",die,noun,-n,,Reisebüro.,19
b1_0148,B1,sich anstrengen,make an effort,"sich anstrengen, strengt 1.",,verb,,strengt 1.,Diese Arbeit strengt mich sehr an.,19
b1_0149,B1,sich an,yourself,"sich an, strengte sich an, 2.",,verb,,"strengte sich an, 2., hat sich angestrengt","Wenn du die Prüfung schaffen willst, || musst du dich mehr anstrengen.",19
b1_0150,B1,anstrengend,stressful,anstrengend,,word,,,Ich finde diese Arbeit sehr anstrengend.,19
b1_0151,B1,"der Antrag, ¨-e","the application, ¨-e","der Antrag, ¨-e",der,noun,¨-e,,Haben Sie schon einen Antrag für das Wohngeld ausgefüllt?,19
b1_0152,B1,"anwenden, wendet an,","apply, applies","anwenden, wendet an,",,word,,,Diese Salbe muss man dreimal am Tag,19
b1_0153,B1,"wandte an, hat ange-","applied, applied","wandte an, hat ange-",,word,,,anwenden.,19
b1_0154,B1,wandt/angewendet,applied/applied,wandt/angewendet,,word,,,,19
b1_0155,B1,anwesend,present,anwesend,,word,,,Bei dem Treffen waren alle Mitglieder anwesend.,19
b1_0156,B1,"antworten, antwortet,","answer, answer","antworten, antwortet,",,word,,,Jorge hat seit drei Wochen nicht auf,19
b1_0157,B1,"antwortete, hat geant-","answered, answered","antwortete, hat geant-",,word,,,meinen Brief geantwortet.,19
b1_0158,B1,wortet,says,wortet,,word,,,,19
b1_0159,B1,"die Antwort, -en",the answers,"die Antwort, -en",die,noun,-en,,Leider habe ich keine Antwort bekommen.,19
b1_0160,B1,"der Anwalt, ¨-e","the lawyer, ¨-e","der Anwalt, ¨-e",der,noun,¨-e,,Ich werde das nicht bezahlen. || Ich,19
b1_0161,B1,"die Anwältin, -nen","the lawyer, -nen","die Anwältin, -nen",die,noun,-nen,,möchte zuerst mit meinem Anwalt sprechen.,19
b1_0162,B1,"anzeigen, zeigt an,","show, shows","anzeigen, zeigt an,",,word,,,"Wenn Sie hier parken, zeige ich Sie an.",19
b1_0163,B1,"zeigte an, hat angezeigt","indicated, has indicated","zeigte an, hat angezeigt",,word,,,,19
b1_0164,B1,"die Anzeige, -n1.","the display, -n1.","die Anzeige, -n1.",die,noun,-n1.,,"Ich habe alle Anzeigen gelesen, aber die Wohnungen sind zu teuer. || Hier dürfen Sie nicht parken, sonst bekommen Sie eine Anzeige.",19
b1_0165,B1,(sich) anziehen,(to get dressed,"(sich) anziehen, zieht an, 1.",,verb,,"zieht an, 1.","Du musst dich wärmer anziehen, sonst",19
b1_0166,B1,zog an,pulled on,"zog an, hat angezogen",,verb,,hat angezogen,erkältest du dich. || Heute ziehe ich mein neues T-Shirt an.,19
b1_0167,B1,"der Anzug, ¨-e","the suit, ¨-e","der Anzug, ¨-e",der,noun,¨-e,,Mein Mann hat sich einen neuen Anzug gekauft.,19
b1_0168,B1,"das Apartment, -s","the apartment, -s","das Apartment, -s",das,noun,-s,,Wir haben ein Ferienapartment gemietet.,19
b1_0169,B1,"der Apfel, ¨-",the Apple-,"der Apfel, ¨-",der,noun,¨-,,Zum Frühstück esse ich jeden Tag einen Apfel.,19
b1_0170,B1,"die Apotheke, -n","the pharmacy, -n","die Apotheke, -n",die,noun,-n,,Ist hier in der Nähe eine Apotheke?,19
b1_0171,B1,"der Apparat, -e","the apparatus, -e","der Apparat, -e 1.",der,noun,-e 1.,,Können Sie den Apparat bitte etwas leiser stellen? || Wo ist mein Fotoapparat?,19
b1_0172,B1,der Appetit,the appetite,der Appetit 1.,der,noun,,,Ich habe heute keinen Appetit. || Ich mag nichts essen. || Auf was hast du Appetit? || Vielleicht auf einen Salat? || Guten Appetit!,19
b1_0173,B1,"die Aprikose, -n (D, CH) → Schmecken","the apricot, -n (D, CH) → taste","die Aprikose, -n (D, CH) → Schmecken",die,noun,"-n (D, CH) → Schmecken",,dir die Aprikosen?,19
b1_0174,B1,A: Marille,A: Apricot,A: Marille,,noun,,,,19
b1_0175,B1,"arbeiten, arbeitet,","work, works","arbeiten, arbeitet, 1.",,word,,,Er arbeitet heute bis 16 Uhr.,19
b1_0176,B1,"arbeitete, hat gearbeitet","worked, worked","arbeitete, hat gearbeitet 2.",,word,,,Arzu arbeitet als Krankenschwester im Krankenhaus.,19
b1_0177,B1,"die Arbeit, -en1.","the work, -en1.","die Arbeit, -en1.",die,noun,-en1.,,Wie gefällt dir deine Arbeit? || Nach der Ausbildung hat Mohamed eine Arbeit gefunden.,19
b1_0178,B1,"der Arbeiter, -","the worker, -","der Arbeiter, -",der,noun,-,,Maria ist seit zwei Jahren Arbeiterin,19
b1_0179,B1,"die Arbeiterin, -nen","the worker, -nen","die Arbeiterin, -nen",die,noun,-nen,,bei Siemens.,19
b1_0180,B1,die Arbeitserlaubnis,the work permit,die Arbeitserlaubnis,die,noun,,,Haben Sie eine Arbeitserlaubnis?,19
b1_0181,B1,arbeitslos,unemployed,arbeitslos,,word,,,Wie lange sind Sie schon arbeitslos?,19
b1_0182,B1,die Arbeitslosigkeit,the unemployment,die Arbeitslosigkeit,die,noun,,,Die Arbeitslosigkeit ist gesunken.,19
b1_0183,B1,"der Arbeitsplatz, ¨-e","the workplace, ¨-e","der Arbeitsplatz, ¨-e",der,noun,¨-e,,In der Industrie gibt es immer weniger Arbeitsplätze.,19
b1_0184,B1,"die Arbeitsstelle, -n","the job, -n","die Arbeitsstelle, -n",die,noun,-n,,Meine Frau hat eine neue Arbeitsstelle gefunden.,19
b1_0185,B1,"der Architekt, -en","the architect, -en","der Architekt, -en",der,noun,-en,,Dieses Haus hat eine berühmte,20
b1_0186,B1,"die Architektin, -nen","the architect, -nen","die Architektin, -nen",die,noun,-nen,,Architektin gebaut.,20
b1_0187,B1,(sich) ärgern,(get angry,"(sich) ärgern, ärgert, 1.",,verb,,"ärgert, 1.",Ärgern Sie sich nicht.,20
b1_0188,B1,"ärgerte, hat geärgert","annoyed, annoyed","ärgerte, hat geärgert 2.",,word,,,Mein Bruder hat mich schon als Kind immer geärgert.,20
b1_0189,B1,der Ärger,the anger,der Ärger,der,noun,,,Ich hatte heute Ärger im Büro. || Ich habe mich mit einem Kollegen gestritten.,20
b1_0190,B1,ärgerlich,annoying,ärgerlich,,adjective,,,Der Zug hat schon wieder Verspätung. || Das ist wirklich ärgerlich.,20
b1_0191,B1,arm,arm,arm 1.,,adjective,,,Die Regierung hilft armen Nachbarländern. || Ich hätte gerne 200 g fettarmen Käse.,20
b1_0192,B1,"der Arm, -e",the poor,"der Arm, -e",der,noun,-e,,Mein Freund hat sich den Arm gebrochen.,20
b1_0193,B1,"die Art, -en","the way, -en","die Art, -en 1.",die,noun,-en 1.,,Im Zoo haben sie 34 verschiedene Arten von Vögeln. || Seine Art gefällt mir nicht. || Man kann auf unterschiedliche Art und Weise ein Fest feiern.,20
b1_0194,B1,"der Artikel, -","the article, -","der Artikel, - 1.",der,noun,- 1.,,"Ich habe einen interessanten Artikel gelesen. || Im Deutschen gibt es drei Artikel: der, die, das.",20
b1_0195,B1,"der Arzt, ¨-e","the doctor, ¨-e","der Arzt, ¨-e 1.",der,noun,¨-e 1.,,Ich muss heute zum Arzt.,20
b1_0196,B1,"die Ärztin, -nen","the doctor, -nen","die Ärztin, -nen 2.",die,noun,-nen 2.,,Wann warst du beim Zahnarzt?,20
b1_0197,B1,das Asyl,the asylum,das Asyl,das,noun,,,Die Menschen sind auf der Flucht und bitten um Asyl.,20
b1_0198,B1,"atmen, atmet, atmete,","breathe, breathe, breathed","atmen, atmet, atmete,",,word,,hat geatmet,Er hat eine Erkältung und kann nicht || durch die Nase atmen.,20
b1_0199,B1,der Atem,der Atem,der Atem,der,noun,,,Bitte den Atem anhalten.,20
b1_0200,B1,auch,also,auch 1.,,word,,,"Ich muss leider gehen. || – Ich auch. || Ich arbeite die ganze Woche und muss auch am Wochenende arbeiten. || Wir fahren auf jeden Fall, auch wenn es regnet. || Der Zug ist gerade eben abgefahren. || Warum kommst du auch so spät!",20
b1_0201,B1,auf,on,auf 1.,,preposition,,,"Deine Brille liegt auf dem Schreibtisch. || Die Kinder spielen unten auf der Straße. || Meine Eltern leben auf dem Land. || Gestern waren wir auf einer Party. || Auf unsere Anzeige in der Abendzeitung hat sich noch niemand gemeldet. || Wie heißt das auf Deutsch? || Meine Tochter kommt nächstes Jahr aufs Gymnasium. (D) (A, CH: ins) || Im Mai war ich auf Urlaub. (A) (D: in) || Ich bin schon seit zwei Stunden auf.",20
b1_0202,B1,10.Komm,10.Come,10.Komm,,other,,,"herein, die Tür ist auf. (D) (A, CH: offen)",20
b1_0203,B1,"der Aufenthalt, -e","the stay, -e","der Aufenthalt, -e 1.",der,noun,-e 1.,,Der Zug hat in München nur 20 Minuten Aufenthalt. || Wir wünschen Ihnen einen angenehmen Aufenthalt.,20
b1_0204,B1,"auffallen, fällt auf,","stand out, stand out","auffallen, fällt auf,",,word,,,"Mir ist aufgefallen, dass Harriett ganz",20
b1_0205,B1,fiel auf,stood out,"fiel auf, ist aufgefallen",,verb,,ist aufgefallen,blass ist.,20
b1_0206,B1,"auffordern, fordert auf,","prompt, prompt","auffordern, fordert auf, 1.",,word,,,"Sie forderte mich auf, meine Meinung",20
b1_0207,B1,"forderte auf,",prompted,"forderte auf,",,word,,hat aufgefordert,zu sagen. || Er fordert sie zum Tanz auf.,20
b1_0208,B1,"die Aufforderung, -en","the request, -en","die Aufforderung, -en",die,noun,-en,,"Sie erhalten eine Aufforderung, den Betrag bis Juni zu zahlen.",20
b1_0209,B1,"aufführen, führt auf,","perform, performs","aufführen, führt auf,",,word,,,Die Kinder führen zu Weihnachten ein,20
b1_0210,B1,"führte auf, hat aufgeführt","performed, has performed","führte auf, hat aufgeführt",,word,,,Theaterstück auf.,20
b1_0211,B1,"die Aufgabe, -n","the task, -n","die Aufgabe, -n 1.",die,noun,-n 1.,,Hast du deine Hausaufgaben für die Schule schon gemacht? || Das ist nicht meine Aufgabe.,20
b1_0212,B1,"aufgeben, gibt auf, gab","give up, gives up, gave up","aufgeben, gibt auf, gab 1.",,word,,,Ich habe auf der Post ein Paket,20
b1_0213,B1,auf,on,"auf, hat aufgegeben",,verb,,hat aufgegeben,aufgegeben. || Man darf nie aufgeben. || Es gibt immer eine Hoffnung.,20
b1_0214,B1,"aufhalten, hält auf, hielt","stop, stops, stopped","aufhalten, hält auf, hielt 1.",,word,,,Wo hält er sich gerade auf? || – In,20
b1_0215,B1,auf,on,"auf, hat aufgehalten",,verb,,hat aufgehalten,"München. || Darf ich Ihnen die Tür aufhalten? || Entschuldigen Sie die Verspätung, ich wurde aufgehalten.",20
b1_0216,B1,"aufheben, hebt auf,","cancel, cancel","aufheben, hebt auf, 1.",,word,,,Lassen Sie die Papiere nur auf dem,20
b1_0217,B1,hob auf,picked up,"hob auf, hat aufgehoben",,verb,,hat aufgehoben,"Boden liegen, ich hebe sie schon auf. || Die Quittung müssen Sie gut aufheben.",20
b1_0218,B1,"aufhören, hört auf,","stop, stop","aufhören, hört auf, 1.",,word,,,Es hört nicht auf zu schneien.,20
b1_0219,B1,"hörte auf, hat aufgehört","stopped, has stopped","hörte auf, hat aufgehört 2.",,word,,,Wann hört ihr mit der Arbeit auf? || Hier hört die Hauptstraße auf.,20
b1_0220,B1,"aufladen, lädt auf, lud auf,","charging, charging, charging","aufladen, lädt auf, lud auf,",,word,,hat aufgeladen,Ich muss mein Telefon aufladen. || Die || Batterie ist leer.,20
b1_0221,B1,"auflösen, löst auf,","dissolve, dissolve","auflösen, löst auf,",,word,,,Die Tablette bitte in Wasser auflösen.,20
b1_0222,B1,"löste auf, hat aufgelöst","dissolved, has dissolved","löste auf, hat aufgelöst",,word,,,,20
b1_0223,B1,aufmerksam,attentive,aufmerksam 1.,,adjective,,,"Die Schülerin hörte aufmerksam zu. || Ich mache Sie darauf aufmerksam, dass wir in einer halben Stunde schließen.",20
b1_0224,B1,"aufnehmen, nimmt auf,","record, records","aufnehmen, nimmt auf, 1.",,word,,,Wir haben Aneta in unseren Verein,20
b1_0225,B1,"nahm auf,",took up,"nahm auf,",,word,,hat aufgenommen,aufgenommen. || Ich habe den Film im Urlaub aufgenommen.,20
b1_0226,B1,"die Aufnahme, -n","the recording, -n","die Aufnahme, -n",die,noun,-n,,Bitte seid leise! || – Ich starte die Aufnahme.,20
b1_0227,B1,"aufpassen, passt auf,","watch out, watch out","aufpassen, passt auf, 1.",,word,,,Tut mir leid. || Da habe ich wohl nicht,21
b1_0228,B1,"passte auf,",paid attention,"passte auf,",,word,,hat aufgepasst,aufgepasst. || Ich muss zu Hause bleiben und auf die Kinder aufpassen.,21
b1_0229,B1,"aufräumen, räumt auf,","clean up, clean up","aufräumen, räumt auf,",,word,,,Vor meinem Urlaub muss ich unbed-,21
b1_0230,B1,"räumte auf,",cleaned up,"räumte auf,",,word,,hat aufgeräumt,ingt noch meinen Schreibtisch || aufräumen.,21
b1_0231,B1,"aufregen, regt auf,","upset, upset","aufregen, regt auf, 1.",,word,,,"Es regt mich auf, dass ich schon wieder",21
b1_0232,B1,"regte auf,",got upset,"regte auf,",,word,,hat aufgeregt,Überstunden machen muss. || Ganz ruhig! || Bitte regen Sie sich nicht auf. || Heute hast du eine Prüfung. || Bist du schon aufgeregt? || Die Musikgruppe zu erleben war sehr aufregend.,21
b1_0233,B1,"aufstehen, steht auf,","get up, get up","aufstehen, steht auf, 1.",,word,,,Ich stehe jeden Morgen um sechs Uhr,21
b1_0234,B1,"stand auf,",stood up,"stand auf,",,word,,ist aufgestanden,auf. || Sie brauchen nicht aufzustehen. || Sie können sitzen bleiben.,21
b1_0235,B1,"der Auftrag, ¨-e","the order, ¨-e","der Auftrag, ¨-e 1.",der,noun,¨-e 1.,,Ich komme im Auftrag von Frau Müller und soll Ihnen diesen Brief geben. || Im Moment hat die Firma besonders viele Aufträge.,21
b1_0236,B1,"auftreten, tritt auf,","occur, occurs","auftreten, tritt auf,",,word,,,Nächste Woche tritt in der Stadthalle,21
b1_0237,B1,trat auf,occurred,"trat auf, ist aufgetreten",,verb,,ist aufgetreten,eine berühmte Musikgruppe auf.,21
b1_0238,B1,"der Auftritt, -e","the appearance, -e","der Auftritt, -e",der,noun,-e,,Nach dem Auftritt feiern die Musiker.,21
b1_0239,B1,"aufwachen, wacht auf,","wake up, wake up","aufwachen, wacht auf,",,word,,,Von dem Lärm bin ich aufgewacht.,21
b1_0240,B1,"wachte auf,",woke up,"wachte auf,",,word,,ist aufgewacht,,21
b1_0241,B1,aufwärts,upwards,aufwärts 1.,,word,,,Sie müssen gute Schuhe anziehen. || Der Weg geht immer aufwärts. || In letzter Zeit geht es wieder aufwärts mit der Wirtschaft.,21
b1_0242,B1,"→ der Aufzug, ¨-e (D, A)","→ the elevator, ¨-e (D, A)","→ der Aufzug, ¨-e (D, A)",,other,,,Im Büro ist leider der Aufzug kaputt.,21
b1_0243,B1,Lift,lift,Lift,,noun,,,,21
b1_0244,B1,"das Auge, -n","the eye, -n","das Auge, -n",das,noun,-n,,Meine beiden Kinder haben blaue Augen.,21
b1_0245,B1,"der Augenblick, -e","the moment, -e","der Augenblick, -e 1.",der,noun,-e 1.,,"Ich wollte gerade parken. || In dem Au- genblick ist ein Wagen aus der Ausfahrt gekommen. || Einen Augenblick, bitte! || Im Augenblick sind keine Plätze frei.",21
b1_0246,B1,aus,out of,aus 1.,,preposition,,,Frau Müller geht jeden Morgen um 8 Uhr aus dem Haus. || Frau Özgen kommt aus der Türkei. || Die Möbel sind noch aus der Zeit um 1900. || Ich trage nur Pullover aus reiner Wolle. || Wir haben aus Liebe geheiratet. || Wann ist der Kurs aus? || Ich seh‘ nichts! || Das Licht ist aus!,21
b1_0247,B1,"die Ausbildung, -en","the training, -s","die Ausbildung, -en 1.",die,noun,-en 1.,,Ich habe meine Ausbildung abgeschlossen. || Mit deiner guten Ausbildung findest du sicher eine Arbeit.,21
b1_0248,B1,ausgebildet,trained,ausgebildet,,word,,,Für diesen Beruf müssen Sie gut ausgebildet sein.,21
b1_0249,B1,"ausdrucken, druckt aus,","print, prints out","ausdrucken, druckt aus,",,word,,,Kann ich das auf deinem Drucker,21
b1_0250,B1,"druckte aus,",printed out,"druckte aus,",,word,,hat ausgedruckt,ausdrucken?,21
b1_0251,B1,"der Ausdruck, ¨-e1.","the expression, ¨-e1.","der Ausdruck, ¨-e1.",der,noun,¨-e1.,,Diesen Ausdruck habe ich noch nie gehört.,21
b1_0252,B1,"der Ausdruck, -e2.","the expression, -e2.","der Ausdruck, -e2.",der,noun,-e2.,,Machen Sie doch bitte einen Ausdruck von der E-Mail.,21
b1_0253,B1,auseinander,apart,auseinander,,word,,,Wir wohnen nicht weit auseinander.,21
b1_0254,B1,"die Ausfahrt, -en","the exit, -en","die Ausfahrt, -en 1.",die,noun,-en 1.,,"Hier ist eine Ausfahrt, da dürfen Sie nicht parken. || Wie weit ist es noch bis zur Ausfahrt Freiburg?",21
b1_0255,B1,"ausfallen, fällt aus,","fail, fail","ausfallen, fällt aus,",,word,,,Nächste Woche fällt der Kurs aus.,21
b1_0256,B1,fiel aus,fell out,"fiel aus, ist ausgefallen",,verb,,ist ausgefallen,,21
b1_0257,B1,"der Ausflug, ¨-e","the excursion, ¨-e","der Ausflug, ¨-e",der,noun,¨-e,,Am Wochenende machen wir mit Fre- unden einen Ausflug nach Heidelberg.,21
b1_0258,B1,ausfüllen,fill out,"ausfüllen, füllt aus, Füllen",,verb,,"füllt aus, Füllen",Sie bitte dieses Formular aus!,21
b1_0259,B1,"füllte aus, hat ausgefüllt","filled in, has filled in","füllte aus, hat ausgefüllt",,word,,,,21
b1_0260,B1,"die Ausgabe, -n","the output, -n","die Ausgabe, -n 1.",die,noun,-n 1.,,Wie hoch sind Ihre Ausgaben in einem Monat? || Wo ist die Essensausgabe? || In welchem Buch hast du das gelesen? || In welcher Ausgabe?,21
b1_0261,B1,"der Ausgang, ¨-e","the output, ¨-e","der Ausgang, ¨-e",der,noun,¨-e,,Wo ist der Ausgang bitte?,21
b1_0262,B1,"ausgeben, gibt aus,","output, outputs","ausgeben, gibt aus,",,word,,,Carola gibt viel Geld für ihr Hobby aus.,21
b1_0263,B1,gab aus,gave out,"gab aus, hat ausgegeben",,verb,,hat ausgegeben,,21
b1_0264,B1,"ausgehen, geht aus,","go out, go out","ausgehen, geht aus, 1.",,word,,,Plötzlich ist das Licht ausgegangen.,21
b1_0265,B1,"ging aus,",went out,"ging aus, 2.",,word,,ist ausgegangen,Gehen wir heute Abend aus? || Wie ist das Spiel ausgegangen?,21
b1_0266,B1,ausgezeichnet,excellent,ausgezeichnet,,word,,,Essen und Unterkunft waren ausgezeichnet.,21
b1_0267,B1,"die Aushilfe, -n","the temporary help, -n","die Aushilfe, -n",die,noun,-n,,Wir suchen eine freundliche Aushilfe für unser Geschäft.,21
b1_0268,B1,"die Auskunft, ¨-e","the information, ¨-e","die Auskunft, ¨-e 1.",die,noun,¨-e 1.,,"Ich hätte gern eine Auskunft. || Die Firma hat eine neue Nummer. || Bitte, rufen Sie die Auskunft an.",21
b1_0269,B1,das Ausland,the foreign country,das Ausland,das,noun,,,Wir fahren im Urlaub meistens ins Aus- land.,21
b1_0270,B1,"der Ausländer, -","the foreigner, -","der Ausländer, -",der,noun,-,,Viele Ausländer und Ausländerinnen,22
b1_0271,B1,"die Ausländerin, -nen","the foreigner, -nen","die Ausländerin, -nen",die,noun,-nen,,lernen in der Volkshochschule Deutsch.,22
b1_0272,B1,ausländisch,foreign,ausländisch,,adjective,,,Die ausländischen Studenten müssen zuerst einen Deutschkurs besuchen.,22
b1_0273,B1,"ausmachen, macht aus,","make up, makes up","ausmachen, macht aus, 1.",,word,,,Sie müssen leider warten. || – Kein,22
b1_0274,B1,"machte aus,",made out,"machte aus,",,word,,hat ausgemacht,"Problem. || Das macht mir nichts aus. || Machen Sie bitte das Licht aus! || Wir hatten doch ausgemacht, dass du die Getränke besorgst. || Haben Sie einen Termin ausgemacht?",22
b1_0275,B1,"die Ausnahme, -n","the exception, -n","die Ausnahme, -n",die,noun,-n,,Normalerweise muss ich am Wochenende arbeiten. || Aber heute ist eine Ausnahme.,22
b1_0276,B1,"ausreichen, reicht aus, re-","suffice, suffices, re-","ausreichen, reicht aus, re- 1.",,word,,,Das Geld muss bis März ausreichen.,22
b1_0277,B1,"ichte aus,","ichte aus,","ichte aus, 2.",,word,,hat ausgereicht,Seine Kenntnisse reichen für diese || Arbeit aus.,22
b1_0278,B1,ausreichend,sufficient,ausreichend,,word,,,Das Geld ist für die Reise ausreichend.,22
b1_0279,B1,"ausrichten, richtet aus,","align, align","ausrichten, richtet aus,",,word,,,Mein Mann ist nicht da. || Soll ich ihm,22
b1_0280,B1,"richtete aus,",aligned,"richtete aus,",,word,,hat ausgerichtet,etwas ausrichten?,22
b1_0281,B1,(sich) ausruhen,(rest,"(sich) ausruhen, ruht aus, 1.",,verb,,"ruht aus, 1.",Sie ruhen sich von der Arbeit aus.,22
b1_0282,B1,"ruhte aus, hat ausgeruht","rested, has rested","ruhte aus, hat ausgeruht 2.",,word,,,Bist du gut ausgeruht?,22
b1_0283,B1,"ausschließen, schließt aus,","exclude, excludes","ausschließen, schließt aus, 1.",,word,,,Das kann man nicht ganz ausschließen.,22
b1_0284,B1,"schloss aus,",ruled out,"schloss aus, 2.",,word,,hat ausgeschlossen,So viel kann ich nicht bezahlen. || Das ist || völlig ausgeschlossen.,22
b1_0285,B1,ausschließlich,exclusively,ausschließlich,,adjective,,,Tut mir leid. || Wir haben ausschließlich Nichtraucherzimmer.,22
b1_0286,B1,"aussehen, sieht aus,","look, looks","aussehen, sieht aus, 1.",,word,,,Sie sehen wieder besser aus. || Sind Sie,22
b1_0287,B1,"sah aus,",looked,"sah aus,",,word,,hat ausgesehen,"wieder gesund? || Er sieht genauso aus wie sein Vater. || Es sieht so aus, als ob es bald regnen würde.",22
b1_0288,B1,außen,outside,außen 1.,,word,,,Wir haben das Schloss nur von außen gesehen. || Außen ist das Haus nicht sehr schön.,22
b1_0289,B1,außerhalb,outside,außerhalb,,word,,,Wir wohnen außerhalb von Berlin.,22
b1_0290,B1,äußerlich,externally,äußerlich,,adjective,,,Das Medikament dürfen Sie nur äußerlich anwenden.,22
b1_0291,B1,außer,except,außer 1.,,word,,,Außer Lisa hat sich niemand um die Stelle beworben. || Der Aufzug ist außer Betrieb. || Wir haben täglich außer Samstag geöffnet.,22
b1_0292,B1,außerdem,aside from that,außerdem 1.,,word,,,"Möchten Sie außerdem noch etwas? || Der Film war langweilig, und außerdem haben die Schauspieler schlecht gespielt.",22
b1_0293,B1,"die Aussicht, -en","the view, -en","die Aussicht, -en 1.",die,noun,-en 1.,,Von diesem Turm hat man eine tolle Aussicht. || Mit mehreren Fremdsprachen hat man gute Aussichten im Beruf.,22
b1_0294,B1,"aussprechen, spricht aus,","speak out, speak out","aussprechen, spricht aus,",,word,,,Wie spricht man dieses Wort aus?,22
b1_0295,B1,"sprach aus,",spoke out,"sprach aus,",,word,,hat ausgesprochen,,22
b1_0296,B1,die Aussprache,the pronunciation,die Aussprache,die,noun,,,Ali hat eine gute Aussprache.,22
b1_0297,B1,"ausstellen, stellt aus,","exhibit, exhibits","ausstellen, stellt aus, 1.",,word,,,Im Schaufenster sind Winterschuhe,22
b1_0298,B1,"stellte aus,",exhibited,"stellte aus,",,word,,hat ausgestellt,ausgestellt. || Das Zeugnis wird bis nächste Woche ausgestellt.,22
b1_0299,B1,"die Ausstellung, -en1.","the exhibition, -en1.","die Ausstellung, -en1.",die,noun,-en1.,,Wir waren mit der Lehrerin in einer Ausstellung. || Die Ausstellung eines neuen Passes dauert zwei Wochen.,22
b1_0300,B1,"(sich etwas) aussuchen,",choose (something).,"(sich etwas) aussuchen,",,word,,,Such dir etwas Schönes aus! || Ich lade,22
b1_0301,B1,"sucht aus, suchte aus,","looks for, looked for","sucht aus, suchte aus,",,word,,hat ausgesucht,dich ein.,22
b1_0302,B1,"auswählen, wählt aus,","select, selects","auswählen, wählt aus,",,word,,,Für die Aufgabe können Sie aus drei,22
b1_0303,B1,"wählte aus,",chose,"wählte aus,",,word,,hat ausgewählt,Themen auswählen.,22
b1_0304,B1,"die Auswahl, -en1.","the selection, -en1.","die Auswahl, -en1.",die,noun,-en1.,,Wir müssen eine Auswahl aus den Büchern treffen. || Das Geschäft hat eine große Auswahl.,22
b1_0305,B1,"der Ausweis, -e","the ID, -e","der Ausweis, -e",der,noun,-e,,Darf ich mal Ihren Ausweis sehen?,22
b1_0306,B1,"ausziehen, zieht aus,","move out, move out","ausziehen, zieht aus, 1.",,word,,,Willst du den Mantel nicht ausziehen?,22
b1_0307,B1,"zog aus,",moved out,"zog aus, 2.",,word,,hat/ist ausgezogen,Müllers sind schon vor vier Wochen || ausgezogen.,22
b1_0308,B1,"das Auto, -s","the car, -s","das Auto, -s",das,noun,-s,,Mario fährt mit dem Auto zur Arbeit.,22
b1_0309,B1,"die Autobahn, -en","the highway, -en","die Autobahn, -en",die,noun,-en,,Das Dorf liegt direkt an der Autobahn.,22
b1_0310,B1,"der Automat, -en","the machine, -en","der Automat, -en 1.",der,noun,-en 1.,,Zigaretten bekommst du am Automaten. || Der Fahrkartenautomat ist auf dem Bahnsteig.,22
b1_0311,B1,automatisch1.,automatically1.,automatisch1.,,word,,,Die Tür schließt automatisch. || Das Zeugnis bekommen Sie automatisch zugeschickt.,22
b1_0312,B1,"der Autor, -en","the author, -en","der Autor, -en",der,noun,-en,,Diese Autorin hat in diesem Jahr schon,22
b1_0313,B1,"die Autorin, -nen","the author, -nen","die Autorin, -nen",die,noun,-nen,,zwei Bücher geschrieben.,22
b1_0314,B1,"backen, bäckt/backt,","bake, bakes/bakes","backen, bäckt/backt,",,word,,,"Wenn du kommst, backe ich einen",23
b1_0315,B1,backte,baked,"backte, hat gebacken",,verb,,hat gebacken,Kuchen.,23
b1_0316,B1,"die Bäckerei, -en","the bakery, -en","die Bäckerei, -en",die,noun,-en,,Wir kaufen unser Brot immer in der Bäckerei am Markt.,23
b1_0317,B1,"1. baden, badet, badete, hat","1. bathe, bathes, bathed, has","1. baden, badet, badete, hat",,other,,,Wenn du baden möchtest: Das,23
b1_0318,B1,gebadet,bathed,gebadet,,word,,,Badezimmer ist dort hinten links. || Hier ist Baden verboten!,23
b1_0319,B1,"¨-er1. das Bad,",¨-er1. the bathroom,"¨-er1. das Bad,",,word,,,Nach einem warmen Bad fühlt man sich gleich viel besser. || Ich möchte ein Zimmer mit Bad.,23
b1_0320,B1,"die Badewanne, -n","the bathtub, -n","die Badewanne, -n",die,noun,-n,,Nach einem langen Arbeitstag setzte sie sich in die Badewanne.,23
b1_0321,B1,"die Bahn, -en","the train, -en","die Bahn, -en",die,noun,-en,,Ich komme mit der Bahn.,23
b1_0322,B1,"S-Bahn, -en","S-Bahn, -en","S-Bahn, -en",,noun,,,Die S-Bahn ist schneller als die Straßenbahn.,23
b1_0323,B1,"die Straßenbahn, -en","the tram, -en","die Straßenbahn, -en",die,noun,-en,,Nehmen Sie die Straßenbahn Nr. 16.,23
b1_0324,B1,"die U-Bahn, -en","the subway, -en","die U-Bahn, -en",die,noun,-en,,Die letzte U-Bahn geht um 23.15 Uhr.,23
b1_0325,B1,"der Bahnhof, ¨-e","the train station, ¨-e","der Bahnhof, ¨-e",der,noun,¨-e,,Ich bringe Sie zum Bahnhof.,23
b1_0326,B1,"der Bahnsteig, -e (D, A) →","the platform, -e (D, A) →","der Bahnsteig, -e (D, A) →",der,noun,"-e (D, A) →",,Auf Hauptbahnhöfen gibt es meist,23
b1_0327,B1,CH: Perron,CH: Platform,CH: Perron,,noun,,,viele Bahnsteige.,23
b1_0328,B1,bald,soon,bald 1.,,adverb,,,"Besuchen Sie uns doch bald mal. || Geben Sie mir bitte so bald wie möglich Bescheid. || Auf Wiedersehen, bis bald!",23
b1_0329,B1,"der Balkon, -e","the balcony, -e","der Balkon, -e",der,noun,-e,,Die Wohnung hat auch einen kleinen Balkon.,23
b1_0330,B1,"der Ball, ¨-e","the ball, ¨-e","der Ball, ¨-e",der,noun,¨-e,,Ich spiele gern mit meinen Kindern Ball.,23
b1_0331,B1,"das Ballett, -e","the ballet, -e","das Ballett, -e",das,noun,-e,,Meine Tochter möchte gern Ballett tanzen.,23
b1_0332,B1,"die Banane, -n","the banana, -n","die Banane, -n",die,noun,-n,,"1 Kilo Bananen, bitte.",23
b1_0333,B1,"die Bank, ¨-e","the bank, ¨-e","die Bank, ¨-e",die,noun,¨-e,,"Kommt, wir setzen uns auf die Bank da vorne.",23
b1_0334,B1,"die Bank, -en","the bank, -en","die Bank, -en",die,noun,-en,,Bei welcher Bank haben Sie Ihr Konto?,23
b1_0335,B1,"der Bancomat/Bankomat,",the ATM/ATM,"der Bancomat/Bankomat,",der,noun,,,Ich hole noch schnell Geld vom,23
b1_0336,B1,"-en (A, CH) →D:","-en (A, CH) →D:","-en (A, CH) →D:",,word,,,Bankomaten.,23
b1_0337,B1,Geldautomat,ATM,Geldautomat,,noun,,,,23
b1_0338,B1,"die Bankleitzahl, -en","the bank sort number, -en","die Bankleitzahl, -en",die,noun,-en,,Bitte geben Sie Ihre Bankleitzahl an.,23
b1_0339,B1,"die Bankomat-Karte, -n","the ATM card, -n","die Bankomat-Karte, -n",die,noun,-n,,Sie können auch mit Bankomat-Karte,23
b1_0340,B1,(A) →ec-Karte/EC-Karte,(A) →ec card/EC card,(A) →ec-Karte/EC-Karte,,other,,,zahlen.,23
b1_0341,B1,"die Bar, -s","the bar, -s","die Bar, -s 1.",die,noun,-s 1.,,Setzen wir uns doch an die Bar! || Ich treffe meine Freundin in der Hotelbar.,23
b1_0342,B1,bar Zahlen,pay in cash,bar Zahlen,,verb,,,Sie bar?,23
b1_0343,B1,das BargeldIch,das BargeldIch,das BargeldIch,das,noun,,,habe kein Bargeld mehr.,23
b1_0344,B1,"der Bart, ¨-e John","the beard, ¨-e John","der Bart, ¨-e John",der,noun,¨-e John,,trägt jetzt einen Bart.,23
b1_0345,B1,"der Basketball, ¨-e","the basketball, ¨-e","der Basketball, ¨-e 1.",der,noun,¨-e 1.,,Sie spielt sehr gern Basketball. || Er hat zum Geburtstag einen neuen Basketball bekommen.,23
b1_0346,B1,"basteln, bastelt,","craft, craft","basteln, bastelt, 1.",,word,,,Die Kinder basteln ein Vogelhaus.,23
b1_0347,B1,"bastelte, hat gebastelt","tinkered, tinkered","bastelte, hat gebastelt 2.",,word,,,Ich arbeite gern mit natürlichen Bastelmaterialien.,23
b1_0348,B1,"die Batterie, -n","the battery, -n","die Batterie, -n",die,noun,-n,,Bringst du bitte Batterien für die Kamera mit?,23
b1_0349,B1,"der Bauch, ¨-e","the stomach, ¨-e","der Bauch, ¨-e",der,noun,¨-e,,Mir tut der Bauch weh.,23
b1_0350,B1,"bauen, baut, baute,","build, build, built","bauen, baut, baute,",,word,,hat gebaut,Mein Nachbar hat ein Haus gebaut.,23
b1_0351,B1,"der Bau, Bauten1.","the construction, buildings1.","der Bau, Bauten1.",der,noun,Bauten1.,,Ich wohne in einer Neubauwohnung. || Unser Haus ist ein Altbau.,23
b1_0352,B1,"die Baustelle, -n","the construction site, -n","die Baustelle, -n",die,noun,-n,,Wir müssen die Baustelle umfahren.,23
b1_0353,B1,"der Bauer, -n","the farmer, -n","der Bauer, -n",der,noun,-n,,Wir kaufen unser Gemüse beim Bauern.,23
b1_0354,B1,"der Baum, ¨-e","the tree, ¨-e","der Baum, ¨-e",der,noun,¨-e,,Wir haben zwei Bäume im Garten.,23
b1_0355,B1,"beachten, beachtet,","pay attention, pay attention","beachten, beachtet,",,word,,,Bitte beachten Sie die Ansagen am,23
b1_0356,B1,"beachtete, hat beachtet","noticed, took notice","beachtete, hat beachtet",,word,,,Bahnsteig.,23
b1_0357,B1,"der Beamte, -n","the official, -n","der Beamte, -n",der,noun,-n,,Meine Frau ist Beamtin bei der Polizei.,23
b1_0358,B1,"die Beamtin, -nen","the officer, -nen","die Beamtin, -nen",die,noun,-nen,,,23
b1_0359,B1,"beantragen, beantragt,","apply, applied for","beantragen, beantragt,",,word,,,Hast du schon einen neuen Pass,23
b1_0360,B1,"beantragte, hat beantragt","requested, has requested","beantragte, hat beantragt",,word,,,beantragt?,23
b1_0361,B1,"beantworten, beant-","answer, answer","beantworten, beant-",,word,,,Sie haben meine Frage leider nicht,23
b1_0362,B1,"wortet, beantwortete,","said, answered","wortet, beantwortete,",,word,,hat beantwortet,beantwortet.,23
b1_0363,B1,sich bedanken,to thank,"sich bedanken, bedankt,",,verb,,"bedankt,",Ich möchte mich noch einmal sehr her-,23
b1_0364,B1,"bedankte, hat bedankt","thanked, thanked","bedankte, hat bedankt",,word,,,zlich für Ihre Hilfe bedanken.,23
b1_0365,B1,der Bedarf,the need,der Bedarf,der,noun,,,An diesem Produkt besteht großer Bedarf.,23
b1_0366,B1,"bedeuten, bedeutet,","mean, means","bedeuten, bedeutet, 1.",,word,,,Was bedeutet dieses Wort?,23
b1_0367,B1,"bedeutete, hat bedeutet","meant, has meant","bedeutete, hat bedeutet 2.",,word,,,"Ich bin krank. || Das bedeutet, dass ich heute nicht arbeiten kann.",23
b1_0368,B1,"die Bedeutung, -en","the meaning, -en","die Bedeutung, -en",die,noun,-en,,Das Wort „Maus“ hat inzwischen zwei Bedeutungen.,23
b1_0369,B1,"bedienen, bedient,","serve, served","bedienen, bedient, 1.",,word,,,Werden Sie schon bedient?,24
b1_0370,B1,"bediente, hat bedient","served, served","bediente, hat bedient 2.",,word,,,Die Kaffeemaschine ist ganz leicht zu bedienen.,24
b1_0371,B1,"die Bedienungsanleitung,",the operating instructions,"die Bedienungsanleitung,",die,noun,-en,,Die Bedienungsanleitung verstehe ich || nicht.,24
b1_0372,B1,"die Bedingung, -en","the condition, -en","die Bedingung, -en 1.",die,noun,-en 1.,,"Wenn Sie unsere Bedingungen akzeptieren, können wir einen Vertrag machen. || Wir haben in unserem Betrieb sehr gute Arbeitsbedingungen.",24
b1_0373,B1,sich beeilen,hurry up,"sich beeilen, beeilt sich,",,verb,,"beeilt sich,",Wir müssen uns beeilen. || Sonst,24
b1_0374,B1,"beeilte sich,",hurried,"beeilte sich,",,word,,hat sich beeilt,verpassen wir den Zug.,24
b1_0375,B1,"beenden, beendet,","finish, finished","beenden, beendet,",,word,,,Du musst deine Ausbildung auf jeden,24
b1_0376,B1,"beendete, hat beendet","finished, has finished","beendete, hat beendet",,word,,,Fall beenden.,24
b1_0377,B1,sich befinden,to find oneself,"sich befinden, befindet",,verb,,befindet,Das Bord-Bistro befindet sich in der,24
b1_0378,B1,"sich, befand sich,","was, was","sich, befand sich,",,word,,hat sich befunden,Mitte des Zuges.,24
b1_0379,B1,befreit,freed,befreit,,word,,,Studenten und Studentinnen sind von den Rundfunk-Gebühren befreit.,24
b1_0380,B1,befriedigend,satisfactory,befriedigend,,word,,,Das Ergebnis ist befriedigend.,24
b1_0381,B1,"begegnen, begegnet,","encounter, encountered","begegnen, begegnet,",,word,,,Sind wir uns nicht schon mal,24
b1_0382,B1,"begegnete, ist begegnet","met, has met","begegnete, ist begegnet",,word,,,irgendwann begegnet?,24
b1_0383,B1,begeistert,enthusiastic,begeistert,,word,,,Es war ein tolles Konzert. || Ich bin begeistert.,24
b1_0384,B1,"beginnen, beginnt,","begin, begins","beginnen, beginnt,",,word,,,In zwei Wochen beginnen die,24
b1_0385,B1,begann,began,"begann, hat begonnen",,verb,,hat begonnen,Sommerferien.,24
b1_0386,B1,der Beginn,the beginning,der Beginn,der,noun,,,Zu Beginn der Stunde begrüßt die Lehrerin ihre Schüler.,24
b1_0387,B1,"begleiten, begleitet,","accompany, accompanied","begleiten, begleitet,",,word,,,Ich begleite dich ein Stück.,24
b1_0388,B1,"begleitete, hat begleitet","accompanied, accompanied","begleitete, hat begleitet",,word,,,,24
b1_0389,B1,begrenzt,limited,begrenzt,,word,,,Die Teilnehmerzahl ist auf 12 begrenzt.,24
b1_0390,B1,"begründen, begründet,","justify, justify","begründen, begründet,",,word,,,Bitte begründen Sie Ihre Meinung.,24
b1_0391,B1,"begründete,",justified,"begründete,",,word,,hat begründet,,24
b1_0392,B1,"die Begründung, -en","the reason, -en","die Begründung, -en",die,noun,-en,,Die Miete wurde ohne Begründung erhöht.,24
b1_0393,B1,"begrüßen, begrüßt,","welcome, welcomed","begrüßen, begrüßt,",,word,,,Der Gastgeber begrüßt seine Gäste.,24
b1_0394,B1,"begrüßte, hat begrüßt","welcomed, has welcomed","begrüßte, hat begrüßt",,word,,,,24
b1_0395,B1,"behalten, behält, behielt,","keep, keep, kept","behalten, behält, behielt,",,word,,hat behalten,Darf ich die Zeitschrift behalten?,24
b1_0396,B1,"behandeln, behandelt,","behandeln, behandelt,","behandeln, behandelt, 1.",,word,,,Welcher Arzt hat Sie bis jetzt,24
b1_0397,B1,"behandelte,",treated,"behandelte,",,word,,hat behandelt,behandelt? || So lasse ich mich von Ihnen nicht länger behandeln.,24
b1_0398,B1,"behaupten, behauptet,","claim, claims","behaupten, behauptet, 1.",,word,,,"Er behauptet, unsere Meinung sei nicht",24
b1_0399,B1,"behauptete,",claimed,"behauptete,",,word,,hat behauptet,"wichtig. || Es ist schwer, sich gegen meinen Kollegen zu behaupten.",24
b1_0400,B1,"behindern, behindert,","hinder, hinder","behindern, behindert, 1.",,word,,,"Bitte parken Sie so, dass Sie nieman-",24
b1_0401,B1,"behinderte, hat behindert","disabled, has disabled","behinderte, hat behindert",,word,,,den behindern.,24
b1_0402,B1,behindert,disabled,behindert 2.,,word,,,Seit dem Unfall ist das Kind unserer Freunde behindert.,24
b1_0403,B1,"die Behörde, -n","the authority, -n","die Behörde, -n",die,noun,-n,,Sie erhalten ein Schreiben von der zuständigen Behörde.,24
b1_0404,B1,bei,at,bei 1.,,preposition,,,Potsdam liegt bei Berlin. || Ich wohne bei meinen Eltern. || Bei uns ist das anders als bei euch. || Wir essen kein Fleisch. || Ich habe kein Geld bei mir. || Wir wollen euch nicht beim Essen stören.,24
b1_0405,B1,beid-,both-,beid- 1.,,word,,,"Beide waren mit meinem Vorschlag einverstanden. || Welche Bluse nehmen Sie, die rote oder die grüne? || – Ich nehme beide.",24
b1_0406,B1,"das Bein, -e","the leg, -e","das Bein, -e",das,noun,-e,,Andreas hat sich das Bein gebrochen.,24
b1_0407,B1,beinahe,almost,beinahe,,word,,,Ich habe heute beinahe den Bus verpasst.,24
b1_0408,B1,"das Beispiel, -e","the example, -e","das Beispiel, -e 1.",das,noun,-e 1.,,"Können Sie mir ein Beispiel sagen? || Mein Freund hat viele Hobbys wie zum Beispiel Kochen, Tanzen, Fußballspielen. || Hier gibt’s so viele Sachen: beispielsweise Wurst, Obst, Brot …",24
b1_0409,B1,"beißen, beißt, biss,","bite, bite, bite","beißen, beißt, biss,",,word,,hat gebissen,"Pass auf, dass dich der Hund nicht || beißt!",24
b1_0410,B1,"der Beitrag, ¨-e","the contribution, ¨-e","der Beitrag, ¨-e 1.",der,noun,¨-e 1.,,Die Krankenkasse hat die Beiträge erhöht. || Der Mitgliedsbeitrag für den Sportverein beträgt 34 Euro pro Monat.,24
b1_0411,B1,bekannt,known,bekannt 1.,,word,,,Ein Onkel von mir ist ein bekannter Politiker. || Dieses Lied ist sehr bekannt.,24
b1_0412,B1,"der Bekannte, -n","the acquaintance, -n","der Bekannte, -n",der,noun,-n,,In Hannover wohnen Bekannte von,24
b1_0413,B1,"die Bekannte, -n","the acquaintance, -n","die Bekannte, -n",die,noun,-n,,mir.,24
b1_0414,B1,"bekannt geben, gibt","announce, gives","bekannt geben, gibt",,word,,,Den Prüfungsort geben wir Ihnen noch,24
b1_0415,B1,"bekannt, gab bekannt, hat","announced, announced, has","bekannt, gab bekannt, hat",,word,,,rechtzeitig bekannt.,24
b1_0416,B1,bekannt gegeben,announced,bekannt gegeben,,verb,,,,24
b1_0417,B1,"bekommen, bekommt,","get, gets","bekommen, bekommt, 1.",,word,,,Haben Sie meinen Brief bekommen?,24
b1_0418,B1,"bekam, hat bekommen","got, got","bekam, hat bekommen 2.",,word,,,Ich bekomme jeden Tag eine Spritze. || Was bekommen Sie? || – 5 kg Kartoffeln. || Wir haben Besuch bekommen. || Laut Wetterbericht bekommen wir Regen. || Plötzlich bekam ich starke Kopfschmerzen.,24
b1_0419,B1,"der Beleg, -e","the receipt, -e","der Beleg, -e",der,noun,-e,,Brauchen Sie einen Beleg?,25
b1_0420,B1,"beleidigen, beleidigt,","insult, offend","beleidigen, beleidigt, 1.",,word,,,Ich wollte Sie nicht beleidigen.,25
b1_0421,B1,"beleidigte, hat beleidigt","offended, offended","beleidigte, hat beleidigt 2.",,word,,,Sei doch nicht immer gleich beleidigt.,25
b1_0422,B1,beliebt,popular,beliebt,,word,,,Dieses Spiel ist bei Jugendlichen sehr beliebt.,25
b1_0423,B1,"bemerken, bemerkt,","notice, noticed","bemerken, bemerkt,",,word,,,"Ich habe nicht bemerkt, dass das",25
b1_0424,B1,"bemerkte, hat bemerkt","noticed, noticed","bemerkte, hat bemerkt",,word,,,Fenster offen ist.,25
b1_0425,B1,sich bemühen,make an effort,"sich bemühen, bemüht, 1.",,verb,,"bemüht, 1.","Er hat sich sehr bemüht, etwas Gutes",25
b1_0426,B1,"bemühte, hat bemüht","tried hard, tried hard","bemühte, hat bemüht",,word,,,zu kochen. || Ich werde mich um einen Termin bemühen.,25
b1_0427,B1,"benötigen, benötigt,","need, needed","benötigen, benötigt,",,word,,,"Sagen Sie Bescheid, wenn Sie noch",25
b1_0428,B1,"benötigte, hat benötigt","needed, has needed","benötigte, hat benötigt",,word,,,etwas benötigen.,25
b1_0429,B1,"benutzen, benutzt,","use, used","benutzen, benutzt,",,word,,,Benutzen Sie bitte die öffentlichen,25
b1_0430,B1,"benutzte, hat benutzt","used, has used","benutzte, hat benutzt",,word,,,Verkehrsmittel.,25
b1_0431,B1,das Benzin,the gasoline,das Benzin,das,noun,,,Das Benzin soll wieder teurer werden.,25
b1_0432,B1,"beobachten, beobachtet,","observe, observed","beobachten, beobachtet,",,word,,,Wer hat den Unfall beobachtet?,25
b1_0433,B1,"beobachtete,",observed,"beobachtete,",,word,,hat beobachtet,,25
b1_0434,B1,bequem,comfortable,bequem 1.,,word,,,Meine Kinder ziehen am liebsten bequeme Sachen an. || Im Supermarkt einkaufen ist sehr bequem. || Diesen Sessel finde ich sehr bequem.,25
b1_0435,B1,"beraten, berät, beriet,","advise, advise, advise","beraten, berät, beriet,",,word,,hat beraten,"Unser Personal berät Sie gern, wenn || Sie Fragen haben.",25
b1_0436,B1,die Beratung,the advice,die Beratung,die,noun,,,Beratungen für Familien gibt es jeden Dienstag zwischen 14 und 16 Uhr.,25
b1_0437,B1,"berechnen, berechnet,","calculate, calculated","berechnen, berechnet,",,word,,,Die Kosten für die Fahrt müssen erst,25
b1_0438,B1,"berechnete, hat berechnet","calculated, has calculated","berechnete, hat berechnet",,word,,,berechnet werden.,25
b1_0439,B1,"der Bereich, -e","the area, -e","der Bereich, -e 1.",der,noun,-e 1.,,In welchem Bereich möchten Sie arbeiten? || Umfahren Sie den Baustellenbereich.,25
b1_0440,B1,bereit,ready,bereit 1.,,word,,,"Ich bin jederzeit bereit, dir zu helfen. || Das Paket liegt auf der Post für Sie bereit.",25
b1_0441,B1,bereits,already,bereits,,word,,,Bitte melde dich bei Frau Kaiser. || Sie hat bereits dreimal angerufen.,25
b1_0442,B1,"der Berg, -e","the mountain, -e","der Berg, -e 1.",der,noun,-e 1.,,Die Zugspitze ist der höchste Berg in Deutschland. || Wir fahren jeden Sonntag in die Berge. || Auf dem Berg haben wir ein Picknick gemacht.,25
b1_0443,B1,"berichten, berichtet,","report, report","berichten, berichtet,",,word,,,Alle Zeitungen haben über den Unfall,25
b1_0444,B1,"berichtete, hat berichtet","reported, has reported","berichtete, hat berichtet",,word,,,berichtet.,25
b1_0445,B1,"der Bericht, -e","the report, -e","der Bericht, -e",der,noun,-e,,Ich habe gestern einen interessanten Bericht gelesen.,25
b1_0446,B1,"der Beruf, -e","the profession, -e","der Beruf, -e",der,noun,-e,,Was sind Sie von Beruf?,25
b1_0447,B1,beruflich,professionally,beruflich,,adjective,,,Was machen Sie beruflich?,25
b1_0448,B1,berufstätig,employed,berufstätig,,adjective,,,Sind Sie berufstätig?,25
b1_0449,B1,"beruhigen, beruhigt,","calm down, calm down","beruhigen, beruhigt, 1.",,word,,,Beruhigen Sie sich bitte. || Es ist alles in,25
b1_0450,B1,"beruhigte, hat beruhigt","calmed down, calmed down","beruhigte, hat beruhigt",,word,,,Ordnung. || Ich kann Sie beruhigen. || Ihrem Sohn ist nichts passiert.,25
b1_0451,B1,berühmt,famous,berühmt,,word,,,Michael Schumacher ist ein berühmter Rennfahrer.,25
b1_0452,B1,"beschädigen, beschädigt,","damage, damaged","beschädigen, beschädigt,",,word,,,"Bitte machen Sie eine Liste davon, was",25
b1_0453,B1,"beschädigte,",damaged,"beschädigte,",,word,,hat beschädigt,die Einbrecher beschädigt haben.,25
b1_0454,B1,"beschäftigen, beschäftigt,","busy, busy","beschäftigen, beschäftigt, 1.",,word,,,Womit haben Sie sich bei Ihrer Arbeit,25
b1_0455,B1,"beschäftigte,",busy,"beschäftigte,",,word,,hat beschäftigt,beschäftigt? || Seit wann sind Sie bei dieser Firma beschäftigt?,25
b1_0456,B1,die Beschäftigung,the employment,die Beschäftigung,die,noun,,,"Ich suche eine Halbtagsbeschäftigung, weil ich ein kleines Kind habe.",25
b1_0457,B1,"der Bescheid, -e","the notice, -e","der Bescheid, -e",der,noun,-e,,Den endgültigen Bescheid erhalten Sie in etwa vier Wochen.,25
b1_0458,B1,Bescheid sagen,let me know,Bescheid sagen,,noun,,,Ich erkundige mich nach den Terminen und sage Ihnen dann Bescheid.,25
b1_0459,B1,Bescheid geben,Let me know,Bescheid geben,,noun,,,Kannst du mir bis morgen Bescheid geben?,25
b1_0460,B1,"beschließen, beschließt,","decide, decide","beschließen, beschließt,",,word,,,"Wir haben beschlossen, uns ein",25
b1_0461,B1,"beschloss,",decided,"beschloss,",,word,,hat beschlossen,kleineres Auto zu kaufen.,25
b1_0462,B1,beschränken,restrict,beschränken,,verb,,,Die Teilnehmerzahl für den Kurs ist beschränkt.,25
b1_0463,B1,"beschreiben, beschreibt,","describe, describes","beschreiben, beschreibt,",,word,,,Kannst du mir den Weg zum Flughafen,25
b1_0464,B1,"beschrieb,",described,"beschrieb,",,word,,hat beschrieben,beschreiben?,25
b1_0465,B1,"die Beschreibung, -en","the description, -en","die Beschreibung, -en",die,noun,-en,,Eine Beschreibung des Geräts liegt bei.,25
b1_0466,B1,sich beschweren,complain,"sich beschweren,",,verb,,,Wo können wir uns beschweren?,25
b1_0467,B1,"beschwert sich,",complains,"beschwert sich,",,word,,,,25
b1_0468,B1,"beschwerte sich,",complained,"beschwerte sich,",,word,,hat sich beschwert,,25
b1_0469,B1,"besetzen, besetzt,","occupy, occupied","besetzen, besetzt, 1.",,word,,,Dieser Platz ist besetzt.,26
b1_0470,B1,"besetzte, hat besetzt","occupied, has occupied","besetzte, hat besetzt 2.",,word,,,Ich habe drei Plätze besetzt. || Ich habe jetzt schon dreimal dort angerufen. || Es ist immer besetzt.,26
b1_0471,B1,"besichtigen, besichtigt,","visit, visited","besichtigen, besichtigt,",,word,,,Im Urlaub haben wir Schloss Schön-,26
b1_0472,B1,"besichtigte, hat besichtigt","visited, has visited","besichtigte, hat besichtigt",,word,,,brunn besichtigt.,26
b1_0473,B1,"besitzen, besitzt, besaß,","own, own, owned","besitzen, besitzt, besaß,",,word,,hat besessen,Besitzt Ihre Frau ein eigenes Auto?,26
b1_0474,B1,besonder-,special-,besonder-,,word,,,Meine Eltern wollten uns mit dieser Reise eine ganz besondere Freude machen.,26
b1_0475,B1,besonders1.,especially1.,besonders1.,,word,,,Ich habe heute ein besonders günstiges Angebot gesehen. || Durch den Sturm gab es besonders in Süddeutschland schwere Schäden. || Wie geht’s? || – Nicht besonders.,26
b1_0476,B1,"besorgen, besorgt,","get, worried","besorgen, besorgt,",,word,,,Soll ich die Eintrittskarten besorgen?,26
b1_0477,B1,"besorgte, hat besorgt","worried, has worried","besorgte, hat besorgt",,word,,,,26
b1_0478,B1,"besprechen, bespricht,","discuss, discuss","besprechen, bespricht,",,word,,,"Wir müssen noch genau besprechen,",26
b1_0479,B1,"besprach,",discussed,"besprach,",,word,,hat besprochen,wann wir losfahren und was wir || mitnehmen.,26
b1_0480,B1,"die Besprechung, -en","the meeting, -en","die Besprechung, -en",die,noun,-en,,"Tut mir leid, Herr Schmidt ist noch in einer Besprechung.",26
b1_0481,B1,die Besserung,the improvement,die Besserung,die,noun,,,Gute Besserung!,26
b1_0482,B1,"bestätigen, bestätigt,","confirm, confirmed","bestätigen, bestätigt, 1.",,word,,,Die Firma hat mir den Termin,26
b1_0483,B1,"bestätigte,",confirmed,"bestätigte,",,word,,hat bestätigt,"schriftlich bestätigt. || Ich kann bestätigen, dass er hier war.",26
b1_0484,B1,"die Bestätigung, -en","the confirmation, -en","die Bestätigung, -en",die,noun,-en,,Ich brauche eine schriftliche Bestätigung für das Amt.,26
b1_0485,B1,"bestehen, besteht,","exist, exists","bestehen, besteht, 1.",,word,,,Das Modul Lesen besteht aus fünf,26
b1_0486,B1,bestand,existed,"bestand, hat bestanden",,verb,,hat bestanden,Teilen. || Ich habe die Prüfung bestanden!,26
b1_0487,B1,"bestellen, bestellt,","order, ordered","bestellen, bestellt, 1.",,word,,,Wir haben Pizza bestellt.,26
b1_0488,B1,"bestellte, hat bestellt","ordered, has ordered","bestellte, hat bestellt 2.",,word,,,Ich bin für 16 Uhr zum Vorstellungs- gespräch bestellt. || Ich soll Ihnen Grüße von Frau Meier bestellen.,26
b1_0489,B1,bestimmt,certainly,bestimmt 1.,,word,,,Das hat Nancy bestimmt nicht so gemeint. || Möchtest du ein bestimmtes Brot?,26
b1_0490,B1,"bestrafen, bestraft,","punish, punished","bestrafen, bestraft,",,word,,,Zu schnelles Fahren wird streng,26
b1_0491,B1,"bestrafte, hat bestraft","punished, has punished","bestrafte, hat bestraft",,word,,,bestraft.,26
b1_0492,B1,"besuchen, besucht,","visit, visited","besuchen, besucht, 1.",,word,,,Besuchen Sie uns doch mal.,26
b1_0493,B1,"besuchte, hat besucht","visited, has visited","besuchte, hat besucht 2.",,word,,,Sie müssen noch einen Kurs besuchen.,26
b1_0494,B1,"der Besuch, -e1.","the visit, -e1.","der Besuch, -e1.",der,noun,-e1.,,Wir bekommen Besuch. || Ich mache einen Besuch im Kranken- haus. || Ich bin hier nur zu Besuch.,26
b1_0495,B1,sich beteiligen,participate,"sich beteiligen, beteiligt",,verb,,beteiligt,Wir wollen unserer Lehrerin ein,26
b1_0496,B1,"sich, beteiligte sich,","himself, took part","sich, beteiligte sich,",,word,,hat sich beteiligt,Geschenk kaufen. || Wer möchte sich || beteiligen?,26
b1_0497,B1,"der Betrag, ¨-e","the amount, ¨-e","der Betrag, ¨-e",der,noun,¨-e,,Bitte überweisen Sie den Betrag auf unser Konto.,26
b1_0498,B1,"betreuen, betreut,","look after, looked after","betreuen, betreut,",,word,,,Wer betreut bei Ihnen die Kinder?,26
b1_0499,B1,"betreute, hat betreut","cared for, cared for","betreute, hat betreut",,word,,,,26
b1_0500,B1,"der Betreuer, -","the supervisor, -","der Betreuer, -",der,noun,-,,Die Betreuerin der Kinder ist sehr nett.,26
b1_0501,B1,"die Betreuerin, -nen","the carer, -nen","die Betreuerin, -nen",die,noun,-nen,,,26
b1_0502,B1,die Betreuung,the care,die Betreuung,die,noun,,,Haben Sie eine Betreuung für Ihre Kinder?,26
b1_0503,B1,"der Betrieb, -e","the company, -e","der Betrieb, -e 1.",der,noun,-e 1.,,In diesem Betrieb arbeiten zehn Leute. || Kurz vor Weihnachten ist in den Kaufhäusern immer viel Betrieb. || Der Aufzug ist in Betrieb/außer Betrieb.,26
b1_0504,B1,"der Betriebsrat, ¨-e","the works council, ¨-e","der Betriebsrat, ¨-e",der,noun,¨-e,,Der Betriebsrat wird Sie über die,26
b1_0505,B1,"die Betriebsrätin, -nen","the works councilor, -nen","die Betriebsrätin, -nen",die,noun,-nen,,neuen Arbeitszeiten informieren.,26
b1_0506,B1,"betrügen, betrügt, betrog,","cheat, cheat, cheated","betrügen, betrügt, betrog, 1.",,word,,hat betrogen,Ich würde meine Familie niemals || betrügen. || Die Rechnung stimmt nicht. || Der Kellner hat mich betrogen.,26
b1_0507,B1,betrunken,drunk,betrunken,,verb,,,"Wenn Sie betrunken Auto fahren, verlieren Sie Ihren Führerschein.",26
b1_0508,B1,"das Bett, -en","the bed, -en","das Bett, -en 1.",das,noun,-en 1.,,"Wir wollten uns neue Betten kaufen. || Solange Sie Fieber haben, müssen Sie im Bett bleiben.",26
b1_0509,B1,die Bevölkerung,the population,die Bevölkerung,die,noun,,,11 % der Bevölkerung wurden nicht im Inland geboren.,26
b1_0510,B1,bevor,before,bevor,,word,,,"Bevor wir gehen, möchte ich noch etwas essen.",26
b1_0511,B1,"bewegen, bewegt,","move, moved","bewegen, bewegt, 1.",,word,,,Ich kann mich vor Schmerzen kaum,26
b1_0512,B1,"bewegte, hat bewegt","moved, has moved","bewegte, hat bewegt",,word,,,noch bewegen. || Ich kann meinen Finger nicht mehr bewegen.,26
b1_0513,B1,"die Bewegung, -en","the movement, -en","die Bewegung, -en",die,noun,-en,,Sie brauchen mehr Bewegung. || Sie müssen regelmäßig spazieren gehen.,26
b1_0514,B1,"beweisen, beweist,","prove, prove","beweisen, beweist,",,word,,,"Wir können beweisen, dass Sie bei Rot",26
b1_0515,B1,bewies,proved,"bewies, hat bewiesen",,verb,,hat bewiesen,über die Ampel gefahren sind.,26
b1_0516,B1,"der Beweis, -e","the proof, -e","der Beweis, -e",der,noun,-e,,Haben Sie dafür Beweise?,26
b1_0517,B1,sich bewerben,apply,"sich bewerben, bewirbt 1.",,verb,,bewirbt 1.,Ich habe mich um diese Stelle,26
b1_0518,B1,"sich, bewarb sich,","himself, applied","sich, bewarb sich,",,word,,hat sich beworben,beworben. || Ich habe mich als Kellner beworben.,26
b1_0519,B1,"die Bewerbung, -en1.","the application, -en1.","die Bewerbung, -en1.",die,noun,-en1.,,Wohin soll ich meine Bewerbung schicken? || Hilfst du mir bei meiner Bewerbung?,26
b1_0520,B1,"der Bewohner, -","the resident, -","der Bewohner, -",der,noun,-,,Ich kenne die anderen Hausbewohner,27
b1_0521,B1,"die Bewohnerin, -nen","the resident, -nen","die Bewohnerin, -nen",die,noun,-nen,,nicht.,27
b1_0522,B1,"bezahlen, bezahlt,","pay, paid","bezahlen, bezahlt,",,word,,,Hast du die Rechnung schon bezahlt?,27
b1_0523,B1,"bezahlte, hat bezahlt","paid, has paid","bezahlte, hat bezahlt",,word,,,,27
b1_0524,B1,"die Beziehung, -en","the relationship, -en","die Beziehung, -en",die,noun,-en,,Wir haben gute Beziehungen zu unseren Nachbarn.,27
b1_0525,B1,"die Bibliothek, -en","the library, -en","die Bibliothek, -en",die,noun,-en,,Die Stadtbibliothek hat bereits geschlossen.,27
b1_0526,B1,das Bier,the beer,das Bier,das,noun,,,"Ein Bier, bitte!",27
b1_0527,B1,"bieten, bietet, bot,","offer, offers, bot","bieten, bietet, bot, 1.",,word,,hat geboten,"Er hat mir für den alten Wagen noch || 800 Euro geboten. || Die Firma bietet ihren Mitarbeitern die Möglichkeit, Sprachkurse zu besuchen.",27
b1_0528,B1,"das Bild, -er","the picture, -er","das Bild, -er",das,noun,-er,,Ein Bild von meinen Kindern hängt über meinem Schreibtisch.,27
b1_0529,B1,"der Bildschirm, -e","the screen, -e","der Bildschirm, -e 1.",der,noun,-e 1.,,Ich brauche einen größeren Bildschirm für meinen Computer. || Wir haben einen Fernsehapparat mit einem sehr großen Bildschirm.,27
b1_0530,B1,"das Billett, -e/-s →D, A:","the ticket, -e/-s →D, A:","das Billett, -e/-s →D, A:",das,noun,"-e/-s →D, A:",,Ein Billett können Sie am Schalter,27
b1_0531,B1,Fahrkarte,ticket,Fahrkarte,,noun,,,kaufen.,27
b1_0532,B1,billig,cheap,billig,,adjective,,,Dieses Buch ist nicht ganz billig.,27
b1_0533,B1,die Biologie,the biology,die Biologie,die,noun,,,Meine Freundin studiert Biologie.,27
b1_0534,B1,Bio-,organic,Bio-,,noun,,,Ich kaufe nur noch Biogemüse.,27
b1_0535,B1,bio(logisch),organic(logical),bio(logisch),,word,,,Biologische Lebensmittel gibt es jetzt auch im Supermarkt.,27
b1_0536,B1,"die Birne, -n","the pear, -n","die Birne, -n",die,noun,-n,,Möchten Sie Obst? || Die Birnen sind heute besonders schön.,27
b1_0537,B1,bis,until,bis 1.,,word,,,"Die Linie 8 fährt nur bis zum Hauptbahnhof. || Bis wann können Sie bleiben? || Tschüs. || Bis gleich! || Einige Züge hatten bis zu zwei Stunden Verspätung. || Für die Renovierung brauchen wir drei bis vier Tage. || Warte hier, bis ich zurückkomme.",27
b1_0538,B1,bisher,until now,bisher,,word,,,Bisher ist alles in Ordnung.,27
b1_0539,B1,ein bisschen,a little bit,ein bisschen 1.,,word,,,"Wenn Sie ein bisschen warten, können wir zusammen gehen. || Möchten Sie noch ein bisschen Reis? || Können Sie bitte ein bisschen lauter sprechen? || Sprechen Sie Englisch? || – Ein bisschen.",27
b1_0540,B1,"bitten, bittet, bat,","ask, beg, beg","bitten, bittet, bat,",,word,,hat gebeten,"Darf ich Sie bitten, kurz zuzuhören?",27
b1_0541,B1,"die Bitte, -n","the request, -n","die Bitte, -n",die,noun,-n,,Ich habe eine Bitte. || Kann ich mal Ihr Handy benutzen?,27
b1_0542,B1,bitte1.,please1.,bitte1.,,word,,,"Eine Tasse Kaffee, bitte! || Bitte schön! || Wie bitte? || Was haben Sie gesagt? || Sprechen Sie bitte langsam.",27
b1_0543,B1,bitter,bitter,bitter,,word,,,Hast du Zucker? || Der Tee ist sehr bitter.,27
b1_0544,B1,blass,pale,blass,,word,,,Du siehst ganz blass aus. || Bist du krank?,27
b1_0545,B1,"das Blatt, ¨-er","the leaf, ¨-er","das Blatt, ¨-er 1.",das,noun,¨-er 1.,,Die Bäume bekommen schon gelbe Blätter. || Haben Sie ein Blatt Papier für mich?,27
b1_0546,B1,"bleiben, bleibt, blieb,","stay, stay, stayed","bleiben, bleibt, blieb, 1.",,word,,ist geblieben,Ich bleibe heute zu Hause. || Im Juni und Juli bleibt unser Geschäft samstags geschlossen. || Bleiben Sie bitte am Apparat. || Bleiben Sie doch sitzen! || Wir bleiben nur bis morgen.,27
b1_0547,B1,"der Bleistift, -e","the pencil, -e","der Bleistift, -e",der,noun,-e,,Hast du einen Bleistift für mich?,27
b1_0548,B1,"der Blick, -e","the look, -e","der Blick, -e",der,noun,-e,,Von hier hat man einen tollen Blick über die Stadt.,27
b1_0549,B1,blind,blind,blind,,word,,,Er ist von Geburt an blind.,27
b1_0550,B1,"blitzen, blitzt, blitzte,","flash, flash, flash","blitzen, blitzt, blitzte, 1.",,word,,hat geblitzt,Gestern Abend gab es ein Gewitter. || Es || hat furchtbar geblitzt und gedonnert. || Ihre Augen blitzen vor Freude.,27
b1_0551,B1,"der Blitz, -e1.","the lightning, -e1.","der Blitz, -e1.",der,noun,-e1.,,"Was für ein Gewitter, hast du den Blitz gesehen? || Hast du das Foto mit Blitz gemacht?",27
b1_0552,B1,blond,blond,blond 1.,,word,,,Mein Sohn ist blond. || Nina hat lange blonde Haare.,27
b1_0553,B1,bloß,just,bloß 1.,,word,,,"Ich möchte nichts kaufen. || Ich möchte mich bloß umsehen. || Komm bloß nicht zu spät. || Wir müssen pünktlich am Bahnhof sein. || Ach, wenn ich bloß mehr verdienen würde!",27
b1_0554,B1,"blühen, blüht, blühte,","bloom, bloom, bloom","blühen, blüht, blühte,",,word,,hat geblüht,Die Bäume blühen schon. || Es ist || Frühling.,27
b1_0555,B1,"die Blume, -n","die Blume, -n","die Blume, -n",die,noun,-n,,Wir haben meiner Mutter Blumen zum Geburtstag geschenkt.,27
b1_0556,B1,"die Bluse, -n","the blouse, -n","die Bluse, -n",die,noun,-n,,Ich hätte gerne eine weiße Bluse.,27
b1_0557,B1,"bluten, blutet, blutete,","bluten, blutet, blutete,","bluten, blutet, blutete,",,word,,hat geblutet,Ich habe mich verletzt. || Meine Hand || blutet.,27
b1_0558,B1,das Blut,the blood,das Blut,das,noun,,,Der Verletzte hat viel Blut verloren.,27
b1_0559,B1,"der Boden, ¨-","the floor, ¨-","der Boden, ¨- 1.",der,noun,¨- 1.,,Die Bücher lagen alle auf dem Boden. || Auf diesem Boden wächst Gemüse besonders gut.,28
b1_0560,B1,"der Bogen, -/¨-","the bow, -/¨-","der Bogen, -/¨-",der,noun,-/¨-,,Bitte schreiben Sie Ihren Namen auf den Antwortbogen.,28
b1_0561,B1,"die Bohne, -n","the bean, -n","die Bohne, -n",die,noun,-n,,Ich esse gern Bohnen.,28
b1_0562,B1,"das Boot, -e","the boat, -e","das Boot, -e",das,noun,-e,,An diesem See kann man Boote mieten.,28
b1_0563,B1,"die Botschaft, -en","the message, -en","die Botschaft, -en",die,noun,-en,,Das Visum habe ich von der Botschaft bekommen.,28
b1_0564,B1,böse,evil,böse,,word,,,"Ich habe das Buch leider vergessen. || Hoffentlich bist du mir nicht böse. || Mach nicht so ein böses Gesicht! || Ich bin böse auf dich, du bist wieder nicht gekommen! || Zeig mal! || Du hast dich verletzt? || Das sieht aber böse aus.",28
b1_0565,B1,"braten, brät, briet,","fry, fry, fried","braten, brät, briet,",,word,,hat gebraten,Das Fleisch muss zehn Minuten braten. || Heute gibt’s gebratenen Fisch.,28
b1_0566,B1,"der Braten, -","the roast, -","der Braten, -",der,noun,-,,Nehmen Sie noch etwas Soße zum Braten?,28
b1_0567,B1,"brauchen, braucht,","need, needs","brauchen, braucht,",,word,,,,28
b1_0568,B1,"brauchte, hat gebraucht","needed, needed","brauchte, hat gebraucht 1.",,word,,,Ich brauche ein Auto. || Brauchst du die Zeitung noch? || Meine Großmutter ist krank. || Sie braucht viel Ruhe. || Ich habe für die Renovierung eine Woche gebraucht. || Sie brauchen morgen nicht zu kommen. || Ich schaffe das alleine.,28
b1_0569,B1,"brechen, bricht, brach,","break, breaks, broke","brechen, bricht, brach,",,word,,hat gebrochen,"Er hat sich beim Skifahren verletzt, sein Bein ist gebrochen. || Ich habe mir im Urlaub das Bein gebrochen.",28
b1_0570,B1,breit,broad,breit,,word,,,Der Teppich ist zwei Meter lang und einen Meter breit.,28
b1_0571,B1,"die Breite, -n","the width, -n","die Breite, -n",die,noun,-n,,"Welche Maße hat der Tisch? || – Länge:1m,Breite:80cm,Höhe:1,20 m.",28
b1_0572,B1,"bremsen, bremst,","brake, brake","bremsen, bremst,",,word,,,,28
b1_0573,B1,"bremste, hat gebremst","braked, braked","bremste, hat gebremst",,word,,,Der Mann ist ganz plötzlich über die Straße gegangen. || Ich musste stark bremsen.,28
b1_0574,B1,"die Bremse, -n","the brake, -n","die Bremse, -n",die,noun,-n,,Du musst unbedingt die Bremsen kontrollieren lassen.,28
b1_0575,B1,"brennen, brennt, brannte,","burn, burn, burnt","brennen, brennt, brannte,",,word,,hat gebrannt,In diesem Haus hat es letztes Jahr gebrannt. || Die Kerze brennt noch. || Mach sie bitte aus. || In deinem Zimmer hat die ganze Nacht das Licht gebrannt.,28
b1_0576,B1,"der Brief, -e","the letter, -e","der Brief, -e",der,noun,-e,,Ich schreibe nicht gern Briefe.,28
b1_0577,B1,"der Briefkasten, ¨-1.","the mailbox, ¨-1.","der Briefkasten, ¨-1.",der,noun,¨-1.,,Ist hier in der Nähe ein Briefkasten? || Hol bitte mal die Zeitung aus dem Briefkasten.,28
b1_0578,B1,"die Briefmarke, -n","the stamp, -n","die Briefmarke, -n",die,noun,-n,,Briefmarken bekommen Sie am Schalter 7.,28
b1_0579,B1,"der Briefträger,",the postman,"der Briefträger,",der,noun,,,War die Briefträgerin schon da?,28
b1_0580,B1,→CH:dieBriefträgerin,→CH: the postman,"→CH:dieBriefträgerin,-nen",,verb,,-nen,,28
b1_0581,B1,Pöstler,Postman,Pöstler,,noun,,,,28
b1_0582,B1,"der Briefumschlag, ¨-e →","the envelope, ¨-e →","der Briefumschlag, ¨-e →",der,noun,¨-e →,,Ich hätte gern 50 Briefumschläge und,28
b1_0583,B1,A: Kuvert; CH: Couvert,A: Envelope; CH: Envelope,A: Kuvert; CH: Couvert,,noun,,,Briefmarken dazu.,28
b1_0584,B1,"die Brieftasche, -n →D,","the wallet, -n →D","die Brieftasche, -n →D,",die,noun,"-n →D,",,Ich habe nur Kleingeld in meiner,28
b1_0585,B1,CH: Portemonnaie/Port-,CH: wallet/port-,CH: Portemonnaie/Port-,,noun,,,Brieftasche.,28
b1_0586,B1,monee; A: Geldbörse,monee; A: Wallet,monee; A: Geldbörse,,word,,,,28
b1_0587,B1,"die Brille, -n","the glasses, -n","die Brille, -n",die,noun,-n,,Ich brauche eine neue Brille.,28
b1_0588,B1,"bringen, bringt, brachte,","bring, brings, brought","bringen, bringt, brachte, 1.",,word,,hat gebracht,Bringen Sie mir bitte ein Glas Tee! || Ich bringe dich nach Hause. || Die Abendzeitung hat einen Bericht über den Unfall gebracht.,28
b1_0589,B1,"die Broschüre, -n","the brochure, -n","die Broschüre, -n",die,noun,-n,,In der Broschüre finden Sie die neuesten Informationen.,28
b1_0590,B1,"das Brot, -e","the bread, -e","das Brot, -e 1.",das,noun,-e 1.,,"Brot kaufe ich immer beim Bäcker, nicht im Supermarkt. || Was möchtest du aufs Brot haben? || Nimm noch ein paar belegte Brote für die Fahrt mit.",28
b1_0591,B1,"das Brötchen, - (D) →A:","the bun, - (D) →A:","das Brötchen, - (D) →A:",das,noun,- (D) →A:,,Ich hole schnell ein paar Brötchen zum,28
b1_0592,B1,Semmel; CH: Brötli,bread roll; CH: Bread rolls,Semmel; CH: Brötli,,noun,,,Frühstück.,28
b1_0593,B1,"das Brötli, - (CH) →D:","the bread roll, - (CH) →D:","das Brötli, - (CH) →D:",das,noun,- (CH) →D:,,Ich hole schnell ein paar Brötli zum,28
b1_0594,B1,Brötchen; A: Semmel,Bread roll; A: Bread,Brötchen; A: Semmel,,noun,,,Frühstück.,28
b1_0595,B1,"die Brücke, -n","the bridge, -n","die Brücke, -n",die,noun,-n,,Fahren Sie über die nächste Brücke und dann rechts.,28
b1_0596,B1,"der Bruder, ¨-","the brother, ¨-","der Bruder, ¨-",der,noun,¨-,,Mein jüngster Bruder geht noch zur Schule.,28
b1_0597,B1,die Brust,the chest,die Brust,die,noun,,,Ich habe Schmerzen in der Brust.,28
b1_0598,B1,"→D: der Bub, -en (A, CH)","→D: the boy, -en (A, CH)","→D: der Bub, -en (A, CH)",,other,,,In der Schulklasse sind 15 Buben und,28
b1_0599,B1,Junge,Boy,Junge,,noun,,,10 Mädchen.,28
b1_0600,B1,"das Buch, ¨-er","the book, ¨-er","das Buch, ¨-er",das,noun,¨-er,,Haben Sie ein Buch über die Geschichte von Berlin?,28
b1_0601,B1,"die Buchhandlung, -en","the bookstore, -en","die Buchhandlung, -en",die,noun,-en,,In der Buchhandlung in der Stadt haben sie das Buch sicher.,28
b1_0602,B1,"buchen, bucht, buchte,","book, book, booked","buchen, bucht, buchte,",,word,,hat gebucht,Ich habe für morgen einen Flug nach || Rom gebucht.,28
b1_0603,B1,"buchstabieren, buchsta-","spell, letter-","buchstabieren, buchsta-",,word,,,Würden Sie Ihren Namen bitte,29
b1_0604,B1,"biert, buchstabierte,","beered, spelled","biert, buchstabierte,",,word,,hat buchstabiert,buchstabieren?,29
b1_0605,B1,"der Buchstabe, -n1.","the letter, -n1.","der Buchstabe, -n1.",der,noun,-n1.,,Gibt es diesen Buchstaben auch in deiner Muttersprache? || Ihr Name beginnt mit K. – Buchstabe K ist in Zimmer || Bitte warten Sie dort.,29
b1_0606,B1,"die Büchse, -n (D, CH) →","the box, -n (D, CH) →","die Büchse, -n (D, CH) →",die,noun,"-n (D, CH) →",,Ich habe noch eine Büchse Bohnen.,29
b1_0607,B1,A: Dose,A: Can,A: Dose,,noun,,,,29
b1_0608,B1,"das Buffet, -s","the buffet, -s","das Buffet, -s",das,noun,-s,,Das Buffet ist eröffnet!,29
b1_0609,B1,"die Bühne, -n","the stage, -n","die Bühne, -n",die,noun,-n,,Er steht gern auf der Bühne.,29
b1_0610,B1,bunt,colorful,bunt,,word,,,Das bunte Kleid gefällt mir gut.,29
b1_0611,B1,"die Burg, -en","the castle, -en","die Burg, -en",die,noun,-en,,Von der Burg hat man eine schöne Aussicht.,29
b1_0612,B1,"der Bürger, -","the citizen, -","der Bürger, -",der,noun,-,,EU-Bürgerinnen und Bürger können,29
b1_0613,B1,"die Bürgerin, -nen","the citizen, -nen","die Bürgerin, -nen",die,noun,-nen,,überall in Europa arbeiten.,29
b1_0614,B1,"das Büro, -s","the office, -s","das Büro, -s 1.",das,noun,-s 1.,,Unser Büro bleibt samstags geschlossen. || Ich möchte in einem Büro arbeiten.,29
b1_0615,B1,"die Bürste, -n","the brush, -n","die Bürste, -n 1.",die,noun,-n 1.,,Hast du eine Bürste? || Meine Schuhe sind so schmutzig. || Ich brauche eine Bürste für meine Haare.,29
b1_0616,B1,"die Zahnbürste, -n","the toothbrush, -n","die Zahnbürste, -n",die,noun,-n,,Ich brauche eine neue Zahnbürste.,29
b1_0617,B1,"der Bus, -se","the bus, -se","der Bus, -se",der,noun,-se,,Ich fahre meistens mit dem Bus zur Arbeit.,29
b1_0618,B1,die Butter,the butter,die Butter,die,noun,,,Ich möchte nur Butter aufs Brot.,29
b1_0619,B1,"das Café, -s","the cafe, -s","das Café, -s",das,noun,-s,,Hier in der Nähe ist ein Café. || Lass uns einen Kaffee trinken.,29
b1_0620,B1,"die Cafeteria, -s","the cafeteria, -s","die Cafeteria, -s",die,noun,-s,,Ich hole mir schnell etwas aus der Cafeteria.,29
b1_0621,B1,"die Chance, -n","the chance, -n","die Chance, -n",die,noun,-n,,"Mein Mann hat gute Chancen, die Stelle zu bekommen.",29
b1_0622,B1,"der Chef, -s","the boss, -s","der Chef, -s",der,noun,-s,,"Das kann ich nicht allein entscheiden,",29
b1_0623,B1,"die Chefin, -nen","the boss, -nen","die Chefin, -nen",die,noun,-nen,,da muss ich erst die Chefin fragen.,29
b1_0624,B1,chic/schick,chic/chic,chic/schick,,word,,,Ich finde dein Kleid sehr chick.,29
b1_0625,B1,"der Coiffeur, -e","the hairdresser, -e","der Coiffeur, -e 1.",der,noun,-e 1.,,Du siehst toll aus! || Wer ist dein,29
b1_0626,B1,"die Coiffeuse, -n (CH)","the hairdresser, -n (CH)","die Coiffeuse, -n (CH)",die,noun,-n (CH),,Coiffeur?,29
b1_0627,B1,"→D, A: Friseur","→D, A: Friseur","→D, A: Friseur 2.",,other,,,Meine Tochter will Coiffeuse werden.,29
b1_0628,B1,"die Couch, -s","the couch, -s","die Couch, -s",die,noun,-s,,Wir haben uns eine Couch und neue Sessel gekauft.,29
b1_0629,B1,"die Creme, -n/-s","the cream, -n/-s","die Creme, -n/-s 1.",die,noun,-n/-s 1.,,Ich hätte gern eine Creme für die Hände. || Für die Creme habe ich Butter und Schokolade genommen.,29
b1_0630,B1,"der Cousin, -s","the cousin, -s","der Cousin, -s",der,noun,-s,,Meine Cousine wohnt jetzt in Brasilien.,29
b1_0631,B1,"die Cousine, -n","the cousin, -n","die Cousine, -n",die,noun,-n,,,29
b1_0632,B1,"das Couvert, -s (CH) →","the envelope, -s (CH) →","das Couvert, -s (CH) →",das,noun,-s (CH) →,,Ich hätte gern 50 Couverts und,29
b1_0633,B1,Briefumschlag; A: Kuvert,envelope; A: Envelope,Briefumschlag; A: Kuvert,,noun,,,Briefmarken dazu.,29
b1_0634,B1,da,there,da 1.,,conjunction,,,"Da drüben ist ein Getränkeautomat. || Was Sie da sagen, ist richtig. || Ich wollte gerade einparken. || Da kam ein Wagen rückwärts aus der Einfahrt. || Wir haben schon geschlossen. || – Da kann man nichts machen. || Da Sie keinen Mitgliedsausweis haben, ist es etwas teurer. || Wir haben gerade über dich gesprochen. || Da bist du ja. || Welche Bluse nehmen Sie? || – Die da. || Ist Herr Klein schon da?",29
b1_0635,B1,dabei,included,dabei 1.,,word,,,"Was hast du dir dabei gedacht? || Schön, dass du da bist. || Ist deine Familie auch dabei? || Hast du einen Stift dabei?",29
b1_0636,B1,"das Dach, ¨-er","the roof, ¨-er","das Dach, ¨-er 1.",das,noun,¨-er 1.,,Wir müssen das Dach reparieren lassen. || Wir wohnen direkt unter dem Dach.,29
b1_0637,B1,dafür,for that,dafür 1.,,word,,,"Meine Schwester interessiert sich für Politik. || Ich interessiere mich nicht dafür. || Ich bin dafür, dass wir möglichst früh losfahren.",29
b1_0638,B1,dagegen,against it,dagegen 1.,,word,,,"Vorsicht, da ist ein Baum! || Fahr nicht dagegen! || Sind Sie für oder gegen ein Rauchverbot? || - Ich bin dagegen. || Ich habe nichts dagegen, dass wir schon nach Hause gehen.",29
b1_0639,B1,daher,therefore,daher,,word,,,"Ich bin erkältet, daher kann ich heute nicht kommen.",29
b1_0640,B1,dahin,there,dahin,,word,,,Der Zug kommt in 30 Minuten. || Bis dahin können wir einen Kaffee trinken.,29
b1_0641,B1,damals,at that time,damals,,word,,,Mit 15 wollte ich gerne Klavier spielen lernen. || Aber damals hatte ich kein Geld dafür.,30
b1_0642,B1,"die Dame, -n","the lady, -n","die Dame, -n 1.",die,noun,-n 1.,,Sie ist eine nette alte Dame. || Meine Damen und Herren! || Sehr geehrte Damen und Herren.,30
b1_0643,B1,damit,with it,damit 1.,,word,,,"Mach schnell, damit wir nicht zu spät kommen. || Was macht man mit diesem Ding? || - Damit kann man Dosen aufmachen.",30
b1_0644,B1,danach,thereafter,danach,,word,,,"Zuerst gehen wir einkaufen, danach grillen wir auf unserem Balkon.",30
b1_0645,B1,daneben,next to it,daneben,,verb,,,"Du weißt doch, wo die Post ist. || Gleich daneben ist die Bank.",30
b1_0646,B1,"danken, dankt, dankte, Ich","thank, thanks, thanked, I","danken, dankt, dankte, Ich",,word,,hat gedankt,danke dir für die Einladung.,30
b1_0647,B1,der Dank1.,the thanks1.,der Dank1.,der,noun,,,Vielen Dank für Ihre Mühe. || Hier ist Ihr Kaffee. || – Vielen Dank! || Herzlichen Dank! || Gott sei Dank hat es nicht geregnet.,30
b1_0648,B1,dankbar,thankful,dankbar,,adjective,,,Ich bin Ihnen sehr dankbar für Ihre Hilfe.,30
b1_0649,B1,danke1.,thank you1.,danke1.,,word,,,"Soll ich Ihnen helfen? || Nein, danke, nicht nötig. || Guten Appetit! || – Danke gleichfalls.",30
b1_0650,B1,dann,then,dann 1.,,word,,,"Ich muss noch schnell zur Post, dann komme ich. || Wir waren pünktlich am Bahnhof. || Aber dann hatte der Zug Verspätung. || Ich habe im Moment sehr viel zu tun. || – Dann will ich nicht länger stören. || Wenn es nicht regnet, dann kommen wir.",30
b1_0651,B1,"darstellen, stellt dar,","represent, represents","darstellen, stellt dar,",,word,,,Er konnte das Problem sehr gut,30
b1_0652,B1,"stellte dar, hat dargestellt","represented, has represented","stellte dar, hat dargestellt",,word,,,darstellen.,30
b1_0653,B1,"die Darstellung, -en","the representation, -en","die Darstellung, -en",die,noun,-en,,Ihr Buch enthält eine klare Darstellung dieser Probleme.,30
b1_0654,B1,dass,that,dass,,conjunction,,,"Rico hat mir gesagt, dass er auch zur Party kommt.",30
b1_0655,B1,"die Datei, -en","the file, -en","die Datei, -en",die,noun,-en,,Wo hast du die Datei gespeichert?,30
b1_0656,B1,"das Datum, die Daten","the date, the data","das Datum, die Daten 1.",das,noun,die Daten 1.,,Welches Datum haben wir heute? || Bitte Datum und Unterschrift nicht vergessen. || Ich brauche noch ein paar Daten von Ihnen.,30
b1_0657,B1,die Daten (Plural),the data (plural),die Daten (Plural),die,noun,,,Wir haben alle Ihre Daten im Computer.,30
b1_0658,B1,"dauern, dauert, dauerte,","last, lasts, lasted","dauern, dauert, dauerte,",,word,,hat gedauert,Wie lange dauert die Pause? || – Eine || halbe Stunde.,30
b1_0659,B1,die Dauer1.,the duration1.,die Dauer1.,die,noun,,,Sie können das Buch für die Dauer einer Woche ausleihen. || Auf Dauer ist die Arbeit nicht interessant.,30
b1_0660,B1,dauernd,constantly,dauernd 1.,,word,,,Das dauernde Klingeln des Telefons stört mich. || Er ist dauernd krank.,30
b1_0661,B1,"die Decke, -n","the ceiling, -n","die Decke, -n 1.",die,noun,-n 1.,,Im Wohnzimmer haben wir keine Lampe an der Decke. || Kann ich noch eine Decke bekommen? || Mir ist kalt.,30
b1_0662,B1,"dekorieren, dekoriert,","decorate, decorated","dekorieren, dekoriert,",,word,,,"Hilfst du mir, den Tisch für die Party",30
b1_0663,B1,"dekorierte, hat dekoriert","decorated, has decorated","dekorierte, hat dekoriert",,word,,,zu dekorieren?,30
b1_0664,B1,"denken, denkt, dachte,","think, think, thought","denken, denkt, dachte, 1.",,word,,hat gedacht,"Du lachst - was denkst du gerade? || Ich denke, dass du recht hast. || Wir diskutieren gerade über das Rauchen. || Wie denken Sie darüber? || Denk bitte daran, die Heizung auszumachen. || Es ist mir ganz egal, was die Leute von mir denken. || Ich denke oft an meine Familie. || Ich hatte mir gedacht, dass wir zusammen fahren könnten.",30
b1_0665,B1,"der Gedanke, -n1.","the thought, -n1.","der Gedanke, -n1.",der,noun,-n1.,,"Ich muss zuerst meine Gedanken sammeln. || Dein Hinweis bringt mich auf einen Gedanken. || Der Gedanke an das Unglück macht uns traurig. || Lass uns einen Ausflug machen, damit du auf andere Gedanken kommst. || Sie ist ganz in Gedanken versunken.",30
b1_0666,B1,"das Denkmal, ¨-er","the monument, ¨-er","das Denkmal, ¨-er",das,noun,¨-er,,In dieser Stadt gibt es viele berühmte Denkmäler.,30
b1_0667,B1,denn,because,denn 1.,,conjunction,,,"Ich lerne jetzt auch Portugiesisch, denn ich möchte nach Südamerika reisen. || Wie ist das Spiel denn ausgegangen?",30
b1_0668,B1,"derselbe, dieselbe,","same, same","derselbe, dieselbe,",,word,,,Mein Freund und ich gehen in dieselbe,30
b1_0669,B1,dasselbe,same,dasselbe,,word,,,Schule.,30
b1_0670,B1,deshalb,for this reason,deshalb,,word,,,Ich war krank. || Deshalb war ich nicht im Büro.,30
b1_0671,B1,"das Dessert, -s →D, A:","the dessert, -s →D, A:","das Dessert, -s →D, A:",das,noun,"-s →D, A:",,Nach dem Essen gab es noch ein,30
b1_0672,B1,Nachspeise,Dessert,Nachspeise,,noun,,,leckeres Dessert.,30
b1_0673,B1,deswegen,because of this,deswegen,,verb,,,Ich habe falsch geparkt. || Deswegen habe ich einen Strafzettel bekommen.,30
b1_0674,B1,"das Detail, -s","the detail, -s","das Detail, -s 1.",das,noun,-s 1.,,Dieses Detail ist unwichtig. || Ich habe alles bis ins kleinste Detail vorbereitet.,31
b1_0675,B1,deutlich,clearly,deutlich,,adjective,,,Schreiben Sie bitte deutlich!,31
b1_0676,B1,die Diät,the diet,die Diät,die,noun,,,Ich möchte abnehmen. || Deshalb mache ich eine Diät.,31
b1_0677,B1,"der Dialekt, -e","the dialect, -e","der Dialekt, -e",der,noun,-e,,"Ich verstehe dich besser, wenn du nicht Dialekt sprichst.",31
b1_0678,B1,"der Dialog, -e","the dialogue, -e","der Dialog, -e",der,noun,-e,,Sie hören jetzt einen Dialog.,31
b1_0679,B1,dicht,close,dicht,,word,,,Unsere Fenster sind nicht dicht. || Es zieht immer.,31
b1_0680,B1,dick,thick,dick 1.,,word,,,Ich bin zu dick. || Ich muss weniger essen. || Die Wände sind hier sehr dick.,31
b1_0681,B1,"der Dieb, -e","the thief, -e","der Dieb, -e",der,noun,-e,,Ein Dieb hat mir auf dem Markt die Tasche gestohlen.,31
b1_0682,B1,"dienen, dient, diente,","serve, serves, served","dienen, dient, diente, 1.",,word,,hat gedient,Solche Kontakte dienen der || Verbesserung der internationalen Beziehungen. || Dieser Raum dient als Aufenthaltsraum. || Er hat der Firma viele Jahre lang gedient.,31
b1_0683,B1,der Dienst,the service,der Dienst 1.,der,noun,,,Als Krankenschwester habe ich oft Frühdienst. || Morgen habe ich Dienst. || Deshalb kann ich nicht kommen.,31
b1_0684,B1,dies-,this-,dies- 1.,,word,,,Wohin fährst du dieses Jahr in Urlaub? || Welche Hose nehmen Sie? || – Diese hier.,31
b1_0685,B1,diesmal,this time,diesmal,,word,,,Die letzten Spiele haben wir verloren. || Diesmal haben wir zum Glück gewonnen.,31
b1_0686,B1,digital,digital,digital,,word,,,Ich habe eine Digitaluhr gekauft. || Die geht genauer als meine alte Uhr.,31
b1_0687,B1,"das Ding, -e","the thing, -e","das Ding, -e",das,noun,-e,,Gib mir bitte mal das Ding da drüben.,31
b1_0688,B1,"das Diplom, -e","the diploma, -e","das Diplom, -e",das,noun,-e,,Wo kann ich mein Diplom abholen?,31
b1_0689,B1,direkt,direct,direkt 1.,,word,,,Wir liefern Ihnen die Waren direkt ins Haus. || Das Dorf liegt direkt an der Autobahn. || Gibt es keinen direkten Zug nach Hamburg? || Sie übertragen das Fußballspiel direkt.,31
b1_0690,B1,"der Direktor, -en","the director, -en","der Direktor, -en",der,noun,-en,,Ich möchte gern mit dem Direktor,31
b1_0691,B1,"die Direktorin, -nen","the director, -nen","die Direktorin, -nen",die,noun,-nen,,sprechen.,31
b1_0692,B1,"die Diskothek, -en/Disko,",the discotheque/discotheque,"die Diskothek, -en/Disko,",die,noun,-s,,Wir gehen heute Abend in die || Disko(thek).,31
b1_0693,B1,"diskutieren, diskutiert,","discuss, discussed","diskutieren, diskutiert,",,word,,,"Wir haben lange diskutiert, wie wir das",31
b1_0694,B1,"diskutierte, hat diskutiert","discussed, has discussed","diskutierte, hat diskutiert",,word,,,Büro einrichten sollen.,31
b1_0695,B1,"die Diskussion, -en","the discussion, -en","die Diskussion, -en",die,noun,-en,,Im Fernsehen gab es eine Diskussion zum Thema „Kinderbetreuung“.,31
b1_0696,B1,"die Distanz, -en","the distance, -en","die Distanz, -en",die,noun,-en,,Diese Firma transportiert Waren auch über große Distanzen.,31
b1_0697,B1,doch,but,doch 1.,,word,,,"Isst du kein Fleisch? || – Doch, manchmal schon. || Ich habe es mir anders überlegt. || Ich komme doch mit in die Stadt. || Ihr kommt doch heute Abend? || Fragen Sie doch Herrn Müller, der ist Computerspezialist. || Ach, wenn doch schon Sonntag wäre!",31
b1_0698,B1,"der Doktor, -en","the doctor, -en","der Doktor, -en 1.",der,noun,-en 1.,,Ist Frau Dr. || Müller da?,31
b1_0699,B1,"die Doktorin, -nen","the doctor, -nen","die Doktorin, -nen 2.",die,noun,-nen 2.,,Meine Tochter ist krank. || Wir gehen zum Doktor.,31
b1_0700,B1,"das Dokument, -e","the document, -e","das Dokument, -e 1.",das,noun,-e 1.,,Hast du alle Dokumente für die Anmeldung dabei? || Dieser Stein ist ein wichtiges Dokument für die alte römische Kultur.,31
b1_0701,B1,"donnern, donnert,","thunder, thunder","donnern, donnert, 1.",,word,,,Hörst du es donnern? || Das Gewitter,31
b1_0702,B1,"donnerte, hat gedonnert","thundered, has thundered","donnerte, hat gedonnert",,word,,,kommt näher. || Der Lkw donnert über die Landstraße.,31
b1_0703,B1,"der Donner, -","the thunder, -","der Donner, -",der,noun,-,,Der Donner kam erst lange nach dem Blitz.,31
b1_0704,B1,doppelt,double,doppelt,,word,,,Das Buch habe ich doppelt.,31
b1_0705,B1,Doppel-1.,Double 1.,Doppel-1.,,noun,,,Wir hätten gern ein Doppelbett. || Wollen Sie ein Doppelzimmer oder ein Einzelzimmer?,31
b1_0706,B1,"das Dorf, ¨-er","the village, ¨-er","das Dorf, ¨-er",das,noun,¨-er,,Unser Dorf liegt direkt an der Autobahn.,31
b1_0707,B1,dort,there,dort 1.,,adverb,,,Dort drüben ist der Bahnhof. || Ich werde in fünf Minuten dort sein.,31
b1_0708,B1,dorthin,there,dorthin,,word,,,Deine Tasche kannst du dorthin stellen.,31
b1_0709,B1,"die Dose, -n →D, CH:","the can, -n →D, CH:","die Dose, -n →D, CH:",die,noun,"-n →D, CH:",,Ich habe noch eine Dose Bohnen.,31
b1_0710,B1,Büchse,can,Büchse,,noun,,,,31
b1_0711,B1,draußen,outside,draußen 1.,,word,,,Es ist kalt draußen. || Wir müssen draußen warten.,31
b1_0712,B1,der Dreck,the dirt,der Dreck 1.,der,noun,,,Iss den Apfel nicht! || Der lag im Dreck. || Ich konnte vor lauter Dreck auf dem Fenster nichts sehen. || Kümmere dich um deinen eigenen Dreck!,31
b1_0713,B1,"drehen, dreht, drehte,","rotate, rotate, rotate","drehen, dreht, drehte, 1.",,word,,hat gedreht,Drehen Sie zum Einschalten den || Schalter nach rechts. || Die Kinder drehen sich zur Musik im Kreis. || Bei Familie Huber dreht sich jetzt alles um das Baby.,32
b1_0714,B1,dringend,urgent,dringend 1.,,word,,,Ich muss dich dringend sprechen. || Ich erwarte einen dringenden Anruf. || Bitte kommen Sie schnell. || Es ist dringend.,32
b1_0715,B1,"drin, drinnen","inside, inside","drin, drinnen 1.",,word,,,Wo wollt ihr sitzen? || Draußen oder drinnen? || Bei der Hitze ist es drinnen viel angenehmer. || In der Packung ist nichts mehr drin.,32
b1_0716,B1,"die Droge, -n","the drug, -n","die Droge, -n",die,noun,-n,,Nimmst du etwa Drogen?,32
b1_0717,B1,"die Drogerie, -n","the drugstore, -n","die Drogerie, -n",die,noun,-n,,Waschmittel bekommst du in der Drogerie.,32
b1_0718,B1,drüben,over,drüben,,verb,,,Dort drüben ist die Haltestelle.,32
b1_0719,B1,"drucken, druckt, druckte,","print, prints, printed","drucken, druckt, druckte, 1.",,word,,hat gedruckt,Warum hast du den Brief noch nicht || ausgedruckt? || Bei welcher Firma haben Sie diese Prospekte drucken lassen? || Du gehst einfach auf „Datei drucken“!,32
b1_0720,B1,"der Drucker, -","the printer, -","der Drucker, -",der,noun,-,,Ich brauche einen neuen Drucker für meinen Computer.,32
b1_0721,B1,"drücken, drückt, drückte,","press, press, press","drücken, drückt, drückte, 1.",,word,,hat gedrückt,"Sie brauchen nur auf den Knopf zu || drücken. || Die neuen Schuhe drücken. || Wenn du hier drückst, geht die Tür auf.",32
b1_0722,B1,der Druck1.,the pressure1.,der Druck1.,der,noun,,,Mit einem Knopfdruck schaltet man das Gerät ein. || Wie hoch muss der Druck in den vorderen Reifen sein?,32
b1_0723,B1,dumm,dumb,dumm 1.,,word,,,"Entschuldigung, das war dumm von mir. || Mir ist etwas Dummes passiert. || Ich fand den Film wirklich sehr dumm.",32
b1_0724,B1,dunkel,dark,dunkel 1.,,word,,,Um sechs Uhr ist es schon dunkel. || Meine Schwester hat dunkle Haare. || Ich habe mir eine dunkelblaue Bluse gekauft.,32
b1_0725,B1,dünn,thin,dünn 1.,,word,,,Mein Sohn ist sehr dünn. || Er isst zu wenig. || Warum ziehst du nur so einen dünnen Mantel an? || Es ist kalt draußen.,32
b1_0726,B1,durch,through,durch 1.,,preposition,,,"Wir sind mit dem Fahrrad durch den Wald gefahren. || Wenn Sie zum Bahnhof gehen, kom- men Sie durch die Goethestraße. || Wir haben den ganzen Mai durch geheizt. || Wir haben unsere Wohnung durch einen Freund bekommen.",32
b1_0727,B1,durcheinander,mixed up,durcheinander 1.,,word,,,Alle meine Sachen sind durcheinander. || Ich finde nichts mehr. || Bitte redet nicht alle durcheinander. || Sonst verstehe ich nichts.,32
b1_0728,B1,"die Durchsage, -n","the announcement, -n","die Durchsage, -n 1.",die,noun,-n 1.,,"Achtung, Achtung, eine wichtige Durchsage! || Ich habe die Durchsage nicht verstanden.",32
b1_0729,B1,"der Durchschnitt, -e","the average, -e","der Durchschnitt, -e 1.",der,noun,-e 1.,,Der Durchschnitt der Ausgaben liegt bei 150 Euro im Monat. || Im Durchschnitt brauchen wir täglich 20 Minuten zur Arbeit. || Die Studentin gehört zum Durchschnitt.,32
b1_0730,B1,durchschnittlich,average,durchschnittlich,,adjective,,,Die Preise sind im letzten Jahr um durchschnittlich 6 % gestiegen.,32
b1_0731,B1,"dürfen, darf, durfte,","may, may, was allowed","dürfen, darf, durfte, 1.",,word,,hat gedurft (hat dürfen,Dürfen wir heute länger fernsehen? || Sie dürfen hier nicht parken.,32
b1_0732,B1,als Modalverb),as a modal verb),als Modalverb) 3.,,conjunction,,,Das hätten Sie nicht machen dürfen! || Was darf ich Ihnen anbieten? || Ich suche ein gebrauchtes Auto. || Es darf nicht mehr als 1000 Euro kosten.,32
b1_0733,B1,der Durst,the thirst,der Durst,der,noun,,,Ich hole Ihnen etwas zu trinken. || Sie haben sicher Durst.,32
b1_0734,B1,durstig,thirsty,durstig,,adjective,,,Du bist sicher durstig. || Was möchtest du trinken?,32
b1_0735,B1,(sich) duschen,(take a shower,"(sich) duschen, duscht, 1.",,verb,,"duscht, 1.",Wenn Sie sich duschen wollen: Das,32
b1_0736,B1,"duschte, hat geduscht","duschte, hat geduscht","duschte, hat geduscht",,word,,,"Badezimmer ist dort hinten links. || Ich bade nicht so gern, ich dusche lieber.",32
b1_0737,B1,"die Dusche, -n1.","the shower, -n1.","die Dusche, -n1.",die,noun,-n1.,,Wir haben leider nur noch ein Zimmer mit Dusche. || Unsere Wohnung hat nur eine Dusche.,32
b1_0738,B1,"duzen, duzt, duzte, hat","first name, first name, first name, has","duzen, duzt, duzte, hat",,word,,,"Wollen wir Du zueinander sagen? || Ja,",32
b1_0739,B1,geduzt,on your terms,geduzt,,word,,,wir können uns gern duzen?,32
b1_0740,B1,eben,even,eben 1.,,word,,,Ich bin eben erst angekommen. || Ich gebe auf. || Ich habe eben kein Glück!,32
b1_0741,B1,ebenfalls,also,ebenfalls,,word,,,"Ich wünsche Ihnen ein schönes Wochenende. || – Danke, ebenfalls.",32
b1_0742,B1,ebenso,as well,ebenso,,word,,,"Schöne Feiertage. || – Danke, ebenso.",32
b1_0743,B1,die e-card (A),the e-card (A),die e-card (A),die,noun,,,Haben Sie Ihre e-card dabei?,33
b1_0744,B1,→D:dieVersichertenkarte,→D:the insurance card,→D:dieVersichertenkarte,,other,,,,33
b1_0745,B1,echt,real,echt 1.,,word,,,Ich träume von einem echten Perserteppich. || Der Film war echt gut.,33
b1_0746,B1,die ec-Karte/EC-Karte →,the EC card/EC card →,die ec-Karte/EC-Karte →,die,noun,,,Bezahlen Sie bar? || Sie können auch mit,33
b1_0747,B1,A: Bankomat-Karte,A: ATM card,A: Bankomat-Karte,,noun,,,der ec-Karte zahlen.,33
b1_0748,B1,"→A: die Ecke, -n (D, CH)","→A: the corner, -n (D, CH)","→A: die Ecke, -n (D, CH) 1.",,other,,,Das Regal stellen wir hier in die Ecke.,33
b1_0749,B1,Eck,corner,Eck 2.,,noun,,,Das bekommen Sie im Kiosk an der Ecke. || Wo ist die Apotheke? − Gleich um die Ecke.,33
b1_0750,B1,"das Eck, -en (A) →D, CH:","the corner, -en (A) →D, CH:","das Eck, -en (A) →D, CH: 1.",das,noun,"-en (A) →D, CH: 1.",,Das Regal stellen wir hier ins Eck.,33
b1_0751,B1,Ecke,Corner,Ecke 2.,,noun,,,Das bekommen Sie im Kiosk am Eck. || Wo ist die Apotheke? − Gleich ums Eck.,33
b1_0752,B1,eckig,square,eckig,,adjective,,,"Ich möchte einen eckigen Tisch, keinen runden.",33
b1_0753,B1,egal,doesn't matter,egal 1.,,word,,,"Es ist mir ganz egal, was die Leute denken. || Egal, wie das Wetter ist, ich gehe schwimmen.",33
b1_0754,B1,"die Ehe, -n","die Ehe, -n","die Ehe, -n",die,noun,-n,,Sie hat zwei Kinder aus erster Ehe.,33
b1_0755,B1,"die Ehefrau, -en/der","the wife, -en/the","die Ehefrau, -en/der",die,noun,-en/der,,Wie heißt Ihre Ehefrau mit Vornamen?,33
b1_0756,B1,"Ehemann, ¨-er","Husband, ¨-er","Ehemann, ¨-er",,noun,,,,33
b1_0757,B1,"das Ehepaar, -e","the couple, -e","das Ehepaar, -e",das,noun,-e,,Das Ehepaar unter uns hat zwei Kinder.,33
b1_0758,B1,eher,rather,eher 1.,,word,,,"Ich stehe meist eher auf als mein Mann. || Michael sieht gerne Serien, ich mag eher Krimis.",33
b1_0759,B1,ehrlich,honest,ehrlich 1.,,adjective,,,Sie ist ein ehrlicher Mensch. || Bitte sei in dieser Sache ehrlich. || Die Pause haben wir uns ehrlich verdient.,33
b1_0760,B1,"das Ei, -er Möchtest","the egg, -he would like","das Ei, -er Möchtest",das,noun,-er Möchtest,,du zum Frühstück ein Ei?,33
b1_0761,B1,eigen-,own,eigen- 1.,,word,,,Fast jedes Kind hat ein eigenes Zimmer. || Manche Leute haben keine eigene Meinung.,33
b1_0762,B1,eigentlich,actually,eigentlich 1.,,adjective,,,"Wir wollten eigentlich Freunde besuchen, aber dann sind wir doch zu Hause geblieben. || Die Sängerin nennt sich Arabella. || Aber eigentlich heißt sie Uschi Müller. || Was willst du eigentlich von mir?",33
b1_0763,B1,sich eignen,are suitable,"sich eignen, eignet sich,",,verb,,"eignet sich,",Dieses Hotel eignet sich besonders für,33
b1_0764,B1,"eignete sich,",was suitable,"eignete sich,",,word,,hat sich geeignet,Familien mit Kindern.,33
b1_0765,B1,"eilen, eilt, eilte,","rush, rush, rushed","eilen, eilt, eilte,",,word,,hat/ist geeilt,Es eilt sehr. || Bitte machen Sie schnell.,33
b1_0766,B1,die Eile1.,the rush1.,die Eile1.,die,noun,,,Ich bin sehr in Eile || Das hat keine Eile.,33
b1_0767,B1,eilig,hurry,eilig,,adjective,,,Hast du es eilig?,33
b1_0768,B1,ein-,a-,ein- 1.,,word,,,Ich nehme ein Bier. || Willst du auch eins? || Wir haben zu wenig Mitspieler. || Wir brauchen noch einen.,33
b1_0769,B1,"die Einbahnstraße, -n","the one-way street, -n","die Einbahnstraße, -n",die,noun,-n,,Die Goethestraße ist jetzt eine Einbahnstraße.,33
b1_0770,B1,"einbrechen, bricht ein,","break in, break in","einbrechen, bricht ein,",,word,,,Jemand ist in unsere Wohnung,33
b1_0771,B1,"brach ein,",broke in,"brach ein,",,word,,ist eingebrochen,eingebrochen.,33
b1_0772,B1,"der Einbrecher, -","the burglar, -","der Einbrecher, -",der,noun,-,,Die Einbrecher haben nichts gestohlen.,33
b1_0773,B1,"die Einbrecherin, -nen","the burglar, -nen","die Einbrecherin, -nen",die,noun,-nen,,,33
b1_0774,B1,"der Einbruch, ¨-e","the burglary, ¨-e","der Einbruch, ¨-e",der,noun,¨-e,,In der Urlaubszeit gibt es viele Wohnungseinbrüche.,33
b1_0775,B1,eindeutig,clearly,eindeutig 1.,,adjective,,,Das Ergebnis ist eindeutig. || Du hast gewonnen. || Du kannst eindeutig besser kochen als ich.,33
b1_0776,B1,"der Eindruck, ¨-e","the impression, ¨-e","der Eindruck, ¨-e 1.",der,noun,¨-e 1.,,"Ich finde die Leute auf der Straße ziemlich unfreundlich. || Wie ist dein Eindruck? || Ich glaube, ich habe bei dem Vorstellungsgespräch einen guten Eindruck gemacht.",33
b1_0777,B1,einerseits,on the one hand,einerseits,,word,,,"Einerseits möchte ich die Reise gern machen, andererseits ist sie zu teuer.",33
b1_0778,B1,einfach,simply,einfach 1.,,word,,,"Hin und zurück? || – Nein, bitte nur einfach. || Ich verstehe das nicht. || Kannst du das bitte einfacher sagen? || Wir haben am Wochenende einen Ausflug gemacht. || Es war einfach toll.",33
b1_0779,B1,"die Einfahrt, -en","the entrance, -en","die Einfahrt, -en 1.",die,noun,-en 1.,,Da parkt wieder jemand vor unserer Einfahrt. || Können Sie nicht lesen: Einfahrt freihalten!,33
b1_0780,B1,"einfallen, fällt ein, fiel ein,","occur, occur, occurred","einfallen, fällt ein, fiel ein,",,word,,ist eingefallen,"Mir ist wieder eingefallen, wie das || Buch heißt.",33
b1_0781,B1,"der Einfall, ¨-e","the idea, ¨-e","der Einfall, ¨-e",der,noun,¨-e,,Frag einfach meine Freundin. || Sie hat immer gute Einfälle.,33
b1_0782,B1,"der Einfluss, ¨-e","the influence, ¨-e","der Einfluss, ¨-e",der,noun,¨-e,,Das Wetter hat Einfluss auf die Gesundheit der Menschen.,33
b1_0783,B1,"beeinflussen, beeinflusst,","influence, influenced","beeinflussen, beeinflusst,",,word,,,Dieses Ereignis hat die Wahlen,34
b1_0784,B1,"beeinflusste,",influenced,"beeinflusste,",,word,,hat beeinflusst,beeinflusst.,34
b1_0785,B1,"einfügen, fügt ein,","insert, inserts","einfügen, fügt ein,",,word,,,"Markieren Sie zuerst die Zeilen, dann",34
b1_0786,B1,"fügte ein, hat eingefügt","inserted, has inserted","fügte ein, hat eingefügt",,word,,,„kopieren“ drücken und dann einfügen.,34
b1_0787,B1,"einführen, führt ein,","introduce, introduces","einführen, führt ein, 1.",,word,,,Dürfen wir diese Ware ins Land,34
b1_0788,B1,"führte ein, hat eingeführt","introduced, has introduced","führte ein, hat eingeführt",,word,,,einführen? || Wir haben letztes Jahr ein neues System eingeführt.,34
b1_0789,B1,"die Einführung, -en","the introduction, -en","die Einführung, -en",die,noun,-en,,Leider habe ich die Einführung des Kurses verpasst.,34
b1_0790,B1,"der Eingang, ¨-e","the entrance, ¨-e","der Eingang, ¨-e 1.",der,noun,¨-e 1.,,Das Gebäude hat zwei Eingänge. || Der Eingang ist um die Ecke.,34
b1_0791,B1,einheitlich,uniform,einheitlich,,adjective,,,Die Schüler dieser Schule tragen einheitliche Kleidung.,34
b1_0792,B1,einig-,agree-,einig- 1.,,adjective,,,"In diesem Bericht sind einige Fehler. || Das wird noch einige Zeit dauern. || Einige Leute sind für das Gesetz, aber viele sind auch dagegen.",34
b1_0793,B1,sich einigen,agree,"sich einigen, einigt sich,",,verb,,"einigt sich,",Jeder hat einen anderen Vorschlag.,34
b1_0794,B1,"einigte sich,",agreed,"einigte sich,",,word,,hat sich geeinigt,Wir können uns leider nicht einigen.,34
b1_0795,B1,"einkaufen, kauft ein,","shopping, shopping","einkaufen, kauft ein,",,word,,,Wir gehen einmal pro Woche,34
b1_0796,B1,"kaufte ein, hat eingekauft","bought, bought","kaufte ein, hat eingekauft",,word,,,einkaufen.,34
b1_0797,B1,"der Einkauf, ¨-e1.","purchasing, ¨-e1.","der Einkauf, ¨-e1.",der,noun,¨-e1.,,Achten Sie beim Einkauf auf Sonderangebote. || Ich habe alle Einkäufe erledigt. || Jetzt können wir einen Kaffee trinken.,34
b1_0798,B1,"das Einkommen, -","the income, -","das Einkommen, -",das,noun,-,,Bei einem höheren Einkommen muss man mehr Steuern zahlen.,34
b1_0799,B1,"einladen, lädt ein, lud ein,","invite, invites, invited","einladen, lädt ein, lud ein,",,word,,hat eingeladen,Darf ich Sie zum Essen einladen?,34
b1_0800,B1,"die Einladung, -en","the invitation, -en","die Einladung, -en",die,noun,-en,,Danke für die Einladung.,34
b1_0801,B1,einmal,once,einmal 1.,,word,,,Ich habe diese Oper leider nur einmal gesehen. || Bitte rufen Sie morgen noch einmal an. || Auf einmal ging das Licht aus. || Ich kann nicht alles auf einmal machen. || Sehen wir uns (ein)mal wieder? || Vor Jahren habe ich (ein)mal in Wien gewohnt. || Komm doch bitte (ein)mal her und hilf mir.,34
b1_0802,B1,"einnehmen, nimmt ein,","take, takes","einnehmen, nimmt ein,",,word,,,Wie muss ich die Tropfen einnehmen?,34
b1_0803,B1,"nahm ein,",took one,"nahm ein,",,word,,hat eingenommen,,34
b1_0804,B1,"die Einnahme, -n","the taking, -n","die Einnahme, -n",die,noun,-n,,Unser Geschäft läuft gut. || Unsere Einnahmen waren in diesem Monat höher als im letzten.,34
b1_0805,B1,"einpacken, packt ein,","pack up, pack up","einpacken, packt ein, 1.",,word,,,Hast du Handtücher eingepackt?,34
b1_0806,B1,"packte ein, hat eingepackt","packed up, packed up","packte ein, hat eingepackt 2.",,word,,,Soll ich Ihnen das als Geschenk einpacken?,34
b1_0807,B1,"einrichten, richtet ein,","set up, set up","einrichten, richtet ein, 1.",,word,,,Ich habe meine Wohnung selbst,34
b1_0808,B1,"richtete ein,",set up,"richtete ein,",,word,,hat eingerichtet,"eingerichtet. || Wenn Sie Fragen haben, rufen Sie uns an. || Wir haben eine extra Telefon-num- mer eingerichtet.",34
b1_0809,B1,"die Einrichtung, -en","the facility, -en","die Einrichtung, -en",die,noun,-en,,"Deine Wohnung ist sehr gemütlich, die Einrichtung gefällt mir sehr gut.",34
b1_0810,B1,einsam,lonely,einsam,,adjective,,,Ohne meine Familie fühle ich mich ein bisschen einsam.,34
b1_0811,B1,"einschalten, schaltet ein,","turn on, turns on","einschalten, schaltet ein,",,word,,,Können Sie bitte die Heizung,34
b1_0812,B1,"schaltete ein,",switched on,"schaltete ein,",,word,,hat eingeschaltet,einschalten?,34
b1_0813,B1,einschließlich,including,einschließlich,,adjective,,,Alles zusammen kostet 200 Euro einschließlich Fahrtkosten.,34
b1_0814,B1,"das Einschreiben, -","the registered letter, -","das Einschreiben, -",das,noun,-,,Ich habe den Brief als Einschreiben geschickt.,34
b1_0815,B1,"einsetzen, setzt ein,","insert, sets in","einsetzen, setzt ein, 1.",,word,,,"Ich glaube, wir müssen jemanden",34
b1_0816,B1,"setzte ein, hat eingesetzt","started, has started","setzte ein, hat eingesetzt",,word,,,"einsetzen, der sich um die Organisation kümmert. || Peter hat sich dafür eingesetzt, dass ich den Job bekomme.",34
b1_0817,B1,"einsteigen, steigt ein, stieg","get in, get in, got up","einsteigen, steigt ein, stieg 1.",,word,,,Ab 20 Uhr vorne beim Fahrer,34
b1_0818,B1,ein,a,"ein, ist eingestiegen",,verb,,ist eingestiegen,einsteigen. || Steig ein. || Wir wollen losfahren.,34
b1_0819,B1,"einstellen, stellt ein,","adjust, adjust","einstellen, stellt ein, 1.",,word,,,Die Firma wird in diesem Jahr drei,34
b1_0820,B1,"stellte ein, hat eingestellt","hired, has hired","stellte ein, hat eingestellt",,word,,,neue Leute einstellen. || Das Gerät ist nicht richtig eingestellt.,34
b1_0821,B1,"eintragen, trägt ein,","enter, enter","eintragen, trägt ein,",,word,,,Tragen Sie sich bitte in die Liste ein.,34
b1_0822,B1,trug ein,contributed,"trug ein, hat eingetragen",,verb,,hat eingetragen,,34
b1_0823,B1,"eintreten, tritt ein, trat","enter, enter, entered","eintreten, tritt ein, trat",,word,,,Letztes Jahr bin ich in einen,34
b1_0824,B1,ein,a,"ein, ist eingetreten",,verb,,ist eingetreten,Sportverein eingetreten.,34
b1_0825,B1,der Eintritt1.,the entry1.,der Eintritt1.,der,noun,,,Kinder über 10 Jahre zahlen den vollen Eintritt. || Der Eintritt ist frei.,34
b1_0826,B1,einverstanden,agreed,einverstanden 1.,,word,,,"Als Termin schlage ich den || Mai vor. – Gut, einverstanden! || Bist du einverstanden, wenn wir bald nach Hause gehen?",34
b1_0827,B1,"der Einwohner, -","the inhabitants, -","der Einwohner, -",der,noun,-,,Berlin hat über drei Millionen,34
b1_0828,B1,"die Einwohnerin, -nen","the resident, -nen","die Einwohnerin, -nen",die,noun,-nen,,Einwohner.,34
b1_0829,B1,"einzahlen, zahlt ein,","pay in, pay in","einzahlen, zahlt ein,",,word,,,Ich habe gestern Geld auf mein,35
b1_0830,B1,"zahlte ein, hat eingezahlt","paid in, paid in","zahlte ein, hat eingezahlt",,word,,,Bankkonto eingezahlt.,35
b1_0831,B1,"die Einzahlung, -en","the deposit, -en","die Einzahlung, -en",die,noun,-en,,Sie sollten die Einzahlung pünktlich machen.,35
b1_0832,B1,einzeln,individually,einzeln 1.,,word,,,"Dieses Mineralwasser gibt es nur als Sechserpack, nicht einzeln. || Die Schüler mussten einzeln zum Schu- larzt kommen.",35
b1_0833,B1,Einzel-,single,Einzel-,,noun,,,"z. || B. || Einzelkind, Einzelzimmer",35
b1_0834,B1,"die Einzelheit, -en","the detail, -en","die Einzelheit, -en",die,noun,-en,,Du musst mir das in allen Einzelheiten erzählen.,35
b1_0835,B1,einzig-,only-,einzig- 1.,,adjective,,,"Wir waren die einzigen Gäste. || Das war das einzige Mal, dass ich ihn gesehen habe.",35
b1_0836,B1,"einziehen, zieht ein,","move in, move in","einziehen, zieht ein,",,word,,,Die Wohnung ist fertig. || Wir können,35
b1_0837,B1,zog ein,moved in,"zog ein, ist eingezogen",,verb,,ist eingezogen,nächste Woche einziehen.,35
b1_0838,B1,das Eis,the ice cream,das Eis 1.,das,noun,,,Im Winter gibt es Eis und Schnee. || Bitte eine Cola ohne Eis.,35
b1_0839,B1,"das Eis (D, A) →CH:","the ice (D, A) →CH:","das Eis (D, A) →CH:",das,noun,A) →CH:,,Zum Nachtisch gibt es Schokoladeneis.,35
b1_0840,B1,Glace/Glacé,Ice cream/ice cream,Glace/Glacé,,noun,,,,35
b1_0841,B1,"die Eisenbahn, -en","the railway, -en","die Eisenbahn, -en",die,noun,-en,,Die Kinder wünschen sich eine elektrische Eisenbahn.,35
b1_0842,B1,elegant,elegant,elegant,,word,,,Ich finde dein Kleid sehr elegant.,35
b1_0843,B1,elektrisch,electric,elektrisch,,adjective,,,"Wir kochen nicht mit Gas, sondern elektrisch.",35
b1_0844,B1,Elektro-,electrical,Elektro-,,noun,,,"z.B. || Elektrogeschäft, Elektroingenieur, Elektroherd",35
b1_0845,B1,elektronisch,electronically,elektronisch,,adjective,,,"Wir sollten die Daten elektronisch bearbeiten, sonst dauert es zu lange.",35
b1_0846,B1,die Eltern (Pl.),the parents (pl.),die Eltern (Pl.),die,noun,,,Ich wohne noch bei meinen Eltern.,35
b1_0847,B1,"empfangen, empfängt,","receive, receives","empfangen, empfängt, 1.",,word,,,Wir können mit unserem Fernseher,35
b1_0848,B1,empfing,received,"empfing, hat empfangen",,verb,,hat empfangen,über 30 Programme empfangen. || Die Gäste wurden sehr herzlich empfangen.,35
b1_0849,B1,"der Empfang, ¨-e1.","the reception, ¨-e1.","der Empfang, ¨-e1.",der,noun,¨-e1.,,Bitte den Empfang bestätigen! || Ich bin mit dem Fernseher nicht zufrieden. || Der Empfang ist sehr schlecht. || Zur Firmeneröffnung bitten wir zu einem kleinen Empfang.,35
b1_0850,B1,"der Empfänger, -","the recipient, -","der Empfänger, -",der,noun,-,,Es fehlt die genaue Adresse des Empfängers.,35
b1_0851,B1,"empfehlen, empfiehlt,","recommend, recommends","empfehlen, empfiehlt,",,word,,,Was können Sie mir denn empfehlen?,35
b1_0852,B1,empfahl,recommended,"empfahl, hat empfohlen",,verb,,hat empfohlen,,35
b1_0853,B1,"die Empfehlung, -en","the recommendation, -en","die Empfehlung, -en",die,noun,-en,,Ich rufe auf Empfehlung von Herrn Weber an.,35
b1_0854,B1,"enden, endet, endete,","end, ends, ended","enden, endet, endete, 1.",,word,,hat geendet,Die Straße endet hier. || Das Arbeitsverhältnis endet im Mai.,35
b1_0855,B1,das Ende1.,the end1.,das Ende1.,das,noun,,,Ich wohne am Ende der Straße. || Die nächste Prüfung findet Ende August statt. || Rinaldo ist Ende fünfzig. || Am Dienstag gehen die Ferien zu Ende.,35
b1_0856,B1,endgültig1.,final1.,endgültig1.,,word,,,Damit ist das Problem endgültig gelöst. || Der endgültige Termin steht noch nicht fest. || Das Ergebnis ist noch nicht endgültig.,35
b1_0857,B1,endlich,finally,endlich 1.,,adjective,,,Endlich haben wir eine schöne Wohnung gefunden. || Haben Sie sich nun endlich entschieden?,35
b1_0858,B1,"die Energie, -n","the energy, -n","die Energie, -n 1.",die,noun,-n 1.,,"Wir müssen Energie sparen. || Abends habe ich keine Energie mehr, um Sport zu machen.",35
b1_0859,B1,eng,closely,eng 1.,,word,,,Die Jacke ist mir zu eng. || Wir arbeiten mit dieser Firma eng zusammen.,35
b1_0860,B1,"der Enkel, -","the grandson, -","der Enkel, -",der,noun,-,,Alle meine Enkel gehen schon zur,35
b1_0861,B1,"die Enkelin, -nen","the granddaughter, -nen","die Enkelin, -nen",die,noun,-nen,,Schule.,35
b1_0862,B1,"entdecken, entdeckt,","discover, discovered","entdecken, entdeckt,",,word,,,Ich habe in deinem Brief noch ein paar,35
b1_0863,B1,"entdeckte, hat entdeckt","discovered, has discovered","entdeckte, hat entdeckt",,word,,,Fehler entdeckt.,35
b1_0864,B1,"entfernen, entfernt,","remove, removed","entfernen, entfernt, 1.",,word,,,Der Müll muss dringend entfernt,35
b1_0865,B1,"entfernte, hat entfernt","removed, has removed","entfernte, hat entfernt",,word,,,werden. || Das Hotel liegt etwa 100 m vom Strand entfernt.,35
b1_0866,B1,"die Entfernung, -en","the distance, -en","die Entfernung, -en",die,noun,-en,,Aus dieser Entfernung ist das nicht zu erkennen.,35
b1_0867,B1,entgegenkommen,accommodate,entgegenkommen 1.,,word,,,Auf dem Weg nach Hause ist mir mein Nachbar entgegengekommen. || Können Sie mir mit dem Preis entgegenkommen?,35
b1_0868,B1,"enthalten, enthält, en-","contain, contains, en-","enthalten, enthält, en- 1.",,word,,,Diese Schokolade enthält nur sehr,35
b1_0869,B1,thielt,thalt,"thielt, hat enthalten",,verb,,hat enthalten,wenig Zucker. || Ist die Änderung im Preis enthalten?,35
b1_0870,B1,entlang,along,entlang,,word,,,Gehen Sie diese Straße entlang. || Dann kommen Sie direkt zum Bahnhof.,35
b1_0871,B1,"entlassen, entlässt,","dismissed, dismissed","entlassen, entlässt, 1.",,word,,,Die Operation ist gut gelaufen. || Wir,35
b1_0872,B1,entließ,dismissed,"entließ, hat entlassen",,verb,,hat entlassen,können Sie nächste Woche aus dem Krankenhaus entlassen. || Die Firma hat viele Mitarbeiter entlassen.,35
b1_0873,B1,"die Entlassung, -en","the dismissal, -en","die Entlassung, -en",die,noun,-en,,Seine Entlassung aus der Firma kam überraschend.,35
b1_0874,B1,"entscheiden, entscheidet,","decide, decide","entscheiden, entscheidet, 1.",,word,,,"Das kann ich nicht allein entscheiden,",36
b1_0875,B1,"entschied,",decided,"entschied,",,word,,hat entschieden,da muss ich erst fragen. || Für welchen Anzug haben Sie sich entschieden?,36
b1_0876,B1,"die Entscheidung, -en","the decision, -en","die Entscheidung, -en",die,noun,-en,,Diese wichtige Entscheidung möchte ich zuerst mit meinem Mann besprechen.,36
b1_0877,B1,unentschieden1.,undecided1.,unentschieden1.,,word,,,"Es steht unentschieden zwischen den beiden Mannschaften. || Ich bin noch immer unentschieden, was ich morgen tun soll.",36
b1_0878,B1,sich entschließen,decide,"sich entschließen,",,verb,,,Mein Nachbar hat sich nun doch,36
b1_0879,B1,"entschließt sich,",decides,"entschließt sich,",,word,,,"entschlossen, sein Auto zu verkaufen.",36
b1_0880,B1,"entschloss sich,",decided,"entschloss sich,",,word,,hat sich entschlossen,,36
b1_0881,B1,entschlossen,determined,entschlossen,,verb,,,"Ich bin fest entschlossen, diese Ausbildung fertigzumachen.",36
b1_0882,B1,"entschuldigen,",excuse,"entschuldigen, 1.",,word,,,"Entschuldigen Sie bitte, dass ich Sie",36
b1_0883,B1,"entschuldigt,",sorry,"entschuldigt,",,word,,,störe. || Aber es gibt ein Problem.,36
b1_0884,B1,"entschuldigte,",apologized,"entschuldigte, 2.",,word,,hat entschuldigt,"Herr Meier lässt sich entschuldigen, er || ist stark erkältet.",36
b1_0885,B1,"die Entschuldigung, -en","the apology, -en","die Entschuldigung, -en",die,noun,-en,,"Oh, Entschuldigung! || – Macht nichts. || Kein Problem.",36
b1_0886,B1,"entsorgen, entsorgt,","dispose of, dispose of","entsorgen, entsorgt,",,word,,,Wie kann ich meine alte,36
b1_0887,B1,"entsorgte, hat entsorgt","disposed of, has disposed of","entsorgte, hat entsorgt",,word,,,Kaffeemaschine entsorgen?,36
b1_0888,B1,entspannend,relaxing,entspannend,,word,,,Der Urlaub war sehr entspannend.,36
b1_0889,B1,"entstehen, entsteht,","arise, arise","entstehen, entsteht, 1.",,word,,,Hier entsteht ein neues Einkaufs-,36
b1_0890,B1,entstand,emerged,"entstand, ist entstanden",,verb,,ist entstanden,zentrum. || Andere Kosten entstehen nicht.,36
b1_0891,B1,"enttäuschen, enttäuscht,","disappoint, disappointed","enttäuschen, enttäuscht, 1.",,word,,,Leider hat mich sein Verhalten,36
b1_0892,B1,"enttäuschte, hat ent-","disappointed, has disappointed","enttäuschte, hat ent-",,word,,,enttäuscht.,36
b1_0893,B1,täuscht,deceiving,täuscht 2.,,word,,,Wir waren von dem Konzert sehr enttäuscht. || Das Ergebnis war enttäuschend.,36
b1_0894,B1,"die Enttäuschung, -en","the disappointment, -en","die Enttäuschung, -en",die,noun,-en,,Das Endspiel war eine große Enttäuschung.,36
b1_0895,B1,entweder ... oder,either ... or,entweder ... oder,,word,,,"Nur einer kann gewinnen, entweder du oder ich.",36
b1_0896,B1,"entwickeln, entwickelt,","develop, developed","entwickeln, entwickelt, 1.",,word,,,Unser Sohn entwickelt sich gut in der,36
b1_0897,B1,"entwickelte,",developed,"entwickelte,",,word,,hat entwickelt,Schule. || Die Firma hat ein neues Produkt entwickelt.,36
b1_0898,B1,"die Entwicklung, -en","the development, -s","die Entwicklung, -en",die,noun,-en,,Genug Schlaf ist wichtig für die Entwicklung Ihres Kindes.,36
b1_0899,B1,die Erde,the earth,die Erde 1.,die,noun,,,Die Pflanzen brauchen neue Erde. || Mein Sohn hat das Glas auf die Erde fallen lassen. || An der Konferenz nehmen Vertreter aus fast allen Ländern der Erde teil.,36
b1_0900,B1,"der Erdapfel, ¨- (A) →","the potato, ¨- (A) →","der Erdapfel, ¨- (A) →",der,noun,¨- (A) →,,Kann ich bitte noch Erdäpfel,36
b1_0901,B1,Kartoffel,Kartoffel,Kartoffel,,noun,,,bekommen?,36
b1_0902,B1,das Erdgeschoss/,the ground floor/,das Erdgeschoss/,das,noun,,,Unsere Wohnung befindet sich im,36
b1_0903,B1,"Ergeschoß, -e","shot, -e","Ergeschoß, -e",,noun,,,Erdgeschoss.,36
b1_0904,B1,"das Ereignis, -se","the event, -se","das Ereignis, -se 1.",das,noun,-se 1.,,Alle Zeitungen haben über diese Ereignisse berichtet. || Das Konzert war ein großes Ereignis.,36
b1_0905,B1,sich ereignen,sich ereignen,"sich ereignen,",,verb,,,Der Unfall ereignete sich am frühen,36
b1_0906,B1,"ereignet sich,",occurs,"ereignet sich,",,word,,,Morgen.,36
b1_0907,B1,"ereignete sich,",occurred,"ereignete sich,",,word,,hat sich ereignet,,36
b1_0908,B1,"erfahren, erfährt, erfuhr,","experienced, experienced, experienced","erfahren, erfährt, erfuhr,",,word,,hat erfahren,Wann erfahren wir das Ergebnis der || Prüfung?,36
b1_0909,B1,"die Erfahrung, -en1.","the experience, -en1.","die Erfahrung, -en1.",die,noun,-en1.,,Ich habe zehn Jahre Erfahrung in diesem Beruf. || Mit diesem Gerät haben wir gute Erfahrungen gemacht.,36
b1_0910,B1,"erfinden, erfindet, erfand,","invent, invent, invent","erfinden, erfindet, erfand,",,word,,hat erfunden,Das Rad wurde vor ca. 6000 Jahren er- || funden.,36
b1_0911,B1,"die Erfindung, -en","the invention, -en","die Erfindung, -en",die,noun,-en,,Die Erfindung des Buchdrucks war sehr wichtig für die Menschen.,36
b1_0912,B1,"der Erfolg, -e","the success, -e","der Erfolg, -e 1.",der,noun,-e 1.,,Der Film war ein großer Erfolg. || Ich wünsche Ihnen viel Erfolg bei der Prüfung.,36
b1_0913,B1,erfolgreich,successful,erfolgreich,,word,,,Mein Großvater war ein erfolgreicher Geschäftsmann.,36
b1_0914,B1,erforderlich,necessary,erforderlich 1.,,adjective,,,"Hier ist die Liste der erforderlichen Zu- taten für den Kuchen. || Es ist erforderlich, dass man den Pass persönlich abholt.",36
b1_0915,B1,"erfordern, erfordert,","require, requires","erfordern, erfordert,",,word,,,Dieser Job erfordert viel Kraft.,36
b1_0916,B1,"erforderte, hat erfordert","required, has required","erforderte, hat erfordert",,word,,,,36
b1_0917,B1,"erfüllen, erfüllt, erfüllte,","fulfill, fulfilled, fulfilled","erfüllen, erfüllt, erfüllte, 1.",,word,,hat erfüllt,Sie müssen den Vertrag in allen || Punkten erfüllen. || Wir erfüllen Ihnen jeden Wunsch.,36
b1_0918,B1,"ergänzen, ergänzt,","supplement, supplement","ergänzen, ergänzt,",,word,,,Ergänzen Sie bitte die fehlenden,36
b1_0919,B1,"ergänzte, hat ergänzt","added, has added","ergänzte, hat ergänzt",,word,,,Angaben.,36
b1_0920,B1,"das Ergebnis, -se","the result, -se","das Ergebnis, -se",das,noun,-se,,Ein so gutes Ergebnis hat uns alle überrascht.,36
b1_0921,B1,"erhalten, erhält, erhielt,","received, received, received","erhalten, erhält, erhielt,",,word,,hat erhalten,Ihr Schreiben vom || Januar haben wir || erhalten.,36
b1_0922,B1,"erhöhen, erhöht, erhöhte,","increase, increased, increased","erhöhen, erhöht, erhöhte, 1.",,word,,hat erhöht,Die Regierung wird sicher bald wieder || die Steuern erhöhen. || Die Zahl der Unfälle hat sich stark erhöht.,36
b1_0923,B1,"die Erhöhung, -en","the increase, -en","die Erhöhung, -en",die,noun,-en,,Wir streiken für eine Lohnerhöhung.,37
b1_0924,B1,sich erholen,to recover,"sich erholen, 1.",,verb,,1.,Im Urlaub habe ich mich sehr gut,37
b1_0925,B1,"erholt sich,",recovers,"erholt sich,",,word,,,erholt.,37
b1_0926,B1,"erholte sich,",recovered,"erholte sich, 2.",,word,,hat sich erholt,Er hat sich nach dem Unfall sehr || schnell wieder erholt.,37
b1_0927,B1,"die Erholung, -en","the recovery, -en","die Erholung, -en",die,noun,-en,,Ich habe zu viel gearbeitet. || Jetzt brauche ich etwas Erholung.,37
b1_0928,B1,"erinnern, erinnert,","remember, remembered","erinnern, erinnert, 1.",,word,,,"Bitte, erinnern Sie mich noch einmal an",37
b1_0929,B1,"erinnerte, hat erinnert","remembered, has remembered","erinnerte, hat erinnert",,word,,,den Termin || Ich erinnere mich noch genau an Francescos Vater.,37
b1_0930,B1,"die Erinnerung, -en","the memory, -en","die Erinnerung, -en",die,noun,-en,,An diese Zeit habe ich viele schöne Erinnerungen.,37
b1_0931,B1,"sicherkälten,erkältetsich,","sure to get cold, catch a cold","sicherkälten,erkältetsich,",,word,,,Der Junge hat sich beim Baden,37
b1_0932,B1,"erkältete sich,",caught a cold,"erkältete sich,",,word,,hat sich erkältet,erkältet.,37
b1_0933,B1,erkältet,caught a cold,erkältet,,word,,,Ich bin stark erkältet.,37
b1_0934,B1,"die Erkältung, -en","the cold, -en","die Erkältung, -en",die,noun,-en,,Du hast eine schlimme Erkältung!,37
b1_0935,B1,"erkennen, erkennt,","recognize, recognize","erkennen, erkennt, 1.",,word,,,Ich habe Roberto gleich an seiner,37
b1_0936,B1,"erkannte, hat erkannt","recognized, has recognized","erkannte, hat erkannt",,word,,,"Stimme erkannt. || Auf dem Foto kann man kaum etwas erkennen. || Ich habe erkannt, dass es ein Fehler war, den Kurs nicht fertigzumachen.",37
b1_0937,B1,"erklären, erklärt, erklärte,","explain, explained, explained","erklären, erklärt, erklärte, 1.",,word,,hat erklärt,"Kannst du mir erklären, wie man || diesen Apparat bedient? || Ich kann mir nicht erklären, wie der Brief verschwinden konnte.",37
b1_0938,B1,"die Erklärung, -en1.","the explanation, -en1.","die Erklärung, -en1.",die,noun,-en1.,,Hast du schon die Steuererklärung gemacht? || Die Erklärung der Lehrerin ist besser als die Erklärung im Buch.,37
b1_0939,B1,sich erkundigen,inquire,"sich erkundigen, 1.",,verb,,1.,Hast du dich schon nach einem Zug,37
b1_0940,B1,"erkundigt sich, erkundigte","inquired, inquired","erkundigt sich, erkundigte",,word,,,erkundigt?,37
b1_0941,B1,"sich, hat sich erkundigt","himself, inquired","sich, hat sich erkundigt 2.",,word,,,"Ich möchte mich erkundigen, wie es Ihnen geht.",37
b1_0942,B1,"erlauben, erlaubt,","allow, permitted","erlauben, erlaubt, 1.",,word,,,"Ich erlaube meinen Kindern nicht, so",37
b1_0943,B1,"erlaubte, hat erlaubt","allowed, has allowed","erlaubte, hat erlaubt",,word,,,lange fernzusehen. || Parken ist hier nicht erlaubt.,37
b1_0944,B1,die Erlaubnis,the permission,die Erlaubnis,die,noun,,,Sie hätten ihn vorher um Erlaubnis bit- ten müssen.,37
b1_0945,B1,"erleben, erlebt, erlebte,","experience, experienced, experienced","erleben, erlebt, erlebte,",,word,,hat erlebt,In unserem Urlaub haben wir viel || Schönes erlebt.,37
b1_0946,B1,"das Erlebnis, -se","the experience, -se","das Erlebnis, -se",das,noun,-se,,Die Reise war ein tolles Erlebnis.,37
b1_0947,B1,"erledigen, erledigt,","do, done","erledigen, erledigt,",,word,,,Diese zwei Pakete müssen zur Post.,37
b1_0948,B1,"erledigte, hat erledigt","done, has done","erledigte, hat erledigt",,word,,,Könntest du das für mich erledigen?,37
b1_0949,B1,"erleichtern, erleichtert,","facilitate, relieved","erleichtern, erleichtert, 1.",,word,,,"Ich bin erleichtert, dass alles so gut",37
b1_0950,B1,"erleichterte,",relieved,"erleichterte,",,word,,hat erleichtert,geklappt hat. || Das Internet erleichtert mir die Arbeit sehr.,37
b1_0951,B1,"die Ermäßigung, -en","the discount, -s","die Ermäßigung, -en",die,noun,-en,,Es gibt eine Ermäßigung für Kinder und Senioren.,37
b1_0952,B1,"ernähren, ernährt,","feed, nourished","ernähren, ernährt, 1.",,word,,,Wie ernähre ich mich richtig?,37
b1_0953,B1,"ernährte, hat ernährt","fed, fed","ernährte, hat ernährt 2.",,word,,,"Meine Eltern müssen beide arbeiten, um die Familie zu ernähren.",37
b1_0954,B1,die Ernährung,die Ernährung,die Ernährung,die,noun,,,Ich finde eine gesunde Ernährung wichtig.,37
b1_0955,B1,ernst,serious,ernst,,word,,,Der starke Verkehr ist ein ernstes Problem.,37
b1_0956,B1,ernsthaft,seriously,ernsthaft,,word,,,"Ich überlege ernsthaft, ob ich in eine andere Stadt ziehen soll.",37
b1_0957,B1,"die Ernte, -n","the harvest, -n","die Ernte, -n",die,noun,-n,,Die Ernte ist dieses Jahr gut.,37
b1_0958,B1,"eröffnen, eröffnet,","open, opened","eröffnen, eröffnet, 1.",,word,,,Mein Nachbar hat letzten Monat ein,37
b1_0959,B1,"eröffnete, hat eröffnet","opened, has opened","eröffnete, hat eröffnet",,word,,,Geschäft eröffnet. || Ich möchte ein Konto eröffnen.,37
b1_0960,B1,"die Eröffnung, -en","the opening, -en","die Eröffnung, -en",die,noun,-en,,Die Eröffnung der neuen Oper ist am || Juni.,37
b1_0961,B1,"erreichen, erreicht,","achieve, achieved","erreichen, erreicht, 1.",,word,,,"Wenn wir uns beeilen, erreichen wir",37
b1_0962,B1,"erreichte, hat erreicht","achieved, has achieved","erreichte, hat erreicht",,word,,,noch den 8-Uhr-Zug. || Bis 17 Uhr können Sie mich im Büro erreichen. || Auf diese Art erreichen Sie bei mir gar nichts. || Dieser Zug erreicht eine Geschwindigkeit von 200 km/h.,37
b1_0963,B1,erschöpft,exhausted,erschöpft,,word,,,Nach dem Sport bin ich immer sehr er- schöpft.,37
b1_0964,B1,"erschrecken, erschrickt,","frightened, frightened","erschrecken, erschrickt, 1.",,word,,,Du hast richtig krank ausgesehen. || Ich,37
b1_0965,B1,"erschrak, ist erschrocken/","frightened, is frightened/","erschrak, ist erschrocken/",,word,,,war ganz erschrocken.,37
b1_0966,B1,"jdn. erschrecken,",sb. scare,"jdn. erschrecken, 2.",,word,,,Hast du mich aber erschreckt!,37
b1_0967,B1,"erschreckt, erschreckte,","frightened, frightened","erschreckt, erschreckte, 3.",,word,,hat erschreckt,Entschuldigung. || Ich wollte Sie nicht er- || schrecken.,37
b1_0968,B1,"ersetzen, ersetzt, ersetzte,","replace, replaced, replaced","ersetzen, ersetzt, ersetzte, 1.",,word,,hat ersetzt,Wir ersetzen Ihnen die Kosten. || Peter ist krank. || Jemand muss ihn ersetzen.,37
b1_0969,B1,der Ersatz,the replacement,der Ersatz,der,noun,,,Sie bekommen von unserer Firma einen Ersatz für das kaputte Gerät.,37
b1_0970,B1,erst,first,erst 1.,,word,,,"Sofia ist erst 20 Jahre alt. || Ich habe das erst gestern erfahren. || Sprich erst mit dem Arzt. || Erst hat mir die Arbeit gar nicht gefallen, aber jetzt habe ich mich daran gewöhnt.",37
b1_0971,B1,erst-,first-,erst- 1.,,word,,,Ich war zum ersten Mal allein im Urlaub. || Ich wohne im ersten Stock. || An erster Stelle kommt die Schule.,38
b1_0972,B1,"erstellen, erstellt,","create, created","erstellen, erstellt,",,word,,,Erstellen Sie bitte eine Liste mit allen,38
b1_0973,B1,"erstellte, hat erstellt","created, has created","erstellte, hat erstellt",,word,,,"Informationen, die Sie brauchen.",38
b1_0974,B1,erwachsen,adult,erwachsen 1.,,word,,,Die Kinder sind schon fast erwachsen. || Wir haben zwei erwachsene Töchter.,38
b1_0975,B1,"der Erwachsene, -n","the adult, -n","der Erwachsene, -n 1.",der,noun,-n 1.,,"Erwachsene zahlen 5 Euro, für Kinder ist der Eintritt frei. || Dieser Film ist nur für Erwachsene.",38
b1_0976,B1,"erwarten, erwartet,","expect, expected","erwarten, erwartet, 1.",,word,,,Ich erwarte einen Anruf aus Berlin.,38
b1_0977,B1,"erwartete, hat erwartet","expected, expected","erwartete, hat erwartet 2.",,word,,,"Frau Müller erwartet ein Kind. || Wir hatten nichts anderes erwartet. || Ich kann es gar nicht erwarten, euch wieder zu sehen.",38
b1_0978,B1,"erzählen, erzählt,","tell, told","erzählen, erzählt, 1.",,word,,,Mein Mann hat mir schon viel von,38
b1_0979,B1,"erzählte, hat erzählt","told, told","erzählte, hat erzählt",,word,,,Ihnen erzählt. || Ich muss meinen Kindern abends immer eine Geschichte erzählen.,38
b1_0980,B1,"die Erzählung, -en","the story, -en","die Erzählung, -en",die,noun,-en,,Diese Erzählung ist sehr berühmt. || Du musst sie lesen.,38
b1_0981,B1,"erziehen, erzieht, erzog,","educate, educate, educated","erziehen, erzieht, erzog,",,word,,hat erzogen,Kinder zu erziehen ist nicht leicht.,38
b1_0982,B1,die Erziehung,the education,die Erziehung,die,noun,,,Heute kümmern sich auch viele Väter um die Erziehung der Kinder.,38
b1_0983,B1,es,it,es 1.,,word,,,"Mein Auto muss in die Werkstatt. || Es ist kaputt. || Wissen Sie nicht, wo Herr Müller ist? || - Nein, ich weiß es nicht. || Es wurden bei der Diskussion viele Fragen gestellt. || Wer ist da? || – Ich bin’s. || Mir geht es gut. || Ich finde es sehr nett von Ihnen, dass Sie mich abholen. || Es macht Spaß, zusammen ein Picknick zu machen.",38
b1_0984,B1,"essen, isst, aß,","eat, eat, ate","essen, isst, aß, 1.",,word,,hat gegessen,Haben Sie schon zu Mittag gegessen? || Ich esse gern Bananen. || Was gibt es heute zu essen?,38
b1_0985,B1,"das Essen, -1.","the food, -1.","das Essen, -1.",das,noun,-1.,,Darf ich Sie zum Essen einladen? || Das Essen ist kalt geworden.,38
b1_0986,B1,der Essig,the vinegar,der Essig,der,noun,,,Am Salat fehlt noch etwas Essig.,38
b1_0987,B1,"die Etage, -n (D, CH) →","the floor, -n (D, CH) →","die Etage, -n (D, CH) →",die,noun,"-n (D, CH) →",,"Das Büro ist in der || Etage,",38
b1_0988,B1,Stock,stock,Stock,,noun,,,Zimmer 305.,38
b1_0989,B1,etwa,approximately,etwa 1.,,word,,,Von hier sind es etwa zwanzig Kilometer. || Von zu Hause brauche ich etwa 10 Minuten bis zur Arbeit. || Du bist doch nicht etwa krank?,38
b1_0990,B1,etwas,something,etwas 1.,,word,,,Ich muss dir etwas erzählen. || Ich habe nur Tee. || Etwas anderes kann ich Ihnen leider nicht anbieten. || Haben Sie etwas zum Schreiben? || Wollen wir mit dem Nachtisch noch etwas warten? || So etwas habe ich noch nie gehört. || Ich habe etwas Gutes für dich gekocht.,38
b1_0991,B1,eventuell,possibly,eventuell,,word,,,Ich komme eventuell etwas später.,38
b1_0992,B1,ewig,forever,ewig,,adjective,,,Ich warte schon ewig auf mein neues Auto!,38
b1_0993,B1,"der Experte, -n","the expert, -n","der Experte, -n",der,noun,-n,,Ich verstehe ein bisschen was von Computern. || Aber ich bin kein Experte.,38
b1_0994,B1,"der Export, -e","the export, -e","der Export, -e 1.",der,noun,-e 1.,,"Hier ist die Firma Schulz, Import und Export. || Sonja arbeitet in der Exportabteilung.",38
b1_0995,B1,extra,extra,extra 1.,,word,,,Die Getränke kosten extra. || Warum sind Sie nicht gekommen? || Ich habe extra auf Sie gewartet.,38
b1_0996,B1,extrem,extreme,extrem,,word,,,Die Prüfung war extrem schwer.,38
b1_0997,B1,"die Fabrik, -en","the factory, -en","die Fabrik, -en",die,noun,-en,,Ich arbeite in einer Autofabrik.,38
b1_0998,B1,"das Fach, ¨-er","the subject, ¨-er","das Fach, ¨-er 1.",das,noun,¨-er 1.,,Die Handtücher sind im obersten Fach links. || Welches Fach magst du in der Schule am liebsten?,38
b1_0999,B1,der Fachmann,the expert,der Fachmann,der,noun,,,Meine Schwester ist Computerfachfrau.,38
b1_1000,B1,"die Fachfrau, -en","the specialist, -en","die Fachfrau, -en",die,noun,-en,,,38
b1_1001,B1,die Fachleute (Pl.),the experts (pl.),die Fachleute (Pl.),die,noun,,,Die suchen Fachleute für dieses Computerprogramm.,38
b1_1002,B1,"die Fähigkeit, -en",the ability to -en,"die Fähigkeit, -en 1.",die,noun,-en 1.,,"In seiner Position braucht man die Fähigkeit, andere zu überzeugen. || Ich glaube, sie hat die Fähigkeit dazu.",38
b1_1003,B1,"fahren, fährt, fuhr, ist/hat","drive, drives, drove, is/has","fahren, fährt, fuhr, ist/hat 1.",,word,,,Wir sind mit dem Zug gefahren.,38
b1_1004,B1,gefahren,driven,gefahren 2.,,word,,,Fahr nicht so schnell. || Frau Koch fährt einen Mercedes. || Soll ich dich nach Hause fahren? || Er hat das Auto in die Garage gefahren.,38
b1_1005,B1,"die Fähre, -n","the ferry, -n","die Fähre, -n",die,noun,-n,,Wir nehmen die Fähre über den Bodensee.,38
b1_1006,B1,"die Fahrbahn, -en","the road, -en","die Fahrbahn, -en",die,noun,-en,,Fahren Sie bitte vorsichtig. || Es sind Kühe auf der Fahrbahn.,39
b1_1007,B1,"der Fahrer, -1.","the driver, -1.","der Fahrer, -1.",der,noun,-1.,,Die Fahrerin des Wagens wurde nicht verletzt. || Leonid ist von Beruf Busfahrer. || Während der Fahrt bitte nicht mit dem Fahrer sprechen!,39
b1_1008,B1,"die Fahrkarte, -n","the ticket, -n","die Fahrkarte, -n",die,noun,-n,,Fahrkarten bekommt man am,39
b1_1009,B1,→CH: Billet,→CH: Billet,→CH: Billet,,other,,,Automaten.,39
b1_1010,B1,"der Fahrplan, ¨-e1.","the timetable, ¨-e1.","der Fahrplan, ¨-e1.",der,noun,¨-e1.,,Der Fahrplan hat sich geändert. || Haben Sie schon den neuen Sommerfahrplan?,39
b1_1011,B1,"das Fahrrad, ¨-er →D, A:","the bicycle, ¨-er →D, A:","das Fahrrad, ¨-er →D, A:",das,noun,"¨-er →D, A:",,Sie fährt jeden Morgen mit dem,39
b1_1012,B1,Rad; CH: Velo,Wheel; CH: Bicycle,Rad; CH: Velo,,noun,,,Fahrrad zur Arbeit.,39
b1_1013,B1,"das Fahrzeug, -e","the vehicle, -e","das Fahrzeug, -e",das,noun,-e,,Wem gehört das Fahrzeug?,39
b1_1014,B1,fair,fair,fair,,word,,,"Ich finde, unsere Mannschaft hat sehr fair gespielt.",39
b1_1015,B1,"der Faktor, -en","the factor, -en","der Faktor, -en",der,noun,-en,,Die Creme hat einen hohen Sonnen- schutzfaktor.,39
b1_1016,B1,"der Fall, ¨-e","the case, ¨-e","der Fall, ¨-e 1.",der,noun,¨-e 1.,,"Was würden Sie in diesem Fall tun? || Rufen Sie auf jeden Fall vorher noch einmal an. || Für den Fall, dass meine Mutter aus dem Krankenhaus kommt, bleibe ich zu Hause.",39
b1_1017,B1,"fallen, fällt, fiel,","fall, falls, fell","fallen, fällt, fiel, 1.",,word,,ist gefallen,Das Glas ist auf den Boden gefallen. || In den Bergen ist schon Schnee gefallen. || Die Temperatur ist ganz plötzlich unter null gefallen.,39
b1_1018,B1,fällig,due,fällig,,adjective,,,Die Rechnung ist Énde des Monats fällig.,39
b1_1019,B1,falls,if,falls,,word,,,"Falls es regnet, machen wir kein Picknick.",39
b1_1020,B1,falsch,incorrect,falsch 1.,,word,,,"Tut mir leid, ich habe die falsche Nummer gewählt. || Meine Uhr geht falsch. || Was Sie da sagen, ist falsch.",39
b1_1021,B1,"die Familie, -n","the family, -n","die Familie, -n",die,noun,-n,,Ich habe eine große Familie.,39
b1_1022,B1,"der Familienstand (D, A) →","the marital status (D, A) →","der Familienstand (D, A) →",der,noun,A) →,,Bei „Familienstand“ musst du „ledig“,39
b1_1023,B1,Personenstand;,civil status;,Personenstand;,,noun,,,ankreuzen.,39
b1_1024,B1,CH: Zivilstand,CH: Marital status,CH: Zivilstand,,noun,,,,39
b1_1025,B1,"fangen, fängt, fing,","catch, catch, caught","fangen, fängt, fing, 1.",,word,,hat gefangen,Das Kind hat den Ball gefangen. || Unsere Katze hat eine Maus gefangen.,39
b1_1026,B1,"die Fantasie/Phantasie, -n","the fantasy/fantasy, -n","die Fantasie/Phantasie, -n",die,noun,-n,,Mein Sohn malt sehr gut. || Er hat viel Fantasie.,39
b1_1027,B1,fantastisch,fantastisch,fantastisch,,adjective,,,Die Aussicht ist fantastisch!,39
b1_1028,B1,"die Farbe, -n","the color, -n","die Farbe, -n 1.",die,noun,-n 1.,,Welche Farbe magst du am liebsten? || Diese Farbe trocknet schnell.,39
b1_1029,B1,farbig,colored,farbig,,adjective,,,"Ich brauche kein weißes, sondern farbiges Papier.",39
b1_1030,B1,"das Faschierte (A) →D,",the minced meat (A) →D,"das Faschierte (A) →D,",das,noun,,,Geben Sie mir bitte 500 g Faschiertes.,39
b1_1031,B1,CH: Hackfleisch,CH: Minced meat,CH: Hackfleisch,,noun,,,,39
b1_1032,B1,"der Fasching, - (D, A) →D:","the carnival, - (D, A) →D:","der Fasching, - (D, A) →D:",der,noun,"- (D, A) →D:",,Dort hängt mein Kostüm für den,39
b1_1033,B1,Karneval; CH: Fasnacht,Carnival; CH: Carnival,Karneval; CH: Fasnacht,,noun,,,Faschings(um)zug.,39
b1_1034,B1,"→D, die Fasnacht (CH) A:","→D, the carnival (CH) A:","→D, die Fasnacht (CH) A:",,other,,,Dort hängt mein Kostüm für den,39
b1_1035,B1,Fasching; D: Karneval,Carnival; D: Carnival,Fasching; D: Karneval,,noun,,,Fasnachtsumzug.,39
b1_1036,B1,"fassen, fasst, fasste,","grasp, grasp, grasp","fassen, fasst, fasste, 1.",,word,,hat gefasst,"Sie haben den Dieb gefasst. || Ich habe den Entschluss gefasst, nach Wien zu ziehen.",39
b1_1037,B1,fast,almost,fast 1.,,word,,,Das Konzent ist fast zu Ende. || Ich habe fast alles verstanden.,39
b1_1038,B1,faul,lazy,faul 1.,,word,,,Mein Sohn war am Anfang in der Schule sehr faul. || Heute lernt er sehr fleißig. || Den Apfel kannst du nicht mehr essen. || Er ist faul.,39
b1_1039,B1,"faulenzen, faulenzt,","laze, laze","faulenzen, faulenzt,",,word,,,Am Wochenende können wir,39
b1_1040,B1,"faulenzte, hat gefaulenzt","lazed around, lazed around","faulenzte, hat gefaulenzt",,word,,,faulenzen.,39
b1_1041,B1,"der Fauteuil, -s (A, CH) →","the armchair, -s (A, CH) →","der Fauteuil, -s (A, CH) →",der,noun,"-s (A, CH) →",,Ich hätte gern einen bequemen,39
b1_1042,B1,"D, CH: Sessel","D, CH: armchair","D, CH: Sessel",,noun,,,Fauteuil.,39
b1_1043,B1,"fehlen, fehlt, fehlte,","missing, missing, missing","fehlen, fehlt, fehlte, 1",,word,,hat gefehlt,"Auf dem Brief fehlt der Absender. || Hast du Kleingeld? || Mir fehlt ein Euro. || In der Kasse fehlen 20 Euro. || Antonio war nicht in der Schule, er fehlt schon seit drei Tagen. || Was fehlt Ihnen? || Haben Sie Schmerzen?",39
b1_1044,B1,"der Fehler, -","the error, -","der Fehler, - 1.",der,noun,- 1.,,"Ich glaube, da haben Sie einen Fehler gemacht. || Die Schülerin hat den Fehler sofort ge- funden.",39
b1_1045,B1,"feiern, feiert, feierte,","celebrate, celebrate, celebrated","feiern, feiert, feierte,",,word,,hat gefeiert,Wir haben gestern Karls Geburtstag || gefeiert.,39
b1_1046,B1,"die Feier, -n","the celebration, -n","die Feier, -n",die,noun,-n,,Es war eine schöne Feier.,39
b1_1047,B1,der Feierabend,the end of the day,der Feierabend,der,noun,,,Einen schönen Feierabend.,39
b1_1048,B1,"der Feiertag, -e1.","the holiday, -e1.","der Feiertag, -e1.",der,noun,-e1.,,Am Montag ist Feiertag. || Schöne Feiertage.,39
b1_1049,B1,"das Feld, -er","the field, -er","das Feld, -er",das,noun,-er,,Auf diesem Feld wächst Gemüse.,39
b1_1050,B1,"das Fenster, -","the window, -","das Fenster, -",das,noun,-,,Darf ich einen Moment das Fenster aufmachen?,39
b1_1051,B1,"die Ferien (Pl.) (CH) →D,",the holidays (pl.) (CH) →D,"die Ferien (Pl.) (CH) →D,",die,noun,,,Ich habe noch drei Tage Ferien.,40
b1_1052,B1,A: Urlaub,A: Vacation,A: Urlaub,,noun,,,,40
b1_1053,B1,Ferien-,Holidays-,Ferien-,,noun,,,Ich suche eine günstige Ferienwohnung.,40
b1_1054,B1,"die Fernbedienung, -en","the remote control, -en","die Fernbedienung, -en",die,noun,-en,,Hast du die Fernbedienung gesehen?,40
b1_1055,B1,"fernsehen, sieht fern,","watch TV, watch TV","fernsehen, sieht fern,",,word,,,Meine Kinder dürfen abends nur eine,40
b1_1056,B1,sah fern,watched TV,"sah fern, hat ferngesehen",,verb,,hat ferngesehen,Stunde fernsehen.,40
b1_1057,B1,das Fernsehen,the television,das Fernsehen,das,noun,,,Was gibt es heute Abend im Fernsehen?,40
b1_1058,B1,"der Fernseher, -","the TV, -","der Fernseher, -",der,noun,-,,Der Fernseher ist schon wieder kaputt.,40
b1_1059,B1,fertig,complete,fertig 1.,,adjective,,,"Das Essen ist gleich fertig. || Wenn ich mit der Arbeit fertig bin, gehe ich nach Hause. || Bist du fertig? || Das war ein schlimmer Tag. || Ich bin total fertig.",40
b1_1060,B1,fest,firmly,fest 1.,,word,,,"Mein Kollege glaubt fest daran, dass er die neue Stelle bekommt. || Als wir nach Hause kamen, haben die Kinder schon fest geschlafen. || Für die nächste Familienfeier gibt es noch keinen festen Termin.",40
b1_1061,B1,"das Fest, -e","the festival, -e","das Fest, -e 1.",das,noun,-e 1.,,"Wenn ich 18 werde, feiern wir ein großes Fest. || Frohes Fest!",40
b1_1062,B1,"die Festplatte, -n","the hard drive, -n","die Festplatte, -n",die,noun,-n,,Mein Computer hat eine große Festplatte.,40
b1_1063,B1,"festhalten, hält fest,","hold on, hold on","festhalten, hält fest, 1.",,word,,,Halt dich gut fest.,40
b1_1064,B1,"hielt fest, hat festgehalten","held on, held on","hielt fest, hat festgehalten 2.",,word,,,Halt die Flasche gut fest.,40
b1_1065,B1,"festlegen, legt fest,","determine, determine","festlegen, legt fest, 1.",,word,,,"Ich weiß noch nicht, ob ich das mache.",40
b1_1066,B1,"legte fest, hat festgelegt","laid down, has laid down","legte fest, hat festgelegt",,word,,,Ich möchte mich noch nicht festlegen. || Habt ihr den Hochzeitstermin schon festgelegt?,40
b1_1067,B1,"festnehmen nimmt fest,",arrest arrests,"festnehmen nimmt fest,",,word,,,Die Polizei hat einen Mann,40
b1_1068,B1,"nahm fest,",arrested,"nahm fest,",,word,,hat festgenommen.,festgenommen.,40
b1_1069,B1,"festsetzen, setzt fest, set-","establish, establish, set-","festsetzen, setzt fest, set-",,word,,,Die Schule hat den Termin für die,40
b1_1070,B1,"zte fest, hat festgesetzt","zte fixed, has fixed","zte fest, hat festgesetzt",,word,,,Prüfung festgesetzt.,40
b1_1071,B1,"feststehen, steht fest,","to be certain, it is certain","feststehen, steht fest,",,word,,,Der Termin steht seit Langem fest.,40
b1_1072,B1,"stand fest,",stood firm,"stand fest,",,word,,ist festgestanden,,40
b1_1073,B1,"feststellen, stellt fest,","determine, determine","feststellen, stellt fest, 1.",,word,,,"Er hat festgestellt, dass der Absender",40
b1_1074,B1,"stellte fest,",stated,"stellte fest,",,word,,hat festgestellt,"des Briefes falsch war. || Der Arzt hat mich untersucht, konnte aber nichts feststellen.",40
b1_1075,B1,fett,fat,fett 1.,,word,,,Die Wurst ist mir zu fett. || Das ist aber eine fette Katze!,40
b1_1076,B1,das Fett,the fat,das Fett,das,noun,,,Man soll nicht so viel Fett essen.,40
b1_1077,B1,feucht,moist,feucht 1.,,word,,,Die Wäsche ist noch feucht. || Es ist heute feucht draußen.,40
b1_1078,B1,das Feuer,the fire,das Feuer 1.,das,noun,,,Der Schaden durch das Feuer war sehr groß. || Haben Sie Feuer?,40
b1_1079,B1,"das Feuerzeug, -e","the lighter, -e","das Feuerzeug, -e",das,noun,-e,,Ist das Feuerzeug neu?,40
b1_1080,B1,"die Feuerwehr, -en","the fire department, -en","die Feuerwehr, -en",die,noun,-en,,Schnell! || Rufen Sie die Feuerwehr! || Die Nummer ist: 112.,40
b1_1081,B1,das Fieber,the fever,das Fieber,das,noun,,,Plötzlich habe ich hohes Fieber bekommen.,40
b1_1082,B1,"die Figur, -en","the figure, -en","die Figur, -en 1.",die,noun,-en 1.,,Lars hat eine gute Figur. || Bei diesem Spiel hat jeder Spieler vier Figuren.,40
b1_1083,B1,"der Film, -e","the film, -e","der Film, -e",der,noun,-e,,Den Film musst du dir unbedingt ansehen.,40
b1_1084,B1,"finanzieren, finanziert,","finance, financed","finanzieren, finanziert,",,word,,,"Ich weiß nicht, wie ich das Auto",40
b1_1085,B1,"finanzierte, hat finanziert","finanzierte, hat finanziert","finanzierte, hat finanziert",,word,,,finanzieren soll.,40
b1_1086,B1,finanziell,financially,finanziell,,word,,,Finanziell geht es meinem Neffen jetzt besser.,40
b1_1087,B1,"finden, findet, fand, hat","find, finds, found, has","finden, findet, fand, hat 1.",,word,,,Meine Tante hat eine gute Arbeit,40
b1_1088,B1,gefunden,found,gefunden,,verb,,,gefunden. || Ich kann meinen Schlüssel nicht finden. || Luigi finde ich sehr nett.,40
b1_1089,B1,"der Finger, -","the finger, -","der Finger, -",der,noun,-,,Alessandro hat sich in den Finger geschnitten.,40
b1_1090,B1,"die Firma, Firmen","the company, companies","die Firma, Firmen",die,noun,Firmen,,Seit wann arbeiten Sie bei dieser Firma?,40
b1_1091,B1,flach,flat,flach 1.,,word,,,Für die Arbeit brauche ich flache Schuhe. || An dieser Stelle ist der See sehr flach.,40
b1_1092,B1,"die Fläche, -n","the area, -n","die Fläche, -n",die,noun,-n,,Unsere Wohnung hat eine Wohnfläche von 100 m².,40
b1_1093,B1,"die Flasche, -n","the bottle, -n","die Flasche, -n 1.",die,noun,-n 1.,,Wo kann man die leeren Flaschen zurückgeben? || Eine Flasche Bier bitte.,40
b1_1094,B1,"der Fleck, -en","the stain, -en","der Fleck, -en",der,noun,-en,,Du hast einen Fleck auf der Bluse.,40
b1_1095,B1,das Fleisch,the meat,das Fleisch,das,noun,,,Fleisch mag ich nicht.,40
b1_1096,B1,"der Fleischhauer, -","the butcher, -","der Fleischhauer, -",der,noun,-,,Dieser Fleischhauer macht sehr gute,40
b1_1097,B1,"die Fleischhauerin, -nen","the butcher, -nen","die Fleischhauerin, -nen",die,noun,-nen,,Wurst.,40
b1_1098,B1,→Metzger (A),→Butcher (A),→Metzger (A),,other,,,,40
b1_1099,B1,fleißig,diligent,fleißig,,adjective,,,Pamela ist wirklich fleißig. || Sie macht immer ihre Hausaufgaben.,40
b1_1100,B1,flexibel,flexible,flexibel,,word,,,Meine Arbeitszeit ist flexibel.,41
b1_1101,B1,"fliegen, fliegt, flog,","fly, flies, flew","fliegen, fliegt, flog, 1.",,word,,ist geflogen,Der Vogel ist auf einen Baum geflogen. || Diese Maschine fliegt direkt nach New York. || Ich bin nach Berlin geflogen.,41
b1_1102,B1,"fliehen, flieht, floh,","flee, flee, fled","fliehen, flieht, floh,",,word,,ist geflohen,Der Einbrecher ist sofort geflohen.,41
b1_1103,B1,die Flucht,the escape,die Flucht,die,noun,,,Der Einbrecher war schon auf der Flucht.,41
b1_1104,B1,"fließen, fließt, floss, ist","flow, flows, flowed, is","fließen, fließt, floss, ist",,word,,,Dieser Fluss fließt in die Nordsee.,41
b1_1105,B1,geflossen,flowed,geflossen,,verb,,,,41
b1_1106,B1,fließend1.,fluent1.,fließend1.,,word,,,Mein Kollege spricht fließend Deutsch. || Zimmer mit fließendem Wasser.,41
b1_1107,B1,"der Flohmarkt, ¨-e","the flea market, ¨-e","der Flohmarkt, ¨-e",der,noun,¨-e,,Diesen Hut habe ich am Flohmarkt gekauft.,41
b1_1108,B1,"die Flöte, -n","the flute, -n","die Flöte, -n",die,noun,-n,,Sie spielt sehr schön Flöte.,41
b1_1109,B1,"der Flug, ¨-e","the flight, ¨-e","der Flug, ¨-e",der,noun,¨-e,,Ich habe den Flug für Sie gebucht.,41
b1_1110,B1,"der Flughafen, ¨-",the airport-,"der Flughafen, ¨-",der,noun,¨-,,Der Flughafen liegt 30 km außerhalb der Stadt.,41
b1_1111,B1,"das Flugzeug, -e","the plane, -e","das Flugzeug, -e",das,noun,-e,,Das Flugzeug ist gerade gelandet.,41
b1_1112,B1,"→Gang; der Flur, -e D, CH:","→Gait; the hallway, -e D, CH:","→Gang; der Flur, -e D, CH:",,other,,,Wir warten draußen im Flur.,41
b1_1113,B1,Korridor,corridor,Korridor,,noun,,,,41
b1_1114,B1,"der Fluss, ¨-e","der Fluss, ¨-e","der Fluss, ¨-e",der,noun,¨-e,,Wie heißt dieser Fluss?,41
b1_1115,B1,"die Flüssigkeit, -en","the liquid, -en","die Flüssigkeit, -en",die,noun,-en,,Dieses Medikament mit viel Flüssigkeit einnehmen.,41
b1_1116,B1,"folgen, folgt, folgte,","follow, follows, followed","folgen, folgt, folgte, 1.",,word,,ist gefolgt,Es folgen die Nachrichten. || Folgen Sie der Reiseleiterin.,41
b1_1117,B1,"die Folge, -n",the consequences,"die Folge, -n",die,noun,-n,,Die Folgen des Unfalls waren schlimm.,41
b1_1118,B1,folgend1.,following1.,folgend1.,,word,,,Mehr Informationen auf den folgenden Seiten. || Das Geschäft hat folgende Angebote: …,41
b1_1119,B1,"fordern, fordert, forderte,","demand, demands, demanded","fordern, fordert, forderte,",,word,,hat gefordert,Die Arbeitnehmer fordern mehr Geld.,41
b1_1120,B1,"die Forderung, -en","the demand, -en","die Forderung, -en",die,noun,-en,,Alle Forderungen der Arbeitnehmer kann man in dieser E-Mail lesen.,41
b1_1121,B1,"fördern, fördert, förderte,","promote, promote, promoted","fördern, fördert, förderte,",,word,,hat gefördert,Die Stadt fördert viele Sportprojekte.,41
b1_1122,B1,"die Förderung, -en","the promotion, -s","die Förderung, -en",die,noun,-en,,Für das Projekt bekommen wir eine Förderung von der Stadt.,41
b1_1123,B1,"die Form, -en","the form, -en","die Form, -en 1.",die,noun,-en 1.,,Diese Schuhe haben eine schöne Form. || Ich möchte für den Geburtstag einen Kuchen backen. || Kannst du mir eine Backform leihen?,41
b1_1124,B1,"das Formular, -e","the form, -e","das Formular, -e",das,noun,-e,,Füllen Sie bitte dieses Formular aus.,41
b1_1125,B1,"die Forschung, -en","the research, -s","die Forschung, -en",die,noun,-en,,Er arbeitet in der Forschung.,41
b1_1126,B1,"die Fortbildung, -en","the further training, -s","die Fortbildung, -en",die,noun,-en,,"Die Fortbildung, die ich machen will, ist sehr teuer.",41
b1_1127,B1,"der Fortschritt, -e","the progress, -e","der Fortschritt, -e",der,noun,-e,,Ich habe beim Deutschlernen große Fortschritte gemacht.,41
b1_1128,B1,"fortsetzen, setzt fort, set-","continue, continues, continues","fortsetzen, setzt fort, set-",,word,,,Wir setzen die Behandlung am,41
b1_1129,B1,"zte fort, hat fortgesetzt","continued, continued","zte fort, hat fortgesetzt",,word,,,nächsten Donnerstag um 11 Uhr fort.,41
b1_1130,B1,"die Fortsetzung, -en","the sequel, -en","die Fortsetzung, -en",die,noun,-en,,Fortsetzung folgt.,41
b1_1131,B1,"das Forum, Foren","the forum, forums","das Forum, Foren",das,noun,Foren,,Ich melde mich heute bei diesem,41
b1_1132,B1,(Internetforum),(Internet forum),(Internetforum),,other,,,Forum an.,41
b1_1133,B1,"fotografieren, fotografiert,","photograph, photographed","fotografieren, fotografiert,",,word,,,Ich fotografiere gern.,41
b1_1134,B1,"fotografierte,",photographed,"fotografierte,",,word,,hat fotografiert,,41
b1_1135,B1,"das Foto, -s","the photo, -s","das Foto, -s",das,noun,-s,,Können Sie dieses Foto vergrößern?,41
b1_1136,B1,"der Fotoapparat, -e","the camera, -e","der Fotoapparat, -e",der,noun,-e,,Ich möchte mir einen Fotoapparat kaufen.,41
b1_1137,B1,"der Fotograf, -en","the photographer, -en","der Fotograf, -en",der,noun,-en,,Die Fotografin hat sehr schöne Fotos gemacht.,41
b1_1138,B1,"die Fotografie, -n","photography, -n","die Fotografie, -n",die,noun,-n,,Ich interessiere mich für Fotografie.,41
b1_1139,B1,"fragen, fragt, fragte,","ask, ask, asked","fragen, fragt, fragte, 1.",,word,,hat gefragt,"Darf ich Sie etwas fragen? || Hat jemand nach mir gefragt? || Ich frage mich, ob das richtig war.",41
b1_1140,B1,"die Frage, -n1.","the question, -n1.","die Frage, -n1.",die,noun,-n1.,,Ich habe Ihre Frage leider nicht verstanden. || Das kommt gar nicht infrage!,41
b1_1141,B1,"die Frau, -en",the women,"die Frau, -en 1.",die,noun,-en 1.,,"In meinem Deutschkurs sind mehr Frauen als Männer. || Ist Ihre Frau berufstätig? || Guten Tag, Frau Müller!",41
b1_1142,B1,frech,cheeky,frech,,word,,,Du darfst in der Schule nicht so frech sein.,41
b1_1143,B1,frei,free,frei 1.,,adjective,,,Ist dieser Platz noch frei? || Morgen haben wir frei. || Eintritt frei. || Ich trinke nur alkoholfreies Bier. || Dieses Medikament ist rezeptfrei. || Die Schüler können die Arbeitszeit frei wählen.,41
b1_1144,B1,im Freien,outdoors,im Freien,,verb,,,Wir wollen heute im Freien übernachten.,41
b1_1145,B1,die Freiheit,the freedom,die Freiheit,die,noun,,,"Wir wollen die Freiheit haben, unsere Meinung sagen zu können.",41
b1_1146,B1,die Freizeit,the free time,die Freizeit,die,noun,,,In meiner Freizeit höre ich gern Musik.,41
b1_1147,B1,freiwillig,voluntarily,freiwillig,,adjective,,,Manchmal bleibe ich freiwillig länger im Büro.,42
b1_1148,B1,fremd,foreign,fremd 1.,,word,,,Ich reise gern in fremde Länder. || Ich bin fremd hier.,42
b1_1149,B1,"fressen, frisst, fraß,","eat, eat, eat","fressen, frisst, fraß,",,word,,hat gefressen,Hat der Hund schon etwas zu fressen || bekommen?,42
b1_1150,B1,sich freuen,rejoice,"sich freuen, freut sich, 1.",,verb,,"freut sich, 1.","Es freut mich, dass alles so gut",42
b1_1151,B1,"freute sich,",was happy,"freute sich,",,word,,hat sich gefreut,geklappt hat. || Ich habe mich über Ihr Geschenk sehr gefreut. || Ich freue mich schon auf meinen näch- sten Urlaub.,42
b1_1152,B1,die Freude,the joy,die Freude,die,noun,,,Diese Arbeit macht mir viel Freude.,42
b1_1153,B1,"der Freund, -e","the friend, -e","der Freund, -e",der,noun,-e,,Ich sehe meine Freunde nur am Wochenende.,42
b1_1154,B1,freundlich1.,friendly1.,freundlich1.,,word,,,Er hat uns sehr freundlich begrüßt. || Der Mann ist sehr freundlich zu mir. || Mit freundlichen Grüßen,42
b1_1155,B1,"die Freundschaft, -en","the friendship, -en","die Freundschaft, -en",die,noun,-en,,Deine Freundschaft ist mir sehr wichtig.,42
b1_1156,B1,"der Friede, Frieden, -","peace, peace, -","der Friede, Frieden, -",der,noun,"Frieden, -",,Endlich ist hier Frieden!,42
b1_1157,B1,"frieren, friert, fror,","freeze, freeze, froze","frieren, friert, fror, 1.",,word,,hat gefroren,"Wenn Sie frieren, mache ich das || Fenster wieder zu. || Heute Nacht hat es gefroren.",42
b1_1158,B1,frisch,fresh,frisch 1.,,adjective,,,Das Brot ist noch ganz frisch. || Die Handtücher sind frisch gewaschen. || Ich muss mal an die frische Luft.,42
b1_1159,B1,"der Friseur, -e","the hairdresser, -e","der Friseur, -e 1.",der,noun,-e 1.,,Du siehst toll aus! || Wer ist dein Friseur?,42
b1_1160,B1,"die Friseurin, -nen (D, A)","the hairdresser, -nen (D, A)","die Friseurin, -nen (D, A) 2.",die,noun,"-nen (D, A) 2.",,Meine Tochter will Friseurin werden.,42
b1_1161,B1,→CH: Coiffeur,→CH: Hairdresser,→CH: Coiffeur,,other,,,,42
b1_1162,B1,"die Frisur, -en","the hairstyle, -en","die Frisur, -en",die,noun,-en,,Du hast eine tolle Frisur! || Warst du beim Friseur?,42
b1_1163,B1,"die Frist, -en","the deadline, -en","die Frist, -en",die,noun,-en,,Die Frist für die Anmeldung zum Deutschkurs ist abgelaufen.,42
b1_1164,B1,froh,glad,froh 1.,,word,,,"Ich bin froh, dass alles so gut geklappt hat. || Frohes Fest!",42
b1_1165,B1,fröhlich1.,happy1.,fröhlich1.,,word,,,Die Musik klingt fröhlich. || Sie ist ein fröhlicher Mensch.,42
b1_1166,B1,"die Frucht, ¨-e","the fruit, ¨-e","die Frucht, ¨-e",die,noun,¨-e,,Welche Früchte kann man essen?,42
b1_1167,B1,"Früchte (CH) →D, A: Obst","Fruits (CH) →D, A: Fruit","Früchte (CH) →D, A: Obst",,noun,,,Früchte kaufe ich am liebsten auf dem Markt.,42
b1_1168,B1,früh,early,früh 1.,,word,,,Hier ist schon am frühen Morgen starker Verkehr. || Mein Vater arbeitet von früh bis spät. || Ich bin heute sehr früh aufgestanden. || Wir sind eine halbe Stunde zu früh gekommen. || Wecken Sie mich bitte morgen früh um 6 Uhr.,42
b1_1169,B1,früher/früher-,earlier/earlier-,früher/früher- 1.,,word,,,Früher habe ich in Berlin gewohnt. || Wir nehmen den früheren Zug.,42
b1_1170,B1,"frühstücken, frühstückt,","have breakfast, have breakfast","frühstücken, frühstückt,",,word,,,Haben Sie schon gefrühstückt?,42
b1_1171,B1,"frühstückte,",had breakfast,"frühstückte,",,word,,hat gefrühstückt,,42
b1_1172,B1,das Frühstück1.,the breakfast1.,das Frühstück1.,das,noun,,,Wir sitzen gerade beim Frühstück. || Sollen wir Ihnen das Frühstück aufs Zimmer bringen?,42
b1_1173,B1,"fühlen, fühlt, fühlte,","feel, feels, felt","fühlen, fühlt, fühlte, 1.",,word,,hat gefühlt,"Wie fühlen Sie sich? || - Danke, ich fühle || mich wohl. || Fühl mal, ob das Wasser nicht zu heiß ist.",42
b1_1174,B1,"führen, führt, führte,","lead, leads, led","führen, führt, führte, 1.",,word,,hat geführt,Der Lehrer führt seine Schüler durch || das Museum. || Frau Meyer führt den Betrieb schon seit zehn Jahren. || Nach 20 Minuten führte unsere Mannschaft 2 : 0. || Die Straße führt direkt zum Bahnhof.,42
b1_1175,B1,"der Führerausweis, -e (CH)","the driving license, -e (CH)","der Führerausweis, -e (CH)",der,noun,-e (CH),,Hast du einen Führerausweis?,42
b1_1176,B1,"→D, A: Führerschein","→D, A: Driving license","→D, A: Führerschein",,other,,,,42
b1_1177,B1,"der Führerschein, -e (D, A)1.","the driving license, -e (D, A)1.","der Führerschein, -e (D, A)1.",der,noun,"-e (D, A)1.",,Hast du einen Führerschein?,42
b1_1178,B1,→CH: Führerausweis2.,→CH: Driving license2.,→CH: Führerausweis2.,,other,,,Ich habe vor einem halben Jahr den Führerschein gemacht.,42
b1_1179,B1,"die Führung, -en1.","the leadership, -en1.","die Führung, -en1.",die,noun,-en1.,,Die nächste Führung beginnt um 15 Uhr. || Bayern München liegt in Führung.,42
b1_1180,B1,"das Fundbüro, -s","the lost and found office, -s","das Fundbüro, -s",das,noun,-s,,Sie haben Ihren Schirm verloren. || Da fragen Sie am besten im Fundbüro.,42
b1_1181,B1,"funktionieren, funktion-","function, function","funktionieren, funktion- 1.",,word,,,"Können Sie mir bitte mal zeigen, wie",42
b1_1182,B1,"iert, funktionierte,","ed, worked","iert, funktionierte,",,word,,hat funktioniert,der Automat funktioniert? || Unsere Ehe funktioniert nicht mehr.,42
b1_1183,B1,für,for,für 1.,,preposition,,,Ist Post für mich da? || Ich habe die Schlüssel für meine Wohnung verloren. || Gibt es hier einen Sportverein für Jugendliche? || Diese alten Möbel haben wir für 100 Euro bekommen. || Für einen Anfänger spielt er schon sehr gut Klavier. || Du kannst nicht einkaufen gehen? || Ich kann es für dich machen. || Für mich ist das ein schwerer Fehler. || Wir haben die Wohnung für ein Jahr gemietet.,42
b1_1184,B1,furchtbar,terrible,furchtbar 1.,,adjective,,,Dennis hat furchtbare Schmerzen. || Das war mir furchtbar unangenehm.,43
b1_1185,B1,(sich) fürchten,(to be afraid,"(sich) fürchten, fürchtet,",,verb,,"fürchtet,",Sie fürchtet sich vor Schlangen.,43
b1_1186,B1,"fürchtete, hat gefürchtet","feared, feared","fürchtete, hat gefürchtet",,word,,,,43
b1_1187,B1,"der Fuß, ¨-e","der Fuß, ¨-e","der Fuß, ¨-e 1.",der,noun,¨-e 1.,,Er hat sich den linken Fuß gebrochen. || Sind Sie zu Fuß gekommen?,43
b1_1188,B1,"der Fußball, ¨-e1.","the football, ¨-e1.","der Fußball, ¨-e1.",der,noun,¨-e1.,,Spielt ihr gerne Fußball? || Jonas wünscht sich zu Weihnachten einen neuen Fußball.,43
b1_1189,B1,"der Fußgänger, -","the pedestrian, -","der Fußgänger, -",der,noun,-,,Dieser Weg ist nur für Fußgänger.,43
b1_1190,B1,"die Fußgängerin, -nen","the pedestrian, -nen","die Fußgängerin, -nen",die,noun,-nen,,,43
b1_1191,B1,"die Fußgängerzone, -n","the pedestrian zone, -n","die Fußgängerzone, -n",die,noun,-n,,Wir treffen uns um 15 Uhr in der Fußgängerzone.,43
b1_1192,B1,"füttern, füttert, fütterte,","feed, feed, fed","füttern, füttert, fütterte,",,word,,hat gefüttert,"Es ist im Zoo nicht erlaubt, die Tiere zu || füttern.",43
b1_1193,B1,"die Gabel, -n","the fork, -n","die Gabel, -n",die,noun,-n,,Wir brauchen bitte noch eine Gabel.,43
b1_1194,B1,"die Galerie, -n","the gallery, -n","die Galerie, -n",die,noun,-n,,Diese Galerie ist sehr interessant.,43
b1_1195,B1,"der Gang, ¨-e","the passage, ¨-e","der Gang, ¨-e 1.",der,noun,¨-e 1.,,"Wir warten draußen im Gang. ( →D, CH: Korridor; D: Flur) || Schalten Sie bitte jetzt in den dritten Gang. || Was möchten Sie als ersten Gang? || Suppe oder Salat?",43
b1_1196,B1,ganz,quite,ganz 1.,,word,,,Ich habe den ganzen Tag noch nichts gegessen. || Den Zahnarzttermin habe ich ganz vergessen. || Ich finde Janis ganz nett. || Am Montag ist hier Ruhetag. || Das weiß ich ganz sicher. || Gott sei Dank ist meine Brille noch ganz.,43
b1_1197,B1,gar,even,gar 1.,,word,,,Die Kartoffeln sind noch nicht gar. || Du räumst nie dein Zimmer auf. || – Das ist gar nicht wahr.,43
b1_1198,B1,"die Garage, -n","the garage, -n","die Garage, -n",die,noun,-n,,Hier ist eine Garage zu vermieten.,43
b1_1199,B1,"garantieren, garantiert,","guarantee, guaranteed","garantieren, garantiert,",,word,,,"Ich kann Ihnen nicht garantieren, dass",43
b1_1200,B1,"garantierte, hat garantiert","guaranteed, has guaranteed","garantierte, hat garantiert",,word,,,das Gerät nächste Woche fertig ist.,43
b1_1201,B1,die Garantie,the guarantee,die Garantie,die,noun,,,Auf die Waschmaschine haben Sie ein Jahr Garantie.,43
b1_1202,B1,"die Garderobe, -n","the wardrobe, -n","die Garderobe, -n 1.",die,noun,-n 1.,,"Die Mäntel bitte an der Garderobe abgeben. || Bitte, achten Sie auf Ihre Garderobe.",43
b1_1203,B1,"der Garten, ¨-",the garden-,"der Garten, ¨-",der,noun,¨-,,Wir haben einen schönen großen Garten.,43
b1_1204,B1,das Gas,the gas,das Gas 1.,das,noun,,,Wir kochen mit Gas. || Gib Gas! || Die Ampel ist grün.,43
b1_1205,B1,"der Gast, ¨-e","the guest, ¨-e","der Gast, ¨-e 1.",der,noun,¨-e 1.,,Wir haben heute Abend Gäste. || Der Gast hat sich über das Essen beschwert.,43
b1_1206,B1,"das Gasthaus, ¨-er (A)","the inn, ¨-er (A)","das Gasthaus, ¨-er (A)",das,noun,¨-er (A),,Gehen wir noch in ein Gasthaus ein Bier trinken?,43
b1_1207,B1,"die Gaststätte, -n (D)","the restaurant, -n (D)","die Gaststätte, -n (D)",die,noun,-n (D),,Ich arbeite seit einem Monat in einer Gaststätte.,43
b1_1208,B1,"das Gebäude, -","the building, -","das Gebäude, -",das,noun,-,,In diesem Gebäude sind nur Büros.,43
b1_1209,B1,"geben, gibt, gab,","give, gives, gave","geben, gibt, gab, 1.",,word,,hat gegeben,Geben Sie mir bitte eine Quittung! || Können Sie mir etwas zum Schreiben geben? || Der Arzt hat mir eine Spritze gegeben. || Was gibt es im Fernsehen? || Es gibt bald Regen.,43
b1_1210,B1,das Gebäck,the pastries,das Gebäck,das,noun,,,Das Gebäck ist ganz frisch.,43
b1_1211,B1,"das Gebiet, -e","the area, -e","das Gebiet, -e 1.",das,noun,-e 1.,,In diesem Gebiet gibt es kaum Industrie. || Die Zeitschrift berichtet regelmäßig über Fortschritte auf dem Gebiet der Medizin.,43
b1_1212,B1,das Gebirge,the mountains,das Gebirge,das,noun,,,Wir haben unseren Urlaub im Gebirge verbracht.,43
b1_1213,B1,"geboren werden, wird","be born, will","geboren werden, wird",,word,,,Wann und wo sind Sie geboren?,43
b1_1214,B1,"geboren, wurde geboren,","born, was born","geboren, wurde geboren,",,word,,ist geboren worden,,43
b1_1215,B1,"gebrauchen, gebraucht,","use, used","gebrauchen, gebraucht, 1.",,word,,,Wir können diese Möbel gut,43
b1_1216,B1,"gebrauchte, hat gebraucht","used, used","gebrauchte, hat gebraucht",,word,,,gebrauchen. || Ich habe den Wagen gebraucht gekauft. || Ich suche eine gebrauchte Waschmaschine.,43
b1_1217,B1,"die Gebrauchsanweisung,",the instructions for use,"die Gebrauchsanweisung,",die,noun,-en,,Lesen Sie bitte zuerst die || Gebrauchsanweisung.,43
b1_1218,B1,"die Gebühr, -en","the fee, -en","die Gebühr, -en",die,noun,-en,,Die Gebühr liegt bei 60 Euro.,43
b1_1219,B1,"die Geburt, -en","the birth, -en","die Geburt, -en",die,noun,-en,,Wir gratulieren zur Geburt eures Kindes!,43
b1_1220,B1,"der Geburtstag, -e","the birthday, -e","der Geburtstag, -e",der,noun,-e,,Herzlichen Glückwunsch zum Geburtstag!,43
b1_1221,B1,"das Gedicht, -e","the poem, -e","das Gedicht, -e",das,noun,-e,,Kennst du ein schönes Gedicht?,43
b1_1222,B1,die Geduld,the patience,die Geduld,die,noun,,,Bitte haben Sie etwas Geduld.,43
b1_1223,B1,geehrt,honored,geehrt,,word,,,"Sehr geehrte Damen und Herren, …",44
b1_1224,B1,geeignet,suitable,geeignet,,word,,,Dieses Spiel ist nicht für Kinder unter drei Jahren geeignet.,44
b1_1225,B1,"die Gefahr, -en","the danger, -en","die Gefahr, -en",die,noun,-en,,Betreten der Baustelle auf eigene Gefahr.,44
b1_1226,B1,gefährlich1.,dangerous1.,gefährlich1.,,word,,,"Achtung, hier ist eine gefährliche Kurve! || Du darfst nicht bei Rot über die Straße gehen. || Das ist gefährlich.",44
b1_1227,B1,"gefallen, gefällt, gefiel,","liked, liked, liked","gefallen, gefällt, gefiel, 1.",,word,,hat gefallen,Wie gefällt es Ihnen hier? || Der Pullover gefällt mir gut.,44
b1_1228,B1,sich etwas gefallen lassen,to put up with something,"sich etwas gefallen lassen,",,verb,,,Das würde ich mir nicht gefallen,44
b1_1229,B1,"lässt sich etwas gefallen,",puts up with something,"lässt sich etwas gefallen,",,word,,,lassen.,44
b1_1230,B1,"ließ sich etwas gefallen,",put up with something,"ließ sich etwas gefallen,",,word,,hat sich etwas gefallen,,44
b1_1231,B1,lassen,let,lassen,,verb,,,,44
b1_1232,B1,"das Gefängnis, -se","das Gefängnis, -se","das Gefängnis, -se",das,noun,-se,,Er wurde zu fünf Jahren Gefängnis verurteilt.,44
b1_1233,B1,"das Gefühl, -e","the feeling, -e","das Gefühl, -e",das,noun,-e,,"Ich glaube, ich schaffe die Prüfung. || Ich habe ein gutes Gefühl.",44
b1_1234,B1,gegen,against,gegen 1.,,preposition,,,Ich bin gegen einen Baum gefahren. || Das ist gegen die Vorschrift. || Haben Sie ein Mittel gegen Grippe? || Wir liefern nur gegen bar. || Ich bin gegen 14 Uhr wieder da. || Ich bin gegen diesen Vorschlag. || Wer spielt gegen wen?,44
b1_1235,B1,"der Gegner, -1.","the opponent, -1.","der Gegner, -1.",der,noun,-1.,,Sie ist eine Gegnerin von Tierversuchen. || Die Mannschaft aus Frankreich war ein sehr starker Gegner.,44
b1_1236,B1,"die Gegend, -en","the area, -en","die Gegend, -en 1.",die,noun,-en 1.,,Der Schwarzwald ist eine sehr schöne Gegend. || Die Schule muss hier in der Gegend sein.,44
b1_1237,B1,"der Gegensatz, ¨-e","the opposite, ¨-e","der Gegensatz, ¨-e 1.",der,noun,¨-e 1.,,Diese beiden Meinungen stehen in starkem Gegensatz zueinander. || Im Gegensatz zu ihm ist sein Vater ziemlich klein.,44
b1_1238,B1,"der Gegenstand, ¨-e","the object, ¨-e","der Gegenstand, ¨-e 1.",der,noun,¨-e 1.,,Ich schließe meine persönlichen Gegenstände im Schwimmbad lieber in ein Fach ein. || Eine Durchsage der Polizei: Auf der A8 liegen Gegenstände auf der Fahrbahn.,44
b1_1239,B1,"das Gegenteil, -e","the opposite, -e","das Gegenteil, -e 1.",das,noun,-e 1.,,"Das Gegenteil von „klein“ ist „groß“. || Sie ist das genaue Gegenteil von ihrem Bruder. || Du bist sicher müde. || – Nein, ganz im Gegenteil!",44
b1_1240,B1,gegenüber,opposite,gegenüber 1.,,word,,,Das Geschäft liegt direkt gegenüber der Post. || Dem Gast gegenüber ist das Rauchen nicht höflich. || Das Café liegt gegenüber vom Bahnhof.,44
b1_1241,B1,"das Gehalt, ¨-er","the salary, ¨-er","das Gehalt, ¨-er",das,noun,¨-er,,Ich bin mit meinem Gehalt zufrieden.,44
b1_1242,B1,"das Geheimnis, -se","the secret, -se","das Geheimnis, -se",das,noun,-se,,Das kann ich dir nicht sagen. || Das ist ein Geheimnis.,44
b1_1243,B1,geheim,secret,geheim,,word,,,Das ist geheim. || Du darfst es niemandem sagen.,44
b1_1244,B1,"gehen, geht, ging,","go, go, went","gehen, geht, ging, 1.",,word,,ist gegangen,"Ich gehe jeden Morgen zu Fuß zur || Arbeit. || Meine Tochter geht noch aufs Gymnasium. || Ich muss jetzt leider gehen. || Ein Freund von mir geht ins Ausland. || Der nächste Zug geht erst in zwei Stunden. || Am Anfang ging alles ganz gut. || Geht Ihre Uhr richtig? || Geht das bis morgen? || – Nein, das geht nicht. || Ich brauche mehr Zeit. || Der Mantel geht nicht mehr in den Koffer.",44
b1_1245,B1,10.Das,10.This,10.Das,,other,,,Fenster geht auf die Straße.,44
b1_1246,B1,11.Geht,11.Goes,11.Geht,,other,,,es hier zum Zentrum?,44
b1_1247,B1,12.Wie,12.How,12.Wie,,other,,,geht es Ihnen heute?,44
b1_1248,B1,13.Ist,13.Is,13.Ist,,other,,,das sehr teuer? || – Es geht.,44
b1_1249,B1,14.Um,14.Um,14.Um,,other,,,was geht es denn?,44
b1_1250,B1,15.Warum,15.Why,15.Warum,,other,,,geht das Licht nicht?,44
b1_1251,B1,16.Ich,16.I,16.Ich,,other,,,"weiß nicht, wie das geht.",44
b1_1252,B1,"gehören, gehört, gehörte,","belong, heard, heard","gehören, gehört, gehörte,",,word,,hat gehört,Gehört Ihnen das Haus?,44
b1_1253,B1,"der Gehsteig (D, A) →CH:","the sidewalk (D, A) →CH:","der Gehsteig (D, A) →CH:",der,noun,A) →CH:,,Das Fahrradfahren auf dem Gehsteig,44
b1_1254,B1,Trottoir,pavement,Trottoir,,noun,,,ist nicht erlaubt.,44
b1_1255,B1,das Geld,the money,das Geld 1.,das,noun,,,Ich habe nicht genug Geld dabei. || Sie haben mir zu viel Wechselgeld gegeben.,44
b1_1256,B1,"der Geldautomat, -en (D)","the ATM, -en (D)","der Geldautomat, -en (D)",der,noun,-en (D),,IchholenochGeldvomGeldautomaten.,44
b1_1257,B1,"→A, CH:","→A, CH:","→A, CH:",,other,,,,44
b1_1258,B1,Bancomat/Bankomat,ATM/ATM,Bancomat/Bankomat,,noun,,,,44
b1_1259,B1,"die Geldbörse, -n (A) →","the purse, -n (A) →","die Geldbörse, -n (A) →",die,noun,-n (A) →,,Ich habe nur Kleingeld in meiner,44
b1_1260,B1,"Brieftasche; D, CH: Porte-","wallet; D, CH: Porte","Brieftasche; D, CH: Porte-",,noun,,,Geldbörse.,44
b1_1261,B1,monnaie/Portmonee,monnaie/wallet,monnaie/Portmonee,,other,,,,44
b1_1262,B1,"die Gelegenheit, -en","the opportunity, -en","die Gelegenheit, -en",die,noun,-en,,"Das Fest ist eine gute Gelegenheit, unsere Freunde zu sehen.",44
b1_1263,B1,"gelingen, gelingt, gelang,","succeed, succeed, succeeded","gelingen, gelingt, gelang,",,word,,ist gelungen,"Es ist mir gelungen, meinen Chef zu || überzeugen.",44
b1_1264,B1,"gelten, gilt, galt,","apply, applies, applied","gelten, gilt, galt, 1.",,word,,hat gegolten,Mein Pass gilt noch ein Jahr. || Bitte diesen Zettel gut aufheben: Er gilt als Garantie.,45
b1_1265,B1,gemeinsam,together,gemeinsam 1.,,adjective,,,Du musst die Wohnung renovieren? || Ich helfe dir. || Wir können das gemeinsam machen. || Wir benutzen die Garage gemeinsam mit dem Nachbarn.,45
b1_1266,B1,"die Gemeinschaft, -en","the community, -en","die Gemeinschaft, -en",die,noun,-en,,Rauchen ist in den Gemeinschafts-räu- men nicht erlaubt.,45
b1_1267,B1,das Gemüse,the vegetable,das Gemüse,das,noun,,,Wir kaufen das Gemüse direkt beim Bauern.,45
b1_1268,B1,gemütlich,cozy,gemütlich 1.,,adjective,,,Wir haben eine sehr gemütliche Wohnung. || Es ist sehr gemütlich bei dir.,45
b1_1269,B1,genau,Exactly,genau 1.,,word,,,"Haben Sie die genaue Zeit? || Sind Sie sicher, dass heute Ruhetag ist? || – Ja, das weiß ich genau. || Die Uhr geht genau. || Es ist genau acht Uhr.",45
b1_1270,B1,genauso,just as,genauso,,word,,,Katarina sieht genauso aus wie ihre Schwester.,45
b1_1271,B1,"genehmigen, genehmigt,","approve, approved","genehmigen, genehmigt,",,word,,,Mein Chef hat mir sechs Wochen,45
b1_1272,B1,"genehmigte,",approved,"genehmigte,",,word,,hat genehmigt,Urlaub genehmigt.,45
b1_1273,B1,"die Generation, -en","the generation, -en","die Generation, -en",die,noun,-en,,In diesem Haus wohnen drei Generationen zusammen.,45
b1_1274,B1,"genießen, genießt, genoss,","enjoy, enjoy, enjoyed","genießen, genießt, genoss, 1.",,word,,hat genossen,"Er kann das Essen leider nicht || genießen, weil es zu scharf ist. || Sie hat eine gute Ausbildung genossen.",45
b1_1275,B1,genug,enough,genug 1.,,word,,,Es ist noch genug Suppe da. || Ich habe jetzt lange genug gewartet. || Ich verdiene nicht genug.,45
b1_1276,B1,"genügen, genügt, genügte,","suffice, suffices, suffices","genügen, genügt, genügte,",,word,,hat genügt,Wie viele Zimmer brauchen Sie? || – Mir || genügt eine 2-Zimmer-Wohnung.,45
b1_1277,B1,das Gepäck,the luggage,das Gepäck,das,noun,,,Ich habe mein Gepäck am Bahnhof gelassen.,45
b1_1278,B1,gerade,straight,gerade 1.,,word,,,Das Bild hängt nicht gerade. || Kannst du später noch mal anrufen? || Wir sind gerade beim Essen.,45
b1_1279,B1,geradeaus,straight ahead,geradeaus,,word,,,Fahren Sie geradeaus bis zur nächsten Kreuzung.,45
b1_1280,B1,"das Gerät, -e","the device, -e","das Gerät, -e",das,noun,-e,,Ich kaufe meine Elektrogeräte immer gebraucht. || Das ist viel billiger.,45
b1_1281,B1,gerecht,just,gerecht,,word,,,Lass uns den Kuchen gerecht verteilen.,45
b1_1282,B1,"das Gericht, -e","the court, -e","das Gericht, -e 1.",das,noun,-e 1.,,Ich habe heute Vormittag einen Termin beim Gericht. || Mein Lieblingsgericht ist Pizza.,45
b1_1283,B1,gering,small amount,gering 1.,,word,,,"Unsere Mannschaft hatte nur eine geringe Chance. || Wenn Sie ein geringes Einkommen haben, zahlen Sie nur wenig Steuern.",45
b1_1284,B1,gern/gerne,gladly/gladly,gern/gerne 1.,,word,,,Ich helfe Ihnen gern. || Kaffee oder Tee? || – Ich möchte lieber einen Tee. || Am liebsten trinke ich Kaffee.,45
b1_1285,B1,gesamt-/Gesamt-,total/total,gesamt-/Gesamt- 1.,,other,,,"Ich habe meine gesamten Bücher verschenkt. || z. || B. || Gesamtgewicht, Gesamtsumme",45
b1_1286,B1,"das Geschäft, -e","the business, -e","das Geschäft, -e 1.",das,noun,-e 1.,,"Die Geschäfte schließen um 18.30 Uhr. || Wissen Sie, wo hier ein Schuhgeschäft ist?",45
b1_1287,B1,"geschehen, geschieht,","happen, happens","geschehen, geschieht,",,word,,,Vielen Dank für Ihre Hilfe. || – Gern,45
b1_1288,B1,geschah,happened,"geschah, ist geschehen",,verb,,ist geschehen,geschehen.,45
b1_1289,B1,"das Geschenk, -e","the gift, -e","das Geschenk, -e",das,noun,-e,,Vielen Dank für das Geschenk.,45
b1_1290,B1,"die Geschichte, -n","the story, -n","die Geschichte, -n 1.",die,noun,-n 1.,,Ich interessiere mich nicht für Geschichte. || Abends erzähle ich meinen Kindern immer eine Geschichte.,45
b1_1291,B1,geschieden,divorced,geschieden,,verb,,,Ich bin seit drei Jahren geschieden.,45
b1_1292,B1,das Geschirr,the dishes,das Geschirr,das,noun,,,Für die Geburtstagsfeier brauche ich Geschirr für zwölf Personen.,45
b1_1293,B1,"das Geschlecht, -er","the gender, -he","das Geschlecht, -er",das,noun,-er,,Bitte kreuzen Sie an: „Geschlecht: weiblich/männlich“.,45
b1_1294,B1,der Geschmack,the taste,der Geschmack,der,noun,,,Ich möchte bitte Kaugummi mit Erdbeergeschmack.,45
b1_1295,B1,"die Geschwindigkeit, -en","the speed, -en","die Geschwindigkeit, -en",die,noun,-en,,Das Auto fuhr mit zu hoher Geschwindigkeit.,45
b1_1296,B1,die Geschwindigkeits-,the speed,die Geschwindigkeits-,die,noun,,,Bitte beachten Sie die,45
b1_1297,B1,beschränkung,restriction,"beschränkung, -en",,verb,,-en,Geschwindigkeitsbeschränkungen.,45
b1_1298,B1,die Geschwister (Pl.),the siblings (pl.),die Geschwister (Pl.),die,noun,,,Die Geschwister sehen sich nur selten.,45
b1_1299,B1,"die Gesellschaft, -en","the society, -en","die Gesellschaft, -en 1.",die,noun,-en 1.,,Er will die Gesellschaft verändern. || Meine Frau arbeitet bei einer Versicherungsgesellschaft. || Ich fühle mich in großer Gesellschaft wohl.,45
b1_1300,B1,"das Gesetz, -e","the law, -e","das Gesetz, -e",das,noun,-e,,Das Parlament hat ein neues Gesetz beschlossen.,45
b1_1301,B1,"das Gesicht, -er","the face, -he","das Gesicht, -er 1.",das,noun,-er 1.,,Wasch dir bitte das Gesicht. || Mach doch kein so trauriges Gesicht!,45
b1_1302,B1,gespannt,tense,gespannt,,word,,,"Ich bin gespannt, wer bei diesem Spiel gewinnt.",46
b1_1303,B1,"das Gespräch, -e","the conversation, -e","das Gespräch, -e 1.",das,noun,-e 1.,,Herr Müller ist gerade in einem Gespräch. || Ich erwarte ein Gespräch aus Berlin.,46
b1_1304,B1,gestern,yesterday,gestern,,verb,,,Ich bin erst gestern zurückgekommen.,46
b1_1305,B1,gesund,healthy,gesund 1.,,word,,,Ich hatte Grippe. || Jetzt bin ich wieder gesund. || Zu viel Zucker ist nicht gesund.,46
b1_1306,B1,die Gesundheit1.,health1.,die Gesundheit1.,die,noun,,,Sie müssen mehr auf Ihre Gesundheit achten. || Gesundheit! || Sind Sie erkältet?,46
b1_1307,B1,"das Getränk, -e","the drink, -e","das Getränk, -e 1.",das,noun,-e 1.,,Besorgst du bitte die Getränke? || Bitte die Getränkekarte! || Mein Lieblingsgetränk ist Tomatensaft.,46
b1_1308,B1,"die Gewalt, -en","the violence, -en","die Gewalt, -en 1.",die,noun,-en 1.,,"Ich mag keine Filme, in denen Gewalt vorkommt. || Die Tür ließ sich nur mit Gewalt öffnen.",46
b1_1309,B1,"die Gewerkschaft, -en","the union, -en","die Gewerkschaft, -en",die,noun,-en,,Die Gewerkschaft vertritt die Interessen der Arbeitnehmer.,46
b1_1310,B1,"das Gewicht, -e","the weight, -e","das Gewicht, -e 1.",das,noun,-e 1.,,Wie teuer ist das Päckchen? || – Das hängt vom Gewicht ab. || Sie dürfen Gepäck bis zu einem Gewicht von 15 kg mitnehmen.,46
b1_1311,B1,"gewinnen, gewinnt,","win, wins","gewinnen, gewinnt, 1.",,word,,,Ich möchte so gern einmal im Lotto,46
b1_1312,B1,gewann,won,"gewann, hat gewonnen",,verb,,hat gewonnen,gewinnen. || Unsere Mannschaft hat gewonnen.,46
b1_1313,B1,"der Gewinn, -e","der Gewinn, -e","der Gewinn, -e",der,noun,-e,,Ich habe bei einem Ratespiel mitge - macht. || Der Hauptgewinn ist ein Auto.,46
b1_1314,B1,das Gewissen,the conscience,das Gewissen,das,noun,,,Ich habe deinen Geburtstag vergessen. || Ich habe ein ganz schlechtes Gewissen.,46
b1_1315,B1,"das Gewitter, -","the thunderstorm, -","das Gewitter, -",das,noun,-,,Es wird gleich ein Gewitter geben.,46
b1_1316,B1,"gewöhnen, gewöhnt,","get used to, used to","gewöhnen, gewöhnt, 1.",,word,,,Wir haben uns an das Leben hier,46
b1_1317,B1,"gewöhnte, hat","used to, has","gewöhnte, hat",,word,,,gewöhnt.,46
b1_1318,B1,gewöhnt/ist gewöhnt,used/is used to,gewöhnt/ist gewöhnt 2.,,word,,,"Ich bin daran gewöhnt, früh aufzustehen.",46
b1_1319,B1,"die Gewohnheit, -en","the habit, -en","die Gewohnheit, -en 1.",die,noun,-en 1.,,"Er hat die Gewohnheit, morgens zuerst die Post zu erledigen. || Aus alter Gewohnheit treffen wir uns jeden Samstagabend.",46
b1_1320,B1,gewohnt,used,gewohnt,,word,,,"Ich bin gewohnt, früh ins Bett zu gehen.",46
b1_1321,B1,gewöhnlich,usually,gewöhnlich,,adjective,,,Um die Zeit ist er gewöhnlich zu Hause.,46
b1_1322,B1,"das Gewürz, -e","the spice, -e","das Gewürz, -e",das,noun,-e,,Von den scharfen Gewürzen bekommt man Durst.,46
b1_1323,B1,"gießen, gießt, goss,","pour, pour, pour","gießen, gießt, goss,",,word,,,Es hat nicht geregnet. || Ich muss meine,46
b1_1324,B1,gegossen,poured,gegossen,,verb,,,Blumen gießen.,46
b1_1325,B1,"das Gift, -e","the poison, -e","das Gift, -e",das,noun,-e,,"Vorsicht, das Gift dieser Pflanze ist für Menschen gefährlich!",46
b1_1326,B1,giftig,poisonous,giftig,,adjective,,,"Vorsicht, das ist giftig!",46
b1_1327,B1,"die Gitarre, -n","the guitar, -n","die Gitarre, -n",die,noun,-n,,Ich spiele seit drei Jahren Gitarre.,46
b1_1328,B1,"die/das Glace/Glacé, -n","the ice cream/glacé, -n","die/das Glace/Glacé, -n",,word,,,Zum Dessert gibt es Schokoladenglace.,46
b1_1329,B1,"→D, (CH) A: Eis","→D, (CH) A: Ice","→D, (CH) A: Eis",,other,,,,46
b1_1330,B1,"das Glas, ¨-er","the glass, ¨-er","das Glas, ¨-er 1.",das,noun,¨-er 1.,,"Vorsicht, die Kanne ist aus Glas! || Eine Flasche Mineralwasser und zwei Gläser bitte! || Ein Glas Bier bitte.",46
b1_1331,B1,glatt,smooth,glatt,,word,,,Fahr vorsichtig! || Es ist glatt.,46
b1_1332,B1,"glauben, glaubt, glaubte,","believe, believe, believed","glauben, glaubt, glaubte, 1.",,word,,hat geglaubt,"Ich glaube, der Chef ist heute nicht im || Büro. || Er glaubt mir nicht, dass ich schon um 8 Uhr hier war. || Glaubst du an Zufälle?",46
b1_1333,B1,gleich,even,gleich 1.,,word,,,"Ich komme gleich. || Wir sind gleich alt. || Es ist mir ganz gleich, was Sie von mir denken. || Wir haben das gleiche Hemd an.",46
b1_1334,B1,gleichfalls,same to you,gleichfalls,,word,,,"Schöne Feiertage! || – Danke, gleichfalls.",46
b1_1335,B1,gleichberechtigt,equal,gleichberechtigt,,word,,,Mann und Frau sind gleichberechtigt.,46
b1_1336,B1,gleichzeitig,at the same time,gleichzeitig,,adjective,,,Ich kann nicht alles gleichzeitig machen.,46
b1_1337,B1,"das Gleis, -e","the track, -e","das Gleis, -e",das,noun,-e,,Der Zug fährt heute von Gleis 7 ab.,46
b1_1338,B1,das Glück,the happiness,das Glück 1.,das,noun,,,Du hast dich nicht verletzt. || Da hast du Glück gehabt. || Viel Glück bei der Prüfung! || Es hat geregnet. || Zum Glück hatte ich einen Regenschirm dabei.,46
b1_1339,B1,glücklich1.,happy1.,glücklich1.,,word,,,Meine Schwester hat geheiratet und ist sehr glücklich. || Ich wünsche Ihnen ein glückliches neues Jahr. || Ich bin glücklich verheiratet.,46
b1_1340,B1,"der Glückwunsch, ¨-e","congratulations, ¨-e","der Glückwunsch, ¨-e",der,noun,¨-e,,Herzlichen Glückwunsch zum Geburtstag!,46
b1_1341,B1,das Gold,the gold,das Gold,das,noun,,,"Ist der Ring aus Gold? || Nein, der sieht nur so aus.",46
b1_1342,B1,"Golf, das Golfspiel","Golf, the game of golf","Golf, das Golfspiel",,noun,,,Kannst du Golf spielen?,46
b1_1343,B1,"der Gott, ¨-er","the god, ¨-er","der Gott, ¨-er 1.",der,noun,¨-er 1.,,Glaubst du an Gott? || Gott sei Dank ist ihm nichts passiert.,47
b1_1344,B1,"die Grafik, -en","the graphics, -en","die Grafik, -en",die,noun,-en,,Die Grafik zeigt die Temperaturen im letzten Jahr.,47
b1_1345,B1,das Gras,the grass,das Gras,das,noun,,,Wir lagen den ganzen Tag im Gras.,47
b1_1346,B1,"gratulieren, gratuliert,","congratulate, congratulate","gratulieren, gratuliert,",,word,,,Ich gratuliere euch zur Geburt eurer,47
b1_1347,B1,"gratulierte, hat gratuliert","congratulated, congratulated","gratulierte, hat gratuliert",,word,,,Tochter.,47
b1_1348,B1,"die Gratulation, -en","congratulations, -en","die Gratulation, -en",die,noun,-en,,Herzliche Gratulation! || Sie haben gewonnen!,47
b1_1349,B1,gratis,free,gratis,,word,,,"Diese Reparatur kostet Sie gar nichts, wir machen das gratis für Sie.",47
b1_1350,B1,"greifen, greift, griff,","grab, grab, grab","greifen, greift, griff,",,word,,hat gegriffen,Greifen Sie doch zu!,47
b1_1351,B1,"die Grenze, -n","the border, -n","die Grenze, -n",die,noun,-n,,An der Grenze musst du deinen Ausweis zeigen.,47
b1_1352,B1,"grillen, grillt, grillte,","grill, grill, grill","grillen, grillt, grillte,",,word,,"hat gegrillt (D, A)",Heute wollen wir im Garten grillen.,47
b1_1353,B1,→CH: grillieren,→CH: grill,→CH: grillieren,,verb,,,,47
b1_1354,B1,"grillieren, grilliert,","grill, grilled","grillieren, grilliert,",,word,,,Heute wollen wir im Garten grillieren.,47
b1_1355,B1,"grillierte, hat grilliert (CH)","grilled, grilled (CH)","grillierte, hat grilliert (CH)",,word,,,,47
b1_1356,B1,→D,→D,"→D, A: grillen",,verb,,A: grillen,,47
b1_1357,B1,der Grill,the grill,der Grill,der,noun,,,Kannst du mir deinen Grill leihen? || Wir wollen am Wochenende ein Picknick machen.,47
b1_1358,B1,die Grippe,the flu,die Grippe,die,noun,,,Ich habe eine Grippe und kann leider nicht kommen.,47
b1_1359,B1,groß,large,groß 1.,,word,,,"Wir haben einen großen Garten. || Wie groß sind Sie? || Die Jacke ist mir zu groß. || Wenn die Kinder groß sind, haben wir wieder mehr Zeit. || Ich habe keinen großen Hunger.",47
b1_1360,B1,Groß-,Large-,Groß-,,noun,,,"z.B. die Großeltern, die Großmutter, der Großvater",47
b1_1361,B1,"die Größe, -n1.","the size, -n1.","die Größe, -n1.",die,noun,-n1.,,Welche Größe haben Sie? || Größe: 170 cm || Haben Sie das Hemd auch in Größe 40?,47
b1_1362,B1,"gründen, gründet,","establishes, establishes","gründen, gründet,",,word,,,Frau Bauer hat eine eigene Firma,47
b1_1363,B1,"gründete, hat gegründet","founded, has founded","gründete, hat gegründet",,word,,,gegründet.,47
b1_1364,B1,"der Grund, ¨-e","the reason, ¨-e","der Grund, ¨-e 1.",der,noun,¨-e 1.,,"Sie haben Ihre Stelle gekündigt. || Aus welchem Grund? || Sie haben keinen Grund, sich zu beschweren.",47
b1_1365,B1,gründlich,thorough,gründlich 1.,,adjective,,,"Ich möchte die Wohnung gründlich reinigen, bevor der Besuch kommt. || Waschen Sie sich gründlich die Hände.",47
b1_1366,B1,"das Grundstück, -e","the property, -e","das Grundstück, -e",das,noun,-e,,Wir wollen ein Haus bauen und suchen ein günstiges Grundstück.,47
b1_1367,B1,"die Gruppe, -n","the group, -n","die Gruppe, -n",die,noun,-n,,Für Gruppen gibt es eine Ermäßigung.,47
b1_1368,B1,"grüßen, grüßt, grüßte,","greet, greet, greeted","grüßen, grüßt, grüßte, 1.",,word,,hat gegrüßt,"Wer war die Frau, die du eben gegrüßt || hast? || Ich soll Sie von Frau Meier grüßen.",47
b1_1369,B1,"der Gruß, ¨-e1.","the greeting, ¨-e1.","der Gruß, ¨-e1.",der,noun,¨-e1.,,Schönen Gruß an Ihren Mann. || Viele Grüße an Ihre Frau. || Mit freundlichen Grüßen,47
b1_1370,B1,"gucken, guckt, guckte,","look, look, looked","gucken, guckt, guckte, 1.",,word,,hat geguckt,Guck doch mal! || Es schneit. || Was bedeutet dieses Wort? || – Guck doch im Wörterbuch nach.,47
b1_1371,B1,gültig,valid,gültig,,adjective,,,Mein Pass ist nur noch zwei Monate gültig.,47
b1_1372,B1,günstig,cheap,günstig,,adjective,,,Ich suche eine günstige Ferien- wohnung.,47
b1_1373,B1,gut,good,gut 1.,,word,,,"Ich kenne ein gutes Lokal. || Maria kann gut tanzen. || Ich glaube, die Wurst ist nicht mehr gut. || Mir ist heute gar nicht gut. || Wir hatten im Urlaub gutes Wetter. || Heute ist das Wetter wieder besser. || Christine ist meine beste Freundin. || Ich komme um 13 Uhr. || – Gut! || Guten Morgen!",47
b1_1374,B1,10.Ein,10.A,10.Ein,,other,,,gutes neues Jahr!,47
b1_1375,B1,11.Guten,11.Good,11.Guten,,verb,,,Appetit!,47
b1_1376,B1,die Gymnastik,the gymnastics,die Gymnastik,die,noun,,,Ich mache jeden Morgen Gymnastik.,47
b1_1377,B1,"das Haar, -e","the hair, -e","das Haar, -e 1.",das,noun,-e 1.,,Meine Freundin hat langes schwarzes Haar. || Die Haare unseres Hundes liegen überall in der Wohnung.,47
b1_1378,B1,"haben, hat, hatte,","have, has, had","haben, hat, hatte, 1.",,word,,hat gehabt,Wir haben Hunger. || Heute habe ich keine Zeit. || Wir haben ein neues Auto. || Kann ich bitte eine Suppe haben? || Unsere Wohnung hat vier Zimmer. || Ich habe heute viel zu tun. || Du hast es gut. || Du kannst in Urlaub fahren.,47
b1_1379,B1,"das Hackfleisch (D, CH) →","the minced meat (D, CH) →","das Hackfleisch (D, CH) →",das,noun,CH) →,,Geben Sie mir bitte 500g Hackfleisch.,48
b1_1380,B1,A: Faschierte,A: Minced meat,A: Faschierte,,noun,,,,48
b1_1381,B1,"der Hafen, ¨-",the port-,"der Hafen, ¨-",der,noun,¨-,,"Wenn du in Hamburg bist, musst du dir unbedingt den Hafen ansehen.",48
b1_1382,B1,"hageln, hagelt, hagelte,","hail, hail, hail","hageln, hagelt, hagelte,",,word,,hat gehagelt,Bei Gewitter kann es auch hageln.,48
b1_1383,B1,"das Hähnchen/Hühnchen,",the chicken/chicken,"das Hähnchen/Hühnchen,",das,noun,,,Zum Mittagessen gibt es Hühnchen mit,48
b1_1384,B1,→A: - (D) Hend(e)l;,→A: - (D) Hend(e)l;,→A: - (D) Hend(e)l;,,other,,,Reis.,48
b1_1385,B1,"Poulet, -s (CH)","Chicken, -s (CH)","Poulet, -s (CH)",,noun,,,,48
b1_1386,B1,halb,half,halb 1.,,word,,,Treffen wir uns um halb neun? || Bei dieser Firma habe ich ein halbes Jahr gearbeitet. || Ich gebe Ihnen die Tomaten zum halben Preis. || Die Flasche ist ja noch halb voll.,48
b1_1387,B1,die Halbpension,the half board,die Halbpension,die,noun,,,Wir möchten ein Hotel mit Halbpension.,48
b1_1388,B1,halbtags,half day,halbtags,,word,,,Ich habe ein kleines Kind und kann nicht acht Stunden am Tag arbeiten. || Deshalb möchte ich halbtags arbeiten.,48
b1_1389,B1,"die Hälfte, -n","half, -n","die Hälfte, -n 1.",die,noun,-n 1.,,Bitte teilt euch die Schokolade. || Jeder bekommt die Hälfte. || Die Hälfte vom Urlaub ist schon vorbei. || Was hat der Mann gesagt? || Ich habe nur die Hälfte verstanden.,48
b1_1390,B1,"die Halle, -n","the hall, -n","die Halle, -n",die,noun,-n,,Die Stadt baut eine neue Sporthalle.,48
b1_1391,B1,"das Hallenbad, ¨-er","the indoor swimming pool, ¨-er","das Hallenbad, ¨-er",das,noun,¨-er,,Sie geht jeden Tag zum Schwimmen ins Hallenbad.,48
b1_1392,B1,hallo,Hello,hallo,,word,,,"Hallo, wie geht’s? − Danke, gut, und dir?",48
b1_1393,B1,"der Hals, ¨-e","the neck, ¨-e","der Hals, ¨-e 1.",der,noun,¨-e 1.,,Mir tut der Hals weh. || Ich habe seit gestern Halsschmerzen.,48
b1_1394,B1,halt,stop,halt,,word,,,Es gibt leider keine Karten mehr. || – Schade. || Da kann man nichts machen. || Das ist halt so.,48
b1_1395,B1,haltbar,durable,haltbar,,adjective,,,Diese Tomaten sind mindestens 2 Wochen haltbar.,48
b1_1396,B1,"halten, hält, hielt,","hold, holds, held","halten, hält, hielt, 1.",,word,,hat gehalten,"Kannst du mal kurz meine Handtasche || halten? || Entschuldigung, hält dieser Zug auch in Darmstadt? || Halten Sie bitte im Keller die Fenster geschlossen. || Alle Mieter müssen sich an die Hausordnung halten. || Die Stadt will einen neuen Flughafen bauen. || Was halten Sie davon? || Halt, Polizei! || Fahren Sie bitte an den Straßenrand. || Die Wurst hält sich noch ein paar Tage.",48
b1_1397,B1,der Halt,the stop,der Halt,der,noun,,,Nächster Halt ist am Südbahnhof.,48
b1_1398,B1,"die Haltestelle, -n","the stop, -n","die Haltestelle, -n",die,noun,-n,,An der nächsten Haltestelle müssen wir aussteigen.,48
b1_1399,B1,"der Hammer, ¨-","the hammer, ¨-","der Hammer, ¨-",der,noun,¨-,,Ich möchte ein Bild aufhängen. || Hast du einen Hammer für mich?,48
b1_1400,B1,"die Hand, ¨-e","the hand, ¨-e","die Hand, ¨-e 1.",die,noun,¨-e 1.,,Wasch dir bitte die Hände vor dem Essen. || Gib mir bitte deine Hand. || Wir gehen jetzt über die Straße.,48
b1_1401,B1,"der Handwerker, -","the craftsman, -","der Handwerker, -",der,noun,-,,Morgen sind bei uns die Handwerker.,48
b1_1402,B1,"die Handwerkerin, -nen","the craftswoman, -nen","die Handwerkerin, -nen",die,noun,-nen,,Wir bekommen eine neue Badewanne.,48
b1_1403,B1,"handeln, handelt,","act, act","handeln, handelt, 1.",,word,,,Herr Huber hat ein kleines Geschäft. || Er,48
b1_1404,B1,"handelte, hat gehandelt","handelte, hat gehandelt","handelte, hat gehandelt",,word,,,handelt mit Obst und Gemüse. || Kann ich Sie bitte mal sprechen? || – Worum handelt es sich denn? || Auf diesem Markt kannst du handeln und bekommst die Sachen billiger.,48
b1_1405,B1,der Handel,the trade,der Handel,der,noun,,,Der Handel mit Computern ist ein gutes Geschäft.,48
b1_1406,B1,"der Händler, -","the dealer, -","der Händler, -",der,noun,-,,"Ich gehe zum Gemüsehändler, soll ich",48
b1_1407,B1,"die Händlerin, -nen","the dealer, -nen","die Händlerin, -nen",die,noun,-nen,,dir etwas mitbringen?,48
b1_1408,B1,"das Handy, -s","the cell phone, -s","das Handy, -s 1.",das,noun,-s 1.,,"Ich habe kein Festnetztelefon, aber ein Handy. || Soll ich Ihnen meine Handynummer geben?",48
b1_1409,B1,"hängen, hängt,","hang, hang","hängen, hängt, 1.",,word,,,Das Bild hängt schief.,48
b1_1410,B1,"hing/hängte,",hung/hung,"hing/hängte, 2.",,word,,hat gehangen/gehängt,Hast du den Anzug wieder in den || Schrank gehängt?,48
b1_1411,B1,hart,hard,hart 1.,,word,,,"Das Bett im Hotel war mir zu hart. || Die Brötchen sind ja ganz hart. || Ich habe eine harte Woche vor mir. || Ich muss jeden Tag Überstunden machen. || Wir haben hart gearbeitet, um die Wohnung zu bezahlen.",48
b1_1412,B1,"hassen, hasst, hasste,","hate, hates, hated","hassen, hasst, hasste, 1.",,word,,hat gehasst,"Ich hasse Autofahren. || Ich hasse es, zu spät zu kommen.",48
b1_1413,B1,hässlich,ugly,hässlich 1.,,adjective,,,Das ist aber eine hässliche Lampe! || Dieses Kleid finde ich hässlich.,48
b1_1414,B1,häufig,frequently,häufig,,adjective,,,Haben Sie häufig Kopfschmerzen? || Dann sollten Sie nicht so lange am Computer sitzen.,48
b1_1415,B1,Haupt-,Main-,Haupt-,,noun,,,,48
b1_1416,B1,"die Hauptstadt, ¨-e","the capital, ¨-e","die Hauptstadt, ¨-e",die,noun,¨-e,,Berlin ist die Hauptstadt von Deutschland.,48
b1_1417,B1,"der Hauptbahnhof, ¨-e","the main station, ¨-e","der Hauptbahnhof, ¨-e",der,noun,¨-e,,Treffen wir uns am Hauptbahnhof?,49
b1_1418,B1,"das Haus, ¨-er","the house, ¨-er","das Haus, ¨-er 1.",das,noun,¨-er 1.,,Wir haben ein Haus gemietet. || Ich komme gerade von zu Hause. || Ich muss jetzt nach Hause. || Paul ist nicht zu Hause.,49
b1_1419,B1,"die Hausaufgabe, -n","the homework, -n","die Hausaufgabe, -n",die,noun,-n,,Kannst du mir bei den Hausaufgaben helfen?,49
b1_1420,B1,die Hausfrau/der Haus-,the housewife/housekeeper,die Hausfrau/der Haus-,die,noun,,,Meine Frau ist Hausfrau und kümmert,49
b1_1421,B1,mann,man,mann,,word,,,sich um die Kinder./Mein Mann ist Hausmann und kümmert sich um die Kinder.,49
b1_1422,B1,"der Haushalt, -e","the household, -e","der Haushalt, -e",der,noun,-e,,"Ich kümmere mich um den Haushalt, d. h. ich putze, wasche, koche etc.",49
b1_1423,B1,"der Hausmeister, -","the caretaker, -","der Hausmeister, -",der,noun,-,,"Der Hausmeister hat mir geholfen, den",49
b1_1424,B1,"die Hausmeisterin, -nen","the caretaker, -nen","die Hausmeisterin, -nen",die,noun,-nen,,Schrank in die Wohnung zu tragen.,49
b1_1425,B1,"(D, A) →CH: Abwart","(D, A) →CH: Wait","(D, A) →CH: Abwart",,other,,,,49
b1_1426,B1,die Haut,the skin,die Haut,die,noun,,,Haben Sie eine Creme für trockene Haut?,49
b1_1427,B1,"heben, hebt, hob,","lift, lift, lift","heben, hebt, hob, 1.",,word,,hat gehoben,"Kannst du mir helfen? || Das Paket kann || ich allein nicht heben. || Wenn Sie für diesen Vorschlag sind, heben Sie bitte die Hand!",49
b1_1428,B1,"das Heft, -e","the booklet, -e","das Heft, -e",das,noun,-e,,Ich hätte gern ein Schreibheft.,49
b1_1429,B1,heim,home,heim,,word,,,Ich will jetzt heim.,49
b1_1430,B1,"das Heim, -e","the home, -e","das Heim, -e",das,noun,-e,,Meine Oma wohnt in einem Seniorenheim.,49
b1_1431,B1,die Heimat,the homeland,die Heimat,die,noun,,,Ich lebe jetzt hier in Deutschland. || Das ist meine neue Heimat.,49
b1_1432,B1,heimlich,secretly,heimlich,,adjective,,,"Gestern habe ich gehört, dass mein Sohn heimlich raucht.",49
b1_1433,B1,das Heimweh,the homesickness,das Heimweh,das,noun,,,Ich habe oft Heimweh nach meiner Familie.,49
b1_1434,B1,"heiraten, heiratet,","get married, get married","heiraten, heiratet, 1.",,word,,,Unsere Freunde heiraten nächsten,49
b1_1435,B1,"heiratete, hat geheiratet","married, got married","heiratete, hat geheiratet",,word,,,Monat in Italien. || Wir haben 1980 geheiratet. || Meine Schwester heiratet einen Japaner.,49
b1_1436,B1,heiß,hot,heiß 1.,,word,,,Für die Jahreszeit ist es zu heiß. || Ich mache dir einen heißen Tee.,49
b1_1437,B1,"heißen, heißt, hieß,","called, called, called","heißen, heißt, hieß, 1.",,word,,hat geheißen,Wie heißen Sie? || Wie heißt das auf Deutsch? || Die Erklärung verstehe ich nicht. || Was heißt das?,49
b1_1438,B1,"heizen, heizt, heizte,","heat, heat, heated","heizen, heizt, heizte, 1.",,word,,hat geheizt,Wir heizen mit Öl. || Ziehen Sie sich warm an. || In der Halle ist nicht geheizt.,49
b1_1439,B1,"die Heizung, -en","the heating, -en","die Heizung, -en",die,noun,-en,,Es ist kalt. || Ist die Heizung kaputt?,49
b1_1440,B1,"der Held, -en","the hero, -en","der Held, -en 1.",der,noun,-en 1.,,Er spielt gern den Helden.,49
b1_1441,B1,"die Heldin, -nen","the heroine, -nen","die Heldin, -nen 2.",die,noun,-nen 2.,,Sie ist die Heldin des Tages.,49
b1_1442,B1,"helfen, hilft, half,","help, helps, helped","helfen, hilft, half, 1.",,word,,hat geholfen,Kannst du mir helfen? || Ich muss || nächsten Monat umziehen. || Die Tabletten haben mir gut geholfen.,49
b1_1443,B1,die Hilfe1.,the help1.,die Hilfe1.,die,noun,,,"Vielen Dank für Ihre Hilfe. || Haben Sie einen Kurs für Erste Hilfe gemacht? || Das müssen Sie, wenn Sie den Führerschein machen wollen. || Hilfe! || Jemand hat mir die Handtasche gestohlen. || Bitte helfen Sie mir!",49
b1_1444,B1,hell,bright,hell 1.,,word,,,Im Sommer wird es um 5 Uhr schon hell. || Mein Zimmer ist schön hell. || Ich habe mir einen hellblauen Pullover gekauft.,49
b1_1445,B1,"das Hemd, -en","the shirt, -en","das Hemd, -en",das,noun,-en,,Nikos trägt heute ein weißes Hemd.,49
b1_1446,B1,"das Hend(e)l, - (A) →D:","the chicken, - (A) →D:","das Hend(e)l, - (A) →D:",das,noun,- (A) →D:,,Zum Mittagessen gibt es Hendl mit,49
b1_1447,B1,Hähnchen/Hühnchen; CH:,chicken/chicken; CH:,Hähnchen/Hühnchen; CH:,,noun,,,Reis.,49
b1_1448,B1,Poulet,Chicken,Poulet,,noun,,,,49
b1_1449,B1,her/her-,her/her-,her/her- 1.,,word,,,"Wir haben uns lange nicht gesehen. || – Ja, das ist wirklich lange her. || Komm her zu mir!",49
b1_1450,B1,"heraus-, raus-","out, out-","heraus-, raus-",,word,,,"Hast du schon rausgefunden, wann und",49
b1_1451,B1,"(heraus-) finden, findet","(heraus-) finden, findet","(heraus-) finden, findet",,word,,,wo man sich für den Kurs anmelden,49
b1_1452,B1,"heraus, fand heraus,","found out, found out","heraus, fand heraus,",,word,,hat herausgefunden,muss?,49
b1_1453,B1,"die Herausforderung, -en","the challenge, -en","die Herausforderung, -en",die,noun,-en,,Das Spiel ist eine Herausforderung.,49
b1_1454,B1,"der Herd, -e","the stove, -e","der Herd, -e",der,noun,-e,,In der neuen Küche fehlt noch der Herd.,49
b1_1455,B1,"herein-, rein-","in, in-","herein-, rein-",,word,,,Kommt doch herein!,49
b1_1456,B1,die Herkunft,the origin,die Herkunft,die,noun,,,Viele Leute fragen mich nach meiner Herkunft.,49
b1_1457,B1,"der Herr, -en","the gentleman, -en","der Herr, -en 1.",der,noun,-en 1.,,"Da ist ein Herr, der möchte Sie sprechen. || Guten Tag, Herr Müller!",49
b1_1458,B1,"herstellen, stellt her,","produce, manufactures","herstellen, stellt her,",,word,,,In unserer Firma stellen wir,49
b1_1459,B1,"stellte her, hat hergestellt","made, has made","stellte her, hat hergestellt",,word,,,Schokolade her.,49
b1_1460,B1,"der Hersteller, -","the manufacturer, -","der Hersteller, -",der,noun,-,,Ihr Handy ist kaputt? || Wir schicken es an den Hersteller zurück und lassen es reparieren.,49
b1_1461,B1,"herunter-, runter-","down, down-","herunter-, runter-",,word,,,,49
b1_1462,B1,"(herunter-)laden, lädt","(down)load, loads","(herunter-)laden, lädt",,word,,,Ich habe mir Musik aus dem Internet,49
b1_1463,B1,"herunter, lud herunter,","downloaded, downloaded","herunter, lud herunter,",,word,,hat heruntergeladen,(he)runtergeladen.,49
b1_1464,B1,"(herunter-)fahren, fährt","(herunter-)fahren, fährt","(herunter-)fahren, fährt",,word,,,Zum Schluss musst du den Computer,50
b1_1465,B1,"herunter, fuhr herunter,","down, shut down","herunter, fuhr herunter,",,word,,hat heruntergefahren,herunterfahren.,50
b1_1466,B1,"das Herz, -en","the heart, -en","das Herz, -en 1.",das,noun,-en 1.,,Ich bin ganz nervös. || Mir klopft das Herz. || Wir müssen Ihr Herz untersuchen.,50
b1_1467,B1,herzlich,herzlich,herzlich,,adjective,,,Herzlichen Glückwunsch!,50
b1_1468,B1,heute,today,heute,,adverb,,,Heute kann ich etwas früher nach Hause gehen. || Ab heute bleibt unser Büro nachmittags geschlossen. || Frau Müller kommt heute in acht Tagen zurück. || Heute kann man sich eine Welt ohne Internet nicht mehr vorstellen.,50
b1_1469,B1,heutig-,today-,heutig-,,adjective,,,Die heutigen Computer können viel mehr als noch vor ein paar Jahren.,50
b1_1470,B1,hier/hier-,here/here-,hier/hier- 1.,,word,,,Hier wohne ich. || Von hier hat man eine herrliche Aussicht. || Hier sind die Schlüssel für meine Woh- nung. || Kannst Du meine Blumen gießen? || Hier ist Pamela Linke. || Bitte hinterlassen Sie eine Nachricht.,50
b1_1471,B1,hierher,here,hierher,,word,,,Ich komme oft hierher. || In diesem Café gibt es guten Kuchen.,50
b1_1472,B1,der Himmel,the sky,der Himmel,der,noun,,,Wir hatten im Urlaub so tolles Wetter. || Immer Sonne und blauer Himmel.,50
b1_1473,B1,"(hinunter) runterwerfen,",to throw down (down).,"(hinunter) runterwerfen,",,word,,,Kannst du mir bitte den Schlüssel,50
b1_1474,B1,"wirft runter, warf runter,","throws down, threw down","wirft runter, warf runter,",,word,,hat runtergeworfen,runterwerfen? || Ich habe meinen || vergessen.,50
b1_1475,B1,hinten,rear,hinten 1.,,word,,,Wo möchtest du sitzen? || Hinten oder vorne? || Bitte hinten aussteigen!,50
b1_1476,B1,hinter/hinter-,behind/behind-,hinter/hinter- 1.,,word,,,Hinter dem Haus haben wir einen Garten. || Fahren Sie Ihren Wagen bitte hinter das Haus. || Auf den hinteren Plätzen kann man nicht sehr viel sehen.,50
b1_1477,B1,"hinterlassen, hinterlässt,","leave, leaves behind","hinterlassen, hinterlässt,",,word,,,Möchten Sie eine Nachricht,50
b1_1478,B1,"hinterließ,",left behind,"hinterließ,",,word,,hat hinterlassen,hinterlassen?,50
b1_1479,B1,hinterher,afterwards,hinterher,,word,,,Vor der Prüfung habe ich so viel gelernt. || Hinterher habe ich vieles wieder vergessen.,50
b1_1480,B1,"hinweisen, weist hin,","point out, point out","hinweisen, weist hin,",,word,,,"Wir möchten Sie darauf hinweisen,",50
b1_1481,B1,wies hin,pointed out,"wies hin, hat hingewiesen",,verb,,hat hingewiesen,dass das Rauchen am Bahnsteig nicht gestattet ist.,50
b1_1482,B1,"der Hinweise, -e","of clues, -e","der Hinweise, -e",der,noun,-e,,Die Polizei hat viele Hinweise zum Unfall bekommen.,50
b1_1483,B1,historisch,historical,historisch,,adjective,,,Wir waren mit unserer Klasse im Historischen Museum.,50
b1_1484,B1,die Hitze,the heat,die Hitze,die,noun,,,Gestern war eine schreckliche Hitze!,50
b1_1485,B1,"das Hobby, -s","the hobby, -s","das Hobby, -s",das,noun,-s,,Ich habe keine Zeit mehr für meine Hobbys.,50
b1_1486,B1,hoch,high,hoch 1.,,word,,,Der Berg ist fast 3000 m hoch. || Das Hotel liegt hoch über dem See. || Die Benzinpreise sind sehr hoch.,50
b1_1487,B1,die Höhe,the height,die Höhe 1.,die,noun,,,"Mein Tisch hat folgende Maße: Länge: 1,20 m, Breite: 0,60 m, Höhe: 0,80 m. || Wir fliegen jetzt in 6000 m Höhe.",50
b1_1488,B1,"hochladen, lädt hoch,","upload, uploads","hochladen, lädt hoch,",,word,,,Kannst du bitte die Datei für die,50
b1_1489,B1,lud hoch,uploaded,"lud hoch, hat hochgeladen",,verb,,hat hochgeladen,Hausaufgabe hochladen?,50
b1_1490,B1,höchstens,at most,höchstens,,word,,,Ich habe wenig Zeit. || Ich kann höchstens eine Viertelstunde bleiben.,50
b1_1491,B1,"die Hochzeit, -en","the wedding, -en","die Hochzeit, -en 1.",die,noun,-en 1.,,Claudia und Peter wollen ihre Hochzeit groß feiern. || Zu dieser Hochzeit kommen mehr als fünfzig Gäste.,50
b1_1492,B1,"der Hof, ¨-e","the yard, ¨-e","der Hof, ¨-e",der,noun,¨-e,,Die Kinder spielen am liebsten im Hof.,50
b1_1493,B1,"der Bauernhof, ¨-e","the farm, ¨-e","der Bauernhof, ¨-e",der,noun,¨-e,,Meine Großeltern hatten einen Bauernhof.,50
b1_1494,B1,"hoffen, hofft, hoffte,","hope, hopes, hoped","hoffen, hofft, hoffte, 1.",,word,,hat gehofft,"Ich hoffe, dass ihr zu meinem || Geburtstag kommen könnt. || Wir alle hoffen auf besseres Wetter.",50
b1_1495,B1,hoffentlich,hopefully,hoffentlich,,adjective,,,Hoffentlich hat unser Zug keine Verspätung.,50
b1_1496,B1,"die Hoffnung, -en","the hope, -en","die Hoffnung, -en",die,noun,-en,,Man darf die Hoffnung nicht verlieren.,50
b1_1497,B1,höflich,polite,höflich,,adjective,,,Unser Nachbar ist sehr höflich. || Er sagt immer als Erster Guten Tag.,50
b1_1498,B1,"holen, holt, holte,","fetch, fetch, fetch","holen, holt, holte, 1.",,word,,hat geholt,Soll ich uns was zu trinken holen? || Warum haben Sie nicht sofort einen Arzt geholt?,50
b1_1499,B1,das Holz,the wood,das Holz,das,noun,,,Möchten Sie ein Regal aus Holz oder aus Metall?,50
b1_1500,B1,der Honig,the honey,der Honig,der,noun,,,Ich esse gern Brötchen mit Honig und Butter zum Frühstück.,50
b1_1501,B1,"hören, hört, hörte,","hear, hear, heard","hören, hört, hörte, 1.",,word,,hat gehört,"Ich kann nicht mehr so gut hören. || Ich höre jeden Tag die Nachrichten. || Dieses Wort habe ich noch nie gehört. || Ich habe gehört, dass Herr Müller im Krankenhaus liegt.",50
b1_1502,B1,"der Hörer, -;","the listener, -;","der Hörer, -;",der,noun,-;,,Die Sendung hat viele Hörer und,51
b1_1503,B1,"die Hörerin, -nen","the listener, -nen","die Hörerin, -nen",die,noun,-nen,,Hörerinnen.,51
b1_1504,B1,der Zuhörer,the listener,der Zuhörer,der,noun,,,,51
b1_1505,B1,"die Hose, -n","the pants, -n","die Hose, -n",die,noun,-n,,Können Sie die Hose etwas kürzer machen?,51
b1_1506,B1,"das Hotel, -s","the hotel, -s","das Hotel, -s",das,noun,-s,,Im Urlaub sind wir in einem Hotel am Meer.,51
b1_1507,B1,hübsch,pretty,hübsch 1.,,word,,,Wir haben eine hübsche Wohnung gefunden. || Dietmars neue Freundin ist sehr hüb- sch.,51
b1_1508,B1,"der Hügel, -","the hill, -","der Hügel, -",der,noun,-,,Auf diesem Hügel machen wir eine Pause.,51
b1_1509,B1,der Humor,the humor,der Humor 1.,der,noun,,,"Wir mögen Paul, weil er so viel Humor hat. || Den Humor des Komikers verstehe ich nicht.",51
b1_1510,B1,der Hunger,the hunger,der Hunger,der,noun,,,"Möchtest du Suppe? || – Nein danke, ich habe keinen Hunger.",51
b1_1511,B1,hungrig,hungry,hungrig,,adjective,,,Ich bin sehr hungrig.,51
b1_1512,B1,"hupen, hupt, hupte,","honk, honk, honk","hupen, hupt, hupte,",,word,,hat gehupt,Hier ist ein Krankenhaus. || Hier darfst || du nicht hupen.,51
b1_1513,B1,"husten, hustet, hustete,","cough, cough, cough","husten, hustet, hustete,",,word,,hat gehustet,Der Junge hat die ganze Nacht || gehustet.,51
b1_1514,B1,der Husten,the cough,der Husten,der,noun,,,Haben Sie ein Medikament gegen Husten?,51
b1_1515,B1,"der Hut, ¨-e","the hat, ¨-e","der Hut, ¨-e",der,noun,¨-e,,Sie sollten im Sommer nicht ohne Hut in die Sonne gehen.,51
b1_1516,B1,"die Hütte, -n","the hut, -n","die Hütte, -n",die,noun,-n,,Wir übernachten in der Hütte auf dem Berg.,51
b1_1517,B1,ideal,ideal,ideal,,word,,,Eine Wohnung mit Garten wäre für uns ideal.,51
b1_1518,B1,"die Idee, -n","the idea, -n","die Idee, -n",die,noun,-n,,Du willst ein Picknick machen? || Ich finde die Idee toll.,51
b1_1519,B1,illegal,illegal,illegal,,word,,,"Ohne Steuerkarte zu arbeiten ist illegal. || Wenn es herauskommt, musst du Strafe zahlen.",51
b1_1520,B1,"der Imbiss, -e (D) →A:","the snack, -e (D) →A:","der Imbiss, -e (D) →A:",der,noun,-e (D) →A:,,Es ist Zeit für einen kleinen Imbiss.,51
b1_1521,B1,"Jause, CH: Znüni/Zvieri","Jause, CH: snack/breakfast","Jause, CH: Znüni/Zvieri",,noun,,,,51
b1_1522,B1,immer,always,immer 1.,,adverb,,,Frau Bast kommt immer zu spät. || Mein Kollege liegt immer noch im Krankenhaus. || Die Schmerzen werden immer schlimmer.,51
b1_1523,B1,"der Import, -e","the import, -e","der Import, -e 1.",der,noun,-e 1.,,"Im dritten Stock ist die Firma Schmidt & Co, Import und Export. || Der Import von Zigaretten ist nur bis zu einer bestimmten Menge erlaubt.",51
b1_1524,B1,in,in,in 1.,,preposition,,,Ich wohne in Frankfurt. || Meine Wohnung ist im dritten Stock. || Wollen wir heute ins Einkaufszentrum gehen? || Rufen Sie bitte in fünf Minuten noch einmal an. || Im Mai war ich in Urlaub. (D) (A: auf) || Wir sind in einer schwierigen Lage. || Meine Tochter kommt nächstes Jahr ins Gymnasium. (A) (D: aufs),51
b1_1525,B1,indem,by,indem,,word,,,"Du kannst die Datei öffnen, indem du hier klickst.",51
b1_1526,B1,individuell,individually,individuell,,word,,,"Die Lehrerin versucht, jedes Kind individuell zu fördern.",51
b1_1527,B1,"die Industrie, -n","the industry, -n","die Industrie, -n",die,noun,-n,,In dieser Gegend gibt es viel Industrie.,51
b1_1528,B1,"die Infektion, -en","the infection, -en","die Infektion, -en",die,noun,-en,,Sie haben eine Infektion. || Sie müssen Tabletten nehmen.,51
b1_1529,B1,"informieren, informiert,","inform, informed","informieren, informiert, 1.",,word,,,Wir informieren Sie rechtzeitig über,51
b1_1530,B1,"informierte,",informed,"informierte,",,word,,hat informiert,die neuen Prüfungstermine. || Du musst dich vor der Reise genau über die Bedingungen informieren.,51
b1_1531,B1,"die Information, -en1.","the information, -en1.","die Information, -en1.",die,noun,-en1.,,"Bitte lesen Sie diese Informationen genau. || Wenn Sie Fragen haben, gehen Sie zur Information.",51
b1_1532,B1,"der Ingenieur, -e","the engineer, -e","der Ingenieur, -e",der,noun,-e,,Hans will Bauingenieur werden.,51
b1_1533,B1,"der Inhalt, -e","the content, -e","der Inhalt, -e",der,noun,-e,,Geben Sie den Inhalt der Packung in einen Liter kochendes Wasser.,51
b1_1534,B1,inklusive,including,inklusive,,word,,,Der Zimmerpreis ist inklusive Frühstück.,51
b1_1535,B1,innen,inside,innen,,verb,,,Der Lichtschalter ist innen links.,51
b1_1536,B1,inner-,within,inner-,,word,,,"Wir müssen Sie untersuchen. || Es kann sein, dass Sie innere Verletzungen haben.",51
b1_1537,B1,innerhalb1.,within1.,innerhalb1.,,word,,,Diese Fahrkarte gilt nur innerhalb der Stadt. || Nach dem Umzug müssen Sie sich innerhalb einer Woche ummelden.,51
b1_1538,B1,"die Insel, -n","the island, -n","die Insel, -n",die,noun,-n,,Ich würde dieses Mal gern auf einer Insel Ferien machen.,52
b1_1539,B1,"das Inserat, -e","the advertisement, -e","das Inserat, -e",das,noun,-e,,Was kostet ein Inserat in der Zeitung?,52
b1_1540,B1,insgesamt,in total,insgesamt,,word,,,Insgesamt haben sich 20 Teilnehmer für die Prüfung angemeldet.,52
b1_1541,B1,"installieren, installiert,","install, installed","installieren, installiert,",,word,,,"Können Sie mir helfen, meinen",52
b1_1542,B1,"installierte, hat installiert","installed, has installed","installierte, hat installiert",,word,,,Computer zu installieren?,52
b1_1543,B1,"das Institut, -e","the institute, -e","das Institut, -e",das,noun,-e,,Ich besuche einen Sprachkurs in einem kleinen Sprachinstitut.,52
b1_1544,B1,"das Instrument, -e","the instrument, -e","das Instrument, -e",das,noun,-e,,Ich spiele Klavier. || Spielen Sie auch ein Musikinstrument?,52
b1_1545,B1,"integrieren, integriert, in-","integrate, integrated, in-","integrieren, integriert, in- 1.",,word,,,Sie ist schon sehr gut im Team,52
b1_1546,B1,"tegrierte, hat integriert","integrated, has integrated","tegrierte, hat integriert",,word,,,integriert. || Die Leute aus dem Ausland sollen besser integriert werden.,52
b1_1547,B1,"die Integration, -en","the integration, -en","die Integration, -en",die,noun,-en,,Gute Deutschkenntnisse sollen bei der Integration helfen.,52
b1_1548,B1,intelligent,intelligent,intelligent,,word,,,Maria ist sehr intelligent. || Sie kann sehr gut rechnen.,52
b1_1549,B1,die Intelligenz,the intelligence,die Intelligenz,die,noun,,,Meine Kinder haben in der Schule einen Intelligenztest gemacht.,52
b1_1550,B1,intensiv,intensive,intensiv,,word,,,Ich möchte intensiv Deutsch lernen.,52
b1_1551,B1,"der Intensivkurs, -e","the intensive course, -e","der Intensivkurs, -e",der,noun,-e,,Der Intensivkurs findet täglich von 9 bis 12 Uhr statt.,52
b1_1552,B1,"interessieren, interessiert,","interested, interested","interessieren, interessiert, 1.",,word,,,Das Thema Kindererziehung,52
b1_1553,B1,"interessierte,",interested,"interessierte,",,word,,hat interessiert,interessiert mich sehr. || Ich interessiere mich sehr für Fußball.,52
b1_1554,B1,interessant1.,interesting1.,interessant1.,,word,,,Ich habe einen interessanten Bericht gelesen. || Den Artikel über Brasilien finde ich sehr interessant.,52
b1_1555,B1,"das Interesse, -n","the interest, -n","das Interesse, -n",das,noun,-n,,"Ich habe viele Interessen: Sport, Lesen, Handarbeit, Tanzen",52
b1_1556,B1,interessiert,interested,interessiert,,word,,,Mein Nachbar zieht nächsten Monat aus. || Sind Sie noch an der Wohnung in- teressiert?,52
b1_1557,B1,interkulturell,intercultural,interkulturell,,word,,,Wir haben in der Sprachschule ein interkulturelles Fest gefeiert.,52
b1_1558,B1,international,international,international 1.,,word,,,"Die Teilnehmenden in unserem Kurs sind ganz international: Silvana kommt aus Italien, Conchi aus Spanien, Yin aus China … || Der Professor war international bekannt.",52
b1_1559,B1,"das Interview, -s","the interview, -p","das Interview, -s",das,noun,-s,,Ich habe im Fernsehen ein interes- santes Interview mit zwei Schauspiel- ern gesehen.,52
b1_1560,B1,inzwischen,in the meantime,inzwischen,,verb,,,Herr Müller kommt gleich zurück. || Sie können inzwischen in seinem Büro warten.,52
b1_1561,B1,irgend-,somehow-,irgend-,,word,,,,52
b1_1562,B1,irgendein,any,irgendein,,word,,,"Was für einen Saft möchten Sie? || – Ganz egal, irgendeinen.",52
b1_1563,B1,irgendwann,sometime,irgendwann,,word,,,Ich habe Sie irgendwann schon mal gesehen.,52
b1_1564,B1,sich irren,sich irren,"sich irren, irrt sich, 1.",,verb,,"irrt sich, 1.","Du irrst dich. || Das Auto war nicht grün,",52
b1_1565,B1,"irrte sich, hat sich geirrt","was wrong, was wrong","irrte sich, hat sich geirrt",,word,,,sondern rot. || Ich habe mich in der Hausnummer geirrt.,52
b1_1566,B1,ja,Yes,ja 1.,,word,,,"Sind Sie verheiratet? || – Ja. || Hallo? || – Ja, bitte? || Wer spricht denn da? || Denk bitte daran, die Tür abzuschließen. || – Ja, ja, mach´ ich. || Heute Morgen um fünf hat es geschneit. || – Ja, wirklich? || Ich würde ja gern kommen, aber es geht wirklich nicht. || Du weißt ja, dass ich kein Bier trinke. || Gib mir bitte einen Tee. || Du bist hier in Berlin? || – Das ist ja eine Überraschung. || Steige bitte ja nicht auf den Stuhl!",52
b1_1567,B1,"die Jacke, -n","the jacket, -n","die Jacke, -n",die,noun,-n,,Zieh dir eine Jacke an. || Es ist kalt.,52
b1_1568,B1,"die Jause, -n (A) →D: Im-","the snack, -n (A) →D: Im-","die Jause, -n (A) →D: Im-",die,noun,-n (A) →D: Im-,,Es ist Zeit für eine kleine Jause.,52
b1_1569,B1,biss; CH: Znüni/Zvieri,bite; CH: Lunch/breakfast,biss; CH: Znüni/Zvieri,,word,,,,52
b1_1570,B1,je,ever,je 1.,,word,,,"Die Pullover kosten je nach Qualität zwischen 40 und 60 Euro. || Fahren Sie im Juni oder im Juli? || – Je nachdem, wann mein Mann Urlaub bekommt.",52
b1_1571,B1,je … desto …,the ... the …,je … desto …,,word,,,"Je länger ich Deutsch lerne, desto besser kann ich es verstehen.",52
b1_1572,B1,die Jeans (Pl.),the jeans (pl.),die Jeans (Pl.),die,noun,,,Nicht nur junge Leute tragen Jeans.,52
b1_1573,B1,"jeder, jedes, jede","everyone, everyone, everyone","jeder, jedes, jede 1.",,word,,,Das Restaurant hat jeden Tag geöffnet. || Jedes Kind bekommt ein Spiel. || Die Prospekte bekommen Sie in jedem Reisebüro. || Im Supermarkt gibt es keine Schmerztabletten. || Das weiß doch jeder.,52
b1_1574,B1,jederzeit,at any time,jederzeit,,word,,,Sie können mich jederzeit anrufen.,53
b1_1575,B1,jedes Mal,jedes Mal,jedes Mal,,word,,,Inge erzählt die Geschichte jedes Mal anders.,53
b1_1576,B1,jedoch,however,jedoch,,word,,,"Sie ruft immer wieder an, jedoch ohne Erfolg.",53
b1_1577,B1,jemals,ever,jemals,,word,,,"Hast du jemals von dem Problem gehört? || – Nein, nie.",53
b1_1578,B1,jemand,someone,jemand 1.,,word,,,"Hat jemand einen Bleistift für mich? || Kennst du jemand, der mir ein Fahrrad leihen kann?",53
b1_1579,B1,jetzt,now,jetzt 1.,,adverb,,,Ich muss jetzt gehen. || Bis jetzt hat alles gut geklappt. || Ab jetzt werde ich wieder öfter ins Fit- ness-Studio gehen. || Ich habe jetzt schon dreimal bei meinem Bruder angerufen. || Aber er ist nie da. || Über viele Dinge denke ich jetzt anders als früher.,53
b1_1580,B1,jeweils,respectively,jeweils,,word,,,Der Kurs findet jeweils montags und donnerstags um 18 Uhr statt.,53
b1_1581,B1,"der Journalist, -en","the journalist, -en","der Journalist, -en",der,noun,-en,,Meine Tochter möchte Journalistin,53
b1_1582,B1,"die Journalistin, -nen","the journalist, -nen","die Journalistin, -nen",die,noun,-nen,,werden.,53
b1_1583,B1,die Jugend,die Jugend,die Jugend,die,noun,,,In meiner Jugend habe ich mich sehr für Musik interessiert.,53
b1_1584,B1,"der Jugendliche, -n","the young person, -n","der Jugendliche, -n 1.",der,noun,-n 1.,,Die Jugendlichen gehen gerne in die,53
b1_1585,B1,"die Jugendliche, -nen","the young people, -nen","die Jugendliche, -nen",die,noun,-nen,,Disko. || Der Eintritt ist für Kinder und Jugendliche bis 16 Jahre frei.,53
b1_1586,B1,"die Jugendherberge, -n","the youth hostel, -n","die Jugendherberge, -n",die,noun,-n,,Wo habt ihr übernachtet? || – In einer Jugendherberge.,53
b1_1587,B1,jung,young,jung 1.,,word,,,Für diesen Film bist du noch zu jung. || Meine Mutter ist jung geblieben. || Claudia ist 21. || – Was? || Noch so jung? || Ich habe sehr jung geheiratet. || Bei uns im Haus wohnen viele junge Leute. || Mein Bruder ist zehn Jahre jünger als ich. || Ich bin in unserer Familie die Jüngste.,53
b1_1588,B1,"der Junge, -n (D) →A, CH:","the boy, -n (D) →A, CH:","der Junge, -n (D) →A, CH:",der,noun,"-n (D) →A, CH:",,In der Schulklasse sind 15 Jungen und,53
b1_1589,B1,Bub,boy,Bub,,noun,,,10 Mädchen.,53
b1_1590,B1,"das Kabel, -","the cable, -","das Kabel, - 1.",das,noun,- 1.,,Wo ist das Kabel für das Aufnahme- gerät? || Mit Kabel bekommen Sie über 30 Fernsehkanäle.,53
b1_1591,B1,"die Kabine, -n","the cabin, -n","die Kabine, -n",die,noun,-n,,"Um zu wählen, gehen Sie bitte in diese Kabine.",53
b1_1592,B1,der Kaffee,the coffee,der Kaffee 1.,der,noun,,,"Bring bitte noch eine Packung Kaffee mit. || Zum Frühstück trinke ich gerne Kaffee. || Wir sind bei Müllers zum Kaffee einge- laden. || Einen Kaffee, bitte.",53
b1_1593,B1,"das Kaffeehaus, ¨-er (A)","the coffee house, ¨-er (A)","das Kaffeehaus, ¨-er (A)",das,noun,¨-er (A),,Hier in der Nähe ist ein Kaffeehaus. || Lass uns einen Kaffee trinken.,53
b1_1594,B1,"der Kakao, -s","the cocoa, -s","der Kakao, -s",der,noun,-s,,Zum Frühstück trinke ich immer einen Kakao.,53
b1_1595,B1,"1. der Kalender, -","1. the calendar, -","1. der Kalender, -",,other,,,Ich habe den Termin in meinem Kalender notiert. || Haben Sie am Montag Zeit? || – Moment. || Ich muss erst in meinem Terminkalen- der nachschauen.,53
b1_1596,B1,kalt,cold,kalt 1.,,word,,,Es ist kalt heute. || Du hast ja ganz kalte Hände. || Das Mittagessen ist kalt geworden. || Abends essen wir immer kalt. || Wir hatten einen kalten Winter. || Mir ist kalt. || Mach bitte die Heizung an.,53
b1_1597,B1,die Kälte,the cold,die Kälte,die,noun,,,Bei dieser Kälte fahre ich nicht mit dem Fahrrad.,53
b1_1598,B1,"die Kamera, -s","the camera, -s","die Kamera, -s",die,noun,-s,,Ich habe eine ganz neue Kamera.,53
b1_1599,B1,"kämpfen, kämpft,","fight, fight","kämpfen, kämpft,",,word,,,Die Frauen kämpfen für mehr Rechte.,53
b1_1600,B1,"kämpfte, hat gekämpft","fought, fought","kämpfte, hat gekämpft",,word,,,,53
b1_1601,B1,"der Kampf, ¨-e","the fight, ¨-e","der Kampf, ¨-e",der,noun,¨-e,,Im Schulbus gibt es immer einen Kampf um die Sitzplätze.,53
b1_1602,B1,"der Kanal, ¨-e","the channel, ¨-e","der Kanal, ¨-e",der,noun,¨-e,,Mit Kabel bekommen Sie über 30 Fernsehkanäle.,53
b1_1603,B1,"der Kandidat, -en","the candidate, -en","der Kandidat, -en",der,noun,-en,,Wie viele Kandidaten kommen zur Prüfung?,53
b1_1604,B1,"die Kanne, -n","the pot, -n","die Kanne, -n 1.",die,noun,-n 1.,,"Das ist aber eine schöne Teekanne. || – Ja, die ist aus China. || Bitte einen Kaffee! || – Eine Tasse oder ein Kännchen?",53
b1_1605,B1,"die Kantine, -n","the canteen, -n","die Kantine, -n",die,noun,-n,,In unserer Kantine kann man günstig essen.,53
b1_1606,B1,"das Kapitel, -","the chapter, -","das Kapitel, -",das,noun,-,,"Die Lehrerin hat gesagt, wir sollen zwei Kapitel im Buch wiederholen.",53
b1_1607,B1,kaputt,broken,kaputt 1.,,word,,,Unsere Waschmaschine ist kaputt. || Ich bin noch ganz kaputt von der Reise.,54
b1_1608,B1,kaputtgehen1.,break1.,kaputtgehen1.,,word,,,Pass bitte mit diesem Glas auf. || Es geht leicht kaputt. || Der Fernseher ist gestern kaputt- gegangen.,54
b1_1609,B1,kaputtmachen,break something,kaputtmachen,,verb,,,Wer hat die Lampe kaputtgemacht?,54
b1_1610,B1,"der Karneval, -s/-e (D) →","the carnival, -s/-e (D) →","der Karneval, -s/-e (D) →",der,noun,-s/-e (D) →,,Dort hängt mein Kostüm für den,54
b1_1611,B1,"D, A: Fasching; CH: Fas-","D, A: Carnival; CH: Fas-","D, A: Fasching; CH: Fas-",,noun,,,Karnevals(um)zug.,54
b1_1612,B1,nacht,night,nacht,,word,,,,54
b1_1613,B1,"die Karotte, -n →D:","the carrot, -n →D:","die Karotte, -n →D:",die,noun,-n →D:,,Hasen fressen gern Karotten.,54
b1_1614,B1,Möhre; CH: Rüebli,Carrot; CH: Carrots,Möhre; CH: Rüebli,,noun,,,,54
b1_1615,B1,"die Karriere, -n","the career, -n","die Karriere, -n",die,noun,-n,,Mein Bruder hat große Pläne. || Er will Karriere machen.,54
b1_1616,B1,"die Karte, -n","the card, -n","die Karte, -n 1.",die,noun,-n 1.,,"Schreibst du mir eine Karte aus dem Urlaub? || Diese Karte gilt nur für die || Klasse. || Hast du schon die Karten für das Konzert abgeholt? || Haben Sie eine Karte von Nord- deutschland? || Herr Ober, bitte die Speisekarte. || Spielen Sie Karten?",54
b1_1617,B1,"die Chipkarte, -n","the chip card, -n","die Chipkarte, -n",die,noun,-n,,Ich habe eine Chipkarte für diesen Automaten.,54
b1_1618,B1,"→CH: die Fahrkarte, -n","→CH: the ticket, -n","→CH: die Fahrkarte, -n",,other,,,Fahrkarten können Sie am Schalter,54
b1_1619,B1,Billett,Ticket,Billett,,noun,,,kaufen.,54
b1_1620,B1,"die Kartoffel, -n →A: Er-","the potato, -n →A: Er-","die Kartoffel, -n →A: Er-",die,noun,-n →A: Er-,,Kann ich bitte noch Kartoffeln,54
b1_1621,B1,dapfel,apple,dapfel,,word,,,bekommen?,54
b1_1622,B1,der Käse,the cheese,der Käse,der,noun,,,Möchtest du Käse aufs Brot?,54
b1_1623,B1,"die Kasse, -n","the cash register, -n","die Kasse, -n",die,noun,-n,,Zahlen Sie bitte an der Kasse.,54
b1_1624,B1,"die Kassette, -n","the cassette, -n","die Kassette, -n",die,noun,-n,,Meine Eltern besitzen noch viele Musikkassetten.,54
b1_1625,B1,"der Kasten, ¨- (D) →Kiste","the box, ¨- (D) → box","der Kasten, ¨- (D) →Kiste",der,noun,¨- (D) →Kiste,,Ich habe zwei Kästen Bier gekauft.,54
b1_1626,B1,"(A, D)","(A, D)","(A, D)",,other,,,,54
b1_1627,B1,"der Kasten, ¨- (A, CH) →D,","the box, ¨- (A, CH) →D","der Kasten, ¨- (A, CH) →D,",der,noun,"¨- (A, CH) →D,",,Die Handtücher liegen im Kasten.,54
b1_1628,B1,CH: Schrank,CH: Closet,CH: Schrank,,noun,,,,54
b1_1629,B1,"der Katalog, -e","the catalogue, -e","der Katalog, -e",der,noun,-e,,Ich habe mir ein Kleid aus dem Katalog bestellt.,54
b1_1630,B1,"die Katastrophe, -n","the catastrophe, -n","die Katastrophe, -n",die,noun,-n,,Der Urlaub war eine Katastrophe. || Es hat nur geregnet.,54
b1_1631,B1,"(sich etwas) kaufen, kauft,","buy (something), buys","(sich etwas) kaufen, kauft, 1.",,word,,,Im Supermarkt kauft man sehr günstig,54
b1_1632,B1,"kaufte, hat gekauft","bought, bought","kaufte, hat gekauft",,word,,,ein. || Ich habe mir einen Pullover gekauft.,54
b1_1633,B1,der Kauf,the purchase,der Kauf,der,noun,,,Der neue Esstisch war ein guter Kauf.,54
b1_1634,B1,"der Käufer, -","the buyer, -","der Käufer, -",der,noun,-,,Ich habe schon einen Käufer für den,54
b1_1635,B1,"die Käuferin, -nen","the buyer, -nen","die Käuferin, -nen",die,noun,-nen,,alten Tisch.,54
b1_1636,B1,kaum,barely,kaum 1.,,word,,,Ich kann Sie kaum verstehen. || Bitte sprechen Sie lauter. || Es hat letzte Woche kaum geregnet. || Die Fahrt hat nicht lange gedauert. || Kaum 20 Minuten.,54
b1_1637,B1,kein-,no-,kein- 1.,,word,,,Ich habe leider heute keine Zeit. || Jetzt habe ich noch keinen Hunger. || Ich habe keine Kinder. || Was für ein Auto haben Sie? || – Ich habe keins.,54
b1_1638,B1,"der Keller, -","the cellar, -","der Keller, -",der,noun,-,,Unser Keller ist nicht besonders groß.,54
b1_1639,B1,"der Kellner,-","the waiter,-","der Kellner,-",der,noun,-,,Ich bin Kellnerin von Beruf.,54
b1_1640,B1,"die Kellnerin, -nen","the waitress, -nen","die Kellnerin, -nen",die,noun,-nen,,,54
b1_1641,B1,"→D, A: Ober;","→D, A: Upper;","→D, A: Ober;",,other,,,,54
b1_1642,B1,CH: Serviceangestellter,CH: Service employee,CH: Serviceangestellter,,noun,,,,54
b1_1643,B1,"kennen, kennt, kannte,","know, know, knew","kennen, kennt, kannte, 1.",,word,,hat gekannt,"Kennen Sie hier in der Nähe ein || gemütliches Café? || Kennen Sie diese Frau? || – Nein, leider nicht. || Kennen Sie Berlin? || – Ja, eine tolle Stadt.",54
b1_1644,B1,"kennenlernen, lernt","get to know, learn","kennenlernen, lernt 1.",,word,,,Wo habt ihr euch kennengelernt?,54
b1_1645,B1,"kennen, lernte kennen,","got to know, got to know","kennen, lernte kennen, 2.",,word,,hat kennengelernt,Ich möchte gern reisen und andere || Länder kennenlernen.,54
b1_1646,B1,die Kenntnisse (Pl.),the knowledge (pl.),die Kenntnisse (Pl.) 1.,die,noun,,,In vielen Berufen braucht man heute Sprachkenntnisse. || Ich möchte meine Deutschkenntnisse verbessern.,54
b1_1647,B1,"das Kennzeichen, -","the license plate, -","das Kennzeichen, -",das,noun,-,,Das Auto hat ein Schweizer Kennzeichen.,54
b1_1648,B1,"die Kerze, -n","the candle, -n","die Kerze, -n",die,noun,-n,,Für den Geburtstagstisch brauchen wir viele Blumen und Kerzen.,54
b1_1649,B1,"die Kette, -n","the chain, -n","die Kette, -n",die,noun,-n,,Ich habe zum Geburtstag eine goldene Kette bekommen.,54
b1_1650,B1,"das Kind, -er","the child, -he","das Kind, -er 1.",das,noun,-er 1.,,Mein Bruder hat zwei Kinder. || Wir haben ein Kind bekommen. || Die Kinder spielen Fußball.,54
b1_1651,B1,"der Kindergarten, ¨-","the kindergarten, ¨-","der Kindergarten, ¨-",der,noun,¨-,,Morgens bringe ich meinen Sohn in den Kindergarten.,54
b1_1652,B1,die Kindheit,childhood,die Kindheit,die,noun,,,In meiner Kindheit war ich oft auf dem Land bei meinen Großeltern.,54
b1_1653,B1,"das Kino, -s","the cinema, -s","das Kino, -s",das,noun,-s,,Wollen wir ins Kino gehen?,54
b1_1654,B1,"der Kiosk, -e","the kiosk, -e","der Kiosk, -e",der,noun,-e,,Zeitungen bekommst du am Kiosk.,54
b1_1655,B1,"die Kirche, -n","the church, -n","die Kirche, -n",die,noun,-n,,Diese Kirche ist aus dem 12. || Jahrhun- dert.,54
b1_1656,B1,"die Kiste, -n (A, D) →D:","the box, -n (A, D) →D:","die Kiste, -n (A, D) →D:",die,noun,"-n (A, D) →D:",,Ich habe zwei Kisten Bier gekauft.,55
b1_1657,B1,Kasten,Crate,Kasten,,noun,,,,55
b1_1658,B1,"das Kissen, -","the pillow, -","das Kissen, -",das,noun,-,,Ohne Kopfkissen kann ich nicht schlafen.,55
b1_1659,B1,"klagen, klagt, klagte,","complain, complain, complain","klagen, klagt, klagte,",,word,,hat geklagt,Sie klagt über Kopfschmerzen.,55
b1_1660,B1,"klappen, klappt, klappte,","work, work, work","klappen, klappt, klappte,",,word,,hat geklappt,Wie war die Reise? || – Gut. || Es hat alles || prima geklappt.,55
b1_1661,B1,klar,clear,klar 1.,,word,,,"Sie müssen noch mehr Deutsch lernen. || – Ja, das ist mir klar. || Kommst du mit? || – Klar! || Ich komme zu deinem Geburtstag, das ist doch klar. || Leider haben wir bei der Bahn keine klare Auskunft bekommen.",55
b1_1662,B1,"klären, klärt, klärte,","clarify, clarify, clarified","klären, klärt, klärte,",,word,,hat geklärt,"Ich hoffe, wir können dieses Problem || bald klären.",55
b1_1663,B1,klasse,class,klasse,,word,,,Ich finde unseren Lehrer klasse.,55
b1_1664,B1,"die Klasse, -n","the class, -n","die Klasse, -n 1.",die,noun,-n 1.,,"In der Klasse sind 24 Schülerinnen und Schüler. || Im Herbst komme ich in die || Klasse. || Einmal nach Frankfurt, || Klasse, bitte.",55
b1_1665,B1,"die Klassenarbeit, -en (D)","the class work, -s (D)","die Klassenarbeit, -en (D)",die,noun,-en (D),,Mein Sohn schreibt bei Klassenar-,55
b1_1666,B1,→A: Schularbeit,→A: School work,→A: Schularbeit,,other,,,beiten immer gute Noten.,55
b1_1667,B1,"das Klavier, -e","the piano, -e","das Klavier, -e",das,noun,-e,,Meine Tochter möchte Klavier spielen lernen.,55
b1_1668,B1,"kleben, klebt, klebte,","stick, stick, stick","kleben, klebt, klebte, 1.",,word,,hat geklebt,Die Briefmarke klebt nicht mehr. || Ich klebe Ihnen ein Pflaster darauf.,55
b1_1669,B1,"das Kleid, -er","the dress, -er","das Kleid, -er",das,noun,-er,,Ich habe mir ein neues Kleid gekauft.,55
b1_1670,B1,die Kleidung,the clothing,die Kleidung,die,noun,,,Hier brauchen Sie auch im Sommer warme Kleidung.,55
b1_1671,B1,klein,small,klein 1.,,word,,,Unsere Wohnung ist klein. || Unser Kind ist noch klein. || Wir machen am Sonntag einen kleinen Ausflug.,55
b1_1672,B1,"klettern, klettert,","climb, climbs","klettern, klettert,",,word,,,Die Kinder sind auf den Baum,55
b1_1673,B1,"kletterte, ist geklettert","climbed, has climbed","kletterte, ist geklettert",,word,,,geklettert.,55
b1_1674,B1,"klicken, klickt, klickte,","click, click, click","klicken, klickt, klickte,",,word,,hat geklickt,"Wenn du die Datei öffnen willst, musst || du mit der Maus zweimal klicken.",55
b1_1675,B1,"der Klick, - s","the click, - s","der Klick, - s",der,noun,- s,,"Um das Wort zu markieren, genügt ein Doppelklick mit der linken Maustaste.",55
b1_1676,B1,das Klima,the climate,das Klima,das,noun,,,"Alle sagen, dass sich das Klima ändert.",55
b1_1677,B1,"die Klimaanlage, -n","the air conditioning, -n","die Klimaanlage, -n",die,noun,-n,,Im Sommer brauchen wir eine Klimaanlage.,55
b1_1678,B1,"klingeln, klingelt,","ring, ring","klingeln, klingelt, 1.",,word,,,"Ich glaube, es hat an der Tür geklingelt.",55
b1_1679,B1,"klingelte, hat geklingelt","rang, rang","klingelte, hat geklingelt 2.",,word,,,Das Telefon klingelt.,55
b1_1680,B1,"die Klingel, -n","the bell, -n","die Klingel, -n",die,noun,-n,,Drück bitte auf die Klingel!,55
b1_1681,B1,"klingen, klingt, klang,","sound, sound, sound","klingen, klingt, klang,",,word,,hat geklungen,"Wollen wir einkaufen gehen und || danach zusammen kochen? || – Ja, das klingt gut.",55
b1_1682,B1,"die Klinik, -en","the clinic, -en","die Klinik, -en",die,noun,-en,,"Ich muss in die Klinik, um meinen kranken Onkel zu besuchen.",55
b1_1683,B1,"klopfen, klopft, klopfte,","knock, knock, knock","klopfen, klopft, klopfte, 1.",,word,,hat geklopft,Da klopft jemand ans Fenster. || Hat es nicht eben geklopft? || Bitte klopfen Sie an.,55
b1_1684,B1,"der Kloß, ¨-e (D) →D, A:","the dumpling, ¨-e (D) →D, A:","der Kloß, ¨-e (D) →D, A:",der,noun,"¨-e (D) →D, A:",,Möchten Sie zum Fleisch Kartoffeln,55
b1_1685,B1,Knödel,dumplings,Knödel,,noun,,,"oder Klöße? || – Klöße, bitte.",55
b1_1686,B1,klug,smart,klug 1.,,word,,,Ich halte sie für klug. || Er hat sich in der Diskussion nicht besonders klug verhalten. || Das ist ein kluger Hund.,55
b1_1687,B1,knapp,meager,knapp 1.,,word,,,Mach schnell. || Die Zeit ist knapp. || Unser Geld wird knapp. || Wir müssen sparen. || Die Fahrt war kurz. || Nur knapp eine Stunde. || Die Wohnung hat nur knapp 30 m². || Der Tisch hat nur knapp 50 Euro gekostet.,55
b1_1688,B1,"die Kneipe, -n (D)","the pub, -n (D)","die Kneipe, -n (D)",die,noun,-n (D),,Gehen wir noch in eine Kneipe ein Bier trinken?,55
b1_1689,B1,"das Knie, -","the knee, -","das Knie, -",das,noun,-,,Ich habe mich am Knie verletzt. || Jetzt kann ich nicht laufen.,55
b1_1690,B1,"der Knochen, -","the bone, -","der Knochen, -",der,noun,-,,Ich bin hingefallen. || Jetzt tun mir alle Knochen weh.,55
b1_1691,B1,"→D: der Knödel, - (D, A)","→D: the dumpling, - (D, A)","→D: der Knödel, - (D, A)",,other,,,Möchten Sie zum Fleisch Erdäpfel oder,55
b1_1692,B1,Kloß,Dumpling,Kloß,,noun,,,Knödel? || – Knödel bitte.,55
b1_1693,B1,"der Knopf, ¨-e","the button, ¨-e","der Knopf, ¨-e 1.",der,noun,¨-e 1.,,An meiner Jacke fehlt ein Knopf. || Der Fahrstuhl kommt nicht. || – Sie müssen auf den Knopf drücken.,55
b1_1694,B1,"kochen, kocht, kochte,","cook, cook, cook","kochen, kocht, kochte, 1.",,word,,hat gekocht,Ich koche gern. || Das Wasser kocht. || Der Reis muss etwa 20 Minuten kochen.,55
b1_1695,B1,"der Koch, ¨-e","the cook, ¨-e","der Koch, ¨-e",der,noun,¨-e,,Ein Freund von mir ist Koch in einem,55
b1_1696,B1,"die Köchin, -nen","the cook, -nen","die Köchin, -nen",die,noun,-nen,,teuren Restaurant.,55
b1_1697,B1,"der Koffer, -","the suitcase, -","der Koffer, -",der,noun,-,,Ich habe den Koffer schon gepackt.,55
b1_1698,B1,"der Kollege, -n","the colleague, -n","der Kollege, -n 1.",der,noun,-n 1.,,Ich habe guten Kontakt zu meinen,55
b1_1699,B1,"die Kollegin, -nen","the colleague, -nen","die Kollegin, -nen",die,noun,-nen,,Kollegen. || Mein neuer Kollege ist sehr nett.,55
b1_1700,B1,komisch,funny,komisch 1.,,adjective,,,Das Essen schmeckt komisch. || Probier mal. || Der Film war sehr komisch. || Wir haben viel gelacht. || Eine grüne Hose und gelbe Schuhe? || Das sieht komisch aus.,56
b1_1701,B1,"kommen, kommt, kam,","come, come, came","kommen, kommt, kam, 1.",,word,,ist gekommen,"Woher kommen Sie? || – Aus Frankreich. || Wir gehen heute Abend ins Konzert. || Kommen Sie auch? || Kommen Sie doch mal wieder zu uns. || Wenn Sie mal nach Köln kommen, be- suchen Sie uns. || Steffi kommt im Herbst in die Schule. || Die Straßenbahn muss gleich kommen. || Wer kommt als Nächster dran? || Die Handtücher kommen in den Schrank. || Wie sind Sie denn auf diese Idee gekommen?",56
b1_1702,B1,die Kommunikation,the communication,die Kommunikation,die,noun,,,Die Kommunikation zwischen den Abteilungen ist gut.,56
b1_1703,B1,komplett,completely,komplett 1.,,word,,,Ich habe den Termin komplett vergessen. || Die Wohnung ist jetzt komplett eingerichtet.,56
b1_1704,B1,kompliziert,complicated,kompliziert,,word,,,Er schreibt viel zu kompliziert.,56
b1_1705,B1,"der Kompromiss, -e","the compromise, -e","der Kompromiss, -e",der,noun,-e,,Alle wollen etwas anderes. || Wir müssen einen Kompromiss finden.,56
b1_1706,B1,"die Konferenz, -en","the conference, -en","die Konferenz, -en",die,noun,-en,,Die Konferenz findet in Raum 19 statt.,56
b1_1707,B1,"die Konfitüre, -n (CH)","the jam, -n (CH)","die Konfitüre, -n (CH)",die,noun,-n (CH),,Bring bitte noch ein Glas Konfitüre mit.,56
b1_1708,B1,"der Konflikt, -e","the conflict, -e","der Konflikt, -e 1.",der,noun,-e 1.,,Das ist ein alter Konflikt. || Ich habe einen Konflikt mit meinen El- tern.,56
b1_1709,B1,"der König, -e","the king, -e","der König, -e",der,noun,-e,,Der spanische König ist in Deutschland zu Besuch.,56
b1_1710,B1,die Konkurrenz,the competition,die Konkurrenz 1.,die,noun,,,"Die Reparatur ist mir hier zu teuer. || Bei der Konkurrenz bekomme ich sie für die Hälfte. || Es ist schwer, ein Geschäft aufzu- machen. || Die Konkurrenz ist groß.",56
b1_1711,B1,"können, kann, konnte,","can, can, could","können, kann, konnte, 1.",,word,,hat gekonnt (hat können,Ich kann den schweren Koffer nicht || tragen.,56
b1_1712,B1,als Modalverb),as a modal verb),als Modalverb) 2.,,conjunction,,,"Sie können mit dem Bus zum Bahnhof fahren. || Kann ich jetzt nach Hause gehen? || Können Sie mir helfen? || Ich kann sehr gut Englisch und Deutsch. || Es kann sein, dass es heute noch regnet.",56
b1_1713,B1,"das Konsulat, -e","the consulate, -e","das Konsulat, -e",das,noun,-e,,Ein Visum bekommst du auch im Konsulat.,56
b1_1714,B1,"konsumieren, konsumiert,","consume, consumed","konsumieren, konsumiert,",,word,,,Die Europäer haben im letzten Jahr,56
b1_1715,B1,"konsumierte,",consumed,"konsumierte,",,word,,hat konsumiert,mehr Fleisch konsumiert.,56
b1_1716,B1,der Konsum,the consumption,der Konsum,der,noun,,,Der Konsum von Lebensmitteln steigt.,56
b1_1717,B1,"der Kontakt, -e","the contact, -e","der Kontakt, -e",der,noun,-e,,Ich habe wenig Kontakt zu meinen Kollegen.,56
b1_1718,B1,"das Konto, Konten","the account, accounts","das Konto, Konten 1.",das,noun,Konten 1.,,Ich möchte ein Konto eröffnen. || Das Geld überweisen wir am || März auf Ihr Konto.,56
b1_1719,B1,"das Girokonto, -en","the checking account, -en","das Girokonto, -en",das,noun,-en,,Mein Girokonto kostet gar nichts.,56
b1_1720,B1,"kontrollieren, kontrolliert,","control, controlled","kontrollieren, kontrolliert,",,word,,,Beim Auto müssen Sie regelmäßig das,56
b1_1721,B1,"kontrollierte,",controlled,"kontrollierte,",,word,,hat kontrolliert,Öl kontrollieren.,56
b1_1722,B1,"die Kontrolle, -n1.","the control, -n1.","die Kontrolle, -n1.",die,noun,-n1.,,An den Grenzen gibt es kaum noch Kontrollen. || Fahrkartenkontrolle! || Bitte Ihre Fahrkarten!,56
b1_1723,B1,sich konzentrieren,to concentrate,"sich konzentrieren,",,verb,,,Bitte stör mich jetzt nicht. || Ich muss,56
b1_1724,B1,"konzentriert sich,",concentrates,"konzentriert sich,",,word,,,mich auf meine Arbeit konzentrieren.,56
b1_1725,B1,"konzentrierte sich,",concentrated,"konzentrierte sich,",,word,,hat sich konzentriert,,56
b1_1726,B1,"das Konzert, -e","the concert, -e","das Konzert, -e",das,noun,-e,,Für das Konzert am Sonntag gibt es noch Karten.,56
b1_1727,B1,"der Kopf, ¨-e","the head, ¨-e","der Kopf, ¨-e 1.",der,noun,¨-e 1.,,Ich habe Kopfschmerzen. || Michael kann gut im Kopf rechnen.,56
b1_1728,B1,kopieren,copy,kopieren 1.,,word,,,Kann ich mir diesen Artikel kopieren? || Ich kopiere dir die Datei auf die Speicherkarte. || Ich kann dir die CD kopieren.,56
b1_1729,B1,"die Kopie, -n","the copy, -n","die Kopie, -n",die,noun,-n,,Machst du mir bitte eine Kopie?,56
b1_1730,B1,"der Kopierer, -","the copier, -","der Kopierer, -",der,noun,-,,Der Kopierer ist schon wieder kaputt.,56
b1_1731,B1,"der Körper, -","the body, -","der Körper, -",der,noun,-,,"Der Arzt sagt, ich muss etwas für meinen Körper tun, z. || B. schwimmen oder Fahrrad fahren.",56
b1_1732,B1,körperlich,physically,körperlich,,adjective,,,Körperliche Arbeit macht mir nichts aus.,56
b1_1733,B1,korrekt,correctly,korrekt,,word,,,Ich habe die Rechnung geprüft. || Alles ist korrekt.,56
b1_1734,B1,"der Korridor, -e (D, CH) →","the corridor, -e (D, CH) →","der Korridor, -e (D, CH) →",der,noun,"-e (D, CH) →",,Wir warten draußen im Korridor.,56
b1_1735,B1,Gang; D: Flur,gear; D: Hallway,Gang; D: Flur,,noun,,,,56
b1_1736,B1,"korrigieren, korrigiert, ko-","correct, corrected, co-","korrigieren, korrigiert, ko- 1.",,word,,,Können Sie bitte meinen Brief,56
b1_1737,B1,"rrigierte, hat korrigiert","corrected, corrected","rrigierte, hat korrigiert",,word,,,korrigieren? || Der Lehrer hat meine Fehler korrigiert.,56
b1_1738,B1,"kosten, kostet, kostete,","cost, cost, cost","kosten, kostet, kostete, 1.",,word,,hat gekostet,"Wie viel kostet das T-Shirt? || – 15 Euro. || Eine Wohnung zu finden, kostet viel Zeit.",57
b1_1739,B1,die Kosten (Pl.),the costs (pl.),die Kosten (Pl.),die,noun,,,Die Kosten für die Reise bekomme ich von der Firma.,57
b1_1740,B1,kostenlos,for free,kostenlos,,word,,,Diese Zeitschrift kostet nichts. || Sie ist kostenlos.,57
b1_1741,B1,"kosten, kostet, kostete,","cost, cost, cost","kosten, kostet, kostete,",,word,,"hat gekostet (A) →D, CH:",Möchten Sie den Käse mal kosten?,57
b1_1742,B1,probieren,try out,probieren,,verb,,,,57
b1_1743,B1,"das Kostüm, -e","the costume, -e","das Kostüm, -e",das,noun,-e,,In dem Film tragen die Leute bunte Kostüme.,57
b1_1744,B1,"die Kraft, ¨-e","the power, ¨-e","die Kraft, ¨-e",die,noun,¨-e,,Für diese Arbeit braucht man viel Kraft.,57
b1_1745,B1,kräftig1.,strong1.,kräftig1.,,word,,,Der Mann ist kräftig. || Er macht viel Sport und isst viel. || Die Suppe musst du kräftig würzen.,57
b1_1746,B1,"das Kraftfahrzeug, -e","the motor vehicle, -e","das Kraftfahrzeug, -e",das,noun,-e,,Auf dieser Straße sind Kraftfahrzeuge nicht erlaubt.,57
b1_1747,B1,"das Kraftwerk, -e","das Kraftwerk, -e","das Kraftwerk, -e",das,noun,-e,,Die Menschen protestieren gegen das Kraftwerk.,57
b1_1748,B1,krank,sick,krank 1.,,word,,,Ich war zwei Wochen krank. || Ich muss mich um meine kranke Großmutter kümmern.,57
b1_1749,B1,"der Kranke, -n","the sick person, -n","der Kranke, -n",der,noun,-n,,Kranke brauchen viel Ruhe.,57
b1_1750,B1,"die Kranke, -n","the sick, -n","die Kranke, -n",die,noun,-n,,,57
b1_1751,B1,"das Krankenhaus, ¨-er","the hospital, ¨-er","das Krankenhaus, ¨-er",das,noun,¨-er,,Er hat sich verletzt und musste ins Krankenhaus.,57
b1_1752,B1,"die Krankenkasse, -n","the health insurance company, -n","die Krankenkasse, -n",die,noun,-n,,Die Krankenkasse bezahlt die Medikamente.,57
b1_1753,B1,"der Krankenpfleger, -","the nurse, -","der Krankenpfleger, -",der,noun,-,,Mein Bruder arbeitet als Krankenpfleger im Krankenhaus.,57
b1_1754,B1,"die Krankenschwester, -n","the nurse, -n","die Krankenschwester, -n",die,noun,-n,,Meine Cousine möchte gern Kranken- schwester werden.,57
b1_1755,B1,"der Krankenwagen, -","the ambulance, -","der Krankenwagen, -",der,noun,-,,Wir mussten einen Krankenwagen rufen.,57
b1_1756,B1,"die Krankheit, -en1.","the disease, -en1.","die Krankheit, -en1.",die,noun,-en1.,,Gegen welche Krankheiten sollte ich mich impfen lassen? || Was für eine Krankheit hat Herr Brandner?,57
b1_1757,B1,kreativ,creative,kreativ 1.,,word,,,Die Kinder sind beim Basteln sehr kreativ. || Wir brauchen eine kreative Lösung für dieses Problem.,57
b1_1758,B1,"der Kredit, -e","the credit, -e","der Kredit, -e 1.",der,noun,-e 1.,,Ich habe den Wagen auf Kredit gekauft. || Wir haben von der Bank einen Kredit bekommen.,57
b1_1759,B1,"die Kreditkarte, -n","the credit card, -n","die Kreditkarte, -n",die,noun,-n,,Kann ich mit Kreditkarte zahlen?,57
b1_1760,B1,"der Kreis, -e","the circle, -e","der Kreis, -e 1.",der,noun,-e 1.,,Die Kinder sitzen im Kindergarten im Kreis. || Bitte malt jetzt alle einen Kreis in euer Heft. || Unser Ort gehört zum Kreis Neuss.,57
b1_1761,B1,"das Kreuz, -e","the cross, -e","das Kreuz, -e",das,noun,-e,,Was bedeutet dieses Kreuz hier?,57
b1_1762,B1,"die Kreuzung, -en","the intersection, -en","die Kreuzung, -en",die,noun,-en,,Fahren Sie an der nächsten Kreuzung rechts.,57
b1_1763,B1,"der Krieg, -e","the war, -e","der Krieg, -e 1.",der,noun,-e 1.,,Es herrscht noch immer Krieg in diesem Land. || Der Lehrer spricht über den Zweiten Weltkrieg.,57
b1_1764,B1,"kriegen, kriegt, kriegte,","get, get, got","kriegen, kriegt, kriegte, 1.",,word,,hat gekriegt,"Haben Sie meinen Brief gekriegt? || Was kriegen Sie? || – Ein Schwarzbrot, bitte.",57
b1_1765,B1,Kriminal-,criminal,Kriminal-,,noun,,,Ein Nachbar von uns arbeitet bei der,57
b1_1766,B1,die Kriminalpolizei,the criminal police,die Kriminalpolizei,die,noun,,,Kriminalpolizei.,57
b1_1767,B1,"der Krimi, -s","the crime thriller, -s","der Krimi, -s",der,noun,-s,,Heute Abend kommt ein spannender Krimi im Fernsehen.,57
b1_1768,B1,"die Krise, -n","the crisis, -n","die Krise, -n",die,noun,-n,,Die Wirtschaft steckt in einer schweren Krise.,57
b1_1769,B1,"kritisieren, kritisiert,","criticize, criticized","kritisieren, kritisiert,",,word,,,Kritisiere mich nicht so oft.,57
b1_1770,B1,"kritisierte, hat kritisiert","criticized, has criticized","kritisierte, hat kritisiert",,word,,,,57
b1_1771,B1,"die Kritik, -en1.","the criticism, -en1.","die Kritik, -en1.",die,noun,-en1.,,Es gibt viel Kritik an der Politik der Regierung. || Dieser Film hat sehr gute Kritiken bekommen.,57
b1_1772,B1,kritisch,critical,kritisch,,adjective,,,Es gab eine Diskussion über die Lebensmittelpreise. || Ein Journalist hat kritische Fragen gestellt.,57
b1_1773,B1,"die Küche, -n","the kitchen, -n","die Küche, -n 1.",die,noun,-n 1.,,"Ich suche eine Wohnung mit drei Zimmern, Küche und Bad. || Ich mag die deutsche Küche.",57
b1_1774,B1,"der Kuchen, -","the cake, -","der Kuchen, -",der,noun,-,,Ich habe einen Kuchen gebacken.,57
b1_1775,B1,"der Kugelschreiber, -","the ballpoint pen, -","der Kugelschreiber, -",der,noun,-,,Mein Kugelschreiber ist weg.,57
b1_1776,B1,"der Kuli, -s","the coolie, -s","der Kuli, -s",der,noun,-s,,Hast du einen Kuli für mich?,57
b1_1777,B1,kühl,cool,kühl,,word,,,Es ist kühl draußen. || Zieh dir eine Jacke an.,57
b1_1778,B1,"der Kühlschrank, ¨-e","the refrigerator, ¨-e","der Kühlschrank, ¨-e",der,noun,¨-e,,Stell die Milch in den Kühlschrank!,57
b1_1779,B1,"die Kultur, -en","the culture, -en","die Kultur, -en",die,noun,-en,,Ich interessiere mich für andere Länder und Kulturen.,58
b1_1780,B1,kulturell,cultural,kulturell,,word,,,Es gibt große kulturelle Unterschiede zwischen den Ländern.,58
b1_1781,B1,sich kümmern,take care,"sich kümmern, kümmert 1.",,verb,,kümmert 1.,Ich kann nicht arbeiten. || Ich muss mich,58
b1_1782,B1,"sich, kümmerte sich,","cared, cared","sich, kümmerte sich,",,word,,hat sich gekümmert,um die Kinder kümmern. || Ich habe keine Zeit. || Ich muss mich um das Essen kümmern.,58
b1_1783,B1,"der Kunde, -n","the customer, -n","der Kunde, -n 1.",der,noun,-n 1.,,Sie ist schon lange bei mir Kundin. || Ich,58
b1_1784,B1,"die Kundin, -nen","the customer, -nen","die Kundin, -nen",die,noun,-nen,,"habe ihr einen Sonderpreis gegeben. || Einen Augenblick, bitte. || Ich habe einen Kunden.",58
b1_1785,B1,"kündigen, kündigt,","quit, quit","kündigen, kündigt, 1.",,word,,,Ich war mit meiner Stelle nicht,58
b1_1786,B1,"kündigte, hat gekündigt","quit, quit","kündigte, hat gekündigt",,word,,,zufrieden und habe gekündigt. || Hast du deine Wohnung schon gekündigt? || Ich möchte die Zeitschrift nicht mehr. || – Dann musst du schriftlich kündigen.,58
b1_1787,B1,"die Kündigung, -en","the termination, -en","die Kündigung, -en",die,noun,-en,,Ich habe die Kündigung bekommen. || Jetzt bin ich arbeitslos.,58
b1_1788,B1,"die Kunst, ¨-e","the art, ¨-e","die Kunst, ¨-e",die,noun,¨-e,,Ich verstehe nichts von moderner Kunst.,58
b1_1789,B1,"der Künstler, -","the artist, -","der Künstler, -",der,noun,-,,In diesem Stadtteil wohnen viele Kün-,58
b1_1790,B1,"die Künstlerin, -nen","the artist, -nen","die Künstlerin, -nen",die,noun,-nen,,stlerinnen. || Neben uns wohnt eine Musikerin.,58
b1_1791,B1,künstlich,artificially,künstlich,,adjective,,,Ich mag kein künstliches Licht.,58
b1_1792,B1,"der Kunststoff, -e","the plastic, -e","der Kunststoff, -e",der,noun,-e,,Der Stuhl ist aus Kunststoff.,58
b1_1793,B1,"der Kurs, -e","the course, -e","der Kurs, -e",der,noun,-e,,Ich besuche regelmäßig einen Deutschkurs.,58
b1_1794,B1,"der Kursleiter, -","the course leader, -","der Kursleiter, -",der,noun,-,,Die Kursleiterin ist mit unserer,58
b1_1795,B1,"die Kursleiter, -nen","the course leaders, -nen","die Kursleiter, -nen",die,noun,-nen,,Kursgruppe manchmal in den Computerraum gegangen.,58
b1_1796,B1,"die Kurve, -n","the curve, -n","die Kurve, -n 1.",die,noun,-n 1.,,Fahr bitte nicht so schnell in die Kurven. || Achtung. || Das Stauende ist gleich hinter einer Kurve.,58
b1_1797,B1,kurz,short,kurz 1.,,word,,,Ricardo hat kurze Haare. || Kann ich Sie kurz sprechen? || Kurz vor 8 Uhr hat das Telefon geklingelt. || Mein Mann ist kurz nach mir gekommen. || Ich bin vor Kurzem nach München gezogen. || Ich wohne seit Kurzem in München. || Ich habe das Kleid kürzer machen lassen.,58
b1_1798,B1,kürzlich,recently,kürzlich,,adjective,,,"Wir haben doch kürzlich darüber gesprochen, dass wir am Wochenende wegfahren wollen.",58
b1_1799,B1,"küssen, küsst, küsste,","kiss, kiss, kissed","küssen, küsst, küsste, 1.",,word,,hat geküsst,Er nahm sie in die Arme und küsste || sie. || Beim Verabschieden haben wir uns alle geküsst.,58
b1_1800,B1,"der Kuss, ¨-e","the kiss, ¨-e","der Kuss, ¨-e",der,noun,¨-e,,Gib der Mama einen Kuss!,58
b1_1801,B1,"die Küste, -n","the coast, -n","die Küste, -n",die,noun,-n,,Unser Dorf liegt direkt an der Küste.,58
b1_1802,B1,"das Kuvert, -s (A) →der","the envelope, -s (A) →der","das Kuvert, -s (A) →der",das,noun,-s (A) →der,,Ich hätte gern 50 Kuverts und,58
b1_1803,B1,Briefumschlag; CH: Cou-,envelope; CH: Cou-,Briefumschlag; CH: Cou-,,noun,,,Briefmarken dazu.,58
b1_1804,B1,vert,vert,vert,,word,,,,58
b1_1805,B1,"lächeln, lächelt, lächelte,","smile, smile, smiled","lächeln, lächelt, lächelte,",,word,,hat gelächelt,Schauen Sie in die Kamera. || Bitte || lächeln!,58
b1_1806,B1,"lachen, lacht, lachte, hat","laugh, laughs, laughed, has","lachen, lacht, lachte, hat 1.",,word,,,Lachen ist gesund.,58
b1_1807,B1,gelacht,laughed,gelacht 2.,,word,,,Wir haben viel gelacht. || Die Kinder haben über den Witz gelacht.,58
b1_1808,B1,"der Laden, ¨-",the store-,"der Laden, ¨- 1.",der,noun,¨- 1.,,Dieses Kleid habe ich in einem Laden im Zentrum gekauft. || Ich kaufe meine Zeitung immer beim Zeitungsladen am Eck.,58
b1_1809,B1,die Lage,the location,die Lage,die,noun,,,Wir suchen eine Wohnung an/in zentraler Lage.,58
b1_1810,B1,"das Lager, -","the warehouse, -","das Lager, - 1.",das,noun,- 1.,,"Ich weiß nicht, ob wir diesen Schuh in Ihrer Größe haben. || Ich sehe mal im Lager nach. || Unsere Kinder fahren im Sommer ins Zeltlager.",58
b1_1811,B1,"die Lampe, -n","the lamp, -n","die Lampe, -n 1.",die,noun,-n 1.,,Ich habe mir eine neue Lampe gekauft. || Mach doch bitte die Lampe an. || Es ist so dunkel hier.,58
b1_1812,B1,"das Land, ¨-er","the country, ¨-er","das Land, ¨-er 1.",das,noun,¨-er 1.,,Deutschland ist ein schönes Land. || Möchten Sie lieber auf dem Land oder in der Stadt wohnen? || Wir haben ein Stück Land gekauft und wollen dort bauen. || In welchen Ländern warst du schon?,58
b1_1813,B1,die Landwirtschaft,agriculture,die Landwirtschaft,die,noun,,,Auf dem Land arbeiten die meisten Leute in der Landwirtschaft.,58
b1_1814,B1,"die Landschaft, -en","the landscape, -en","die Landschaft, -en",die,noun,-en,,Die Landschaft ist sehr hügelig.,58
b1_1815,B1,"landen, landet, landete, ist","land, lands, landed, is","landen, landet, landete, ist 1.",,word,,,Wir sind erst um 20 Uhr in München,58
b1_1816,B1,gelandet,landed,gelandet,,word,,,gelandet. || Wegen starken Nebels konnte die Maschine nicht in Frankfurt landen.,58
b1_1817,B1,"die Landung, -en","the landing, -en","die Landung, -en",die,noun,-en,,Bei der Landung müssen Sie sich anschnallen.,59
b1_1818,B1,lang,long,lang 1.,,word,,,Der Teppich ist 3 m lang und 2 m breit. || Meine Schwester hat mir einen langen Brief geschrieben. || Die Hose ist zu lang. || Können Sie sie kürzer machen?,59
b1_1819,B1,die Länge,the length,die Länge,die,noun,,,"Mein Schreibtisch hat folgende Maße: Länge 1.20 m, Breite: 0,85 m, Höhe: 0,75 m.",59
b1_1820,B1,"lange, lang","long, long","lange, lang 1.",,word,,,Wie lange dauert die Fahrt von Hamburg nach Berlin? || Wie lange bist du schon in Deutschland? || Wartest du schon lange? || Wir sind noch lange nicht fertig mit der Arbeit. || Wir haben lange gefrühstückt. || Beim Arzt muss man oft lange warten. || Ich komme gleich. || Es dauert nicht lange.,59
b1_1821,B1,langsam,slow,langsam 1.,,adjective,,,Könnten Sie bitte etwas langsamer sprechen? || Es wird langsam kalt. || Es wird Herbst.,59
b1_1822,B1,längst,long ago,längst,,word,,,Wann reparierst du die Heizung. || – Die habe ich schon längst repariert.,59
b1_1823,B1,langweilig,boring,langweilig,,adjective,,,Der Film war sehr langweilig.,59
b1_1824,B1,sich langweilen,be bored,"sich langweilen, langweilt,",,verb,,"langweilt,",Langweilst du dich?,59
b1_1825,B1,"langweilte,",bored,"langweilte,",,word,,hat gelangweilt,,59
b1_1826,B1,die Langeweile,the boredom,die Langeweile,die,noun,,,Es ist aus Langeweile eingeschlafen.,59
b1_1827,B1,der Lärm,the noise,der Lärm,der,noun,,,Die Flugzeuge machen einen schrecklichen Lärm.,59
b1_1828,B1,"lassen, lässt, ließ,","let, let, let","lassen, lässt, ließ, 1.",,word,,hat gelassen,Ich habe mein Gepäck am Bahnhof || gelassen. || Am Samstag lasse ich mir die Haare schneiden. || Ich lasse meine Kinder abends nur eine Stunde fernsehen. || Kann ich mein Auto hier stehen lassen? || Wo habe ich nur meine Brille gelassen? || Ich habe meinen Anzug reinigen lassen. || Ich kann meine kleine Tochter noch nicht allein lassen. || Lass mich in Ruhe. || Ich muss arbeiten.,59
b1_1829,B1,"der Laster, -","the vice, -","der Laster, -",der,noun,-,,Auf der Autobahn waren so viele Laster. || Deshalb hat es so lange gedauert.,59
b1_1830,B1,"laufen, läuft, lief,","run, run, ran","laufen, läuft, lief, 1.",,word,,ist gelaufen,"Ich bin gestern 100 m in 10,4 Sekunden || gelaufen. || Bist du mit dem Auto hier? || – Nein, ich bin gelaufen. || Jeden Morgen gehe ich eine halbe Stunde laufen. || Wann läuft der Film? || Wie geht´s beruflich? || – Danke, das Geschäft läuft gut.",59
b1_1831,B1,"das Laufwerk, -e","the drive, -e","das Laufwerk, -e",das,noun,-e,,Für meinen Computer habe ich mir ein neues Laufwerk gekauft.,59
b1_1832,B1,"die Laune, -n","the mood, -n","die Laune, -n",die,noun,-n,,"Heute geht es mir besser, aber gestern hatte ich richtig schlechte Laune.",59
b1_1833,B1,laut,loud,laut 1.,,word,,,Lass uns gehen. || Hier ist es mir zu laut. || Können Sie bitte etwas lauter sprechen? || Laut Wetterbericht gibt es morgen Regen.,59
b1_1834,B1,"der Lautsprecher, -","the speaker, -","der Lautsprecher, -",der,noun,-,,Bitte achten Sie auch auf die Lautsprecher-Ansagen am Bahnhof.,59
b1_1835,B1,lecker,yummy,lecker,,word,,,Das Essen war sehr lecker.,59
b1_1836,B1,"leben, lebt, lebte, hat","live, lives, lived, has","leben, lebt, lebte, hat 1.",,word,,,Leben Ihre Großeltern noch?,59
b1_1837,B1,gelebt,lived,gelebt 2.,,word,,,Herr Müller hat lange im Ausland gelebt. || Von der Rente allein kann meine Tante nicht leben. || Ich lebe noch bei meinen Eltern.,59
b1_1838,B1,das Leben1.,life1.,das Leben1.,das,noun,,,Ich habe mich an das Leben auf dem Land gewöhnt. || Hier ist das Leben teuer.,59
b1_1839,B1,"der Lebenslauf, ¨-e","the CV, ¨-e","der Lebenslauf, ¨-e",der,noun,¨-e,,Hast du den Lebenslauf für die Bewerbung schon geschrieben?,59
b1_1840,B1,die Lebensmittel (Pl.)1.,the food (pl.)1.,die Lebensmittel (Pl.)1.,die,noun,,,Lebensmittel werden immer teurer. || Meine Lebensmittel kaufe ich im Supermarkt.,59
b1_1841,B1,das Leder,the leather,das Leder,das,noun,,,Ist die Tasche aus Leder?,59
b1_1842,B1,ledig,single,ledig,,adjective,,,Wie ist Ihr Familienstand? || – Ledig.,59
b1_1843,B1,leer,empty,leer 1.,,word,,,Das Restaurant war fast leer. || Die Kanne ist fast leer. || Ich mache uns neuen Tee.,59
b1_1844,B1,"legen, legt, legte, hat","lay, lays, laid, has","legen, legt, legte, hat 1.",,word,,,Ich habe Ihnen die Briefe auf den,59
b1_1845,B1,gelegt,placed,gelegt,,word,,,Schreibtisch gelegt. || Legen Sie die Zeitungen bitte dort ins Regal.,59
b1_1846,B1,die Lehre,the teaching,die Lehre,die,noun,,,Mein Cousin will eine dreijährige Lehre machen.,59
b1_1847,B1,"die Lehrstelle, -n","the apprenticeship, -n","die Lehrstelle, -n",die,noun,-n,,Es sind noch viele Lehrstellen frei.,59
b1_1848,B1,"der Lehrer, -","the teacher, -","der Lehrer, -",der,noun,-,,Die Lehrerin hat heute viele Hausauf-,60
b1_1849,B1,"die Lehrerin, -nen","the teacher, -nen","die Lehrerin, -nen",die,noun,-nen,,gaben gegeben.,60
b1_1850,B1,"der Lehrling, -e","the apprentice, -e","der Lehrling, -e",der,noun,-e,,Als Lehrling verdient man nicht sehr viel Geld.,60
b1_1851,B1,leicht,light,leicht 1.,,word,,,"Der Koffer ist ganz leicht. || Ich kann ihn allein tragen. || Es ist nicht leicht, bei diesem Arzt einen Termin zu bekommen.",60
b1_1852,B1,"leid tun, tut leid, tat leid,","sorry, sorry, sorry","leid tun, tut leid, tat leid, 1.",,word,,hat leidgetan,"Die Frau tut mir leid. || Wie komme ich zum Bahnhof? || - Tut mir leid, das weiß ich nicht. || Es tut mir leid, dass ich Ihnen nicht helfen kann.",60
b1_1853,B1,"leiden, leidet, litt,","suffer, suffer, suffered","leiden, leidet, litt, 1.",,word,,hat gelitten,Er leidet an einer schweren Krankheit. || Sie leidet sehr unter den Verhältnissen.,60
b1_1854,B1,leider,unfortunately,leider 1.,,adverb,,,Da kann ich Ihnen leider nicht helfen. || Hast du schon eine Antwort auf deinen Brief? || – Leider nicht. || Leider kann ich nicht kommen. || Ich muss zum Arzt.,60
b1_1855,B1,"leihen, leiht, lieh,","leihen, leiht, lieh,","leihen, leiht, lieh, 1.",,word,,hat geliehen,Ich habe mir von meinem Bruder 50 || Euro geliehen. || Ich kann dir mein Fahrrad leihen. || Sie können das Buch in der Bibliothek ausleihen.,60
b1_1856,B1,leise,quiet,leise 1.,,word,,,Seid leise. || Die anderen schlafen schon. || Könntest du das Radio bitte etwas leiser stellen?,60
b1_1857,B1,"leisten, leistet, leistete,","perform, perform, performed","leisten, leistet, leistete, 1.",,word,,hat geleistet,So ein teures Auto kann ich mir leider || nicht leisten. || Bei einem Unfall muss jeder Erste Hilfe leisten.,60
b1_1858,B1,"die Leistung, -en","the performance, -en","die Leistung, -en",die,noun,-en,,Meine Leistungen in der Schule sind ganz gut.,60
b1_1859,B1,"leiten, leitet, leitete,","lead, directs, directed","leiten, leitet, leitete,",,word,,hat geleitet,Wer leitet den Kurs?,60
b1_1860,B1,"der Leiter, -","the leader, -","der Leiter, -",der,noun,-,,Wie heißt die Leiterin der Schule?,60
b1_1861,B1,"die Leiterin, -nen","the leader, -nen","die Leiterin, -nen",die,noun,-nen,,,60
b1_1862,B1,"die Leitung, -en1.","the line, -en1.","die Leitung, -en1.",die,noun,-en1.,,"Ab || Juli übernimmt Herr Meier die Leitung der Abteilung. || Tut mir leid, alle Leitungen sind besetzt. || Wir müssen eine neue Leitung legen lassen.",60
b1_1863,B1,"die Leiter, -n","the ladder, -n","die Leiter, -n",die,noun,-n,,Haben Sie eine Leiter für mich? || Ich will die Fenster putzen.,60
b1_1864,B1,"lernen, lernt, lernte, hat","learn, learns, learned, has","lernen, lernt, lernte, hat",,word,,,Wie lange lernen Sie schon Deutsch?,60
b1_1865,B1,gelernt,learned,gelernt,,word,,,,60
b1_1866,B1,"der Lerner, -","the learner, -","der Lerner, -",der,noun,-,,Sie ist eine fleißige Lernerin.,60
b1_1867,B1,"die Lernerin, -nen","the learner, -nen","die Lernerin, -nen",die,noun,-nen,,,60
b1_1868,B1,"lesen, liest, las,","read, read, read","lesen, liest, las, 1.",,word,,hat gelesen,"Ich habe gelesen, dass es ab heute || Sonderangebote gibt. || Deine Schrift kann ich nicht gut lesen. || In der Schule lesen wir ein Buch von Goethe.",60
b1_1869,B1,"der Leser, -1.","the reader, -1.","der Leser, -1.",der,noun,-1.,,Die Leserinnen und Leser sind mit der,60
b1_1870,B1,"die Leserin, -nen","the reader, -nen","die Leserin, -nen",die,noun,-nen,,Zeitung zufrieden. || Ich werde einen Leserbrief schreiben.,60
b1_1871,B1,letzt-,last-,letzt- 1.,,word,,,Was hast du letzte Woche gemacht? || Ich wohne im letzten Haus auf der rechten Seite. || Wann haben Sie Ihre Familie das letzte Mal gesehen?,60
b1_1872,B1,die Leute (Pl.),the people (pl.),die Leute (Pl.),die,noun,,,Auf der Party waren viele Leute.,60
b1_1873,B1,"das Lexikon, -Lexika","the lexicon, lexicons","das Lexikon, -Lexika",das,noun,-Lexika,,Wir könnten im Lexikon nachsehen.,60
b1_1874,B1,"das Licht, -er","the light, -er","das Licht, -er 1.",das,noun,-er 1.,,Kannst du bitte Licht machen? || Ich kann so nichts sehen. || Es ist so dunkel. || Wo macht man hier das Licht an?,60
b1_1875,B1,"lieben, liebt, liebte,","love, loves, loved","lieben, liebt, liebte, 1.",,word,,hat geliebt,"Ich liebe meine Familie. || Meine Frau liebt ihren Beruf. || Wir sind schon lange verheiratet, aber wir lieben uns immer noch.",60
b1_1876,B1,lieb,dear,lieb 1.,,word,,,Die Kinder waren heute sehr lieb. || Vielen Dank für deine Hilfe. || Das ist sehr lieb von dir. || Liebe Frau Meier!,60
b1_1877,B1,die Liebe1.,love1.,die Liebe1.,die,noun,,,Wir haben aus Liebe geheiratet. || Für mich ist das Wichtigste die Liebe zu meiner Familie und zu meinen Kindern. || Die Kinder haben die Geschenke mit viel Liebe gemacht.,60
b1_1878,B1,Lieblings-,Favorite-,Lieblings-,,noun,,,"z. || B. || Lieblingsfarbe, Lieblingsfilm, Lieblingsessen Mein Lieblingsessen ist Pizza.",60
b1_1879,B1,"das Lied, -er","the song, -er","das Lied, -er",das,noun,-er,,Zu deinem Geburtstag singen wir dir ein Lied.,60
b1_1880,B1,"liefern, liefert, lieferte, hat","deliver, delivers, delivered, has","liefern, liefert, lieferte, hat",,word,,,Wir liefern Ihnen das Regal direkt ins,60
b1_1881,B1,geliefert,delivered,geliefert,,word,,,Haus.,60
b1_1882,B1,"die Lieferung, -en","the delivery, -en","die Lieferung, -en",die,noun,-en,,Sie bezahlen erst bei der Lieferung.,60
b1_1883,B1,"liegen, liegt, lag,","lie, lie, lay","liegen, liegt, lag, 1.",,word,,hat/ist gelegen,Der Brief liegt schon auf Ihrem || Schreibtisch. || Judith liegt noch im Bett. || Er liegt schon seit drei Wochen im Krankenhaus. || Frankfurt liegt am Main. || In den Bergen liegt schon Schnee.,60
b1_1884,B1,"→D, der Lift, -e A: Aufzug","→D, the elevator, -e A: elevator","→D, der Lift, -e A: Aufzug",,other,,,Im Büro ist leider der Lift kaputt.,61
b1_1885,B1,"die Limonade, -n","the lemonade, -n","die Limonade, -n",die,noun,-n,,Die Limonade ist sehr süß.,61
b1_1886,B1,"die Linie, -n","the line, -n","die Linie, -n",die,noun,-n,,Zum Hauptbahnhof können Sie mit der Linie 8 fahren.,61
b1_1887,B1,links,left,links 1.,,word,,,An der Kreuzung müssen Sie nach links abbiegen. || Gehen Sie die nächste Straße links.,61
b1_1888,B1,link-,link-,link- 1.,,word,,,Er hat sich das linke Bein gebrochen. || Das Haus ist auf der linken Seite.,61
b1_1889,B1,"die Lippe, -n","the lip, -n","die Lippe, -n",die,noun,-n,,Es ist sehr kalt. || Meine Lippen sind ganz trocken.,61
b1_1890,B1,"die Liste, -n","the list, -n","die Liste, -n",die,noun,-n,,Was brauchen wir für die Party? || – Mach doch eine Einkaufsliste.,61
b1_1891,B1,die Literatur,the literature,die Literatur,die,noun,,,Ich interessiere mich für Literatur.,61
b1_1892,B1,"loben, lobt, lobte,","praise, praise, praise","loben, lobt, lobte,",,word,,hat gelobt,Ich habe alle Hausaufgaben gemacht. || Der Lehrer hat mich heute gelobt.,61
b1_1893,B1,"das Loch, ¨-er","the hole, ¨-er","das Loch, ¨-er 1.",das,noun,¨-er 1.,,"Ich habe ein Loch im Zahn. || Ich muss zum Zahnarzt. || Deine Hose hat ein Loch. || – Ich weiß, sie ist schon alt.",61
b1_1894,B1,locker,loose,locker,,word,,,Lassen Sie bitte die Arme ganz locker und atmen Sie tief ein.,61
b1_1895,B1,"der Löffel, -","the spoon, -","der Löffel, -",der,noun,-,,"Bitte, bringen Sie mir einen Löffel.",61
b1_1896,B1,"der Lohn, ¨-e","the wages, ¨-e","der Lohn, ¨-e 1.",der,noun,¨-e 1.,,Sie bekommen Ihren Lohn immer am Ende des Monats. || Die Löhne sind hier sehr niedrig.,61
b1_1897,B1,sich lohnen,be worthwhile,"sich lohnen, lohnt sich,",,verb,,"lohnt sich,",Für drei Tage zu meinen Eltern fahren,61
b1_1898,B1,"lohnte sich,",was worth it,"lohnte sich,",,word,,hat sich gelohnt,lohnt sich nicht. || Es ist zu weit.,61
b1_1899,B1,"das Lokal, -e","the restaurant, -e","das Lokal, -e",das,noun,-e,,Gibt es hier in der Nähe ein gemütliches Lokal?,61
b1_1900,B1,los/los-,go Go-,los/los- 1.,,word,,,Los! || Beeilt euch! || Gibt es ein Problem? || Was ist denn los? || Achtung – fertig – los!,61
b1_1901,B1,"losfahren, fährt los,","drive off, drive off","losfahren, fährt los,",,word,,,Wir fahren um 8 Uhr los. || Sei bitte,61
b1_1902,B1,fuhr los,drove off,"fuhr los, ist losgefahren",,verb,,ist losgefahren,pünktlich.,61
b1_1903,B1,"löschen, löscht, löschte,","delete, deletes, deleted","löschen, löscht, löschte, 1.",,word,,hat gelöscht,Du kannst die Datei löschen. || Ich || brauche sie nicht mehr. || Das Feuer wurde schnell gelöscht.,61
b1_1904,B1,"lösen, löst, löste,","solve, solve, solve","lösen, löst, löste, 1.",,word,,hat gelöst,Wir müssen dieses Problem lösen. || Sie können die Fahrkarten auch am Automaten lösen.,61
b1_1905,B1,"die Lösung, -en","the solution, -en","die Lösung, -en 1.",die,noun,-en 1.,,Wir fahren alle zusammen mit dem Zug. || Das ist die beste Lösung. || Die Aufgabe ist nicht schwer. || Die Lösung ist ganz einfach.,61
b1_1906,B1,die Luft,the air,die Luft 1.,die,noun,,,"Oh, hier ist aber schlechte Luft. || Die Seeluft tut mir gut. || Bitte mach das Fenster auf. || Ich brauche frische Luft.",61
b1_1907,B1,"lügen, lügt, log,","lie, lies, lied","lügen, lügt, log, 1.",,word,,hat gelogen,"Du sollst nicht lügen. || Glaube nicht alles, was man dir sagt. || Es ist oft gelogen.",61
b1_1908,B1,"die Lüge, -n","the lie, -n","die Lüge, -n",die,noun,-n,,Das ist eine Lüge!,61
b1_1909,B1,die Lust,the lust,die Lust 1.,die,noun,,,Ich habe keine Lust zu grillen. || Hast du Lust auf einen Tee?,61
b1_1910,B1,lustig,funny,lustig 1.,,adjective,,,Ich habe einen lustigen Film gesehen. || Mir ist heute etwas Lustiges passiert.,61
b1_1911,B1,"machen, macht, machte,","make, makes, made","machen, macht, machte, 1.",,word,,hat gemacht,Was machst du am Wochenende? || Ich muss jetzt das Essen machen. || Ich habe die Betten noch nicht gemacht. || Soll ich dir die Suppe noch einmal warm machen? || Meine Arbeit macht mir viel Spaß. || Mach dir bitte keine Sorgen. || Was würden Sie an meiner Stelle machen? || Tut mir leid. || Die Küche hat schon geschlossen. || – Da kann man nichts machen. || Entschuldigung! || – Das macht doch nichts.,61
b1_1912,B1,10.Das,10.This,10.Das,,other,,,macht zusammen 20 Euro.,61
b1_1913,B1,"das Mädchen, -","the girl, -","das Mädchen, -",das,noun,-,,Familie Kurz hat zwei Mädchen und einen Jungen.,61
b1_1914,B1,"das Magazin, -e","the magazine, -e","das Magazin, -e",das,noun,-e,,Jugendliche lesen dieses Magazin gern.,61
b1_1915,B1,"der Magen, ¨-","the stomach, ¨-","der Magen, ¨-",der,noun,¨-,,Mit tut der Magen weh. || Ich habe Magenschmerzen.,61
b1_1916,B1,mager,lean,mager,,word,,,Bitte 1 kg mageres Fleisch.,61
b1_1917,B1,"die Mahlzeit, -en","the meal, -en","die Mahlzeit, -en 1.",die,noun,-en 1.,,Die Tropfen bitte immer nach den Mahlzeiten einnehmen. || In Deutschland gibt es meist nur einmal am Tag eine warme Mahlzeit.,61
b1_1918,B1,"die Mahnung, -en","the reminder, -en","die Mahnung, -en",die,noun,-en,,"Wenn du die Rechnung nicht pünktlich bezahlst, bekommst du eine Mahnung.",61
b1_1919,B1,mal,just,mal,,word,,,(siehe einmal),62
b1_1920,B1,"das Mal, -e","the mark, -e","das Mal, -e 1.",das,noun,-e 1.,,Das machen wir nächstes Mal. || Das erste Mal war ich vor fünf Jahren in England. || Bis zum nächsten Mal.,62
b1_1921,B1,"malen, malt, malte,","paint, paint, paint","malen, malt, malte,",,word,,hat gemalt,Das Bild hat mein Vater gemalt.,62
b1_1922,B1,"der Maler, -1.","the painter, -1.","der Maler, -1.",der,noun,-1.,,Wir haben die Maler im Haus. || Wir,62
b1_1923,B1,"die Malerin, -nen","the painter, -nen","die Malerin, -nen",die,noun,-nen,,lassen die Wände neu streichen. || Picasso ist vielleicht der bekannteste Maler der Welt.,62
b1_1924,B1,man,man,man 1.,,word,,,Wie schreibt man das? || Hier darf man nicht parken.,62
b1_1925,B1,manch-,some-,manch- 1.,,word,,,Manche Nachbarn sind unfreundlich. || An manchen Tagen ist das Zugfahren billiger.,62
b1_1926,B1,manchmal,sometimes,manchmal 1.,,word,,,Manchmal gehe ich mit meiner Frau ins Café. || Rauchen Sie? || – Manchmal.,62
b1_1927,B1,"der Mangel, ¨-","the lack, ¨-","der Mangel, ¨- 1.",der,noun,¨- 1.,,In dieser Stadt gibt es einen großen Mangel an Wohnungen. || Die Maschine hat technische Mängel.,62
b1_1928,B1,"der Mann, ¨-er","the man, ¨-er","der Mann, ¨-er 1.",der,noun,¨-er 1.,,In unserer Firma arbeiten fast nur Männer. || Mein Mann arbeitet bei der Post.,62
b1_1929,B1,männlich,masculine,männlich,,adjective,,,Kreuzen Sie bitte an: „weiblich“ oder „männlich“.,62
b1_1930,B1,"die Mannschaft, -en","the team, -en","die Mannschaft, -en",die,noun,-en,,Unsere Mannschaft hat 0:1 verloren.,62
b1_1931,B1,"der Mantel, ¨-","the coat, ¨-","der Mantel, ¨-",der,noun,¨-,,Es ist sehr kalt. || Zieh deinen Mantel an.,62
b1_1932,B1,"die Mappe, -n","the folder, -n","die Mappe, -n",die,noun,-n,,Mein Pass ist in dieser Mappe.,62
b1_1933,B1,"das Märchen, -","the fairy tale, -","das Märchen, -",das,noun,-,,Meine Großmutter hat uns viele Märchen erzählt.,62
b1_1934,B1,die Margarine,the margarine,die Margarine,die,noun,,,Meine Frau isst nur Margarine und keine Butter.,62
b1_1935,B1,"die Marille, -n (A) →D, CH:","the apricot, -n (A) →D, CH:","die Marille, -n (A) →D, CH:",die,noun,"-n (A) →D, CH:",,Schmecken dir die Marillen?,62
b1_1936,B1,Aprikose,apricot,Aprikose,,noun,,,,62
b1_1937,B1,"die Marke, -n","the brand, -n","die Marke, -n 1.",die,noun,-n 1.,,Ich brauche bitte fünf Briefmarken zu 1 Euro. || Markenschuhe sind mir zu teuer.,62
b1_1938,B1,"markieren, markiert,","mark, marked","markieren, markiert,",,word,,,Hier ist unser Hotel. || Ich markiere,62
b1_1939,B1,"markierte, hat markiert","marked, has marked","markierte, hat markiert",,word,,,Ihnen auf dem Plan den Weg zum Bahnhof.,62
b1_1940,B1,"der Markt, ¨-e","the market, ¨-e","der Markt, ¨-e 1.",der,noun,¨-e 1.,,Ich gehe heute auf den Markt. || Mittwochs und samstags ist bei uns Markt.,62
b1_1941,B1,"die Marmelade, -n (D, A)","the jam, -n (D, A)","die Marmelade, -n (D, A)",die,noun,"-n (D, A)",,Bring bitte noch ein Glas Marmelade mit.,62
b1_1942,B1,"die Maschine, -n","the machine, -n","die Maschine, -n 1.",die,noun,-n 1.,,Ich habe eine neue Kaffeemaschine. || Unsere Maschine soll um 7 Uhr 10 starten.,62
b1_1943,B1,das Material,the material,das Material,das,noun,,,Aus welchem Material ist der Schrank? || – Aus Holz.,62
b1_1944,B1,"→D: die Matura (A, CH)","→D: the Matura (A, CH)","→D: die Matura (A, CH)",,other,,,Meine Tocher hat gerade die Matura,62
b1_1945,B1,Abitur,high school diploma,Abitur,,noun,,,gemacht.,62
b1_1946,B1,"die Mauer, -n","the wall, -n","die Mauer, -n",die,noun,-n,,Die Kinder sind über die Mauer geklettert.,62
b1_1947,B1,maximal,maximum,maximal 1.,,word,,,Wie lange braucht ein Brief? || – Maximal zwei Tage. || Wie schwer darf der Brief sein? || – Maximal 20 g.,62
b1_1948,B1,"der Mechaniker, -","the mechanic, -","der Mechaniker, - 1.",der,noun,- 1.,,Das kann nur ein Mechaniker,62
b1_1949,B1,"die Mechanikerin, -nen","the mechanic, -nen","die Mechanikerin, -nen",die,noun,-nen,,reparieren. || Karim ist Automechaniker. || Er arbeitet bei Opel.,62
b1_1950,B1,die Medien (Pl.),the media (pl.),die Medien (Pl.),die,noun,,,Umweltschutz ist in den Medien ein großes Thema.,62
b1_1951,B1,"das Medikament, -e","the medication, -e","das Medikament, -e 1.",das,noun,-e 1.,,Dieses Medikament gibt es nur auf Rezept. || Der Arzt hat mir ein Medikament verschrieben. || Für dieses Medikament müssen Sie fünf Euro dazu zahlen. || Dieses Medikament hat mir sehr gut geholfen.,62
b1_1952,B1,die Medizin,the medicine,die Medizin 1.,die,noun,,,Du musst noch deine Medizin nehmen. || Mein Sohn will Medizin studieren.,62
b1_1953,B1,"das Meer, -e","the sea, -e","das Meer, -e",das,noun,-e,,Wir machen immer Urlaub am Meer.,62
b1_1954,B1,das Mehl,the flour,das Mehl,das,noun,,,Ich möchte einen Kuchen backen. || Ist noch genug Mehl da?,62
b1_1955,B1,mehr (siehe auch viel),more (see also a lot),mehr (siehe auch viel) 1.,,word,,,Ich habe diesmal mehr gelernt als bei der letzten Prüfung. || Mehr kann ich nicht essen!,62
b1_1956,B1,mehrere1.,several1.,mehrere1.,,word,,,Ich habe mehrere Leute gefragt. || Aber niemand konnte mir helfen. || Viele Wörter haben mehrere Bedeutungen.,62
b1_1957,B1,"die Mehrheit, -en","the majority, -en","die Mehrheit, -en",die,noun,-en,,Die Mehrheit der Menschen in Deutschland besitzt ein Handy.,62
b1_1958,B1,die Mehrwertsteuer,the VAT,die Mehrwertsteuer,die,noun,,,Die Mehrwertsteuer bei diesem Produkt beträgt 20 %.,62
b1_1959,B1,"meinen, meint, meinte,","mean, means, meant","meinen, meint, meinte, 1.",,word,,hat gemeint,"Dieser Film ist gut. || Was meinst du? || Ich meine, du solltest weniger rauchen.",62
b1_1960,B1,meinetwegen,for my sake,meinetwegen,,verb,,,Meinetwegen kannst du heute das Auto haben.,63
b1_1961,B1,"die Meinung, -en","the opinion, -en","die Meinung, -en 1.",die,noun,-en 1.,,"Ich bin der Meinung, dass du recht hast. || Ich habe meine Meinung geändert. || Meiner Meinung nach gibt es hier zu viele Autos.",63
b1_1962,B1,"meist-, die meisten","mostly-, most","meist-, die meisten 1.",,word,,,Wie gut kannst du Deutsch? || – Das Meiste verstehe ich. || Ich bin neu im Haus. || Die meisten Nachbarn kenne ich noch nicht.,63
b1_1963,B1,meist(ens),mostly),meist(ens) 1.,,word,,,"Meistens trinke ich zum Frühstück nur einen Kaffee. || Seid ihr am Wochenende zu Hause? || – Ja, meistens.",63
b1_1964,B1,"der Meister, -","the master, -","der Meister, - 1.",der,noun,- 1.,,"Ich weiß nicht, wie man das macht. || – Dann frag doch den Meister. || Unsere Mannschaft ist deutscher Meister geworden.",63
b1_1965,B1,"melden, meldet, meldete,","report, report, report","melden, meldet, meldete, 1.",,word,,hat gemeldet,Ich habe schon zweimal angerufen. || Aber es meldet sich niemand. || Den Unfall müssen Sie der Versicherung melden. || Warum hast du dich so lange nicht gemeldet? || Warst du krank?,63
b1_1966,B1,"die Meldung, -en","the message, -en","die Meldung, -en",die,noun,-en,,Hast du die Meldung im Radio gehört? || Es wird starken Sturm geben.,63
b1_1967,B1,"die Menge, -n","the quantity, -n","die Menge, -n 1.",die,noun,-n 1.,,"Diesen Preis gibt es nur, wenn Sie große Mengen kaufen. || Wir haben noch eine Menge Zeit. || Ich kenne schon eine Menge Leute in der Stadt. || Das Auto hat bestimmt eine Menge Geld gekostet.",63
b1_1968,B1,"die Mensa, -s/-en","the cafeteria, -s/-en","die Mensa, -s/-en",die,noun,-s/-en,,Ich esse fast jeden Tag in der Mensa.,63
b1_1969,B1,"der Mensch, -en","the human being, -en","der Mensch, -en",der,noun,-en,,Die Menschen sind hier ein bisschen anders als im Süden.,63
b1_1970,B1,menschlich,human,menschlich,,adjective,,,Fehler zu machen ist menschlich.,63
b1_1971,B1,"das Menü, -s","the menu, -s","das Menü, -s",das,noun,-s,,"Nimm doch das Menü, das sieht gut aus.",63
b1_1972,B1,"merken, merkt, merkte,","notice, notice, noticed","merken, merkt, merkte, 1.",,word,,hat gemerkt,"Ich habe nicht gemerkt, dass es schon || so spät ist. || Ich muss gehen. || Ich kann mir keine Zahlen merken. || Ich vergesse sie sofort wieder.",63
b1_1973,B1,merkwürdig,unusual,merkwürdig,,adjective,,,Das ist eine merkwürdige Geschichte.,63
b1_1974,B1,"die Messe, -n","the fair, -n","die Messe, -n 1.",die,noun,-n 1.,,Kommst du mit zur Automobilmesse? || Vielleicht kann ich auf der Messe einen Job bekommen.,63
b1_1975,B1,"messen, misst, maß,","measure, measures, measure","messen, misst, maß, 1.",,word,,hat gemessen,Haben Sie schon Fieber gemessen? || Ich habe das Zimmer ausgemessen. || Es sind genau 20 m².,63
b1_1976,B1,"das Messer, -","the knife, -","das Messer, -",das,noun,-,,Das Messer schneidet nicht gut.,63
b1_1977,B1,"das Metall, -e","the metal, -e","das Metall, -e",das,noun,-e,,Dieser Tisch hier ist ganz aus Metall.,63
b1_1978,B1,"die Methode, -n","the method, -n","die Methode, -n",die,noun,-n,,"Weißt du eine gute Methode, um schnell gut Deutsch zu lernen?",63
b1_1979,B1,"die Metropole, -n","the metropolis, -n","die Metropole, -n",die,noun,-n,,Berlin und Wien sind Metropolen.,63
b1_1980,B1,"der Metzger, - →A: Fleis-","the butcher, - →A: meat-","der Metzger, - →A: Fleis-",der,noun,- →A: Fleis-,,Dieser Metzger hat sehr gute Wurst.,63
b1_1981,B1,chhauer,chhauer,chhauer,,word,,,,63
b1_1982,B1,"mieten, mietet, mietete,","rent, rents, rented","mieten, mietet, mietete, 1.",,word,,hat gemietet,Wir haben die Wohnung für drei Jahre || gemietet. || Im Urlaub haben wir ein Auto gemietet.,63
b1_1983,B1,"die Miete, -n1.","the rent, -n1.","die Miete, -n1.",die,noun,-n1.,,Unsere Miete ist sehr hoch. || Wie viel Miete bezahlst du?,63
b1_1984,B1,"der Mieter, -","the tenant, -","der Mieter, -",der,noun,-,,Sie hat heute neue Mieter für die,63
b1_1985,B1,"die Mieterin, -nen","the tenant, -nen","die Mieterin, -nen",die,noun,-nen,,Wohnung gefunden.,63
b1_1986,B1,"der Migrant, -en","the migrant, -en","der Migrant, -en",der,noun,-en,,Viele Migranten kommen aus,63
b1_1987,B1,"die Migrantin, -nen","the migrant, -nen","die Migrantin, -nen",die,noun,-nen,,Osteuropa.,63
b1_1988,B1,die Migration,the migration,die Migration,die,noun,,,Gestern gab es im Fernsehen eine Diskussion zum Thema Migration.,63
b1_1989,B1,die Milch,the milk,die Milch,die,noun,,,Stellst du bitte die Milch in den Kühlschrank?,63
b1_1990,B1,mild,mild,mild,,word,,,"Möchten Sie die Soße scharf? || – Nein, bitte ganz mild. || Wie wird das Wetter? || – Es soll etwas milder werden.",63
b1_1991,B1,"die Minderheit, -en","the minority, -en","die Minderheit, -en",die,noun,-en,,Frauen sind in unserer Firma in der Minderheit.,63
b1_1992,B1,mindestens,at least,mindestens 1.,,word,,,Ein guter Fernsehapparat kostet mindestens 500 Euro. || Bitte kommen Sie mindestens eine Stunde vor Abflug zum Flughafen.,63
b1_1993,B1,das Mineralwasser,the mineral water,das Mineralwasser,das,noun,,,Kann ich bitte ein Mineralwasser haben?,63
b1_1994,B1,minimal,minimal,minimal,,word,,,Da ist nur ein minimaler Unterschied.,63
b1_1995,B1,"mischen, mischt, mischte,","mix, mixes, mixed","mischen, mischt, mischte, 1.",,word,,hat gemischt,"Ich möchte ein gemischtes Eis mit || Sahne. || Wie möchten Sie das Geld? || – Bitte gemischt, große und kleine Scheine.",63
b1_1996,B1,miss-,mis-,miss- 1.,,word,,,Die Konferenz war ein Misserfolg. || Das Misstrauen zwischen den beiden Parteien ist weiterhin groß. || Sie haben mich missverstanden. || Das ist ein Missverständnis. || Das habe ich nicht gesagt.,63
b1_1997,B1,mit,with,mit 1.,,preposition,,,Ich gehe heute Abend mit Maria aus. || Wir suchen eine Dreizimmerwohnung mit Küche und Bad. || Ich hätte gern einen Tee mit Zitrone. || Mit meiner Mutter sind wir acht Personen. || Ich bin mit dem Fahrrad gekommen.,64
b1_1998,B1,"der Mitarbeiter, -","the employee, -","der Mitarbeiter, -",der,noun,-,,Unsere Firma hat sieben Mitarbeiter.,64
b1_1999,B1,"die Mitarbeiterin, -nen","the employee, -nen","die Mitarbeiterin, -nen",die,noun,-nen,,,64
b1_2000,B1,miteinander,each other,miteinander,,word,,,Sprechen Sie bitte miteinander.,64
b1_2001,B1,"das Mitglied, -er","the member, -he","das Mitglied, -er",das,noun,-er,,Für Mitglieder ist der Eintritt zum Konzert gratis.,64
b1_2002,B1,die Mitte,the middle,die Mitte 1.,die,noun,,,"Wo möchten Sie sitzen? || – In der Mitte. || Bis Mitte der Woche bin ich fertig. || Ich habe Urlaub bis Mitte August. || Den Schrank stellen wir ans Fenster, den Tisch in die Mitte.",64
b1_2003,B1,"mitteilen, teilt mit,","communicate, communicate","mitteilen, teilt mit,",,word,,,Den Prüfungstermin teilen wir Ihnen,64
b1_2004,B1,"teilte mit, hat mitgeteilt","communicated, has communicated","teilte mit, hat mitgeteilt",,word,,,noch mit.,64
b1_2005,B1,"das Mittel, -","the means, -","das Mittel, - 1.",das,noun,- 1.,,Haben Sie ein Mittel gegen Magen- schmerzen? || Der Arzt hat mir ein Mittel gegen Grippe verschrieben. || Das neue Waschmittel ist sehr gut.,64
b1_2006,B1,mitten,middle,mitten 1.,,word,,,Wir haben eine Wohnung mitten in der Stadt. || Das Flugzeug hatte Verspätung. || Wir sind erst mitten in der Nacht angekommen.,64
b1_2007,B1,mittler-,medium,mittler-,,word,,,In den mittleren Reihen sind noch Plätze frei.,64
b1_2008,B1,mittlerweile,in the meantime,mittlerweile,,word,,,Am Anfang war die Arbeit schwer. || Mit- tlerweile habe ich mich daran gewöhnt.,64
b1_2009,B1,"das Möbel, -","the furniture, -","das Möbel, -",das,noun,-,,Wir haben uns neue Möbel gekauft.,64
b1_2010,B1,möbliert,furnished,möbliert,,word,,,Ich suche ein möbliertes Zimmer.,64
b1_2011,B1,"möchten, möchte, mochte,","would like, would like, liked","möchten, möchte, mochte, 1.",,word,,hat gemocht,Möchtest du auch einen Kaffee? || Im Sommer möchten wir gern ans Meer fahren.,64
b1_2012,B1,mobil/mobil-,mobile/mobile,mobil/mobil-,,word,,,Mit dem Fahrrad bin ich in der Stadt sehr mobil.,64
b1_2013,B1,"die Mobilbox, -en","the mobile box, -en","die Mobilbox, -en",die,noun,-en,,Ich habe zwei Nachrichten auf meiner Mobilbox.,64
b1_2014,B1,"die Mobilität, -en","mobility, -en","die Mobilität, -en",die,noun,-en,,Sprachen zu lernen fördert die Mobilität.,64
b1_2015,B1,"das Mobiltelefon, -e","the cell phone, -e","das Mobiltelefon, -e",das,noun,-e,,Wie kann ich Sie erreichen? || Haben Sie ein Mobiltelefon?,64
b1_2016,B1,"die Mode, -n","the fashion, -n","die Mode, -n 1.",die,noun,-n 1.,,Wie findest du die neue Mode? || Welche Farbe ist denn jetzt gerade in Mode?,64
b1_2017,B1,"das Modell, -e","the model, -e","das Modell, -e",das,noun,-e,,Wie findest du dieses Auto? || – Dieses Modell gefällt mir nicht.,64
b1_2018,B1,modern,modern,modern 1.,,word,,,Die Wohnung ist modern eingerichtet. || Das Stadtzentrum von Frankfurt ist ganz modern.,64
b1_2019,B1,"mögen, mag, mochte,","like, like, liked","mögen, mag, mochte, 1.",,word,,hat gemocht,"Ich mag keinen Reis. || Möchtest du noch ein Stück Kuchen? || Ich möchte gern Herrn Schmidt sprechen. || Herr Müller, Sie möchten bitte sofort zum Chef kommen.",64
b1_2020,B1,möglich,possible,möglich,,adjective,,,Kann ich bitte sofort einen Termin haben? || – Das ist leider nicht möglich.,64
b1_2021,B1,"die Möglichkeit, -en","the possibility, -en","die Möglichkeit, -en",die,noun,-en,,Sie wollen ans Meer? || Da gibt es mehrere Möglichkeiten.,64
b1_2022,B1,möglichst1.,if possible1.,möglichst1.,,word,,,"Sagen Sie mir bitte möglichst bald, ob Ihnen der Termin passt. || Wir suchen eine Wohnung, möglichst im Erdgeschoss.",64
b1_2023,B1,"die Möhre, -n (D) →","the carrot, -n (D) →","die Möhre, -n (D) →",die,noun,-n (D) →,,Hasen fressen gern Möhren.,64
b1_2024,B1,Karotte; CH: Rüebli,Carrot; CH: Carrots,Karotte; CH: Rüebli,,noun,,,,64
b1_2025,B1,"der Moment, -e","the moment, -e","der Moment, -e 1.",der,noun,-e 1.,,Warten Sie bitte einen Moment. || Einen Moment bitte. || Ich habe im Moment sehr viel zu tun.,64
b1_2026,B1,"der Mond, -e","the moon, -e","der Mond, -e",der,noun,-e,,Bei Vollmond kann ich nicht schlafen.,64
b1_2027,B1,"der Monitor, -e","the monitor, -e","der Monitor, -e",der,noun,-e,,Ich habe mir einen größeren Monitor gekauft. || Das ist besser für meine Augen.,64
b1_2028,B1,"der Motor, -en","the engine, -en","der Motor, -en",der,noun,-en,,Der Motor ist kaputt. || Das Auto fährt nicht mehr.,64
b1_2029,B1,"das Motorrad, ¨-er","the motorcycle, ¨-er","das Motorrad, ¨-er",das,noun,¨-er,,Oskar fährt jeden Tag mit dem Motorrad zur Arbeit.,64
b1_2030,B1,müde,tired,müde,,word,,,Ich bin müde. || Ich gehe schlafen.,64
b1_2031,B1,die Mühe,the effort,die Mühe 1.,die,noun,,,Vielen Dank für Ihre Mühe. || Mit ein bisschen mehr Mühe können wir das schaffen.,64
b1_2032,B1,der Müll,the garbage,der Müll 1.,der,noun,,,Bringst du bitte noch den Müllsack raus? || Wir müssen den Müll trennen.,64
b1_2033,B1,die Müllabfuhr,the garbage disposal,die Müllabfuhr,die,noun,,,Die Müllabfuhr kommt zweimal pro Woche.,64
b1_2034,B1,"die Mülltonne, -n","the garbage can, -n","die Mülltonne, -n",die,noun,-n,,Die Mülltonne ist voll.,65
b1_2035,B1,"der Mund, ¨-er","the mouth, ¨-er","der Mund, ¨-er",der,noun,¨-er,,Sie haben Halsschmerzen? || Bitte machen Sie mal den Mund auf.,65
b1_2036,B1,mündlich,oral,mündlich,,adjective,,,Die mündliche Prüfung ist erst nächste Woche.,65
b1_2037,B1,"die Münze, -n","the coin, -n","die Münze, -n",die,noun,-n,,Der Automat nimmt nur Münzen.,65
b1_2038,B1,"das Museum, Museen","the museum, museums","das Museum, Museen",das,noun,Museen,,Wir waren mit unserer Klasse im Museum.,65
b1_2039,B1,die Musik,the music,die Musik 1.,die,noun,,,Wie findest du die Musik? || Spanische Musik mag ich sehr. || Was für Musik hörst du gern?,65
b1_2040,B1,musikalisch1.,musical1.,musikalisch1.,,word,,,"Sie ist sehr musikalisch: Sie spielt Klavier, Flöte und Geige. || Das musikalische Angebot gefällt mir.",65
b1_2041,B1,"der Musiker, -","the musician, -","der Musiker, -",der,noun,-,,Mein Bruder möchte Musiker werden.,65
b1_2042,B1,"die Musikerin, nen","the musician, no","die Musikerin, nen",die,noun,nen,,,65
b1_2043,B1,"der Muskel, -n","the muscle, -n","der Muskel, -n",der,noun,-n,,Im Fitness-Studio trainieren wir unsere Muskeln.,65
b1_2044,B1,"das Müesli/Müsli, -","the muesli/muesli, -","das Müesli/Müsli, -",das,noun,-,,Zum Frühstück gibt es Müsli mit Obst.,65
b1_2045,B1,"müssen, muss, musste,","must, must, had to","müssen, muss, musste, 1.",,word,,hat gemusst (hat müssen,Wie lange müssen Sie arbeiten? || Sie müssen die Miete pünktlich,65
b1_2046,B1,als Modalverb),as a modal verb),als Modalverb),,conjunction,,,überweisen. || Ich muss jeden Tag von 8 bis 18 Uhr arbeiten. || Du musst mich nicht abholen. || Nur wenn du willst.,65
b1_2047,B1,der Mut,the courage,der Mut,der,noun,,,"Man braucht viel Mut, um in einem fremden Land ganz neu anzufangen.",65
b1_2048,B1,mutig,brave,mutig,,adjective,,,"Es war sehr mutig von dir, deine Meinung laut zu sagen.",65
b1_2049,B1,"die Mutter, ¨-",the mother-,"die Mutter, ¨- 1.",die,noun,¨- 1.,,Meine Mutter heißt Klara. || Dieser Raum ist für Mütter mit kleinen Kindern reserviert.,65
b1_2050,B1,nach,after,nach 1.,,preposition,,,Ich fahre morgen nach Hamburg. || Ich muss jetzt nach Hause. || Wir treffen uns nach dem Essen. || Es ist schon nach acht. || Wir müssen uns beeilen.,65
b1_2051,B1,"der Nachbar, -n","the neighbor, -n","der Nachbar, -n",der,noun,-n,,Meine neue Nachbarin ist sehr nett.,65
b1_2052,B1,"die Nachbarin, nen","the neighbor, no","die Nachbarin, nen",die,noun,nen,,,65
b1_2053,B1,nachdem,after,nachdem,,word,,,"Nachdem wir gegessen hatten, sind wir spazieren gegangen.",65
b1_2054,B1,"nachdenken, denkt nach,","think, think","nachdenken, denkt nach,",,word,,,"Ich weiß nicht, was ich machen soll. || Ich",65
b1_2055,B1,"dachte nach,","dachte nach,","dachte nach,",,word,,hat nachgedacht,muss nachdenken.,65
b1_2056,B1,"die Nachfrage, -n","the demand, -n","die Nachfrage, -n",die,noun,-n,,Die Nachfrage für dieses Produkt ist groß.,65
b1_2057,B1,nachher,afterward,nachher,,word,,,Ich rufe nachher nochmal an.,65
b1_2058,B1,"die Nachhilfe, -n","the tutoring, -n","die Nachhilfe, -n",die,noun,-n,,Der Schüler braucht Nachhilfe in Mathematik.,65
b1_2059,B1,"die Nachricht, -en",the news,"die Nachricht, -en 1.",die,noun,-en 1.,,Ich habe eine gute Nachricht für Sie. || Sie haben die Prüfung bestanden. || Ich habe im Radio die Nachrichten gehört. || Im Moment bin ich nicht zu Hause. || Aber Sie können eine Nachricht hinter- lassen.,65
b1_2060,B1,"nachschlagen, schlägt","look up, suggests","nachschlagen, schlägt",,word,,,Ich kenne das Wort nicht. || Das musst,65
b1_2061,B1,"nach, schlug nach,","looked up, looked up","nach, schlug nach,",,preposition,,hat nachgeschlagen,du im Wörterbuch nachschlagen.,65
b1_2062,B1,"die Nachspeise, -n","the dessert, -n","die Nachspeise, -n",die,noun,-n,,Nach dem Essen gab es noch eine,65
b1_2063,B1,"(D, A) → Dessert","(D, A) → Dessert","(D, A) → Dessert",,other,,,leckere Nachspeise,65
b1_2064,B1,nächst-,nächst-,nächst- 1.,,word,,,Wo ist hier die nächste Apotheke? || Rufen Sie bitte nächste Woche noch einmal an. || Wann fährt der nächste Zug nach Frankfurt? || Wer ist der Nächste bitte?,65
b1_2065,B1,"der Nachteil, -e","the disadvantage, -e","der Nachteil, -e",der,noun,-e,,Einen Nachteil hat die Wohnung. || Sie liegt nicht zentral.,65
b1_2066,B1,der Nachwuchs,der Nachwuchs,der Nachwuchs 1.,der,noun,,,Der Nachwuchs bei Forschern soll gefördert werden. || Die Katze hat Nachwuchs bekommen.,65
b1_2067,B1,"die Nadel, -n","the needle, -n","die Nadel, -n",die,noun,-n,,Hast du eine Nadel für mich? || Ich muss einen Knopf annähen.,65
b1_2068,B1,"der Nagel, ¨-","the nail, ¨-","der Nagel, ¨- 1.",der,noun,¨- 1.,,Kannst du mir den Nagel in die Wand schlagen? || Ich muss mir die Fingernägel schneiden.,65
b1_2069,B1,nah(e),vicinity),nah(e),,word,,,"Wie weit ist es zum Bahnhof? || – Das ist ganz nah, nur zwei Minuten von hier.",65
b1_2070,B1,die Nähe,the nearness,die Nähe,die,noun,,,Die Post ist ganz in der Nähe vom Bahnhof.,65
b1_2071,B1,"nähen, näht, nähte, hat","sew, sews, stitches, has","nähen, näht, nähte, hat 1.",,word,,,Meine Mutter näht ihre Kleider selbst.,65
b1_2072,B1,genäht,sewn,genäht 2.,,word,,,Wir müssen die Wunde nähen.,65
b1_2073,B1,sich nähern,approach,"sich nähern, nähert sich,",,verb,,"nähert sich,",Er nähert sich dem Unfallort ganz,65
b1_2074,B1,"näherte sich,",approached,"näherte sich,",,word,,hat sich genähert,langsam.,65
b1_2075,B1,"das Nahrungsmittel, -","the food, -","das Nahrungsmittel, -",das,noun,-,,In diesen Ländern fehlen vor allem Nahrungsmittel.,66
b1_2076,B1,"der Name, -n","the name, -n","der Name, -n 1.",der,noun,-n 1.,,Wie ist Ihr Name? || An den Namen kann ich mich nicht mehr erinnern.,66
b1_2077,B1,"der Familienname, -n","the family name, -n","der Familienname, -n",der,noun,-n,,Ludin ist mein Familienname.,66
b1_2078,B1,"der Vorname, -n","the first name, -n","der Vorname, -n",der,noun,-n,,Mein Vorname ist Thomas.,66
b1_2079,B1,nämlich,namely,nämlich,,adjective,,,Ich muss leider gehen. || Ich habe näm- lich noch einen Termin beim Zahnarzt.,66
b1_2080,B1,"die Nase, -n","the nose, -n","die Nase, -n",die,noun,-n,,Haben Sie Nasentropfen? || Ich bin stark erkältet.,66
b1_2081,B1,nass,wet,nass 1.,,word,,,Es hat schrecklich geregnet. || Ich bin ganz nass geworden. || Geh nicht mit den nassen Schuhen ins Wohnzimmer.,66
b1_2082,B1,national/national-,national/national-,national/national- 1.,,word,,,Das ist ein nationaler Wettbewerb. || Die Nationalmannschaft ist ziemlich stark.,66
b1_2083,B1,die Natur,the nature,die Natur,die,noun,,,Ich bin gern draußen in der Natur.,66
b1_2084,B1,natürlich,naturally,natürlich 1.,,adjective,,,Natürlich helfen wir dir. || Kommst du auch wirklich zu meiner Party? || – Natürlich.,66
b1_2085,B1,"der Nebel, -","the fog, -","der Nebel, - 1.",der,noun,- 1.,,Wegen Nebels konnten wir gestern nicht in Frankfurt landen. || Fahren Sie bei Nebel besonders vorsichtig!,66
b1_2086,B1,neblig,foggy,neblig,,adjective,,,Fahr vorsichtig! || Es ist neblig.,66
b1_2087,B1,neben,neben,neben 1.,,preposition,,,Neben mir ist noch ein Platz frei. || Darf ich mich neben dich setzen? || Die Apotheke ist gleich links neben der Post.,66
b1_2088,B1,nebenan,next door,nebenan,,word,,,"Das ist José, er wohnt nebenan.",66
b1_2089,B1,nebenbei,alongside,nebenbei 1.,,word,,,Mein Freund studiert Geschichte. || Und nebenbei arbeitet er in einer Kneipe. || Ich mache die Hausarbeit und neben- bei höre ich Radio.,66
b1_2090,B1,"der Neffe, -n","the nephew, -n","der Neffe, -n",der,noun,-n,,Meine Schwester hat zwei Kinder. || Meine Neffen sind drei und fünf Jahre alt.,66
b1_2091,B1,negativ,negativ,negativ,,word,,,Du solltest nicht alles negativ sehen.,66
b1_2092,B1,"nehmen, nimmt, nahm,","take, takes, took","nehmen, nimmt, nahm, 1.",,word,,hat genommen,Was möchten Sie? || – Ich nehme einen || Salat. || Nehmen Sie die Tabletten vor dem Essen! || Wer hat die Flasche aus dem Kühlschrank genommen? || Sollen wir ein Taxi nehmen? || In diesem Jahr kann ich meinen Urlaub erst im Oktober nehmen.,66
b1_2093,B1,nein,no,nein 1.,,word,,,"Noch ein Bier? || – Nein, danke. || Kommst du auch mit nach München? || – Nein, ich habe keine Zeit.",66
b1_2094,B1,"nennen, nennt, nannte,","call, calls, called","nennen, nennt, nannte, 1.",,word,,hat genannt,"Mein Freund heißt Alexander, aber alle || nennen ihn Alex. || Wie nennt man dieses Gerät?",66
b1_2095,B1,"der Nerv, -en","the nerve, -en","der Nerv, -en 1.",der,noun,-en 1.,,Er leidet an einer Nervenkrankheit. || Mach bitte das Radio aus. || Die Musik geht mir auf die Nerven.,66
b1_2096,B1,nervös,nervous,nervös 1.,,word,,,Das Warten macht mich ganz nervös. || Bei Prüfungen bin ich immer sehr nervös.,66
b1_2097,B1,nett,nice,nett 1.,,word,,,Die Leute sind hier sehr nett. || Ich habe viele nette Kollegen. || Vielen Dank! || Das ist sehr nett von Ihnen. || Die Nachbarn waren sehr nett zu uns.,66
b1_2098,B1,"das Netz, -e","the network, -e","das Netz, -e 1.",das,noun,-e 1.,,Bitte bring ein Netz Orangen. || Der Ball berührte das Netz. || Seid ihr schon ans Netz ange- schlossen?,66
b1_2099,B1,"das Netzwerk, -e","the network, -e","das Netzwerk, -e 1.",das,noun,-e 1.,,Soziale Netzwerke sind wichtig. || Das Telefonnetzwerk wird ständig erweitert.,66
b1_2100,B1,neu,new,neu 1.,,word,,,Mein Wagen ist noch ganz neu. || Wir haben eine neue Wohnung. || Man darf hier nicht mehr rauchen? || Das ist mir ganz neu.,66
b1_2101,B1,"die Neuigkeit, -en","the news, -en","die Neuigkeit, -en",die,noun,-en,,In dieser Sache gibt es keine Neuigkeiten.,66
b1_2102,B1,neugierig,curious,neugierig,,adjective,,,Die Nachbarn sind ziemlich neugierig.,66
b1_2103,B1,neulich,recently,neulich,,adjective,,,Ich war neulich bei der Bank und habe einen alten Freund getroffen.,66
b1_2104,B1,nicht,not,nicht 1.,,word,,,"Zigarette? || - Danke, ich rauche nicht. || Wie geht es dir? || – Nicht so gut. || Das Essen in der Kantine ist gar nicht schlecht. || Du kommst immer zu spät! || - Das stimmt nicht.",66
b1_2105,B1,"die Nichte, -n","the niece, -n","die Nichte, -n",die,noun,-n,,Die Tasche ist ein Geschenk von meiner Nichte.,66
b1_2106,B1,"der Nichtraucher, -","the non-smoker, -","der Nichtraucher, - 1.",der,noun,- 1.,,In unserer Familie sind alle,66
b1_2107,B1,"die Nichtraucherin, -nen","the non-smoker, -nen","die Nichtraucherin, -nen",die,noun,-nen,,Nichtraucher. || Möchten Sie einen Tisch im Nichtraucherbereich?,66
b1_2108,B1,nichts,nothing,nichts 1.,,word,,,Ich habe noch nichts gegessen. || Ich weiß auch nichts Genaues. || Ich habe nichts zum Schreiben dabei. || Entschuldigung! || – Das macht nichts.,67
b1_2109,B1,nie,never,nie 1.,,adverb,,,Der Chef ist nie da. || Warum bist du nie zufrieden? || Bis morgen Abend schaffe ich die Arbeit nie. || Ich gehe nie wieder in dieses Restau- rant.,67
b1_2110,B1,niedrig,low,niedrig 1.,,adjective,,,Die Räume hier sind mir zu niedrig. || Für die Jahreszeit sind die Temperaturen zu niedrig. || Die Firma zahlt sehr niedrige Löhne.,67
b1_2111,B1,niemand,no one,niemand,,word,,,Ich habe geklingelt. || Aber es war niemand zu Hause.,67
b1_2112,B1,nirgends,nowhere,nirgends 1.,,word,,,Ich kann die Quittung nirgends finden. || Hier kann man nirgends parken.,67
b1_2113,B1,nirgendwo,nowhere,nirgendwo,,word,,,Die Schlüssel kann ich nirgendwo finden.,67
b1_2114,B1,noch,still,noch 1.,,word,,,"Mein Bruder geht noch zur Schule. || Bist du fertig. || – Nein, noch nicht ganz. || Haben Sie noch einen Wunsch? || – Ja, bitte noch ein Bier. || Sonst noch etwas? || – Nein, danke. || Ich komme später. || Ich muss erst noch einkaufen. || Meine Freundin studiert, und abends arbeitet sie noch als Kellnerin. || Es ist nicht mehr viel Zeit. || Nur noch fünf Minuten. || Ich habe nur noch 20 Euro. || Ist das Essen schon fertig. || – Nein, es dauert noch ein paar Minuten.",67
b1_2115,B1,10.Ist,10.Is,10.Ist,,other,,,Amadeo schon da? || – Vielleicht kommt er noch.,67
b1_2116,B1,noch mal,again,noch mal 1.,,word,,,Vielen Dank nochmal. || Bitte sagen Sie das nochmal.,67
b1_2117,B1,nochmals,again,nochmals,,word,,,Nochmals vielen Dank!,67
b1_2118,B1,normal,normal,normal,,word,,,Fehler zu machen ist doch ganz normal.,67
b1_2119,B1,normalerweise,normally,normalerweise,,word,,,Wann haben Sie normalerweise Pause?,67
b1_2120,B1,Not-,emergency,Not-,,noun,,,,67
b1_2121,B1,"die Notaufnahme, -n","the emergency room, -n","die Notaufnahme, -n",die,noun,-n,,Die Notaufnahme ist gleich hier links.,67
b1_2122,B1,"der Notausgang, ¨-e","the emergency exit, ¨-e","der Notausgang, ¨-e",der,noun,¨-e,,Der Notausgang ist gleich hier bei der Treppe.,67
b1_2123,B1,"der Notfall, ¨-e1.","the emergency, ¨-e1.","der Notfall, ¨-e1.",der,noun,¨-e1.,,Wir haben einen Notfall. || Bitte schicken Sie einen Krankenwagen. || Im Notfall rufen Sie bitte diese Nummer an.,67
b1_2124,B1,der Notruf,the emergency call,der Notruf,der,noun,,,Der Notruf hat die Nummer 110.,67
b1_2125,B1,"die Note, -n","the grade, -n","die Note, -n 1.",die,noun,-n 1.,,Eva hat immer sehr gute Noten in Mathematik. || Meine Kinder lernen im Musikunterricht gerade Noten lesen.,67
b1_2126,B1,notieren,note down,notieren,,verb,,,Ich habe mir den Termin notiert.,67
b1_2127,B1,nötig,necessary,nötig 1.,,adjective,,,"Wenn es nötig ist, nehmen Sie noch eine Tablette. || Kann ich Ihnen helfen? || – Danke, nicht nötig.",67
b1_2128,B1,"die Notiz, -en","the note, -en","die Notiz, -en 1.",die,noun,-en 1.,,Ich habe Ihnen eine Notiz geschrieben. || Hast du einen Notizzettel für mich?,67
b1_2129,B1,notwendig,necessary,notwendig,,adjective,,,"Muss ich nochmal wiederkommen? || – Nein, das ist nicht notwendig.",67
b1_2130,B1,"die Nudel, -n","the noodle, -n","die Nudel, -n",die,noun,-n,,Möchten Sie Nudeln oder Reis? || – Lieber Nudeln.,67
b1_2131,B1,"die Nummer, -n","the number, -n","die Nummer, -n 1.",die,noun,-n 1.,,Ich habe mich in der Hausnummer geirrt. || Ich habe die falsche Nummer gewählt. || Der Wagen hatte eine Münchner Nummer. || Sie haben Zimmer Nummer zwölf. || Bitte geben Sie mir Ihre Kontonummer. || Haben Sie die Bluse eine Nummer kleiner?,67
b1_2132,B1,nun,so,nun 1.,,word,,,"Schade, dass du arbeiten musst. || – Das ist nun mal so. || Was ist jetzt? || Kommst du nun endlich?",67
b1_2133,B1,nur,only,nur 1.,,word,,,Im Kaufhaus gibt‘s T-Shirts für nur fünf Euro. || Ich habe keinen Hunger. || Ich möchte nur etwas trinken. || Ich habe nur heute Abend Zeit. || Kannst du mir Geld leihen? || Tut mir leid. || Ich habe nur fünf Euro dabei.,67
b1_2134,B1,"nutzen, nutzt, nutzte,","use, uses, used","nutzen, nutzt, nutzte,",,word,,hat genutzt,Ich möchte das schöne Wetter nutzen || und spazieren gehen.,67
b1_2135,B1,"nützen, nützt, nützte,","use, use, benefit","nützen, nützt, nützte,",,word,,hat genützt,Ich habe jeden Tag eine Tablette || genommen. || Aber es hat nichts genützt.,67
b1_2136,B1,nützlich,useful,nützlich,,adjective,,,Danke für den Tipp. || Das war sehr nützlich.,67
b1_2137,B1,ob,whether,ob,,conjunction,,,"Ich weiß noch nicht, ob ich kommen kann.",68
b1_2138,B1,oben,above,oben 1.,,word,,,Wir wohnen oben im || Stock. || Die Butter liegt im Kühlschrank ganz oben.,68
b1_2139,B1,ober-,upper,ober-,,word,,,Die Wohnung im oberen Stockwerk ist vermietet.,68
b1_2140,B1,"→ der Ober, - (D, A)","→ the waiter, - (D, A)","→ der Ober, - (D, A)",,other,,,Ich bin Ober von Beruf.,68
b1_2141,B1,Kellner;,Waiter;,Kellner;,,noun,,,,68
b1_2142,B1,CH: Serviceangestellter,CH: Service employee,CH: Serviceangestellter,,noun,,,,68
b1_2143,B1,das/der (Schlag-)Obers (A),the (whipped) cream (A),das/der (Schlag-)Obers (A),,word,,,Ich hätte gern ein Stück Torte mit,68
b1_2144,B1,→D: (Schlag-)Sahne; CH:,→D: (whipped) cream; CH:,→D: (Schlag-)Sahne; CH:,,other,,,(Schlag-)Obers.,68
b1_2145,B1,(Schlag-)Rahm,(whipped) cream,(Schlag-)Rahm,,other,,,,68
b1_2146,B1,"→CH: das Obst (D, A)","→CH: the fruit (D, A)","→CH: das Obst (D, A)",,other,,,Obst kaufe ich am liebsten auf dem,68
b1_2147,B1,Früchte,fruit,Früchte,,noun,,,Markt.,68
b1_2148,B1,obwohl,although,obwohl,,conjunction,,,"Obwohl meine Kollegin krank ist, geht sie arbeiten.",68
b1_2149,B1,oder,or,oder 1.,,conjunction,,,Möchten Sie Kaffee oder Tee? || Entweder wir fahren mit dem Bus oder wir gehen zu Fuß.,68
b1_2150,B1,"der (Back-)Ofen, ¨- (D, CH)","the (baking) oven, ¨- (D, CH)","der (Back-)Ofen, ¨- (D, CH)",der,noun,,,Ich habe gerade eine Pizza gemacht.,68
b1_2151,B1,→A: (Back-)Rohr,→A: (baking) pipe,→A: (Back-)Rohr,,other,,,Sie ist ganz frisch aus dem Ofen.,68
b1_2152,B1,offen,open,offen 1.,,word,,,"Komm rein. || Die Haustür ist offen. (A) (D: auf) || Ich glaube, der Supermarkt ist jetzt noch offen. || Im Sommer schlafe ich immer bei offenem Fenster. || Ich habe mit meinem Kollegen ganz offen über mein Problem gesprochen. || Einzelne Fragen sind noch offen.",68
b1_2153,B1,1. öffentlich,1. public,1. öffentlich,,other,,,In der Stadt fahre ich immer mit öffentlichen Verkehrsmitteln. || In öffentlichen Gebäuden darf man nicht rauchen.,68
b1_2154,B1,Öffentlichkeit1. die,Public1. the,Öffentlichkeit1. die,,noun,,,Von solchen Dingen erfährt die Öffentlichkeit nur selten. || Ich möchte in der Öffentlichkeit nicht streiten.,68
b1_2155,B1,"veröffentlichen, veröf-","publish, publish","veröffentlichen, veröf-",,word,,,Das Buch wurde gestern veröffentlicht.,68
b1_2156,B1,"fentlicht, veröffentlichte,","publicized, published","fentlicht, veröffentlichte,",,word,,hat veröffentlicht,,68
b1_2157,B1,offenbar,apparently,offenbar,,adjective,,,Das Restaurant ist heute offenbar geschlossen.,68
b1_2158,B1,offiziell,officially,offiziell,,word,,,Sie bekommen von uns eine offizielle Einladung.,68
b1_2159,B1,"öffnen, öffnet, öffnete,","open, opens, opened","öffnen, öffnet, öffnete, 1.",,word,,hat geöffnet,Wann öffnen die Geschäfte? || Kannst du bitte das Fenster öffnen? || Kannst Du mir helfen? || Ich kann die Dose nicht öffnen. || Du öffnest die Datei mit einem Doppelklick. || Der Laden ist samstags bis 16 Uhr geöffnet.,68
b1_2160,B1,oft/öfter,often/more often,oft/öfter 1.,,word,,,Ich treffe mich oft mit meiner Freundin. || In letzter Zeit muss ich öfter Überstunden machen.,68
b1_2161,B1,ohne,without,ohne 1.,,preposition,,,"Bitte eine Pizza ohne Zwiebeln. || Ohne Auto ist es schwer, zur Arbeit zu kommen. || Mein Sohn ist einfach mit dem Auto weggefahren, ohne mich zu fragen. || In diesem Haus kann man nichts machen, ohne dass die Nachbarn darüber reden.",68
b1_2162,B1,"das Ohr, -en","das Ohr, -en","das Ohr, -en 1.",das,noun,-en 1.,,Ich habe Ohrenschmerzen. || Das Baby hat aber kleine Ohren!,68
b1_2163,B1,Öko- (ökologisch),eco- (ecological),Öko- (ökologisch),,noun,,,"z.B. || Ökoladen, Ökostrom, ökologischer Anbau",68
b1_2164,B1,"das Öl, -e","the oil, -e","das Öl, -e 1.",das,noun,-e 1.,,Es fehlt Öl am Salat. || Wir heizen mit Öl. || Können Sie bei meinem Auto bitte das Öl kontrollieren?,68
b1_2165,B1,"die Oma, -s","die Oma, -s","die Oma, -s",die,noun,-s,,Meine Oma ist achtzig Jahre alt geworden.,68
b1_2166,B1,"der Onkel, -","the uncle, -","der Onkel, -",der,noun,-,,Nächste Woche fahre ich zu meinem Onkel nach Berlin.,68
b1_2167,B1,"der Opa, -s","the grandfather, -s","der Opa, -s",der,noun,-s,,Mein Opa heißt Hans.,68
b1_2168,B1,"die Oper, -n","the opera, -n","die Oper, -n 1.",die,noun,-n 1.,,Ich mag Opern. || Warst du schon mal in der Oper?,68
b1_2169,B1,"operieren, operiert,","operate, operate","operieren, operiert,",,word,,,Wir müssen das Knie sofort operieren.,68
b1_2170,B1,"operierte, hat operiert","operated, has operated","operierte, hat operiert",,word,,,,68
b1_2171,B1,"die Operation, -en","the operation, -en","die Operation, -en",die,noun,-en,,Seit der Operation kann ich mein Knie nicht mehr bewegen.,68
b1_2172,B1,"das Opfer, -","the victim, -","das Opfer, -",das,noun,-,,Bei der Schiffskatastrophe gab es viele Opfer.,68
b1_2173,B1,optimistisch,optimistic,optimistisch,,adjective,,,"Glaubst du, dass du den Job bekommst. || – Ja, ich bin ganz optimistisch.",68
b1_2174,B1,"die Orange, -n","the orange, -n","die Orange, -n",die,noun,-n,,Ich esse gern Orangen.,68
b1_2175,B1,"das Orchester, -","the orchestra, -","das Orchester, -",das,noun,-,,Auf unserer Hochzeit hat ein kleines Orchester gespielt.,68
b1_2176,B1,ordentlich,orderly,ordentlich 1.,,adjective,,,Mein Bruder ist ein sehr ordentlicher Mensch. || Auf seinem Schreibtisch sieht es immer sehr ordentlich aus.,69
b1_2177,B1,"die Ordination, -en (A) →","the ordination, -en (A) →","die Ordination, -en (A) →",die,noun,-en (A) →,,Die Ordination bleibt bis zum || Jänner,69
b1_2178,B1,Praxis,Practice,Praxis,,noun,,,geschlossen.,69
b1_2179,B1,"die Ordination, -en (A) →","the ordination, -en (A) →","die Ordination, -en (A) →",die,noun,-en (A) →,,Frau Dr. || Berger hat von 8 bis 12 Uhr,69
b1_2180,B1,Sprechstunde,Consultation hours,Sprechstunde,,noun,,,Ordination.,69
b1_2181,B1,"ordnen, ordnet, ordnete,","arrange, arrange, arrange","ordnen, ordnet, ordnete,",,word,,hat geordnet,Letztes Wochenende habe ich meine || Papiere geordnet.,69
b1_2182,B1,"der Ordner, -","the folder, -","der Ordner, -",der,noun,-,,Für meine Übungen im Deutschkurs habe ich mir einen Ordner gekauft.,69
b1_2183,B1,die Ordnung1.,the order1.,die Ordnung1.,die,noun,,,Mach mal etwas Ordnung in deinem Zimmer! || Bitte beachten Sie die Hausordnung. || Mit dem Motor ist etwas nicht in Ordnung.,69
b1_2184,B1,"organisieren, organisiert,","organize, organized","organisieren, organisiert,",,word,,,Für den nächsten Sommerurlaub habe,69
b1_2185,B1,"organisierte,",organized,"organisierte,",,word,,hat organisiert,ich schon alles organisiert.,69
b1_2186,B1,"die Organisation, -en1.","the organization, -en1.","die Organisation, -en1.",die,noun,-en1.,,Die Organisation des Festes war sehr gut. || Sind Sie Mitglied in einer Organisation?,69
b1_2187,B1,"das Original, -e","the original, -e","das Original, -e",das,noun,-e,,Das Original ist für Sie. || Wir bekommen die Kopie.,69
b1_2188,B1,original,original,original,,word,,,Ich muss das originale Dokument abgeben.,69
b1_2189,B1,"der Ort, -e","der Ort, -e","der Ort, -e",der,noun,-e,,Vergessen Sie Ort und Datum nicht.,69
b1_2190,B1,"der Vorort, -e","the suburb, -e","der Vorort, -e",der,noun,-e,,Mein Bruder wohnt in einem Vorort von Hamburg.,69
b1_2191,B1,"der Wohnort, -e","the place of residence, -e","der Wohnort, -e",der,noun,-e,,Tragen Sie bitte auch Ihren Wohnort ein.,69
b1_2192,B1,"der Ozean, -e","the ocean, -e","der Ozean, -e",der,noun,-e,,Dieses Schiff fährt über den Atlantis- chen Ozean.,69
b1_2193,B1,(ein) paar,(a couple,(ein) paar 1.,,word,,,Ich komme gleich. || Es dauert nur ein paar Minuten. || Wir fahren mit ein paar Freunden in Urlaub.,69
b1_2194,B1,"das Paar, -e","the couple, -e","das Paar, -e 1.",das,noun,-e 1.,,Ina und Pedro sind ein Paar. || Gestern habe ich mir ein Paar neue Schuhe gekauft.,69
b1_2195,B1,"packen, packt, packte,","pack, pack, packed","packen, packt, packte,",,word,,hat gepackt,Ich muss noch meinen Koffer packen.,69
b1_2196,B1,"das Paket, -e","the package, -e","das Paket, -e",das,noun,-e,,Hast du das Paket zur Post gebracht?,69
b1_2197,B1,"die Panne, -n","the breakdown, -n","die Panne, -n 1.",die,noun,-n 1.,,"Kurz vor München hatten wir eine Panne mit dem Auto. || Die Reise war schlecht organisiert, es gab mehrere Pannen.",69
b1_2198,B1,"das Papier, -e","the paper, -e","das Papier, -e 1.",das,noun,-e 1.,,Hast du ein Blatt Papier für mich? || Bitte bringen Sie zu dem Termin alle Papiere mit.,69
b1_2199,B1,"→To- der Paradeiser, - (A)","→To- the tomato, - (A)","→To- der Paradeiser, - (A)",,other,,,Kauf bitte noch Paradeiser auf dem,69
b1_2200,B1,mate,mate,mate,,word,,,Markt.,69
b1_2201,B1,parallel,parallel,parallel,,word,,,Die Goethestraße ist parallel zur Hauptstraße.,69
b1_2202,B1,"das Parfüm, -s","the perfume, -s","das Parfüm, -s",das,noun,-s,,Zum Geburtstag habe ich von meinem Mann ein Parfüm bekommen.,69
b1_2203,B1,"der Park, -s","the park, -s","der Park, -s",der,noun,-s,,Ich gehe gern im Park spazieren.,69
b1_2204,B1,"parken, parkt, parkte, hat","park, park, parked, has","parken, parkt, parkte, hat 1.",,word,,,Hier dürfen Sie nicht parken.,69
b1_2205,B1,"→CH: geparkt (D, A)","→CH: parked (D, A)","→CH: geparkt (D, A) 2.",,other,,,Hier ist das Parken verboten.,69
b1_2206,B1,parkieren,park,parkieren,,verb,,,,69
b1_2207,B1,"parkieren, parkiert,","park, parked","parkieren, parkiert, 1.",,word,,,Hier dürfen Sie nicht parkieren.,69
b1_2208,B1,"parkierte, hat parkiert","parked, parked","parkierte, hat parkiert 2.",,word,,,Hier ist das Parkieren verboten.,69
b1_2209,B1,→D,→D,"→D, (CH) A: parken",,verb,,(CH) A: parken,,69
b1_2210,B1,"der Partner, -","the partner, -","der Partner, - 1.",der,noun,- 1.,,Wir haben das Geschäft zusammen.,69
b1_2211,B1,"die Partnerin, -nen","the partner, -nen","die Partnerin, -nen",die,noun,-nen,,Wir sind Partner. || Beide Partner kümmern sich um die Kinder. || Herr Aydin ist mein Geschäftspartner.,69
b1_2212,B1,"die Party, -s","the party, -s","die Party, -s",die,noun,-s,,Letzte Woche war ich auf einer Geburtstagsparty.,69
b1_2213,B1,"der Pass, ¨-e","the passport, ¨-e","der Pass, ¨-e 1.",der,noun,¨-e 1.,,Ich muss meinen Pass verlängern lassen. || Im Hotel brauchst du bei der Anmeldung deinen Pass.,69
b1_2214,B1,"der Passagier, -e","the passenger, -e","der Passagier, -e",der,noun,-e,,Die Passagiere Schulz und Kaufmann,69
b1_2215,B1,"die Passagierin, -nen","the passenger, -nen","die Passagierin, -nen",die,noun,-nen,,sollen bitte zur Information kommen.,69
b1_2216,B1,"passen, passt, passte,","fit, fit, fit","passen, passt, passte, 1.",,word,,hat gepasst,Der Pullover passt mir nicht mehr. || Wann soll ich kommen? || Passt es Ihnen morgen Abend? || Passt das T-Shirt zu diesem Rock?,69
b1_2217,B1,"passieren, passiert,","happen, happens","passieren, passiert, 1.",,word,,,Entschuldigung! || – Kein Problem. || Es ist,69
b1_2218,B1,"passierte, ist passiert","happened, happened","passierte, ist passiert",,word,,,nichts passiert. || Wie ist der Unfall passiert? || Man hat mir die Brieftasche gestohlen. || – Das ist mir auch schon passiert.,69
b1_2219,B1,passiv,passive,passiv,,word,,,"Man sollte im Kurs nicht passiv sein, sondern mitdiskutieren.",69
b1_2220,B1,"der Patient, -en","the patient, -en","der Patient, -en",der,noun,-en,,Ich bin Patientin bei Dr. || Hausner. || Ich,70
b1_2221,B1,"die Patientin, -nen","the patient, -nen","die Patientin, -nen",die,noun,-nen,,möchte bitte einen Termin.,70
b1_2222,B1,pauschal,lump sum,pauschal,,word,,,Sie haben die Reise pauschal gebucht.,70
b1_2223,B1,"die Pause, -n","the break, -n","die Pause, -n",die,noun,-n,,Wir machen zehn Minuten Pause.,70
b1_2224,B1,das Pech,the bad luck,das Pech 1.,das,noun,,,Es regnet. || Unser Picknick fällt leider aus. || – So ein Pech! || Wir hatten im Urlaub Pech mit dem Wetter.,70
b1_2225,B1,peinlich,awkward,peinlich 1.,,adjective,,,Das muss dir nicht peinlich sein. || Das war eine peinliche Situation.,70
b1_2226,B1,"die Pension, -en","the guesthouse, -en","die Pension, -en",die,noun,-en,,Im Urlaub haben wir in einer kleinen Pension gewohnt.,70
b1_2227,B1,"→ die Pension, -en (A, CH)","→ the pension, -en (A, CH)","→ die Pension, -en (A, CH)",,other,,,Sie ist 67 und bekommt jetzt eine gute,70
b1_2228,B1,"D, CH: Rente","D, CH: pension","D, CH: Rente",,noun,,,Pension.,70
b1_2229,B1,"in Pension gehen/sein (D,1.","go/be retired (D,1.","in Pension gehen/sein (D,1.",,preposition,,,Ich gehe Ende des Jahres in Pension.,70
b1_2230,B1,→D: A) in Rente2.,→D: A) retired2.,→D: A) in Rente2.,,other,,,Mein Nachbar ist seit zehn Jahren in,70
b1_2231,B1,"gehen/sein; D, CH: pen-","go/be; D, CH: pen-","gehen/sein; D, CH: pen-",,word,,,Pension.,70
b1_2232,B1,sioniert werden/sein,to be/be sioned,sioniert werden/sein,,word,,,,70
b1_2233,B1,pensioniert werden/sein1.,to be/be retired1.,pensioniert werden/sein1.,,word,,,Ich werde Ende des Jahres pensioniert.,70
b1_2234,B1,"(D, CH) →D, A: in Pension2.","(D, CH) →D, A: retired2.","(D, CH) →D, A: in Pension2.",,other,,,Mein Nachbar ist seit zehn Jahren pen-,70
b1_2235,B1,gehen/sein; D: in Rente,go/be; D: retired,gehen/sein; D: in Rente,,word,,,sioniert.,70
b1_2236,B1,gehen/sein,go/be,gehen/sein,,word,,,,70
b1_2237,B1,"der Pensionist, -en / die","the pensioner, -en/the","der Pensionist, -en / die",der,noun,-en / die,,Meine Großmutter arbeitet nicht mehr.,70
b1_2238,B1,"Pensionistin, -nen (A) →D,","Pensionistin, -nen (A) →D,","Pensionistin, -nen (A) →D,",,noun,,,Sie ist Pensionistin.,70
b1_2239,B1,CH: Rentner,CH: Pensioner,CH: Rentner,,noun,,,,70
b1_2240,B1,per,by,per,,word,,,Wie kann ich mich für den Kurs anmelden? || – Per Fax oder E-Mail.,70
b1_2241,B1,perfekt,perfect,perfekt,,word,,,Die Reiseorganisation war perfekt.,70
b1_2242,B1,"der Perron, -s (CH) →D, A:","the platform, -s (CH) →D, A:","der Perron, -s (CH) →D, A:",der,noun,"-s (CH) →D, A:",,Auf Hauptbahnhöfen gibt es meist,70
b1_2243,B1,Bahnsteig,platform,Bahnsteig,,noun,,,viele Perrons.,70
b1_2244,B1,"die Person, -en","the person, -s","die Person, -en",die,noun,-en,,Eintritt pro Person: 2 Euro.,70
b1_2245,B1,persönlich1.,personal1.,persönlich1.,,word,,,Hier gibt es zu viele Autos. || Das ist meine persönliche Meinung. || Ich muss Herrn Meier persönlich sprechen.,70
b1_2246,B1,die Personalien (Pl.),the personal details (pl.),die Personalien (Pl.),die,noun,,,Mein Kollege wird Ihre Personalien aufnehmen.,70
b1_2247,B1,"der Personenstand →D, A:","civil status →D, A:","der Personenstand →D, A:",der,noun,,,Bei „Personenstand“ musst du „ledig“,70
b1_2248,B1,Familienstand;,Marital status;,Familienstand;,,noun,,,ankreuzen.,70
b1_2249,B1,CH: Zivilstand,CH: Marital status,CH: Zivilstand,,noun,,,,70
b1_2250,B1,das Personal,the staff,das Personal,das,noun,,,Dieser Eingang ist nur für das Personal.,70
b1_2251,B1,"die Pfanne, -n (CH) →D, A:","the pan, -n (CH) →D, A:","die Pfanne, -n (CH) →D, A:",die,noun,"-n (CH) →D, A:",,Hast du keine größere Pfanne? || Ich,70
b1_2252,B1,Topf,Pot,Topf,,noun,,,möchte Kartoffeln kochen.,70
b1_2253,B1,der Pfeffer,the pepper,der Pfeffer,der,noun,,,Bringen Sie uns bitte Pfeffer und Salz.,70
b1_2254,B1,"pflanzen, pflanzt,","plant, plant","pflanzen, pflanzt,",,word,,,Lass uns einen Baum pflanzen!,70
b1_2255,B1,"pflanzte, hat gepflanzt","planted, has planted","pflanzte, hat gepflanzt",,word,,,,70
b1_2256,B1,"die Pflanze, -n","the plant, -n","die Pflanze, -n",die,noun,-n,,"Wenn wir im Urlaub sind, gießt die Nachbarin unsere Pflanzen.",70
b1_2257,B1,"das Pflaster, -","the pavement, -","das Pflaster, -",das,noun,-,,Hast du ein Pflaster? || Ich habe mich geschnitten.,70
b1_2258,B1,"die Pflaume, -n","the plum, -n","die Pflaume, -n",die,noun,-n,,Ich esse gern Pflaumen und noch lieber Pflaumenkuchen.,70
b1_2259,B1,"pflegen, pflegt, pflegte,","nurture, nurture, nurture","pflegen, pflegt, pflegte,",,word,,hat gepflegt,Meine Mutter ist sehr krank. || Ich muss || sie pflegen.,70
b1_2260,B1,"der Pfleger, -","the nurse, -","der Pfleger, -",der,noun,-,,Meine Freundin ist Pflegerin in einem,70
b1_2261,B1,"die Pflegerin, -nen","the nurse, -nen","die Pflegerin, -nen",die,noun,-nen,,Altersheim.,70
b1_2262,B1,"die Pflicht, -en","the duty, -en","die Pflicht, -en",die,noun,-en,,Als Autofahrer müssen Sie eine Versicherung haben. || Das ist Pflicht.,70
b1_2263,B1,"die Phantasie/Fantasie, -n","the fantasy/fantasy, -n","die Phantasie/Fantasie, -n",die,noun,-n,,Mein Sohn malt sehr gut. || Er hat viel Phantasie.,70
b1_2264,B1,"das Picknick, -s","the picnic, -s","das Picknick, -s",das,noun,-s,,Am Sonntag machen wir ein Picknick.,70
b1_2265,B1,"die Pille, -n","the pill, -n","die Pille, -n",die,noun,-n,,Der Arzt hat mir neue Pillen verschrieben.,70
b1_2266,B1,"→ der Pilz, -e","→ the mushroom, -e","→ der Pilz, -e",,other,,,Haben Sie frische Pilze?,70
b1_2267,B1,A: Schwammerl,A: Mushroom,A: Schwammerl,,noun,,,,70
b1_2268,B1,"die Pizza, -s/Pizzen","the pizza, -s/pizzas","die Pizza, -s/Pizzen",die,noun,-s/Pizzen,,Lass uns eine Pizza bestellen!,70
b1_2269,B1,"das Plakat, -e","the poster, -e","das Plakat, -e",das,noun,-e,,Im Unterricht haben wir ein Plakat gemacht.,70
b1_2270,B1,"planen, plant, plante,","plan, plan, plan","planen, plant, plante, 1.",,word,,hat geplant,"Wir haben geplant, diesmal im Urlaub || nach Österreich zu fahren. || Unser Familientreffen ist für Juni geplant.",70
b1_2271,B1,"der Plan, ¨-e1.","the plan, ¨-e1.","der Plan, ¨-e1.",der,noun,¨-e1.,,"Was macht ihr im Sommer? || – Ich weiß noch nicht, wir haben noch keine Pläne. || Haben Sie einen Plan von Berlin?",70
b1_2272,B1,"die Planung, -en","the planning, -s","die Planung, -en",die,noun,-en,,Unsere Planung für das Sommerfest steht schon lange.,70
b1_2273,B1,das Plastik,the plastic,das Plastik,das,noun,,,Was für ein Spielzeug möchten Sie? || Aus Plastik oder aus Holz?,70
b1_2274,B1,"der Platz, ¨-e","the place, ¨-e","der Platz, ¨-e 1.",der,noun,¨-e 1.,,"In unserer Wohnung haben wir nicht genug Platz. || Ist dieser Platz noch frei? || Nehmen Sie bitte Platz. || Die Post ist auf dem Platz, direkt am Markt.",70
b1_2275,B1,plötzlich,suddenly,plötzlich,,adjective,,,Es war zuerst so schön. || Plötzlich hat es angefangen zu regnen.,70
b1_2276,B1,die Politik,the politics,die Politik,die,noun,,,Ich interessiere mich nicht für Politik.,71
b1_2277,B1,"der Politiker, -","der Politiker, -","der Politiker, -",der,noun,-,,"Weißt du, wie dieser Politiker heißt?",71
b1_2278,B1,"die Politikerin, -nen","the politician, -nen","die Politikerin, -nen",die,noun,-nen,,,71
b1_2279,B1,politisch1.,political1.,politisch1.,,word,,,Ich diskutiere mit meinem Mann oft über politische Probleme. || Die politischen Meinungen zum Thema Umwelt sind sehr verschieden.,71
b1_2280,B1,die Polizei,the police,die Polizei 1.,die,noun,,,Rufen Sie bitte die Polizei. || Er arbeitet bei der Polizei.,71
b1_2281,B1,"der Polizist, -en","the policeman, -en","der Polizist, -en",der,noun,-en,,Die Ampel war kaputt. || Ein Polizist hat,71
b1_2282,B1,"die Polizistin, -nen","the policewoman, -nen","die Polizistin, -nen",die,noun,-nen,,den Verkehr geregelt.,71
b1_2283,B1,die Pommes frites (Pl.),the French fries (pl.),die Pommes frites (Pl.),die,noun,,,Die Kinder essen gern Würstchen mit Pommes frites.,71
b1_2284,B1,populär,popular,populär,,word,,,Diese Musik ist bei Jugendlichen populär.,71
b1_2285,B1,das Portemonnaie/Port-,the wallet/port-,das Portemonnaie/Port-,das,noun,,,Ich habe nur Kleingeld in meinem,71
b1_2286,B1,"monee, -s (D, CH) →Brief-","monee, -s (D, CH) →letter-","monee, -s (D, CH) →Brief-",,word,,,Portemonnaie.,71
b1_2287,B1,tasche; A: Geldbörse,bag; A: Wallet,tasche; A: Geldbörse,,word,,,,71
b1_2288,B1,"die Portion, -en","the portion, -en","die Portion, -en",die,noun,-en,,"Bitte, eine große Portion Sahne!",71
b1_2289,B1,positiv,positive,positiv 1.,,word,,,Wir haben eine positive Nachricht für Sie. || Sie bekommen die Stelle. || Man muss positiv denken.,71
b1_2290,B1,die Post,the post,die Post 1.,die,noun,,,Die Post macht erst um 8 Uhr auf. || Meine Frau arbeitet bei der Post. || Ist Post für mich da?,71
b1_2291,B1,"die Postleitzahl, -en","the postal code, -en","die Postleitzahl, -en",die,noun,-en,,Weißt du die Postleitzahl der Kollwitzstraße in Berlin?,71
b1_2292,B1,"der Pöstler, - / die Pöst-","the postman, - / the postal service","der Pöstler, - / die Pöst-",der,noun,- / die Pöst-,,War die Pöstlerin schon da?,71
b1_2293,B1,"lerin, -nen (CH) →","lerin, -nen (CH) →","lerin, -nen (CH) →",,word,,,,71
b1_2294,B1,Briefträger,Postman,Briefträger,,noun,,,,71
b1_2295,B1,"das Poulet, -s (CH) →D:","the chicken, -s (CH) →D:","das Poulet, -s (CH) →D:",das,noun,-s (CH) →D:,,Zum Mittagessen gibt es Poulet mit,71
b1_2296,B1,Hähnchen/Hühnchen; A:,chicken/chicken; A:,Hähnchen/Hühnchen; A:,,noun,,,Reis.,71
b1_2297,B1,Hend(e)l,Hend(e)l,Hend(e)l,,noun,,,,71
b1_2298,B1,"das Praktikum, Praktika","the internship, internships","das Praktikum, Praktika",das,noun,Praktika,,Ich mache diesen Sommer drei Monate ein Praktikum bei einer Firma.,71
b1_2299,B1,"der Praktikant, -en","the intern, -en","der Praktikant, -en",der,noun,-en,,Bei dieser Firma habe ich zwei Jahre,71
b1_2300,B1,"die Praktikantin, -nen","the intern, -nen","die Praktikantin, -nen",die,noun,-nen,,als Praktikantin gearbeitet.,71
b1_2301,B1,praktisch,practical,praktisch 1.,,adjective,,,"Ich finde diese Küchenmaschine sehr praktisch. || Ich habe letzte Woche den Führerschein gemacht. || Jetzt fehlt mir noch praktische Erfahrung. || Dieses Handy kann praktisch alles, was ein Computer kann.",71
b1_2302,B1,präsentieren,present,präsentieren,,verb,,,Präsentieren Sie Ihre Ergebnisse bitte im Kurs.,71
b1_2303,B1,"die Präsentation, -en","the presentation, -en","die Präsentation, -en",die,noun,-en,,Die Schülerin hat für ihre Präsentation eine gute Note bekommen.,71
b1_2304,B1,die Praxis,the practice,die Praxis,die,noun,,,Das ist die Theorie. || In der Praxis ist vieles ganz anders.,71
b1_2305,B1,→A: die Praxis,→A: the practice,"→A: die Praxis, Praxen",,verb,,Praxen,Die Arztpraxis bleibt bis zum || Januar,71
b1_2306,B1,Ordination,ordination,Ordination,,noun,,,geschlossen.,71
b1_2307,B1,"der Preis, -e","the price, -e","der Preis, -e 1.",der,noun,-e 1.,,Die Preise sind schon wieder gestiegen. || Wer hat den ersten Preis gewonnen?,71
b1_2308,B1,preiswert,inexpensive,preiswert,,word,,,Die Jacke ist sehr preiswert.,71
b1_2309,B1,die Presse,the press,die Presse,die,noun,,,Darüber konnte sich jeder in der Presse informieren.,71
b1_2310,B1,prima,great,prima,,word,,,Mit diesen Leuten verstehe ich mich prima.,71
b1_2311,B1,privat,private,privat 1.,,word,,,Hier meine Nummer im Büro und meine private Nummer. || Über meine Probleme möchte ich nicht sprechen. || Das ist privat. || Ich treffe meine Arbeitskollegen auch privat.,71
b1_2312,B1,pro,per,pro,,word,,,Eintritt pro Person: zwei Euro.,71
b1_2313,B1,"probieren, probiert,","try, tried","probieren, probiert, 1.",,word,,,Haben Sie dieses Waschmittel schon,71
b1_2314,B1,"probierte, hat probiert","tried, tried","probierte, hat probiert",,word,,,"einmal probiert? || Ich habe probiert, die Zeitung zu lesen, aber es war zu schwer. || Darf ich die Schuhe anprobieren?",71
b1_2315,B1,"probieren, probiert,","try, tried","probieren, probiert,",,word,,,Möchten Sie den Käse mal probieren?,71
b1_2316,B1,"probierte, hat probiert (D,","tried, has tried (D","probierte, hat probiert (D,",,word,,,,71
b1_2317,B1,→A: CH) kosten,→A: CH) costs,→A: CH) kosten,,verb,,,,71
b1_2318,B1,"das Problem, -e","the problem, -e","das Problem, -e",das,noun,-e,,José spricht nicht gern über seine Probleme.,71
b1_2319,B1,"produzieren, produziert,","produce, produced","produzieren, produziert,",,word,,,Unsere Firma produziert Feuerzeuge.,71
b1_2320,B1,"produzierte,",produced,"produzierte,",,word,,hat produziert,,71
b1_2321,B1,"das Produkt, -e1.","the product, -e1.","das Produkt, -e1.",das,noun,-e1.,,"Unsere Produkte haben eine hohe Qualität. || Der Arzt sagt, ich soll keine fertigen Produkte essen.",71
b1_2322,B1,die Produktion,the production,die Produktion,die,noun,,,Die Produktion von Käse dauert oft viele Wochen.,71
b1_2323,B1,"der Professor, -en","the professor, -en","der Professor, -en",der,noun,-en,,Unsere Nachbarin ist Professorin an,71
b1_2324,B1,"die Professorin, -nen","the professor, -nen","die Professorin, -nen",die,noun,-nen,,der Universität.,71
b1_2325,B1,"der Profi, -s","the professional, -s","der Profi, -s",der,noun,-s,,Keine Angst. || Mein Bruder kann die Heizung bestimmt reparieren. || Er ist doch ein Profi.,71
b1_2326,B1,"der Profisportler, -","the professional athlete, -","der Profisportler, -",der,noun,-,,Mein Sohn möchte Profisportler,72
b1_2327,B1,"die Profisportlerin, -nen","the professional athlete, -nen","die Profisportlerin, -nen",die,noun,-nen,,werden.,72
b1_2328,B1,"das Programm, -e","the program, -e","das Programm, -e 1.",das,noun,-e 1.,,Hast du schon ins Programm geguckt? || Gibt es heute im Fernsehen einen schönen Film? || Mit welchen Programmen arbeitest du am Computer?,72
b1_2329,B1,"das Projekt, -e","the project, -e","das Projekt, -e",das,noun,-e,,Der Staat fördert Projekte für Kinder und Jugendliche.,72
b1_2330,B1,"der Prospekt, -e","the prospectus, -e","der Prospekt, -e",der,noun,-e,,Bitte schicken Sie mir einen Prospekt von Ihrem Hotel.,72
b1_2331,B1,Prost,Cheers,Prost,,noun,,,Wir trinken auf Ihre Gesundheit! || Prost!,72
b1_2332,B1,"protestieren, protestiert,","protest, protest","protestieren, protestiert,",,word,,,Wir protestieren gegen den Bau der,72
b1_2333,B1,"protestierte,",protested,"protestierte,",,word,,hat protestiert,Autobahn.,72
b1_2334,B1,"der Protest, -e","the protest, -e","der Protest, -e",der,noun,-e,,Alle Proteste haben nichts genützt.,72
b1_2335,B1,"der Prozess, -e","the process, -e","der Prozess, -e",der,noun,-e,,Der Prozess wird direkt aus dem Gerichtssaal im Fernsehen übertragen.,72
b1_2336,B1,"prüfen, prüft, prüfte, hat","check, checks, checked, has","prüfen, prüft, prüfte, hat",,word,,,"Bitte prüfen Sie sofort, ob die",72
b1_2337,B1,geprüft,checked,geprüft,,word,,,Rechnung stimmt.,72
b1_2338,B1,"die Prüfung, -en","the exam, -en","die Prüfung, -en",die,noun,-en,,Mein Freund hat die Prüfung bestanden.,72
b1_2339,B1,das Publikum,the audience,das Publikum,das,noun,,,Es war ein tolles Konzert. || Das Publikum war begeistert.,72
b1_2340,B1,"der Pullover, -","the sweater, -","der Pullover, -",der,noun,-,,Ich habe mir einen Pullover gekauft.,72
b1_2341,B1,"der Punkt, -e","the point, -e","der Punkt, -e 1.",der,noun,-e 1.,,Das Konzert beginnt um Punkt 20 Uhr. || Beim letzten Satz fehlt der Punkt. || Diesen Punkt haben wir noch nicht be- sprochen.,72
b1_2342,B1,pünktlich1.,on time1.,pünktlich1.,,word,,,Seien Sie bitte pünktlich. || Der Bus fährt pünktlich um acht Uhr.,72
b1_2343,B1,"die Puppe, -n","die Puppe, -n","die Puppe, -n",die,noun,-n,,Unsere kleine Tochter bekommt zum Geburtstag eine Puppe.,72
b1_2344,B1,"putzen, putzt, putzte,","cleaning, cleaning, cleaning","putzen, putzt, putzte, 1.",,word,,hat geputzt,Ich muss heute noch die Wohnung || putzen. || Hast du dir schon die Zähne geputzt?,72
b1_2345,B1,"die Qualifikation, -en","the qualification, -en","die Qualifikation, -en",die,noun,-en,,Für diese Arbeit haben Sie gute Qualifikationen.,72
b1_2346,B1,"die Qualität, -en","the quality, -en","die Qualität, -en",die,noun,-en,,"Für mich ist nicht nur der Preis wichtig, sondern auch die Qualität.",72
b1_2347,B1,"das Quartier, -e (CH) →D,","the quarter, -e (CH) →D","das Quartier, -e (CH) →D,",das,noun,"-e (CH) →D,",,Wir wohnen in einem schönen,72
b1_2348,B1,A: Viertel,A: Quarter,A: Viertel,,noun,,,Quartier.,72
b1_2349,B1,quer,across,quer,,word,,,Ich muss zu meiner Arbeit quer durch die ganze Stadt fahren.,72
b1_2350,B1,"die Quittung, -en","the receipt, -s","die Quittung, -en",die,noun,-en,,Brauchen Sie eine Quittung?,72
b1_2351,B1,das Quiz,the quiz,das Quiz,das,noun,,,Er hat beim Quiz gewonnen.,72
b1_2352,B1,"der Rabatt, -e","the discount, -e","der Rabatt, -e",der,noun,-e,,Sie bekommen zehn Prozent Rabatt.,72
b1_2353,B1,"das Rad, ¨-er","the wheel, ¨-er","das Rad, ¨-er",das,noun,¨-er,,Hast du noch ein Rad? || Ich bin durch Glas gefahren und jetzt ist mein Rad kaputt.,72
b1_2354,B1,"→ das Rad, ¨-er (D, A)","→ the wheel, ¨-er (D, A)","→ das Rad, ¨-er (D, A) 1.",,other,,,Sie fährt jeden Morgen mit dem Rad,72
b1_2355,B1,Fahrrad; CH: Velo,Bicycle; CH: Bicycle,Fahrrad; CH: Velo,,noun,,,zur Arbeit. || Am Sonntag fahren wir oft Rad.,72
b1_2356,B1,"der Radfahrer, -","the cyclist, -","der Radfahrer, -",der,noun,-,,Achtung! || Da kommt eine Radfahrerin.,72
b1_2357,B1,"die Radfahrerin, -nen","the cyclist, -nen","die Radfahrerin, -nen",die,noun,-nen,,,72
b1_2358,B1,"das Radio, -s","the radio, -s","das Radio, -s 1.",das,noun,-s 1.,,Ich möchte mir ein neues Radio kaufen. || Ich höre gern Radio.,72
b1_2359,B1,der (Schlag-)Rahm (CH) →,the (whipped) cream (CH) →,der (Schlag-)Rahm (CH) →,der,noun,,,Ich hätte gern ein Stück Torte mit,72
b1_2360,B1,"D: (Schlag-)Sahne,",D: (whipped) cream,"D: (Schlag-)Sahne,",,noun,,,(Schlag-)Rahm.,72
b1_2361,B1,A: (Schlag-)Obers,A: (whipped) cream,A: (Schlag-)Obers,,noun,,,,72
b1_2362,B1,"der Rand, ¨-er","the edge, ¨-er","der Rand, ¨-er",der,noun,¨-er,,Wir wohnen am Rand der Innenstadt. || Dort ist es billiger und ruhiger.,72
b1_2363,B1,"der Rasen, -","the lawn, -","der Rasen, -",der,noun,-,,Bitte den Rasen nicht betreten!,72
b1_2364,B1,(sich) rasieren,(shave,"(sich) rasieren, rasiert,",,verb,,"rasiert,",Dein Bart ist aber lang! || Du solltest dich,72
b1_2365,B1,"rasierte, hat rasiert","rasierte, hat rasiert","rasierte, hat rasiert",,word,,,mal wieder rasieren.,72
b1_2366,B1,"raten, rät, riet,","advise, advise, advised","raten, rät, riet, 1.",,word,,hat geraten,"Ich möchte billig Urlaub machen. || Was || raten Sie mir? || Rate mal, wen ich heute getroffen habe! || Deinen Lehrer.",72
b1_2367,B1,der Rat,the council,der Rat,der,noun,,,Was soll ich machen? || Können Sie mir einen Rat geben?,72
b1_2368,B1,"Ratschlag, ¨-e","Advice, ¨-e","Ratschlag, ¨-e",,noun,,,Meine Tochter nimmt meine Ratschläge nicht an.,72
b1_2369,B1,"das Rätsel, -","the riddle, -","das Rätsel, -",das,noun,-,,Ich kann dieses Rätsel nicht lösen.,72
b1_2370,B1,"das Rathaus, ¨-er","the town hall, ¨-er","das Rathaus, ¨-er 1.",das,noun,¨-er 1.,,Hier links sehen Sie das Rathaus. || Die Wahl findet im Rathaus statt.,72
b1_2371,B1,"rauchen, raucht, rauchte,","smoke, smokes, smoked","rauchen, raucht, rauchte, 1.",,word,,hat geraucht,"Hier ist das Rauchen verboten! || Stört es Sie, wenn ich rauche?",72
b1_2372,B1,"der Raucher, -1.","the smoker, -1.","der Raucher, -1.",der,noun,-1.,,Gibt es hier ein Zimmer für Raucher?,73
b1_2373,B1,"die Raucherin, -nen2.","the smoker, -nen2.","die Raucherin, -nen2.",die,noun,-nen2.,,Ich bin keine Raucherin. || Ich bin Nichtraucherin.,73
b1_2374,B1,"der Raum, ¨-e","the space, ¨-e","der Raum, ¨-e",der,noun,¨-e,,Getränke gibt es im Raum nebenan.,73
b1_2375,B1,rauf/rauf-,up/up-,rauf/rauf- 1.,,word,,,"Hier ist die Treppe, also los, schnell rauf! || Möchtest du nicht raufkommen?",73
b1_2376,B1,raus/raus-,out/out-,raus/raus- 1.,,word,,,Willst du rein oder raus? || Er ist gerade rausgelaufen.,73
b1_2377,B1,"reagieren, reagiert,","react, react","reagieren, reagiert,",,word,,,"Ich habe dem Vermieter geschrieben,",73
b1_2378,B1,"reagierte, hat reagiert","reagierte, hat reagiert","reagierte, hat reagiert",,word,,,aber er hat noch nicht reagiert.,73
b1_2379,B1,"die Reaktion, -en","the reaction, -en","die Reaktion, -en",die,noun,-en,,Diese Reaktion ist typisch für ihn.,73
b1_2380,B1,"realisieren, realisiert,","realize, realized","realisieren, realisiert, 1.",,word,,,Diese Pläne sind nicht zu realisieren.,73
b1_2381,B1,"realisierte, hat realisiert","realized, has realized","realisierte, hat realisiert 2.",,word,,,"Ich habe nicht realisiert, dass die Zeit schon um ist.",73
b1_2382,B1,"die Realität, -en","the reality, -en","die Realität, -en",die,noun,-en,,Das gefällt dir nicht? || Aber das ist die Realität.,73
b1_2383,B1,realistisch,realistic,realistisch,,adjective,,,"Ich glaube nicht, dass du für das Auto noch so viel Geld bekommst. || Das ist nicht realistisch.",73
b1_2384,B1,"die Recherche, -n","the research, -n","die Recherche, -n",die,noun,-n,,Für diesen Bericht waren viele Recherchen nötig.,73
b1_2385,B1,"rechnen, rechnet,","calculate, calculate","rechnen, rechnet, 1.",,word,,,Meine Tochter kann gut rechnen.,73
b1_2386,B1,"rechnete, hat gerechnet","calculated, has calculated","rechnete, hat gerechnet 2.",,word,,,Im/In Rechnen hat sie eine Eins. || Mit solchen Schwierigkeiten hatten wir nicht gerechnet.,73
b1_2387,B1,"der Rechner, -","the computer, -","der Rechner, -",der,noun,-,,Mein Rechner ist kaputt.,73
b1_2388,B1,"die Rechnung, -en1.","the bill, -en1.","die Rechnung, -en1.",die,noun,-en1.,,"Bitte, die Rechnung! || Brauchen Sie für diese Reparatur eine Rechnung?",73
b1_2389,B1,"das Recht, -e","the right, -e","das Recht, -e 1.",das,noun,-e 1.,,"Nach deutschem Recht kann er dafür nicht bestraft werden. || Ich hatte Vorfahrt. || Ich war im Recht. || Die Rechnung stimmt nicht? || Dann haben Sie das Recht, das Geld zurückzubekommen.",73
b1_2390,B1,rechtlich,legally,rechtlich,,adjective,,,Wir beraten Sie in rechtlichen Fragen.,73
b1_2391,B1,recht,right,recht 1.,,word,,,"Ist es Ihnen recht, wenn ich morgen vorbeikomme? || Da haben Sie recht. || Da muss ich Ihnen recht geben.",73
b1_2392,B1,rechts,right,rechts 1.,,word,,,An der nächsten Kreuzung müssen Sie rechts abbiegen. || Der Bahnhof ist da vorne rechts.,73
b1_2393,B1,recht-,right-,recht-,,word,,,Ich habe mir den rechten Arm gebrochen.,73
b1_2394,B1,rechtzeitig,punctual,rechtzeitig,,adjective,,,Bitte weck mich rechtzeitig. || Ich muss pünktlich sein.,73
b1_2395,B1,"reden, redet, redete,","talk, talk, talk","reden, redet, redete,",,word,,hat geredet,Worüber habt ihr gestern geredet?,73
b1_2396,B1,"die Rede, -n","the speech, -n","die Rede, -n",die,noun,-n,,Der Präsident hat eine Rede gehalten.,73
b1_2397,B1,"reduzieren, reduziert,","reduce, reduced","reduzieren, reduziert, 1.",,word,,,Wir haben jetzt unsere Preise,73
b1_2398,B1,"reduzierte, hat reduziert","reduced, has reduced","reduzierte, hat reduziert",,word,,,reduziert. || Ist dieser Pullover auch reduziert?,73
b1_2399,B1,"das Referat, -e","the report, -e","das Referat, -e",das,noun,-e,,Vielen Dank für dieses interessante Referat.,73
b1_2400,B1,"die Reform, -en","the reform, -en","die Reform, -en",die,noun,-en,,Die Regierung plant für nächstes Jahr eine Reform. || Die Steuern sollen steigen.,73
b1_2401,B1,"das Regal, -e","the shelf, -e","das Regal, -e",das,noun,-e,,Das Buch steht im Regal oben rechts.,73
b1_2402,B1,"die Regel, -n",the rules,"die Regel, -n 1.",die,noun,-n 1.,,Im Straßenverkehr sind viele Regeln zu beachten. || Wie geht dieses Spiel? || Kennst du die Regeln? || In der Regel geht sie um sieben Uhr aus dem Haus.,73
b1_2403,B1,regelmäßig,regularly,regelmäßig,,adjective,,,Sie müssen die Tabletten regelmäßig nehmen.,73
b1_2404,B1,"regeln, regelt, regelte,","regulate, regulate, regulate","regeln, regelt, regelte,",,word,,hat geregelt,Die Ampel ist kaputt. || Ein Polizist regelt || den Verkehr.,73
b1_2405,B1,"regnen, es regnet,","rain, it's raining","regnen, es regnet,",,word,,,Es hat gestern den ganzen Tag,73
b1_2406,B1,"es regnete,",it was raining,"es regnete,",,word,,,geregnet.,73
b1_2407,B1,es hat geregnet,it rained,es hat geregnet,,word,,,,73
b1_2408,B1,der Regen,the rain,der Regen,der,noun,,,Bei Regen fällt das Konzert aus.,73
b1_2409,B1,"die Region, -en","the region, -en","die Region, -en 1.",die,noun,-en 1.,,In der Rhein-Main-Region sind die Mieten sehr hoch. || Die Milch ist aus der Region.,73
b1_2410,B1,regional,regional,regional,,word,,,Du kannst mit einer Regionalbahn fahren. || Das ist billiger.,73
b1_2411,B1,reich,rich,reich,,word,,,"Wenn ich reich wäre, würde ich eine Weltreise machen.",73
b1_2412,B1,"reichen, reicht, reichte,","enough, enough, enough","reichen, reicht, reichte, 1.",,word,,hat gereicht,"Ich nehme nur eine Suppe. || Das reicht || mir. || Wie lange reicht das Papier noch? || Ich glaube, wir müssen neues bestellen.",73
b1_2413,B1,reif,ripe,reif,,word,,,Die Banane kannst du nicht essen. || Sie ist noch nicht reif.,73
b1_2414,B1,"der Reifen, -","the tire, -","der Reifen, -",der,noun,-,,Ihr Wagen braucht neue Reifen.,73
b1_2415,B1,"die Reihe, -n","the row, -n","die Reihe, -n 1.",die,noun,-n 1.,,Ich habe Karten für das Konzert. || Wir sitzen in der dritten Reihe. || Wer ist jetzt an der Reihe?,73
b1_2416,B1,"die Reihenfolge, -n","the order, -n","die Reihenfolge, -n",die,noun,-n,,Achten Sie auf die Reihenfolge der Inhaltspunkte.,74
b1_2417,B1,rein,pure,rein 1.,,word,,,"Der Pullover ist aus reiner Wolle. || Es war reiner Zufall, dass ich die Uhr wiedergefunden habe. || Das Wasser ist so rein, dass man es trinken kann.",74
b1_2418,B1,"reinigen, reinigt, reinigte,","clean, cleans, cleaned","reinigen, reinigt, reinigte,",,word,,hat gereinigt,Ich möchte diesen Anzug reinigen || lassen.,74
b1_2419,B1,"die Reinigung, -en1.","the cleaning, -en1.","die Reinigung, -en1.",die,noun,-en1.,,Die Reinigung des Büros ist nicht teuer. || Kannst du bitte die Bluse in die Reinigung bringen?,74
b1_2420,B1,der Reis,the rice,der Reis,der,noun,,,"Eine Portion Huhn mit Reis, bitte.",74
b1_2421,B1,"reisen, reist, reiste,","travel, travel, traveled","reisen, reist, reiste,",,word,,ist gereist,Ich reise gern nach Spanien.,74
b1_2422,B1,"die Reise, -n1.","the journey, -n1.","die Reise, -n1.",die,noun,-n1.,,Wir haben eine Reise nach Österreich gebucht. || Auf der Reise haben wir nette Leute kennengelernt.,74
b1_2423,B1,"das Reisebüro, -s","the travel agency, -s","das Reisebüro, -s",das,noun,-s,,Wir haben die Reise im Reisebüro gebucht.,74
b1_2424,B1,"reiten, reitet, ritt,","ride, rides, rode","reiten, reitet, ritt,",,word,,ist geritten,Möchtest du gerne reiten lernen?,74
b1_2425,B1,"die Reklame, -n","the advertisement, -n","die Reklame, -n",die,noun,-n,,Ich möchte keine Reklame im Briefkasten.,74
b1_2426,B1,"der Rekord, -e","the record, -e","der Rekord, -e",der,noun,-e,,Es gibt einen neuen Rekord im Schwimmen.,74
b1_2427,B1,relativ,relative,relativ,,word,,,"Die Wohnung ist relativ groß, aber sehr teuer.",74
b1_2428,B1,"die Religion, -en","religion, -en","die Religion, -en",die,noun,-en,,Religion ist für manche Menschen sehr wichtig.,74
b1_2429,B1,"rennen, rennt, rannte,","run, run, ran","rennen, rennt, rannte,",,word,,ist gerannt,"Ich bin sehr schnell gerannt, aber der || Bus war schon weg.",74
b1_2430,B1,"die Rente, -n (D, CH) →A,","the pension, -n (D, CH) →A","die Rente, -n (D, CH) →A,",die,noun,"-n (D, CH) →A,",,Sie ist 67 und bekommt jetzt eine gute,74
b1_2431,B1,CH: Pension,CH: Pension,CH: Pension,,noun,,,Rente.,74
b1_2432,B1,in Rente gehen/sein (D) →1.,to retire/be (D) →1.,in Rente gehen/sein (D) →1.,,preposition,,,Ich gehe Ende des Jahres in Rente.,74
b1_2433,B1,"D, A: in Pension2.","D, A: retired2.","D, A: in Pension2.",,noun,,,Mein Nachbar ist seit zehn Jahren in,74
b1_2434,B1,"gehen/sein; CH, D: pen-","go/be; CH, D: pen-","gehen/sein; CH, D: pen-",,word,,,Rente.,74
b1_2435,B1,sioniert werden/sein,to be/be sioned,sioniert werden/sein,,word,,,,74
b1_2436,B1,"der Rentner, -","the pensioner, -","der Rentner, -",der,noun,-,,Meine Großmutter arbeitet nicht mehr.,74
b1_2437,B1,"die Rentnerin, -nen","the pensioner, -nen","die Rentnerin, -nen",die,noun,-nen,,Sie ist Rentnerin.,74
b1_2438,B1,"→A: (D, CH) Pensionist","→A: (D, CH) Pensioner","→A: (D, CH) Pensionist",,other,,,,74
b1_2439,B1,"reparieren, repariert,","repair, repair","reparieren, repariert,",,word,,,Das Fahrrad kann man leider nicht,74
b1_2440,B1,"reparierte, hat repariert","repaired, has repaired","reparierte, hat repariert",,word,,,mehr reparieren.,74
b1_2441,B1,"die Reparatur, -en","the repair, -en","die Reparatur, -en",die,noun,-en,,Eine Reparatur wäre zu teuer.,74
b1_2442,B1,"die Reportage, -n","the report, -n","die Reportage, -n",die,noun,-n,,Hast du die Reportage über Afrika gesehen?,74
b1_2443,B1,"der Reporter, -","the reporter, -","der Reporter, -",der,noun,-,,Die Reporterin macht gerade ein,74
b1_2444,B1,"die Reporterin, -nen","the reporter, -nen","die Reporterin, -nen",die,noun,-nen,,Interview.,74
b1_2445,B1,"reservieren, reserviert,","reserve, reserved","reservieren, reserviert, 1.",,word,,,Dieser Tisch ist reserviert.,74
b1_2446,B1,"reservierte, hat reserviert","reserved, has reserved","reservierte, hat reserviert 2.",,word,,,Bitte reservieren Sie mir ein Doppelzimmer.,74
b1_2447,B1,"die Reservierung, -en","the reservation, -en","die Reservierung, -en",die,noun,-en,,Was kostet eine Reservierung?,74
b1_2448,B1,der Respekt,the respect,der Respekt 1.,der,noun,,,Ich habe großen Respekt vor meinem Lehrer. || Du solltest ihr mehr Respekt entgegen- bringen. || Ich habe bei der Prüfung alle Punkte erreicht! || – Respekt!,74
b1_2449,B1,"der Rest, -e","the rest, -e","der Rest, -e 1.",der,noun,-e 1.,,Hier sind 100 Euro. || Den Rest gebe ich dir später. || Es ist noch ein Rest Wein da. || Möchtest du noch?,74
b1_2450,B1,"das Restaurant, -s","the restaurant, -s","das Restaurant, -s",das,noun,-s,,Wir essen heute im Restaurant.,74
b1_2451,B1,"retten, rettet, rettete,","save, save, saved","retten, rettet, rettete,",,word,,hat gerettet,Der Arzt konnte das Kind noch retten.,74
b1_2452,B1,"das Rezept, -e","the recipe, -e","das Rezept, -e 1.",das,noun,-e 1.,,Diese Schmerztabletten gibt es nur auf Rezept. || Weißt du ein gutes Rezept für Gemüsesuppe?,74
b1_2453,B1,"die Rezeption/Reception, -","the reception/reception, -","die Rezeption/Reception, -",die,noun,-,,Geben Sie bitte den Schlüssel an der,74
b1_2454,B1,en,en,en,,verb,,,Rezeption ab.,74
b1_2455,B1,"der Richter, -","the judge, -","der Richter, -",der,noun,-,,Der Richter hat noch kein Urteil,74
b1_2456,B1,"die Richterin, -nen","the judge, -nen","die Richterin, -nen",die,noun,-nen,,gesprochen.,74
b1_2457,B1,richtig,correct,richtig 1.,,adjective,,,"Was Sie da sagen, ist richtig. || Geht Ihre Uhr richtig? || Das ist nicht die richtige Größe.",74
b1_2458,B1,"die Richtung, -en","the direction, -en","die Richtung, -en 1.",die,noun,-en 1.,,Der Zug in Richtung Köln hat Verspätung. || Wo ist der Bahnhof? || In welche Richtung muss ich fahren?,74
b1_2459,B1,"riechen, riecht, roch,","smell, smells, smelled","riechen, riecht, roch, 1.",,word,,hat gerochen,Dieses Parfüm riecht sehr gut. || Im ganzen Haus riecht es nach Farbe. || Ich bin erkältet. || Ich kann nichts riechen.,74
b1_2460,B1,riesig,gigantic,riesig 1.,,adjective,,,Die Stadt ist riesig. || Ich habe mich über das Geschenk riesig gefreut.,74
b1_2461,B1,"das Rind, -er","the beef, -er","das Rind, -er",das,noun,-er,,Ich esse nur Fleisch vom Rind.,74
b1_2462,B1,"der Ring, -e","the ring, -e","der Ring, -e",der,noun,-e,,Ich habe meinen Ring verloren.,74
b1_2463,B1,"das Risiko, Risiken","the risk, risks","das Risiko, Risiken",das,noun,Risiken,,Ich nehme keinen Kredit auf. || Das Risiko ist mir zu hoch.,75
b1_2464,B1,"der Rock, ¨-e","the skirt, ¨-e","der Rock, ¨-e",der,noun,¨-e,,Diese Bluse passt nicht zu meinem Rock.,75
b1_2465,B1,roh,raw,roh,,word,,,Du kannst das nicht essen. || Das Fleisch ist noch roh.,75
b1_2466,B1,"das (Back-)Rohr, -e (A) →","the (baking) pipe, -e (A) →","das (Back-)Rohr, -e (A) →",das,noun,,,Ich habe gerade eine Pizza gemacht.,75
b1_2467,B1,"D, CH: (Back-)Ofen","D, CH: (baking) oven","D, CH: (Back-)Ofen",,noun,,,Sie ist ganz frisch aus dem Rohr.,75
b1_2468,B1,"die Rolle, -n","the role, -n","die Rolle, -n 1.",die,noun,-n 1.,,Die Schauspielerin hat ihre Rolle sehr gut gespielt. || Geld spielt in diesem Fall keine Rolle.,75
b1_2469,B1,"der Roman, -e","the novel, -e","der Roman, -e",der,noun,-e,,Ich lese gern Romane.,75
b1_2470,B1,"die Rose, -n","the rose, -n","die Rose, -n",die,noun,-n,,Rote Rosen sind ein schönes Geschenk.,75
b1_2471,B1,"der Rucksack, ¨-e","the backpack, ¨-e","der Rucksack, ¨-e",der,noun,¨-e,,Ich brauche nicht viel. || Ich nehme nur meinen Rucksack mit.,75
b1_2472,B1,rück-,back-,rück-,,word,,,,75
b1_2473,B1,"die Rückfahrt, -en","the return journey, -en","die Rückfahrt, -en",die,noun,-en,,Auf der Rückfahrt besuche ich meine Eltern.,75
b1_2474,B1,die Rückkehr,the return,die Rückkehr,die,noun,,,Nach meiner Rückkehr haben wir ein großes Fest gefeiert.,75
b1_2475,B1,rückwärts,backward,rückwärts,,word,,,Ich bin rückwärts aus der Garage gefahren.,75
b1_2476,B1,"der Rücken, -","der Rücken, -","der Rücken, -",der,noun,-,,Mir tut der Rücken weh.,75
b1_2477,B1,"die Rücksicht, -en","the consideration, -en","die Rücksicht, -en",die,noun,-en,,Nehmen Sie bitte Rücksicht auf die anderen Gäste.,75
b1_2478,B1,"das Rüebli, - (CH) →","the carrot, - (CH) →","das Rüebli, - (CH) →",das,noun,- (CH) →,,Hasen fressen gern Rüebli.,75
b1_2479,B1,Karotte; D: Möhre,Carrot; D: Carrot,Karotte; D: Möhre,,noun,,,,75
b1_2480,B1,"rufen, ruft, rief,","calling, calling, calling","rufen, ruft, rief, 1.",,word,,hat gerufen,"Ich habe die Kinder gerufen, aber sie || haben mich nicht gehört. || Wir haben sofort einen Arzt gerufen.",75
b1_2481,B1,"die Rufnummer, -n","the phone number, -n","die Rufnummer, -n",die,noun,-n,,Wir möchten Sie gerne anrufen. || Wie ist Ihre Rufnummer?,75
b1_2482,B1,die Ruhe,the calm,die Ruhe 1.,die,noun,,,"Ruhe, bitte! || Lass mich jetzt endlich in Ruhe! || Ich brauche meine Ruhe.",75
b1_2483,B1,ruhig1.,quiet1.,ruhig1.,,word,,,Ich suche ein ruhiges Zimmer. || Nachts ist es hier in der Straße sehr ruhig. || Du kannst ruhig rauchen.,75
b1_2484,B1,rund,around,rund 1.,,word,,,Wir haben für unser Wohnzimmer einen runden Tisch gekauft. || Bis Berlin sind es noch rund 40 Kilometer.,75
b1_2485,B1,"die Runde, -n","the round, -n","die Runde, -n 1.",die,noun,-n 1.,,Ich laufe jeden Tag fünf Runden im Park. || Wir müssen über die Probleme sprechen. || Am besten mit allen in einer Runde.,75
b1_2486,B1,"die Rundfahrt, -en","the tour, -en","die Rundfahrt, -en",die,noun,-en,,Am zweiten Tag haben wir eine Rundfahrt durch den Hafen gemacht.,75
b1_2487,B1,"der Saal, Säle","the hall, halls","der Saal, Säle",der,noun,Säle,,Für unsere Familienfeier haben wir einen kleinen Saal gemietet.,75
b1_2488,B1,"die Sache, -n","the thing, -n","die Sache, -n 1.",die,noun,-n 1.,,Wir haben unsere Sachen im Hotel gelassen. || Er hat zum Geburtstag viele Sachen bekommen. || Das geht mich nichts an. || Das ist Ihre Sache.,75
b1_2489,B1,"der Sack, ¨-e","the sack, ¨-e","der Sack, ¨-e 1.",der,noun,¨-e 1.,,Ich hätte gern einen Sack Kartoffeln. || Wo soll ich die Säcke mit dem Müll hinstellen?,75
b1_2490,B1,"der Saft, ¨-e","the juice, ¨-e","der Saft, ¨-e",der,noun,¨-e,,Ich trinke gern Apfelsaft.,75
b1_2491,B1,"sagen, sagt, sagte,","say, says, said","sagen, sagt, sagte, 1.",,word,,hat gesagt,"Entschuldigung! || Was haben Sie gesagt? || Können Sie mir bitte sagen, wo hier ein Geldautomat ist? || Wie sagt man „sorry“ auf Deutsch? || Sag mal, wie geht’s dir denn?",75
b1_2492,B1,die (Schlag-)Sahne (D) →,the (whipped) cream (D) →,die (Schlag-)Sahne (D) →,die,noun,,,Ich hätte gern ein Stück Torte mit,75
b1_2493,B1,A: (Schlag-)Obers; CH:,A: (whipped) cream; CH:,A: (Schlag-)Obers; CH:,,noun,,,Sahne.,75
b1_2494,B1,(Schlag-)Rahm,(whipped) cream,(Schlag-)Rahm,,other,,,,75
b1_2495,B1,"die Saison, -s","the season, -s","die Saison, -s",die,noun,-s,,Urlaub in den Schulferien ist immer teurer. || Das ist die Saison mit den höch- sten Preisen.,75
b1_2496,B1,"der Salat, -e","der Salat, -e","der Salat, -e",der,noun,-e,,Möchten Sie zum Fisch einen Salat?,75
b1_2497,B1,"die Salbe, -n","the ointment, -n","die Salbe, -n",die,noun,-n,,Diese Salbe gibt es nur auf Rezept.,75
b1_2498,B1,"der Salon, -s","the salon, -s","der Salon, -s",der,noun,-s,,Sie arbeitet als Friseurin in einem Salon.,75
b1_2499,B1,"das Salz, -e","the salt, -e","das Salz, -e",das,noun,-e,,Gib mir bitte mal das Salz!,75
b1_2500,B1,salzig,salty,salzig,,adjective,,,Dieses Essen ist zu salzig für mich.,75
b1_2501,B1,"sammeln, sammelt,","collect, collect","sammeln, sammelt, 1.",,word,,,Mein Bruder sammelt Briefmarken.,75
b1_2502,B1,"sammelte, hat gesammelt","collected, has collected","sammelte, hat gesammelt 2.",,word,,,Im Herbst sammeln wir im Wald Pilze.,75
b1_2503,B1,sämtliche,all,sämtliche,,word,,,Sämtliche Fenster müssen geschlossen bleiben.,75
b1_2504,B1,der Sand,the sand,der Sand,der,noun,,,Die Kinder spielen gern im Sand.,75
b1_2505,B1,"der Sänger, -","the singer, -","der Sänger, -",der,noun,-,,Wie findest du diesen Sänger? − Ich,76
b1_2506,B1,"die Sängerin, -nen","the singer, -nen","die Sängerin, -nen",die,noun,-nen,,finde seine Stimme toll.,76
b1_2507,B1,satt,fed up,satt,,word,,,"Möchten Sie noch etwas? || – Nein danke, ich bin satt.",76
b1_2508,B1,"der Satz, ¨-e","the sentence, ¨-e","der Satz, ¨-e",der,noun,¨-e,,Den letzten Satz verstehe ich nicht.,76
b1_2509,B1,sauber,clean,sauber 1.,,word,,,Bringen Sie mir bitte ein sauberes Glas! || Ich muss noch das Bad sauber machen.,76
b1_2510,B1,sauer,sour,sauer 1.,,word,,,Die Äpfel sind mir zu sauer. || Die Milch ist sauer. || Immer kommst du zu spät. || Ich bin wirklich sauer auf dich.,76
b1_2511,B1,"die Schachtel, -n","the box, -n","die Schachtel, -n 1.",die,noun,-n 1.,,Ich hätte gern eine Schachtel Zigaretten. || Meiner Mutter schenke ich eine Schachtel Pralinen.,76
b1_2512,B1,schade,too bad,schade 1.,,word,,,"Ich kann leider nicht mitkommen. || – Das ist aber schade! || Schade, dass du nicht mitkommen kannst.",76
b1_2513,B1,"schaden, schadet,","harm, harm","schaden, schadet,",,word,,,Ein kleines Glas Wein kann nicht,76
b1_2514,B1,"schadete, hat geschadet","harmed, did harm","schadete, hat geschadet",,word,,,schaden.,76
b1_2515,B1,"der Schaden, ¨-","the damage, ¨-","der Schaden, ¨-",der,noun,¨-,,Ich hatte einen Unfall mit dem Auto. || Jetzt muss ich den Schaden der Versicherung melden.,76
b1_2516,B1,schädlich,harmful,schädlich,,adjective,,,Rauchen ist schädlich für die Gesundheit.,76
b1_2517,B1,"schaffen, schafft, schaffte,","create, creates, created","schaffen, schafft, schaffte,",,word,,hat geschafft,"Kannst du mir helfen, die Party vorzu- || bereiten? || Ich schaffe das nicht allein.",76
b1_2518,B1,"schalten, schaltet,","switch, switch","schalten, schaltet, 1.",,word,,,"Schalten Sie bitte das Licht aus, wenn",76
b1_2519,B1,"schaltete, hat geschaltet","switched, has switched","schaltete, hat geschaltet",,word,,,Sie gehen. || Kannst du bitte den Fernseher ein- schalten. || Jetzt kommen gleich die Nachrichten. || Du musst jetzt in den ersten Gang schalten.,76
b1_2520,B1,"der Schalter, -1.","the switch, -1.","der Schalter, -1.",der,noun,-1.,,Der Lichtschalter ist rechts neben der Tür. || Briefmarken bekommen Sie am Schalter 3.,76
b1_2521,B1,scharf,sharp,scharf 1.,,word,,,Bei uns zu Hause essen wir immer sehr scharf. || Hast du kein schärferes Messer?,76
b1_2522,B1,"der Schatten, -","the shadow, -","der Schatten, -",der,noun,-,,Gestern hatten wir 25 Grad im Schatten.,76
b1_2523,B1,"schätzen, schätzt,","appreciate, appreciate","schätzen, schätzt, 1.",,word,,,"Wie alt ist der Chef? || – Ich weiß nicht,",76
b1_2524,B1,"schätzte, hat geschätzt","appreciated, appreciated","schätzte, hat geschätzt",,word,,,"ich schätze, um die Fünfzig. || Ich schätze deine gute Arbeit.",76
b1_2525,B1,"schauen, schaut, schaute,","look, look, looked","schauen, schaut, schaute,",,word,,hat geschaut,Schau mal! || Da vorne ist noch ein Platz || frei.,76
b1_2526,B1,zuschauen,watch,zuschauen,,verb,,,Möchtest du beim Fußballspiel zuschauen?,76
b1_2527,B1,"das Schaufenster, -","the shop window, -","das Schaufenster, -",das,noun,-,,Ich habe im Schaufenster eine schicke Bluse gesehen.,76
b1_2528,B1,"der Schauspieler, -","the actor, -","der Schauspieler, -",der,noun,-,,Der Film war toll. || Die Schauspieler,76
b1_2529,B1,"die Schauspielerin, -nen","the actress, -nen","die Schauspielerin, -nen",die,noun,-nen,,waren sehr gut.,76
b1_2530,B1,"die Scheibe, -n","the disk, -n","die Scheibe, -n 1.",die,noun,-n 1.,,"Fünf Scheiben Käse, bitte. || Die Scheiben sind ganz schmutzig. || Ich muss die Fenster putzen.",76
b1_2531,B1,sich scheiden lassen,get divorced,"sich scheiden lassen, lässt",,verb,,lässt,Meine Nachbarn haben sich scheiden,76
b1_2532,B1,sich scheiden,divorce,"sich scheiden, ließ sich",,verb,,ließ sich,lassen.,76
b1_2533,B1,"scheiden,",divorce,"scheiden,",,word,,hat sich scheiden lassen,,76
b1_2534,B1,geschieden,divorced,geschieden,,verb,,,Meine Kollegin ist geschieden.,76
b1_2535,B1,"die Scheidung, -en","the divorce, -en","die Scheidung, -en",die,noun,-en,,Wann war die Scheidung?,76
b1_2536,B1,"der Schein, -e","the appearance, -e","der Schein, -e 1.",der,noun,-e 1.,,Kannst du einen Schein in Kleingeld wechseln? || Hast du Kleingeld für den Automaten? || Ich habe nur Scheine.,76
b1_2537,B1,"scheinen, scheint, schien,","seem, seems, seemed","scheinen, scheint, schien, 1.",,word,,hat geschienen,Gestern hat es geregnet. || Heute scheint || wieder die Sonne. || Mein Kollege scheint krank zu sein. || Er war heute nicht im Büro.,76
b1_2538,B1,"schenken, schenkt,","give, give","schenken, schenkt,",,word,,,Wir wollen dir zum Geburtstag etwas,76
b1_2539,B1,"schenkte, hat geschenkt","gave, has given","schenkte, hat geschenkt",,word,,,schenken.,76
b1_2540,B1,"die Schere, -n","the scissors, -n","die Schere, -n",die,noun,-n,,Die Schere hier schneidet schlecht. || Hast du noch eine andere?,76
b1_2541,B1,"schicken, schickt, schickte,","send, send, sent","schicken, schickt, schickte, 1.",,word,,hat geschickt,Ich habe meinen Freunden eine Ein- || ladung zur Hochzeit geschickt. || Schick mir doch eine E-Mail. || Ich habe die Kinder einkaufen geschickt. || Wir haben keine Milch mehr zu Hause.,76
b1_2542,B1,"schieben, schiebt, schob,","push, push, push","schieben, schiebt, schob, 1.",,word,,hat geschoben,Leider ist mein Fahrrad kaputt- || gegangen. || Ich musste es nach Hause schieben. || Wir können den Schrank links an die Wand schieben; dann haben wir mehr Platz.,76
b1_2543,B1,schief,wrong,schief,,word,,,Der Spiegel hängt ganz schief.,76
b1_2544,B1,"schießen, schießt, schoss,","shoot, shoot, shoot","schießen, schießt, schoss,",,word,,hat geschossen,Unsere Mannschaft hat ein Tor || geschossen.,76
b1_2545,B1,"das Schiff, -e","the ship, -e","das Schiff, -e",das,noun,-e,,Sind Sie mit dem Schiff oder mit dem Flugzeug gekommen?,76
b1_2546,B1,"das Schild, -er","the sign, -er","das Schild, -er 1.",das,noun,-er 1.,,"Kannst du lesen, was dort auf dem Schild steht? || Machen Sie bitte das Schild ab? || Der Pullover ist ein Geschenk.",77
b1_2547,B1,"schimpfen, schimpft,","rant, rant","schimpfen, schimpft, 1.",,word,,,"Der Arzt hat mit mir geschimpft, weil",77
b1_2548,B1,"schimpfte, hat geschimpft","complained, complained","schimpfte, hat geschimpft",,word,,,ich zu wenig Sport mache. || Alle schimpfen über/auf das Wetter.,77
b1_2549,B1,"der Schinken, -","the ham, -","der Schinken, -",der,noun,-,,"Bitte, ein Brötchen mit Schinken.",77
b1_2550,B1,"der Schirm, -e","the umbrella, -e","der Schirm, -e",der,noun,-e,,Es regnet. || Hast du einen Schirm dabei?,77
b1_2551,B1,"schlafen, schläft, schlief,","sleep, sleep, sleep","schlafen, schläft, schlief, 1.",,word,,hat geschlafen,"Haben Sie gut geschlafen? || Wenn Sie mal nach München kommen, können Sie bei uns schlafen.",77
b1_2552,B1,der Schlaf1.,sleep1.,der Schlaf1.,der,noun,,,Das Kind macht jeden Tag nach dem Mittagessen einen kurzen Schlaf. || Genügend Schlaf ist wichtig für die Gesundheit.,77
b1_2553,B1,"schlagen, schlägt, schlug,","hit, hit, hit","schlagen, schlägt, schlug, 1.",,word,,hat geschlagen,Wer hat den Weltmeister geschlagen? || Ich muss einen Nagel in die Wand schlagen. || Wo ist der Hammer? || Das Herz schlug mir bis zum Hals.,77
b1_2554,B1,der/das (Schlag-)Obers (A),the (whipped) cream (A),der/das (Schlag-)Obers (A),,word,,,Ich hätte gern ein Stück Torte mit,77
b1_2555,B1,→D: (Schlag-)Sahne; CH:,→D: (whipped) cream; CH:,→D: (Schlag-)Sahne; CH:,,other,,,Schlagobers.,77
b1_2556,B1,(Schlag-)Rahm,(whipped) cream,(Schlag-)Rahm,,other,,,,77
b1_2557,B1,"die Schlange, -n","the snake, -n","die Schlange, -n",die,noun,-n,,Auf der Post gibt es immer eine lange (Warte-)Schlange.,77
b1_2558,B1,schlank,slim,schlank,,word,,,In diesem Kleid siehst du sehr schlank aus.,77
b1_2559,B1,schlecht,bad,schlecht 1.,,word,,,Das Wetter ist schlecht. || Du siehst aber schlecht aus. || Bist du krank? || Es geht mir schlecht. || Ich habe Fieber. || Ich habe zu viel gegessen. || Jetzt ist mir schlecht. || Hier ist schlechte Luft. || Mach bitte das Fenster auf. || Stell die Milch in den Kühlschrank. || Sonst wird sie schlecht. || Die Bezahlung in dieser Firma ist schlecht. || Die Verbindung ist schlecht. || Ich höre dich nicht gut. || Der Film war nicht schlecht. || Er hat mir ganz gut gefallen.,77
b1_2560,B1,"schließen, schließt,","close, closes","schließen, schließt, 1.",,word,,,"Bitte, schließen Sie die Tür.",77
b1_2561,B1,"schloss, hat geschlossen","closed, has closed","schloss, hat geschlossen 2.",,word,,,Die Tür schließt automatisch. || Die Banken sind am Samstag geschlossen. || Wir schließen um 20.00 Uhr. || Wann können wir den Mietvertrag abschließen? || Ich hatte die Papiere in den Schreibtisch eingeschlossen. || Du kannst die Datei schließen. || Ich bin fertig. || Sie mussten die Firma leider schließen.,77
b1_2562,B1,schließlich,finally,schließlich 1.,,adjective,,,Ich musste lange warten. || Aber schließlich habe ich den Job doch noch bekommen. || Ich helfe dir natürlich. || Du bist schließlich mein Freund.,77
b1_2563,B1,schlimm,terrible,schlimm 1.,,word,,,Die Wunde sieht schlimm aus. || Keine Angst. || Das ist nicht so schlimm.,77
b1_2564,B1,"das Schloss, ¨-er","the castle, ¨-er","das Schloss, ¨-er 1.",das,noun,¨-er 1.,,An unserer Wohnungstür ist das Schloss kaputt. || Wir haben am Wochenende ein Schloss besichtigt.,77
b1_2565,B1,der Schluss,the conclusion,der Schluss 1.,der,noun,,,Ich muss jetzt Schluss machen. || Es klingelt an der Tür. || Zum Schluss nochmals herzlichen Dank.,77
b1_2566,B1,"der Schlüssel, -","the key, -","der Schlüssel, -",der,noun,-,,Ich kann meine Schlüssel nicht finden.,77
b1_2567,B1,schmal,narrow,schmal,,word,,,Hier kannst du nicht parken. || Die Straße ist zu schmal.,77
b1_2568,B1,"schmecken, schmeckt,","taste, taste","schmecken, schmeckt, 1.",,word,,,Hat es Ihnen geschmeckt?,77
b1_2569,B1,"schmeckte,",tasted,"schmeckte, 2.",,word,,hat geschmeckt,Die Suppe schmeckt nach Knoblauch.,77
b1_2570,B1,"der Schmerz, -en","the pain, -en","der Schmerz, -en 1.",der,noun,-en 1.,,Haben Sie Schmerzen? || Ich kann vor Schmerzen nicht laufen.,77
b1_2571,B1,"das Schmerzmittel, -","the painkiller, -","das Schmerzmittel, -",das,noun,-,,Sie haben Zahnschmerzen? || Ich verschreibe Ihnen ein Schmerzmittel.,77
b1_2572,B1,"schminken, schminkt,","make up, make up","schminken, schminkt,",,word,,,Du bist heute sehr schön geschminkt.,77
b1_2573,B1,"schminkte,hat geschminkt","made up, did make up","schminkte,hat geschminkt",,word,,,,77
b1_2574,B1,der Schmuck,the jewelry,der Schmuck,der,noun,,,Dieser Schmuck ist von meiner Großmutter.,77
b1_2575,B1,der Schmutz,the dirt,der Schmutz,der,noun,,,Du hast Schmutz an deinen Schuhen.,77
b1_2576,B1,schmutzig1.,dirty1.,schmutzig1.,,word,,,Leg bitte die schmutzige Wäsche in die Waschmaschine. || Das Handtuch ist schmutzig.,77
b1_2577,B1,"verschmutzen,",pollute,"verschmutzen,",,word,,,Die Fabrik verschmutzt den Fluss.,77
b1_2578,B1,"verschmutzt,",dirty,"verschmutzt,",,word,,,,77
b1_2579,B1,"verschmutzte,",polluted,"verschmutzte,",,word,,hat verschmutzt,,77
b1_2580,B1,der Schnee,the snow,der Schnee,der,noun,,,Im Februar gibt es oft viel Schnee.,77
b1_2581,B1,"schneien, es schneit, es","snow, it's snowing, it","schneien, es schneit, es",,word,,,Heute Nacht hat es geschneit.,77
b1_2582,B1,"schneite, es hat geschneit","snowed, it snowed","schneite, es hat geschneit",,word,,,,77
b1_2583,B1,(sich) schneiden,to cut (oneself).,"(sich) schneiden, 1.",,verb,,1.,Das Messer schneidet nicht.,77
b1_2584,B1,"schneidet, schnitt,","cuts, cut","schneidet, schnitt, 2.",,word,,hat geschnitten,Hast du ein Pflaster? || Ich habe mich || geschnitten. || Wann lässt du deine Haare schneiden?,77
b1_2585,B1,schnell,fast,schnell 1.,,word,,,"Warum fährst du so schnell? || Bitte sagen Sie mir so schnell wie möglich Bescheid. || Ich bin gleich fertig, ich muss nur noch schnell telefonieren.",78
b1_2586,B1,"das Schnitzel, -","the schnitzel, -","das Schnitzel, -",das,noun,-,,Bitte ein Schnitzel mit Kartoffeln und Salat.,78
b1_2587,B1,der Schnupfen,the cold,der Schnupfen,der,noun,,,Ich habe Schnupfen. || Welches Medikament empfehlen Sie?,78
b1_2588,B1,die Schokolade,the chocolate,die Schokolade 1.,die,noun,,,Ich habe eine Tafel Schokolade gegessen. || Bringen Sie mir bitte eine Tasse heiße Schokolade.,78
b1_2589,B1,schon,already,schon 1.,,adverb,,,"Ist das Essen schon fertig? || Mirko ist erst fünf. || Aber er kann schon lesen. || Karl ist schon über 60. || Aber er ist noch sehr fit. || Mach schon, ich kann nicht länger warten. || Keine Sorge. || Es wird schon klappen. || Kommst du mit spazieren? || – Ich hätte schon Lust, aber ich muss arbeiten. || Ich mag keine Kartoffeln. || Und du? || – Ich schon.",78
b1_2590,B1,schön,nice,schön 1.,,word,,,"Ich finde eure Wohnung sehr schön. || Es ist schön heute. || Wir wünschen Ihnen einen schönen Aufenthalt in Kiel. || Schöne Grüße von Herrn Meier. || Möchten Sie noch eine Tasse Kaffee? || – Nein, danke schön. || Schön, dass du kommst. || Ich muss noch arbeiten. || – Schön, dann bleiben wir zu Hause.",78
b1_2591,B1,"der Schrank, ¨-e (D, CH) →","the cupboard, ¨-e (D, CH) →","der Schrank, ¨-e (D, CH) →",der,noun,"¨-e (D, CH) →",,Die Handtücher liegen im Schrank.,78
b1_2592,B1,"A, CH: Kasten","A, CH: box","A, CH: Kasten",,noun,,,,78
b1_2593,B1,der Schreck(en),der Schreck(en),der Schreck(en),der,noun,,,Ich habe einen großen Schreck bekommen.,78
b1_2594,B1,schrecklich1.,terrible1.,schrecklich1.,,word,,,Heute ist eine schreckliche Hitze. || Das Restaurant war schrecklich voll. || Ich finde dieses Kleid schrecklich. || Auf der Autobahn ist ein schrecklicher Unfall passiert.,78
b1_2595,B1,"schreiben, schreibt,","write, write","schreiben, schreibt, 1.",,word,,,Ich habe dir einen Brief geschrieben.,78
b1_2596,B1,"schrieb, hat geschrieben","wrote, wrote","schrieb, hat geschrieben 2.",,word,,,Ich schreibe dir eine E-Mail. || Mein Kugelschreiber schreibt nicht mehr.,78
b1_2597,B1,aufschreiben,write down,aufschreiben,,verb,,,Ich habe mir deine Telefonnummer aufgeschrieben.,78
b1_2598,B1,"das Schreiben, -","the writing, -","das Schreiben, -",das,noun,-,,Haben Sie mein Schreiben vom || März erhalten?,78
b1_2599,B1,"schreien, schreit, schrie,","scream, scream, scream","schreien, schreit, schrie, 1.",,word,,hat geschrien,"Kinder, hört bitte auf, so laut zu || schreien. || – Ich muss arbeiten. || Unser Baby hat heute Nacht viel geschrien.",78
b1_2600,B1,"die Schrift, -en","the writing, -en","die Schrift, -en",die,noun,-en,,Ich kann leider deine Schrift nicht lesen.,78
b1_2601,B1,schriftlich1.,in writing1.,schriftlich1.,,word,,,Die schriftliche Prüfung dauert einen halben Tag. || Wir brauchen von Ihnen eine schriftliche Bestätigung. || Sie müssen sich schriftlich anmelden.,78
b1_2602,B1,"der Schriftsteller, -","the writer, -","der Schriftsteller, -",der,noun,-,,Kennst du diese Schriftstellerin? || Ich,78
b1_2603,B1,"die Schriftstellerin, -nen","the writer, -nen","die Schriftstellerin, -nen",die,noun,-nen,,liebe ihre Bücher.,78
b1_2604,B1,"der Schritt, -e","the step, -e","der Schritt, -e 1.",der,noun,-e 1.,,Die Sprachschule ist nur ein paar Schritte von hier. || Du musst der Anleitung Schritt für Schritt folgen.,78
b1_2605,B1,"der Schuh, -e","the shoe, -e","der Schuh, -e",der,noun,-e,,Die neuen Schuhe sind mir zu eng.,78
b1_2606,B1,die Schuld,the blame,die Schuld,die,noun,,,"Es ist nicht meine Schuld, dass das nicht geklappt hat.",78
b1_2607,B1,schuld,fault,schuld,,word,,,Ich hatte einen Unfall. || Aber ich war nicht schuld.,78
b1_2608,B1,die Schulden (Pl.),the debts (pl.),die Schulden (Pl.),die,noun,,,Jetzt habe ich alle meine Schulden bezahlt.,78
b1_2609,B1,schuldig,guilty,schuldig,,adjective,,,"Was bin ich Ihnen schuldig? || – 50 Euro, bitte.",78
b1_2610,B1,"die Schule, -n","the school, -n","die Schule, -n 1.",die,noun,-n 1.,,Meine Tochter geht schon in die Schule. || Nächste Woche fängt die Schule wieder an. || Die Schule ist gleich hier um die Ecke.,78
b1_2611,B1,"die Schularbeit, -en (A) →","the school work, -en (A) →","die Schularbeit, -en (A) →",die,noun,-en (A) →,,Mein Sohn schreibt bei Schularbeiten,78
b1_2612,B1,D: Klassenarbeit,D: Class work,D: Klassenarbeit,,noun,,,immer gute Noten.,78
b1_2613,B1,"der Schüler, -","the student, -","der Schüler, -",der,noun,-,,In der Klasse sind 25 Schülerinnen.,78
b1_2614,B1,"die Schülerin, -nen","the student, -nen","die Schülerin, -nen",die,noun,-nen,,,78
b1_2615,B1,"die Schulter, -n","the shoulder, -n","die Schulter, -n",die,noun,-n,,Ich habe Schmerzen in der rechten Schulter.,78
b1_2616,B1,"die Schüssel, -n","the bowl, -n","die Schüssel, -n",die,noun,-n,,Gibst du mir bitte eine Schüssel für den Salat?,78
b1_2617,B1,"schütteln, schüttelt,","shake, shake","schütteln, schüttelt,",,word,,,Die Flasche muss man vor dem Öffnen,78
b1_2618,B1,"schüttelte, hat geschüttelt","shook, shook","schüttelte, hat geschüttelt",,word,,,schütteln.,78
b1_2619,B1,"schützen, schützt,","protect, protect","schützen, schützt,",,word,,,Diese Impfung schützt vor Grippe.,78
b1_2620,B1,"schützte, hat geschützt","protected, has protected","schützte, hat geschützt",,word,,,,78
b1_2621,B1,der Schutz1.,the protection1.,der Schutz1.,der,noun,,,Das ist ein guter Schutz gegen Kälte. || Alle reden heute über den Schutz der Umwelt.,79
b1_2622,B1,schwach,weak,schwach 1.,,word,,,Ich bin noch nicht gesund. || Ich fühle mich noch sehr schwach. || Die Tabletten sind zu schwach. || Sie helfen nicht.,79
b1_2623,B1,"das Schwammerl, -n (A) →","the mushroom, -n (A) →","das Schwammerl, -n (A) →",das,noun,-n (A) →,,Haben Sie frische Schwammerln?,79
b1_2624,B1,Pilz,Mushroom,Pilz,,noun,,,,79
b1_2625,B1,schwanger,pregnant,schwanger,,word,,,Meine Frau ist im dritten Monat schwanger.,79
b1_2626,B1,"die Schwangerschaft, -en","the pregnancy, -en","die Schwangerschaft, -en",die,noun,-en,,Sie dürfen während der Schwanger- schaft nicht rauchen.,79
b1_2627,B1,"schweigen, schweigt,","remain silent, remain silent","schweigen, schweigt,",,word,,,"Sie sprach viel, aber ihr Mann schwieg",79
b1_2628,B1,schwieg,remained silent,"schwieg, hat geschwiegen",,verb,,hat geschwiegen,den ganzen Abend lang.,79
b1_2629,B1,schwer,difficult,schwer 1.,,word,,,Der Koffer ist viel zu schwer. || Die Prüfung war schwer. || Das ist eine schwere Arbeit. || Dieses Wort ist schwer zu erklären.,79
b1_2630,B1,"die Schwester, -n","the sister, -n","die Schwester, -n 1.",die,noun,-n 1.,,Ich habe eine ältere Schwester und einen jüngeren Bruder. || Schwester Anna hat mir eine Schmerztablette gegeben.,79
b1_2631,B1,Schwieger-,in-law,Schwieger- 1.,,noun,,,Wir besuchen morgen meine Schwiegereltern. || Mein Schwiegervater ist Lehrer. || Ich verstehe mich gut mit meiner Schwiegertochter.,79
b1_2632,B1,schwierig,difficult,schwierig,,adjective,,,Die Prüfung war sehr schwierig.,79
b1_2633,B1,"die Schwierigkeit, -en","the difficulty, -en","die Schwierigkeit, -en",die,noun,-en,,Ich hatte große Schwierigkeiten einen Parkplatz zu bekommen.,79
b1_2634,B1,"schwimmen, schwimmt,","swim, swims","schwimmen, schwimmt, 1.",,word,,,Ich gehe regelmäßig schwimmen.,79
b1_2635,B1,"schwamm,",sponge,"schwamm, 2.",,word,,ist geschwommen,Kannst du schwimmen?,79
b1_2636,B1,"das Schwimmbad, ¨-er","the swimming pool, ¨-er","das Schwimmbad, ¨-er",das,noun,¨-er,,Kommst du mit ins Schwimmbad?,79
b1_2637,B1,"schwitzen, schwitzt,","sweat, sweat","schwitzen, schwitzt,",,word,,,Es war sehr heiß. || Wir haben alle sehr,79
b1_2638,B1,"schwitzte, hat geschwitzt","sweated, sweated","schwitzte, hat geschwitzt",,word,,,geschwitzt.,79
b1_2639,B1,"der See, -n","the lake, -n","der See, -n",der,noun,-n,,Unser Hotel war direkt am See.,79
b1_2640,B1,die See,the sea,die See,die,noun,,,Im Sommer fahren wir immer an die,79
b1_2641,B1,die Nord-/Ostsee,the North/Baltic Sea,die Nord-/Ostsee,die,noun,,,See.,79
b1_2642,B1,"sehen, sieht, sah,","see, sees, saw","sehen, sieht, sah,",,word,,hat gesehen,"Warst du schon mal an der || Nord/Ostsee? || Ich sehe nicht gut. || Ich brauche eine Brille. || Ich habe einen schönen Film gesehen. || Wir haben uns lange nicht gesehen. || Darf ich mal Ihren Ausweis sehen? || Sieh mal! || Es schneit. || Ich komme gleich wieder, ich muss mal schnell nach dem Essen sehen. || Was machst du im Urlaub? || – Ich weiß noch nicht. || Mal sehen. || Du siehst deiner Mutter sehr ähnlich.",79
b1_2643,B1,"die Sehenswürdigkeit, -en","the sight, -en","die Sehenswürdigkeit, -en",die,noun,-en,,Welche Sehenswürdigkeiten gibt es hier?,79
b1_2644,B1,sehr,very,sehr 1.,,adverb,,,Ich habe mich sehr über Ihren Besuch gefreut. || Hier ist Ihr Essen. || - Danke sehr. || Das Wetter ist heute sehr schön.,79
b1_2645,B1,"die Seife, -n","the soap, -n","die Seife, -n",die,noun,-n,,Hier gibt es keine Seife.,79
b1_2646,B1,"sein, ist, war, ist gewesen","to be, is, was, has been","sein, ist, war, ist gewesen 1.",,word,,,Ich bin Mechaniker. || Das sind meine Kollegen. || Ich bin müde. || Das Auto ist jetzt fünfzehn Jahre alt. || Heute ist Montag. || Der Termin beim Zahnarzt ist erst übermorgen. || Um 11 Uhr ist Pause. || Herr Müller ist in seinem Zimmer. || Das Auto ist mir zu teuer.,79
b1_2647,B1,10.Das,10.This,10.Das,,other,,,ist schwer zu verstehen.,79
b1_2648,B1,11.Mir,11.Mir,11.Mir,,other,,,ist kalt.,79
b1_2649,B1,12.Mit,12.With,12.Mit,,other,,,Präposition wie: Das Licht ist an/aus.,79
b1_2650,B1,seit,since,seit 1.,,preposition,,,"Wir wohnen seit dem || März in Dortmund. || Seit ich in Deutschland wohne, lerne ich Deutsch.",79
b1_2651,B1,seitdem,since,seitdem,,word,,,Ich bin vor zwei Jahren nach Deutsch- land gekommen. || Seitdem lerne ich Deutsch.,79
b1_2652,B1,"die Seite, -n","the page, -n","die Seite, -n 1.",die,noun,-n 1.,,Das hier ist die Goethestraße. || Ich wohne auf der linken Seite. || Der Text steht auf Seite 20.,79
b1_2653,B1,"der Sekretär, -e","the secretary, -e","der Sekretär, -e",der,noun,-e,,Der neue Sekretär hat sich gestern,79
b1_2654,B1,"die Sekretärin, -nen","the secretary, -nen","die Sekretärin, -nen",die,noun,-nen,,vorgestellt.,79
b1_2655,B1,selb-,self-,selb-,,word,,,Ich habe am selben Tag Geburtstag wie du.,79
b1_2656,B1,selbst,himself,selbst,,word,,,Den Kuchen habe ich selbst gebacken.,79
b1_2657,B1,selber,himself,selber,,word,,,Sie will das selber machen.,79
b1_2658,B1,selbstständig,self-employed,selbstständig 1.,,adjective,,,"Jetzt bin ich angestellt. || Früher war ich selbstständig. || Wir suchen eine Sekretärin, die selbstständig arbeiten kann.",79
b1_2659,B1,selbstverständlich,of course,selbstverständlich,,adjective,,,Selbstverständlich sagen wir Ihnen so- fort Bescheid.,79
b1_2660,B1,selten,rarely,selten,,verb,,,Ich gehe ganz selten ins Kino.,80
b1_2661,B1,seltsam,strange,seltsam 1.,,adjective,,,"Es ist seltsam, dass mein Bruder noch nicht hier ist. || Sie hörte ein seltsames Geräusch.",80
b1_2662,B1,"das Semester, -","the semester, -","das Semester, -",das,noun,-,,Mein Neffe studiert im || Semester Medizin.,80
b1_2663,B1,"das Seminar, -e","the seminar, -e","das Seminar, -e",das,noun,-e,,Ich möchte dieses Seminar unbedingt besuchen.,80
b1_2664,B1,"die Semmel, -n (A) →D:","the roll, -n (A) →D:","die Semmel, -n (A) →D:",die,noun,-n (A) →D:,,Ich hole schnell ein paar Semmeln zum,80
b1_2665,B1,Brötchen; CH: Brötli,Bread roll; CH: Bread rolls,Brötchen; CH: Brötli,,noun,,,Frühstück.,80
b1_2666,B1,"senden, sendet,","send, sends","senden, sendet, 1.",,word,,,Bitte senden Sie uns die Unterlagen,80
b1_2667,B1,"sendete/sandte, hat","sent/sent, has","sendete/sandte, hat",,word,,,per E-Mail.,80
b1_2668,B1,gesendet/gesandt,sent/sent,gesendet/gesandt 2.,,word,,,Können Sie uns die Post bitte nachsenden?,80
b1_2669,B1,"der Sender, -1.","the transmitter, -1.","der Sender, -1.",der,noun,-1.,,Welchen Sender siehst du am liebsten? || Ich höre im Radio am liebsten Sender mit moderner Musik.,80
b1_2670,B1,"die Sendung, -en1.","the broadcast, -en1.","die Sendung, -en1.",die,noun,-en1.,,Wir wiederholen die Sendung am 11. || Mai. || Ich warte auf eine Postsendung.,80
b1_2671,B1,die Senioren (Pl.),the seniors (pl.),die Senioren (Pl.),die,noun,,,Dieser Computerkurs ist für Senioren.,80
b1_2672,B1,senkrecht,perpendicular,senkrecht,,word,,,Ziehen Sie bitte eine senkrechte Linie.,80
b1_2673,B1,"die Serie, -n","the series, -n","die Serie, -n",die,noun,-n,,"Meine Tochter liebt es, im Fernsehen Serien zu schauen.",80
b1_2674,B1,der Service,the service,der Service 1.,der,noun,,,Rufst du beim Pizza-Service an? || Ich war mit dem Service in der Werk- statt nicht zufrieden.,80
b1_2675,B1,"der Serviceangestellte, -n","the service employee, -n","der Serviceangestellte, -n",der,noun,-n,,Ich bin Serviceangestellte von Beruf.,80
b1_2676,B1,"/ die Serviceangestellte, -","/ the service employee, -","/ die Serviceangestellte, -",,other,,,,80
b1_2677,B1,"n (CH) →Kellner; D, A:","n (CH) →waiter; D, A:","n (CH) →Kellner; D, A:",,word,,,,80
b1_2678,B1,Ober,Ober,Ober,,noun,,,,80
b1_2679,B1,"der Sessel, - (D, CH) →A,","the armchair, - (D, CH) →A","der Sessel, - (D, CH) →A,",der,noun,"- (D, CH) →A,",,Ich hätte gern einen bequemen Sessel.,80
b1_2680,B1,CH: Fauteuil,CH: Armchair,CH: Fauteuil,,noun,,,,80
b1_2681,B1,"→D, der Sessel, - (A) CH:","→D, the armchair, - (A) CH:","→D, der Sessel, - (A) CH:",,other,,,Da hinten ist noch ein Sessel frei.,80
b1_2682,B1,Stuhl,Chair,Stuhl,,noun,,,,80
b1_2683,B1,(sich) setzen,(to sit down,"(sich) setzen, setzt, setzte, 1.",,verb,,"setzt, setzte, 1., hat gesetzt","Darf ich mich zu Ihnen setzen? || Bitte setzen Sie sich, wohin Sie wollen!",80
b1_2684,B1,sicher,secure,sicher 1.,,word,,,"Dieses Auto ist besonders sicher. || Bist du sicher, dass die Bank heute geöffnet ist? || Das weiß ich ganz sicher. || Du bist jetzt sicher müde.",80
b1_2685,B1,"die Sicherheit, -en","security, -en","die Sicherheit, -en",die,noun,-en,,Sicherheit ist für mich sehr wichtig.,80
b1_2686,B1,"sichern, sichert, sicherte,","secure, secure, secured","sichern, sichert, sicherte,",,word,,hat gesichert,Du musst immer alle Daten im || Computer sichern.,80
b1_2687,B1,sichtbar,visible,sichtbar,,adjective,,,Es gibt keine sichtbaren Verletzungen. || Aber wir müssen das Bein trotzdem untersuchen.,80
b1_2688,B1,"siegen, siegt, siegte,","win, win, win","siegen, siegt, siegte,",,word,,hat gesiegt,Die Mannschaft siegte mit 2:0.,80
b1_2689,B1,"der Sieg, -e","the victory, -e","der Sieg, -e",der,noun,-e,,Unsere Mannschaft hat gewonnen. || Wir freuen uns über den Sieg.,80
b1_2690,B1,"der Sieger, -","the winner, -","der Sieger, -",der,noun,-,,Wer hat gewonnen? || Wie heißt die,80
b1_2691,B1,"die Siegerin, -nen","the winner, -nen","die Siegerin, -nen",die,noun,-nen,,Siegerin?,80
b1_2692,B1,(sich) siezen,(to) sit,"(sich) siezen, siezt,",,verb,,"siezt,","Obwohl sie sich schon lange kennen,",80
b1_2693,B1,"siezte, hat gesiezt","siezte, has siezt","siezte, hat gesiezt",,word,,,siezen sie sich.,80
b1_2694,B1,"singen, singt, sang, hat","sing, sings, sang, has","singen, singt, sang, hat 1.",,word,,,Ich singe gern.,80
b1_2695,B1,gesungen,sung,gesungen 2.,,word,,,"Ich kann heute nicht singen, ich bin erkältet.",80
b1_2696,B1,"sinken, sinkt, sank,","sink, sink, sank","sinken, sinkt, sank, 1.",,word,,ist gesunken,Das Schiff ist vor der Küste gesunken. || Der Preis ist um 3 % gesunken.,80
b1_2697,B1,der Sinn,the meaning,der Sinn,der,noun,,,"Es hat keinen Sinn, noch ein Spiel zu beginnen. || Es ist schon spät.",80
b1_2698,B1,sinnlos,pointless,sinnlos,,word,,,So ein sinnloses Buch habe ich schon lange nicht mehr gelesen.,80
b1_2699,B1,sinnvoll,sensible,sinnvoll,,adjective,,,"Es funktioniert einfach nicht. || Es ist sinnvoll, es noch einmal zu versuchen.",80
b1_2700,B1,"die Situation, -en","the situation, -en","die Situation, -en",die,noun,-en,,Ich bin in einer schwierigen Situation.,80
b1_2701,B1,"sitzen, sitzt, saß, hat/ist","sit, sits, sat, has/is","sitzen, sitzt, saß, hat/ist 1.",,word,,,Wo möchten Sie sitzen? || – Bitte ganz,80
b1_2702,B1,gesessen,sat,gesessen,,verb,,,hinten. || Die Jacke sitzt sehr gut.,80
b1_2703,B1,"der Sitz, -e","the seat, -e","der Sitz, -e",der,noun,-e,,Ich suche für meinen Sohn einen Sitz fürs Auto. || Erst ist erst drei Jahre alt.,80
b1_2704,B1,"der Ski/Schi, -er/-","the ski/ski, -he/-","der Ski/Schi, -er/- 1.",der,noun,-er/- 1.,,Gehen wir am Wochenende Ski laufen? || Das sind aber schöne Skier!,80
b1_2705,B1,so,so,so 1.,,word,,,"Wie macht man das? || – So! || Sie müssen das so machen. || Nicht so! || Sie sind auch hier! || So ein Zufall! || Ich melde mich, so schnell ich kann. || Wann treffen wir uns? || – So gegen 10 Uhr. || Ist dir das recht? || Dauert es lange? || – Eine Stunde oder so kann es schon dauern. || Ich hatte kein Geld dabei. || Da haben sie mich so hineingelassen. || So, jetzt bin ich fertig. || Was machen wir jetzt? || Fahren Sie bitte nicht so schnell!",80
b1_2706,B1,10.Meine,10.My,10.Meine,,other,,,Frau ist so groß wie ich.,80
b1_2707,B1,11.Was,11.What,11.Was,,other,,,macht ihr denn so?,80
b1_2708,B1,sobald,as soon as,sobald,,word,,,"Sobald ich den Termin weiß, gebe ich Ihnen Bescheid.",80
b1_2709,B1,"die Socke, -n","the sock, -n","die Socke, -n",die,noun,-n,,Im Winter brauche ich warme Socken.,81
b1_2710,B1,sodass,so that,sodass,,word,,,"Der Zug hatte zwei Stunden Verspätung, sodass ich erst um 23 Uhr nach Hause kam.",81
b1_2711,B1,"das Sofa, -s","das Sofa, -s","das Sofa, -s",das,noun,-s,,Wir hätten gern ein modernes Sofa.,81
b1_2712,B1,sofort,immediately,sofort 1.,,word,,,Warum sind Sie nicht sofort zum Arzt gegangen? || Karten für das Konzert bekommen Sie ab sofort im Kartenbüro.,81
b1_2713,B1,sogenannt-,so-called-,sogenannt- 1.,,word,,,"Studenten, die lange studieren, sind so- genannte Langzeitstudierende. || Wo bleiben denn deine sogenannten Freunde?",81
b1_2714,B1,sogar,even,sogar,,word,,,Auf dem Berg war es so kalt. || Es hat sogar geschneit.,81
b1_2715,B1,"der Sohn, ¨-e","the son, ¨-e","der Sohn, ¨-e",der,noun,¨-e,,Mein jüngster Sohn ist vier.,81
b1_2716,B1,solange,as long as,solange,,word,,,"Solange Sie Fieber haben, dürfen Sie auf keinen Fall arbeiten gehen.",81
b1_2717,B1,solch-,such-,solch-,,word,,,Solche Schuhe finde ich toll.,81
b1_2718,B1,"sollen, soll, sollte, hat","should, should, should, has","sollen, soll, sollte, hat 1.",,word,,,Wann soll ich kommen?,81
b1_2719,B1,gesollt (hat sollen als,should (has should as,gesollt (hat sollen als 2.,,word,,,"Ich habe im Radio gehört, es soll",81
b1_2720,B1,Modalverb),modal verb),Modalverb),,noun,,,"morgen regnen. || Sollten Sie mit dem Vorschlag nicht einverstanden sein, rufen Sie mich an.",81
b1_2721,B1,Sonder-,special,Sonder-,,noun,,,,81
b1_2722,B1,"das Sonderangebot, -e","the special offer, -e","das Sonderangebot, -e",das,noun,-e,,Das ist ein Sonderangebot: 25 % re- duziert.,81
b1_2723,B1,sondern,rather,sondern,,verb,,,"Unser Besuch kommt nicht heute, sondern morgen.",81
b1_2724,B1,die Sonne,the sun,die Sonne 1.,die,noun,,,Das Wetter ist schön. || Die Sonne scheint. || Ich habe zu lange in der Sonne gelegen.,81
b1_2725,B1,sonnig,sunny,sonnig,,adjective,,,Das Wetter morgen: sonnig und warm.,81
b1_2726,B1,sonst,otherwise,sonst 1.,,word,,,"Haben sie sonst noch einen Wunsch? || – Nein, danke. || Das ist alles. || Wir müssen jetzt gehen, sonst wird es zu spät. || Heute ist der Chef nicht mehr da. || Sonst ist er um diese Zeit immer im Büro.",81
b1_2727,B1,"sorgen, sorgt, sorgte,","worry, worry, worried","sorgen, sorgt, sorgte, 1.",,word,,hat gesorgt,"Wer sorgt denn für die Kinder? || Können Sie bitte dafür sorgen, dass die Heizung funktioniert?",81
b1_2728,B1,"die Sorge, -n",the worries,"die Sorge, -n",die,noun,-n,,Um Ihre Zukunft brauchen Sie sich keine Sorgen zu machen.,81
b1_2729,B1,"die Soße/Sauce, -n","the sauce/sauce, -n","die Soße/Sauce, -n",die,noun,-n,,Gibst du mir bitte mal die Soße?,81
b1_2730,B1,"das Souvenir, -s","the souvenir, -s","das Souvenir, -s",das,noun,-s,,Ich habe ein paar Souvenirs aus dem Urlaub mitgebracht.,81
b1_2731,B1,soviel,so much,soviel,,word,,,"Soviel ich weiß, hat dieses Restaurant heute Ruhetag.",81
b1_2732,B1,so viel/so viel wie,as much/as much as,so viel/so viel wie 1.,,word,,,Ich habe so viel gegessen. || Jetzt ist mir schlecht. || Ich verdiene nur halb so viel wie er.,81
b1_2733,B1,sowieso,anyway,sowieso,,word,,,Willst du mir den Brief mitgeben? || Ich gehe sowieso zur Post.,81
b1_2734,B1,sowohl … als auch,as well as,sowohl … als auch,,word,,,Sowohl Sie als auch Ihre Frau müssen unterschreiben.,81
b1_2735,B1,sozial,social,sozial 1.,,word,,,Das System ist nicht sozial. || Es gibt viele soziale Probleme.,81
b1_2736,B1,"der Sozialarbeiter, -","the social worker, -","der Sozialarbeiter, -",der,noun,-,,Die Sozialarbeiterin kommt einmal in,81
b1_2737,B1,"die Sozialarbeiterin, -nen","the social worker, -nen","die Sozialarbeiterin, -nen",die,noun,-nen,,der Woche.,81
b1_2738,B1,spannend,exciting,spannend,,word,,,Das Spiel war spannend bis zur letzten Minute.,81
b1_2739,B1,"sparen, spart, sparte, hat","save, saves, saved, has","sparen, spart, sparte, hat 1.",,word,,,"Ein Auto ist mir zu teuer, ich muss",81
b1_2740,B1,gespart,saved,gespart,,word,,,"sparen. || Um Strom zu sparen, schalten wir die Heizung nachts aus.",81
b1_2741,B1,sparsam1.,economical1.,sparsam1.,,word,,,Wir haben fünf Kinder. || Wir müssen sehr sparsam sein. || Mein Auto ist sehr sparsam. || Es verbraucht nur 5 Liter auf 100 km.,81
b1_2742,B1,der Spaß,the fun,der Spaß 1.,der,noun,,,Meine Arbeit macht mir viel Spaß. || Viel Spaß bei der Party!,81
b1_2743,B1,spät,late,spät 1.,,word,,,"Wie spät ist es? || Es ist schon spät, ich muss gehen. || Ich muss mich beeilen. || Sonst komme ich zu spät. || Sonntags stehen wir immer spät auf. || Am späten Nachmittag ist der Verkehr besonders stark. || Können Sie später noch mal anrufen? || Was willst du denn später mal werden?",81
b1_2744,B1,spätestens,at latest,spätestens,,word,,,Ich muss spätestens um 9 Uhr bei der Arbeit sein.,81
b1_2745,B1,"spazieren gehen, geht","go for a walk, goes","spazieren gehen, geht",,word,,,Wir gehen sonntags immer spazieren.,81
b1_2746,B1,"spazieren, ging spazieren,","walk, went for a walk","spazieren, ging spazieren,",,word,,ist spazieren gegangen,,81
b1_2747,B1,"der Spaziergang, ¨-e","the walk, ¨-e","der Spaziergang, ¨-e",der,noun,¨-e,,Abends mache ich oft einen Spaziergang durch das Viertel.,81
b1_2748,B1,"speichern, speichert,","speichern, speichert,","speichern, speichert,",,word,,,Sie müssen die Datei speichern.,81
b1_2749,B1,"speicherte,",saved,"speicherte,",,word,,hat gespeichert,,81
b1_2750,B1,"Speise-/-speise, -n","food/dish, -n","Speise-/-speise, -n",,noun,,,"Als Vorspeise nehme ich eine Suppe, aber dafür nehme ich keine Nachspeise. (D, A)",82
b1_2751,B1,"die Speisekarte, -n","the menu, -n","die Speisekarte, -n",die,noun,-n,,"Bitte, die Speisekarte.",82
b1_2752,B1,"der Speisewagen, -","the dining car, -","der Speisewagen, -",der,noun,-,,Wo ist der Speisewagen?,82
b1_2753,B1,Spezial-,special,Spezial-,,noun,,,Ich brauche eine Spezialpflege für trockenes Haar.,82
b1_2754,B1,"der Spezialist, -en","the specialist, -en","der Spezialist, -en",der,noun,-en,,Mein Arzt hat mich zur Spezialistin,82
b1_2755,B1,"die Spezialistin, -nen","the specialist, -nen","die Spezialistin, -nen",die,noun,-nen,,geschickt.,82
b1_2756,B1,speziell,special,speziell,,word,,,Ich suche einen ganz speziellen Ring für meine Freundin.,82
b1_2757,B1,"der Spiegel, -","the mirror, -","der Spiegel, -",der,noun,-,,"Ich möchte gerne sehen, wie mein Kleid sitzt. || Hast du einen Spiegel?",82
b1_2758,B1,"spielen, spielt, spielte,","play, plays, played","spielen, spielt, spielte, 1.",,word,,hat gespielt,"Wir haben einen großen Garten, da || können die Kinder spielen. || Am Sonntag spielen wir gegen die Fußballmannschaft der Nachbarschule. || Spielen Sie ein Instrument? || Spielen Sie Karten?",82
b1_2759,B1,"das Spiel, -e1.","the game, -e1.","das Spiel, -e1.",das,noun,-e1.,,Monopoly ist ein ganz bekanntes Spiel. || Nach 20 Minuten stand das Spiel 2:1.,82
b1_2760,B1,"der Spieler, -1.","the player, -1.","der Spieler, -1.",der,noun,-1.,,Für dieses Spiel braucht man zwei bis,82
b1_2761,B1,"die Spielerin, -nen","the player, -nen","die Spielerin, -nen",die,noun,-nen,,vier Spieler. || Beim Fußball gibt es elf Spieler.,82
b1_2762,B1,"der Spielplatz, ¨-e","the playground, ¨-e","der Spielplatz, ¨-e",der,noun,¨-e,,Die Kinder sind auf dem Spielplatz.,82
b1_2763,B1,"das Spielzeug, -e","the toy, -e","das Spielzeug, -e",das,noun,-e,,Zu Weihnachten wünschen sich die Kinder vor allem Spielzeug.,82
b1_2764,B1,spitz,pointed,spitz,,word,,,Der Bleistift ist nicht spitz.,82
b1_2765,B1,der Sport,the sport,der Sport 1.,der,noun,,,Für Sport interessiere ich mich sehr. || Ich mache viel Sport.,82
b1_2766,B1,"die Sportart, -en","the sport, -en","die Sportart, -en",die,noun,-en,,Welche Sportart findest du am besten?,82
b1_2767,B1,"der Sportler, -","the athlete, -","der Sportler, -",der,noun,-,,Sie ist eine gute Sportlerin.,82
b1_2768,B1,"die Sportlerin, -nen","the athlete, -nen","die Sportlerin, -nen",die,noun,-nen,,,82
b1_2769,B1,sportlich1.,sporty1.,sportlich1.,,word,,,Ich bin nicht sehr sportlich. || Ich mag bequeme und sportliche Klei- dung.,82
b1_2770,B1,"die Sprache, -n",the languages,"die Sprache, -n",die,noun,-n,,Franco spricht mehrere Sprachen.,82
b1_2771,B1,"die Fremdsprache, -n","the foreign language, -n","die Fremdsprache, -n",die,noun,-n,,Ich spreche drei Fremdsprachen.,82
b1_2772,B1,"die Muttersprache, -n","the native language, -n","die Muttersprache, -n",die,noun,-n,,Was ist Ihre Muttersprache?,82
b1_2773,B1,"die Zweitsprache, -n","the second language, -n","die Zweitsprache, -n",die,noun,-n,,Deutsch ist seine Zweitsprache.,82
b1_2774,B1,"sprechen, spricht, sprach,","speak, speaks, spoke","sprechen, spricht, sprach, 1.",,word,,hat gesprochen,Können Sie bitte etwas lauter || sprechen? || Jean spricht sehr gut Deutsch. || Ich möchte nicht darüber sprechen. || Die Bundeskanzlerin spricht heute Abend im Fernsehen. || Kann ich bitte Herrn Müller sprechen?,82
b1_2775,B1,"die Sprechstunde, -n →A:","the consultation hours, -n →A:","die Sprechstunde, -n →A:",die,noun,-n →A:,,Frau Dr. || Berger hat von 8 bis 12 Uhr,82
b1_2776,B1,Ordination,ordination,Ordination,,noun,,,Sprechstunde.,82
b1_2777,B1,"springen, springt, sprang,","jump, jump, jumped","springen, springt, sprang, 1.",,word,,ist gesprungen,"Wir waren im Schwimmbad. || Mein Sohn || ist immer wieder ins Wasser gesprungen. || Wie weit bist du heute gesprungen? || – 3,40 m.",82
b1_2778,B1,"die Spritze, -n","the syringe, -n","die Spritze, -n",die,noun,-n,,Ich habe heute vom Arzt eine Spritze gegen die Schmerzen bekommen.,82
b1_2779,B1,"spülen, spült, spülte,","rinse, rinse, rinse","spülen, spült, spülte, 1.",,word,,hat gespült,Hast du das Geschirr gespült? || Spülen Sie bitte jetzt den Mund aus.,82
b1_2780,B1,"die Spur, -en","the trail, -en","die Spur, -en",die,noun,-en,,"Fahren Sie bitte auf der linken Spur, wenn Sie schneller fahren.",82
b1_2781,B1,"spüren, spürt, spürte,","feel, feel, felt","spüren, spürt, spürte,",,word,,hat gespürt,Wo tut es weh? || Spüren Sie das hier?,82
b1_2782,B1,"das Stadion, Stadien","the stadium, stadiums","das Stadion, Stadien",das,noun,Stadien,,Ich möchte am Samstag ins Stadion gehen. || Da spielt meine Mannschaft.,82
b1_2783,B1,"die Stadt, ¨-e","the city, ¨-e","die Stadt, ¨-e 1.",die,noun,¨-e 1.,,Heidelberg ist eine alte Stadt. || Ich wohne lieber auf dem Land als in der Stadt. || Gehst du mit mir in die Stadt?,82
b1_2784,B1,städtisch,urban,städtisch,,adjective,,,Ich gehe gern in die städtische Bibliothek.,82
b1_2785,B1,"der Stadtplan, ¨-e","the city map, ¨-e","der Stadtplan, ¨-e",der,noun,¨-e,,Haben Sie einen Stadtplan?,82
b1_2786,B1,"stammen, stammt,","come from, comes from","stammen, stammt,",,word,,,Ich stamme aus einer kleinen Stadt an,82
b1_2787,B1,"stammte, hat gestammt","came from, has come from","stammte, hat gestammt",,word,,,der Donau.,82
b1_2788,B1,ständig,constant,ständig,,adjective,,,Ich habe schon ein paar Mal bei meiner Freundin angerufen. || Es ist ständig besetzt.,82
b1_2789,B1,"der Standpunkt, -e","the point of view, -e","der Standpunkt, -e",der,noun,-e,,Von seinem Standpunkt aus hat er recht.,82
b1_2790,B1,"der Star, -s","the star, -s","der Star, -s",der,noun,-s,,Diese Sängerin ist ein großer Star in Deutschland.,82
b1_2791,B1,stark,strong,stark 1.,,word,,,Der Kaffee ist sehr stark. || Am späten Nachmittag ist der Verkehr besonders stark. || Ich habe starke Kopfschmerzen. || Können Sie mir kein stärkeres Mittel verschreiben? || Es hat stark geregnet.,82
b1_2792,B1,"starten, startet, startete,","start, starts, started","starten, startet, startete,",,word,,ist gestartet,Das Flugzeug ist pünktlich gestartet.,82
b1_2793,B1,"der Start, -s","the start, -s","der Start, -s",der,noun,-s,,Bleiben Sie bitte während des Starts sitzen.,83
b1_2794,B1,"die Station, -en","the station, -en","die Station, -en 1.",die,noun,-en 1.,,Sie müssen an der nächsten Station aussteigen. || Meine Nachbarin liegt auf Station III.,83
b1_2795,B1,"die Statistik, -en","the statistics, -en","die Statistik, -en",die,noun,-en,,"Die Statistik zeigt, dass jeder zweite ein Fahrrad besitzt.",83
b1_2796,B1,statistisch,statistical,statistisch,,adjective,,,Die statistischen Ergebnisse zeigen eine gute Entwicklung.,83
b1_2797,B1,statt,instead of,statt,,word,,,Kann ich diese Woche statt Donnerstag am Freitag kommen?,83
b1_2798,B1,"stattfinden, findet statt,","take place, takes place","stattfinden, findet statt,",,word,,,Das Spiel findet auch bei Regen statt.,83
b1_2799,B1,"fand statt,",took place,"fand statt,",,word,,hat stattgefunden,,83
b1_2800,B1,"der Stau, -s","the traffic jam, -s","der Stau, -s 1.",der,noun,-s 1.,,Auf der A3 gibt es wegen eines Unfalls 5 km Stau. || Wir standen eine Stunde im Stau.,83
b1_2801,B1,der Staub,the dust,der Staub,der,noun,,,Ich habe überall Staub gewischt.,83
b1_2802,B1,"staubsaugen, staubsaugt,","vacuum, vacuum","staubsaugen, staubsaugt,",,word,,,Ich muss heute in meiner Wohnung,83
b1_2803,B1,"staubsaugte,",vacuumed,"staubsaugte,",,word,,hat gestaubsaugt,noch staubsaugen.,83
b1_2804,B1,"stechen, sticht, stach,","stab, stab, stab","stechen, sticht, stach,",,word,,hat gestochen,Stefan wird beim Zelten immer von || den Mücken gestochen.,83
b1_2805,B1,"stecken, steckt, steckte,","stuck, stuck, stuck","stecken, steckt, steckte, 1.",,word,,hat gesteckt,Wo ist denn mein Pass? || Ich hatte ihn || doch in die Handtasche gesteckt. || Du kannst reingehen. || Der Schlüssel steckt. || Die Zeitung steckt im Briefkasten.,83
b1_2806,B1,"die Steckdose, -n","the socket, -n","die Steckdose, -n",die,noun,-n,,Es gibt drei Steckdosen in diesem Zimmer.,83
b1_2807,B1,"der Stecker, -","the plug, -","der Stecker, -",der,noun,-,,Der Stecker passt nicht in diese Steckdose.,83
b1_2808,B1,"stehen, steht, stand,","stand, stand, stand","stehen, steht, stand, 1.",,word,,hat/ist gestanden,"In meinem Beruf muss ich viel stehen. || Als wir kamen, stand das Essen schon auf dem Tisch. || Der Bus steht schon an der Haltestelle. || Was steht heute in der Zeitung? || Nach 20 Minuten stand das Spiel 1:1. || Die neue Bluse steht dir gut.",83
b1_2809,B1,stehen bleiben,remain standing,stehen bleiben 1.,,word,,,Bitte bleiben Sie stehen. || Meine Uhr ist stehen geblieben.,83
b1_2810,B1,"stehlen, stiehlt, stahl,","steal, steal, stole","stehlen, stiehlt, stahl,",,word,,hat gestohlen,Gestern hat mir jemand im Zug meine || Uhr gestohlen.,83
b1_2811,B1,"steigen, steigt, stieg,","rise, rise, rose","steigen, steigt, stieg, 1.",,word,,ist gestiegen,Die Preise für Milch und Gemüse sind || schon wieder gestiegen. || Gegen Abend ist das Fieber wieder gestiegen.,83
b1_2812,B1,steil,steep,steil,,word,,,Die Straße zu unserem Haus ist sehr steil.,83
b1_2813,B1,"der Stein, -e","the stone, -e","der Stein, -e",der,noun,-e,,Die Kinder werfen Steine ins Wasser.,83
b1_2814,B1,"die Stelle, -n","the place, -n","die Stelle, -n 1.",die,noun,-n 1.,,Wir treffen uns hier an dieser Stelle. || Ich habe eine neue Stelle. || Diese Stelle in seinem Brief ist mir nicht ganz klar. || An Ihrer Stelle würde ich den Vertrag nicht unterschreiben.,83
b1_2815,B1,"stellen, stellt, stellte,","put, puts, put","stellen, stellt, stellte, 1.",,word,,hat gestellt,Stell das Bier in den Kühlschrank! || Ich hole noch Milch. || Stell dich bitte schon mal in die Schlange an der Kasse. || Wo kann ich mein Auto hinstellen? || Würden Sie das Radio bitte etwas leiser stellen. || Haben Sie einen Moment Zeit? || Wir möchten Ihnen ein paar Fragen stellen. || Ich habe den Wecker auf 5 Uhr gestellt.,83
b1_2816,B1,"der Stempel, -","the stamp, -","der Stempel, -",der,noun,-,,Der Poststempel trägt das Datum von letzter Woche. || Das Paket war lange un- terwegs.,83
b1_2817,B1,"sterben, stirbt, starb, ist","die, dies, died, is","sterben, stirbt, starb, ist",,word,,,Mein Kollege kommt heute nicht. || Sein,83
b1_2818,B1,gestorben,died,gestorben,,verb,,,Vater ist gestern gestorben.,83
b1_2819,B1,"der Stern, -e","the star, -e","der Stern, -e",der,noun,-e,,Heute sieht man viele Sterne am Himmel.,83
b1_2820,B1,"die Steuer, -n","the tax, -n","die Steuer, -n",die,noun,-n,,Wir müssen immer mehr Steuern zahlen.,83
b1_2821,B1,"der Steward, -s","the steward, -s","der Steward, -s",der,noun,-s,,Die Stewardess bringt das Mittagessen.,83
b1_2822,B1,"die Stewardess, -en","the stewardess, -en","die Stewardess, -en",die,noun,-en,,,83
b1_2823,B1,"der Stift, -e","the pen, -e","der Stift, -e",der,noun,-e,,Kannst du mir bitte einen Stift geben?,83
b1_2824,B1,"der Stil, -e","the style, -e","der Stil, -e 1.",der,noun,-e 1.,,Ihr Stil ist sehr elegant. || Das Gebäude gefällt mir. || Welcher Baustil ist das?,83
b1_2825,B1,stilistisch,stylistically,stilistisch,,adjective,,,Der Text ist stilistisch sehr schön.,83
b1_2826,B1,still,silent,still 1.,,word,,,Sei doch mal einen Moment still! || Maria kann nicht still sitzen.,83
b1_2827,B1,"der Stiefel, -","the boot, -","der Stiefel, -",der,noun,-,,Ich habe mir für den Winter ein Paar warme Stiefel gekauft.,83
b1_2828,B1,"→D, die Stiege, -n (A) CH:","→D, the stairs, -n (A) CH:","→D, die Stiege, -n (A) CH: 1.",,other,,,Wo ist die Toilette? || – Die Stiege hoch,83
b1_2829,B1,Treppe,Stairs,Treppe,,noun,,,und dann links. || Meine Oma kann nicht gut Stiegen steigen.,83
b1_2830,B1,"das Stiegenhaus, ¨-er (A)","the staircase, ¨-er (A)","das Stiegenhaus, ¨-er (A)",das,noun,¨-er (A),,Im Stiegenhaus ist kein Licht.,83
b1_2831,B1,"→D, CH: Treppenhaus","→D, CH: Staircase","→D, CH: Treppenhaus",,other,,,,83
b1_2832,B1,"die Stimme, -n","the voice, -n","die Stimme, -n",die,noun,-n,,Ich habe dich sofort an der Stimme erkannt.,84
b1_2833,B1,"stimmen, stimmt, stimmte,","true, true, true","stimmen, stimmt, stimmte, 1.",,word,,hat gestimmt,Meine Adresse stimmt nicht mehr. || Das Wetter in Deutschland könnte besser sein. || – Das stimmt.,84
b1_2834,B1,"die Stimmung, -en","the mood, -en","die Stimmung, -en",die,noun,-en,,Es war eine tolle Party. || Die Stimmung war sehr gut.,84
b1_2835,B1,"stinken, stinkt, stank,","stink, stink, stink","stinken, stinkt, stank,",,word,,hat gestunken,Was stinkt denn hier so? || – Das ist der || Fisch. || Er ist nicht mehr frisch.,84
b1_2836,B1,"der Stock →D, CH: Etage","the floor →D, CH: floor","der Stock →D, CH: Etage",der,noun,,,"Das Büro ist im || Stock, Zimmer 305.",84
b1_2837,B1,"das Stockwerk, -e","the floor, -e","das Stockwerk, -e",das,noun,-e,,Das Gebäude hat zwanzig Stockwerke.,84
b1_2838,B1,"der Stoff, -e","the material, -e","der Stoff, -e 1.",der,noun,-e 1.,,Was für ein Stoff ist das? || – Wolle. || In manchen Farben sind giftige Stoffe.,84
b1_2839,B1,stolz,proud,stolz,,word,,,Ich bin stolz auf dich. || Das hast du sehr gut gemacht.,84
b1_2840,B1,"stoppen, stoppt, stoppte,","stop, stop, stopped","stoppen, stoppt, stoppte,",,word,,hat gestoppt,"Die Polizei hat mich gestoppt, weil ich || bei Rot über die Ampel gefahren bin.",84
b1_2841,B1,"stören, stört, störte,","disturb, disturb, disturbed","stören, stört, störte, 1.",,word,,hat gestört,Darf ich Sie einen Augenblick stören? || Du kannst das Radio anlassen. || Das stört mich nicht.,84
b1_2842,B1,"die Störung, -en","the disorder, -en","die Störung, -en",die,noun,-en,,Entschuldigen Sie bitte die Störung.,84
b1_2843,B1,(sich) stoßen,to bump into (oneself).,"(sich) stoßen, stößt, stieß,",,verb,,"stößt, stieß,, hat gestoßen",Wie haben Sie sich denn verletzt? || – Ich || habe mich an der Autotür gestoßen.,84
b1_2844,B1,"die Strafe, -n","the punishment, -n","die Strafe, -n",die,noun,-n,,Schwarzfahren kostet 60 Euro Strafe.,84
b1_2845,B1,strafbar,punishable,strafbar,,adjective,,,"Was du da machst, ist strafbar.",84
b1_2846,B1,"der Strafzettel, -","the traffic ticket, -","der Strafzettel, -",der,noun,-,,So ein Pech! || Ich habe einmal falsch geparkt und sofort einen Strafzettel bekommen.,84
b1_2847,B1,"der Strand, ¨-e","der Strand, ¨-e","der Strand, ¨-e",der,noun,¨-e,,Im Urlaub bin ich am liebsten am Strand.,84
b1_2848,B1,"die Straße, -n","the street, -n","die Straße, -n 1.",die,noun,-n 1.,,Wir wohnen in einer sehr kleinen Straße. || Unser Haus ist eine Straße weiter.,84
b1_2849,B1,"die Straßenbahn, -en (D,","the tram, -en (D","die Straßenbahn, -en (D,",die,noun,"-en (D,",,Fahren wir mit der Straßenbahn oder,84
b1_2850,B1,A) →CH: Tram,A) →CH: Tram,A) →CH: Tram,,noun,,,der U-Bahn?,84
b1_2851,B1,"die Strecke, -n","the route, -n","die Strecke, -n 1.",die,noun,-n 1.,,"Sind Sie die ganze Strecke zu Fuß gegangen? || Auf der Strecke München – Salzburg: 8 km Stau. || Ich möchte nach Hamburg fahren. || Können Sie mir sagen, welche Strecke am besten ist?",84
b1_2852,B1,"das Streichholz, ¨-er →","the match, ¨-er →","das Streichholz, ¨-er →",das,noun,¨-er →,,Ich hätte gern eine Schachtel,84
b1_2853,B1,Zündholz; A: Zünder,Match; A: Detonator,Zündholz; A: Zünder,,noun,,,Streichhölzer.,84
b1_2854,B1,"streiken, streikt, streikte,","strike, strike, strike","streiken, streikt, streikte,",,word,,hat gestreikt,Die Arbeiter streiken für höhere || Löhne.,84
b1_2855,B1,"der Streik, -s","the strike, -s","der Streik, -s",der,noun,-s,,Es gab einen Streik am Flughafen. || Deshalb hatte unsere Maschine Verspätung.,84
b1_2856,B1,(sich) streiten,(argue,"(sich) streiten, streitet,",,verb,,"streitet,",Die Kinder streiten sich oft.,84
b1_2857,B1,stritt,argued,"stritt, hat gestritten",,verb,,hat gestritten,,84
b1_2858,B1,der Streit,the dispute,der Streit,der,noun,,,Ich möchte keinen Streit mit den Nachbarn.,84
b1_2859,B1,streng,strictly,streng,,word,,,Unsere Tochter hat einen sehr strengen Lehrer.,84
b1_2860,B1,der Stress,the stress,der Stress,der,noun,,,Ich habe bei der Arbeit viel Stress.,84
b1_2861,B1,der Strom,the stream,der Strom,der,noun,,,Wie kann ich im Haushalt Strom sparen?,84
b1_2862,B1,"der Strumpf, ¨-e","the stocking, ¨-e","der Strumpf, ¨-e",der,noun,¨-e,,Wo sind meine roten Strümpfe?,84
b1_2863,B1,"das Stück/-stück, -e","the piece/piece, -e","das Stück/-stück, -e 1.",das,noun,-e 1.,,Ich nehme zwei Stück Zucker in den Kaffee. || Möchten Sie noch ein Stück Kuchen? || Was kosten die Kulis? || – Ein Euro pro Stück. || Ich begleite dich ein Stück. || Er spielt in dem Stück die Hauptrolle.,84
b1_2864,B1,"die Studie, -n","the study, -n","die Studie, -n 1.",die,noun,-n 1.,,"Wir führen eine Studie über Arbeits- losigkeit durch. || Eine aktuelle Studie zeigt, dass die Umweltverschmutzung zunimmt.",84
b1_2865,B1,"studieren, studiert,","study, studied","studieren, studiert, 1.",,word,,,Mein Sohn will Medizin studieren.,84
b1_2866,B1,"studierte, hat studiert","studied, has studied","studierte, hat studiert 2.",,word,,,Ich studiere in Mainz.,84
b1_2867,B1,"der Student, -en","the student, -en","der Student, -en",der,noun,-en,,Schüler und Studenten zahlen die,84
b1_2868,B1,"die Studentin, -nen","the student, -nen","die Studentin, -nen",die,noun,-nen,,Hälfte.,84
b1_2869,B1,"der Studierende, -n","the student, -n","der Studierende, -n",der,noun,-n,,Zehn Studierende besuchen das,84
b1_2870,B1,"die Studierende, -n","the students, -n","die Studierende, -n",die,noun,-n,,Seminar.,84
b1_2871,B1,"das Studium, Studien","the study, studies","das Studium, Studien",das,noun,Studien,,Sie brauchen für diese Stelle ein abgeschlossenes Studium.,84
b1_2872,B1,"das Studio, -s","the studio, -s","das Studio, -s",das,noun,-s,,Zu Gast im Studio sind heute ...,84
b1_2873,B1,"die Stufe, -n","the level, -n","die Stufe, -n 1.",die,noun,-n 1.,,"Vorsicht, Stufe! || Die Volkshochschule bietet Sprach- kurse auf verschiedenen Stufen an.",84
b1_2874,B1,"der Stuhl, ¨-e","the chair, ¨-e","der Stuhl, ¨-e",der,noun,¨-e,,Da hinten ist noch ein Stuhl frei.,84
b1_2875,B1,stumm,mute,stumm,,word,,,Stell bitte dein Handy leise oder auf stumm.,84
b1_2876,B1,"die Stunde, -n","the hour, -n","die Stunde, -n 1.",die,noun,-n 1.,,Ich bin in einer Stunde wieder zurück. || Wir haben heute nur vier Stunden Schule. || Ich warte seit zwei Stunden auf dich.,85
b1_2877,B1,"der Sturm, ¨-e","the storm, ¨-e","der Sturm, ¨-e",der,noun,¨-e,,Im Radio haben sie Regen und Sturm angesagt.,85
b1_2878,B1,"stürzen, stürzt, stürzte,","fall, falls, fell","stürzen, stürzt, stürzte, 1.",,word,,ist gestürzt,"Ich bin auf der Straße gestürzt und || habe mir den Fuß gebrochen. || Bitte pass auf der Treppe auf, dass du nicht hinunterstürzt!",85
b1_2879,B1,"suchen, sucht, suchte,","search, search, search","suchen, sucht, suchte, 1.",,word,,hat gesucht,Ich suche meine Brille. || Wir suchen eine größere Wohnung. || Wen suchen Sie?,85
b1_2880,B1,"die Sucht, ¨-e","the addiction, ¨-e","die Sucht, ¨-e 1.",die,noun,¨-e 1.,,Die Sucht nach Medikamenten nimmt zu. || Er kämpft gegen seine Alkoholsucht. || Das Internet kann zur Sucht werden.,85
b1_2881,B1,süchtig1.,addicted1.,süchtig1.,,word,,,Ich bin süchtig nach Schokolade. || Fernsehen kann süchtig machen.,85
b1_2882,B1,"das Suchtmittel, -","the addictive substance, -","das Suchtmittel, -",das,noun,-,,Manche Medikamente sind auch Suchtmittel.,85
b1_2883,B1,"die Summe, -n","the sum, -n","die Summe, -n",die,noun,-n,,Die Summe scheint mir zu hoch!,85
b1_2884,B1,super,super,super 1.,,word,,,Das war ein super Film! || Er kann super tanzen. || Weißt du was? || Ich komme mit. || – Super!,85
b1_2885,B1,"der Supermarkt, ¨-e","the supermarket, ¨-e","der Supermarkt, ¨-e",der,noun,¨-e,,Donnerstags gehe ich immer in den Su- permarkt.,85
b1_2886,B1,"die Suppe, -n","the soup, -n","die Suppe, -n",die,noun,-n,,Schmeckt dir die Suppe?,85
b1_2887,B1,süß,sweet,süß 1.,,word,,,Ich esse gern süße Sachen. || Das ist aber ein süßes Baby!,85
b1_2888,B1,"das Symbol, -e","the symbol, -e","das Symbol, -e 1.",das,noun,-e 1.,,Das Herz ist ein Symbol für die Liebe. || Auf dem Bildschirm finden Sie viele Symbole.,85
b1_2889,B1,sympathisch,friendly,sympathisch,,adjective,,,Ich finde unsere neue Kollegin sehr sympathisch.,85
b1_2890,B1,"das System, -e","the system, -e","das System, -e 1.",das,noun,-e 1.,,Welches Betriebssystem hast du? || Ich kenne Ihr System nicht. || Können Sie es mir erklären?,85
b1_2891,B1,"die Szene, -n","the scene, -n","die Szene, -n 1.",die,noun,-n 1.,,In dieser Szene des Films stirbt der Held. || Ich kenne mich in der Szene nicht aus. || Ich bin zu alt. || Bitte mach keine Szene!,85
b1_2892,B1,"die Tabelle, -n","the table, -n","die Tabelle, -n",die,noun,-n,,Tragen Sie die richtige Information in die Tabelle ein.,85
b1_2893,B1,"die Tablette, -n","the tablet, -n","die Tablette, -n",die,noun,-n,,Nehmen Sie dreimal täglich eine Tablette.,85
b1_2894,B1,"1. die Tafel, -n","1. the board, -n","1. die Tafel, -n",,other,,,Der Lehrer schreibt das neue Wort an die Tafel. || Sie finden am Eingang eine Tafel mit Informationen. || Ich hätte gern zwei Tafeln Schokolade.,85
b1_2895,B1,"der Tagesablauf, ¨-e","the daily routine, ¨-e","der Tagesablauf, ¨-e",der,noun,¨-e,,Wie ist Ihr Tagesablauf?,85
b1_2896,B1,"das Tal, ¨-er","the valley, ¨-er","das Tal, ¨-er",das,noun,¨-er,,Unser Dorf liegt in einem Tal.,85
b1_2897,B1,"das Talent, -e","the talent, -e","das Talent, -e",das,noun,-e,,Sie hat großes Talent für Musik.,85
b1_2898,B1,"1. tanken, tankt, tankte,","1. refuel, refuel, refuel","1. tanken, tankt, tankte,",,other,,hat getankt,Wir müssen unbedingt tanken. || Wir || haben fast kein Benzin mehr. || Bitte einmal volltanken!,85
b1_2899,B1,"die Tankstelle, -n","the gas station, -n","die Tankstelle, -n",die,noun,-n,,Wo ist die nächste Tankstelle?,85
b1_2900,B1,"die Tante, -n","the aunt, -n","die Tante, -n",die,noun,-n,,"Die Familie meiner Mutter ist sehr groß, daher habe ich viele Tanten.",85
b1_2901,B1,"tanzen, tanzt, tanzte,","dance, dance, danced","tanzen, tanzt, tanzte,",,word,,hat getanzt,Auf der Hochzeit haben wir viel || getanzt.,85
b1_2902,B1,"der Tanz, ¨-e","the dance, ¨-e","der Tanz, ¨-e",der,noun,¨-e,,Diese modernen Tänze kann ich nicht.,85
b1_2903,B1,"die Tasche, -n","the bag, -n","die Tasche, -n 1.",die,noun,-n 1.,,"Ich habe nicht viel Gepäck, nur eine Tasche. || Meine Jacke hat keine Taschen.",85
b1_2904,B1,"das Taschengeld, -er","the pocket money, -er","das Taschengeld, -er",das,noun,-er,,Wie viel Taschengeld bekommst du im Monat?,85
b1_2905,B1,"das Taschentuch, ¨-er","the handkerchief, ¨-er","das Taschentuch, ¨-er",das,noun,¨-er,,Hast du ein Taschentuch für mich?,85
b1_2906,B1,"1. die Tasse, -n","1. the cup, -n","1. die Tasse, -n",,other,,,Die Tassen sind von meiner Großmutter. || Möchten Sie eine Tasse Kaffee?,85
b1_2907,B1,"die Tastatur, -en","the keyboard, -en","die Tastatur, -en",die,noun,-en,,Die Tastatur an meinem Computer ist ganz neu.,85
b1_2908,B1,"die Taste, -n","the key, -n","die Taste, -n 1.",die,noun,-n 1.,,An der Fernbedienung ist eine Taste kaputt. || Du musst jetzt die Stopp-Taste drücken.,85
b1_2909,B1,"die Tat, -en","the act, -en","die Tat, -en",die,noun,-en,,Dieser Mensch hat mit vielen guten Taten geholfen.,85
b1_2910,B1,"der Täter, -","the perpetrator, -","der Täter, -",der,noun,-,,Die Polizei hat den Täter endlich,85
b1_2911,B1,"die Täterin, -nen","the perpetrator, -nen","die Täterin, -nen",die,noun,-nen,,gefasst.,85
b1_2912,B1,"die Tätigkeit, -en","the activity, -s","die Tätigkeit, -en",die,noun,-en,,Welche Tätigkeit würde Ihnen Spaß machen?,85
b1_2913,B1,"die Tatsache, -n","the fact, -n","die Tatsache, -n",die,noun,-n,,Das widerspricht den Tatsachen.,86
b1_2914,B1,tatsächlich,actually,tatsächlich,,adjective,,,"Die Hose ist tatsächlich zu klein, obwohl sie so groß aussieht.",86
b1_2915,B1,taub,deaf,taub 1.,,word,,,"Sie hört schlecht, sie ist schon fast taub. || Bist du taub? || Ich spreche mit dir!",86
b1_2916,B1,"tauchen, taucht, tauchte,","dive, dive, dive","tauchen, taucht, tauchte,",,word,,,Ich möchte im Urlaub wieder tauchen,86
b1_2917,B1,ist/hat getaucht,is/has dived,ist/hat getaucht,,word,,,gehen.,86
b1_2918,B1,"tauschen, tauscht,","exchange, exchange","tauschen, tauscht, 1.",,word,,,Ich würde meinen Kuchen gegen dein,86
b1_2919,B1,"tauschte, hat getauscht","swapped, swapped","tauschte, hat getauscht",,word,,,Brot tauschen. || Wollen wir die Plätze tauschen?,86
b1_2920,B1,"die Technik, -en","the technology, -en","die Technik, -en 1.",die,noun,-en 1.,,"Ich verstehe nicht viel von Technik. || Um die Aufgaben zu lösen, brauchst du eine gute Arbeitstechnik.",86
b1_2921,B1,technisch1.,technical1.,technisch1.,,word,,,Es gab ein technisches Problem. || Sind Sie technisch interessiert?,86
b1_2922,B1,"die Technologie, -n","the technology, -n","die Technologie, -n",die,noun,-n,,Große Fortschritte gab es in der Technologie.,86
b1_2923,B1,der Tee,the tea,der Tee 1.,der,noun,,,Bitte einen Tee mit Zitrone. || Was kostet dieser Tee hier?,86
b1_2924,B1,Tee ziehen lassen,Let the tea steep,Tee ziehen lassen,,noun,,,Diesen Tee sollte man 10 Minuten ziehen lassen.,86
b1_2925,B1,"teilen, teilt, teilte,","share, share, share","teilen, teilt, teilte, 1.",,word,,hat geteilt,Mein Mann und ich teilen uns die || Arbeit. || Wollen wir uns eine Pizza teilen? || Was machst du mit dem Gewinn? || – Ich teile ihn mit meiner Familie.,86
b1_2926,B1,"das Teil, -e","the part, -e","das Teil, -e",das,noun,-e,,Dieses Teil müssen wir erst bestellen.,86
b1_2927,B1,"der Teil, -e1.","the part, -e1.","der Teil, -e1.",der,noun,-e1.,,Was steht in dem Brief? || Ich habe den ersten Teil nicht verstanden || Der Film hat zwei Teile. || Heute kommt Teil 1. || Gefällt dir der neue Job? || – Nur zum Teil.,86
b1_2928,B1,die Teilzeit,the part time,die Teilzeit,die,noun,,,Ich arbeite im Moment nur Teilzeit.,86
b1_2929,B1,"teilnehmen, nimmt teil,","participate, takes part","teilnehmen, nimmt teil,",,word,,,Leider konnte ich an dem Kurs nicht,86
b1_2930,B1,"nahm teil,",took part,"nahm teil,",,word,,hat teilgenommen,regelmäßig teilnehmen.,86
b1_2931,B1,"die Teilnahme, -n","participation, -n","die Teilnahme, -n",die,noun,-n,,Die Teilnahme am Gewinnspiel ist kostenlos.,86
b1_2932,B1,"der Teilnehmer, -","the participant, -","der Teilnehmer, -",der,noun,-,,Die Teilnehmerinnen aus unserem Kurs,86
b1_2933,B1,"die Teilnehmerin, -nen","the participant, -nen","die Teilnehmerin, -nen",die,noun,-nen,,kommen aus verschiedenen Ländern.,86
b1_2934,B1,"telefonieren, telefoniert,","make a phone call, make a phone call","telefonieren, telefoniert, 1.",,word,,,Ich muss kurz telefonieren.,86
b1_2935,B1,"telefonierte,",called on the phone,"telefonierte, 2.",,word,,hat telefoniert,Mein Mann telefoniert gerade. || Können || Sie später noch einmal anrufen?,86
b1_2936,B1,"das Telefon, -e1.","the telephone, -e1.","das Telefon, -e1.",das,noun,-e1.,,Darf ich bitte Ihr Telefon benutzen?,86
b1_2937,B1,"der Teller, -","the dish, -","der Teller, - 1.",der,noun,- 1.,,Stell bitte schon mal die Teller auf den Tisch! || Willst du noch einen Teller Suppe?,86
b1_2938,B1,"die Temperatur, -en","the temperature, -s","die Temperatur, -en",die,noun,-en,,Die Temperaturen steigen heute um 10 Grad.,86
b1_2939,B1,das Tempo,the pace,das Tempo 1.,das,noun,,,"Hier darfst du nur Tempo 30 fahren. || Achtung, hier ist eine Tempo-30-Zone!",86
b1_2940,B1,das Tennis,the tennis,das Tennis,das,noun,,,Ich spiele gern Tennis.,86
b1_2941,B1,"der Teppich, -e","the carpet, -e","der Teppich, -e 1.",der,noun,-e 1.,,Ich habe mir einen neuen Teppich gekauft. || Habt ihr in eurer neuen Wohnung Teppich oder einen Holzfußboden?,86
b1_2942,B1,"der Termin, -e","der Termin, -e","der Termin, -e",der,noun,-e,,Als Termin schlage ich den || Mai vor.,86
b1_2943,B1,"der Terminkalender, -","the appointment calendar, -","der Terminkalender, -",der,noun,-,,Hast du unser Treffen schon in deinen Terminkalender eingetragen?,86
b1_2944,B1,"die Terrasse, -n","die Terrasse, -n","die Terrasse, -n",die,noun,-n,,Setzen wir uns auf die Terrasse!,86
b1_2945,B1,"testen, testet, testete,","test, tested, tested","testen, testet, testete,",,word,,hat getestet,Testen Sie unsere Angebote kostenlos.,86
b1_2946,B1,"der Test, -s","the test, -s","der Test, -s",der,noun,-s,,Ich bin ganz sicher: Du wirst den Test schaffen.,86
b1_2947,B1,teuer,expensive,teuer,,word,,,Ich finde das Geschäft nicht teuer.,86
b1_2948,B1,"der Text, -e","the text, -e","der Text, -e",der,noun,-e,,Lesen Sie den Text.,86
b1_2949,B1,"das Theater, -","the theater, -","das Theater, -",das,noun,-,,Wir gehen nächste Woche ins Theater.,86
b1_2950,B1,"das Thema, Themen","the topic, topics","das Thema, Themen",das,noun,Themen,,Wir haben im Kurs viel über das Thema Umwelt gesprochen.,86
b1_2951,B1,theoretisch,theoretically,theoretisch,,adjective,,,Ich habe die theoretische Prüfung be- standen. || Nach der praktischen habe ich den Führerschein.,86
b1_2952,B1,"die Theorie, -n","the theory, -n","die Theorie, -n",die,noun,-n,,Das ist die Theorie. || In der Praxis ist vieles ganz anders.,86
b1_2953,B1,"die Therapie, -n","the therapy, -n","die Therapie, -n",die,noun,-n,,Die Therapie hat geholfen. || Es geht mir schon viel besser.,86
b1_2954,B1,"das Ticket, -s","the ticket, -s","das Ticket, -s 1.",das,noun,-s 1.,,Wir müssen die Tickets für unseren Flug ausdrucken. || Ich kaufe heute Tickets für das Konzert.,86
b1_2955,B1,tief,deep,tief 1.,,word,,,"Vorsicht, Kinder! || Das Wasser ist hier sehr tief. || Der Schrank ist drei Meter breit und 60 Zentimeter tief. || Bitte jetzt tief einatmen!",86
b1_2956,B1,"das Tier, -e","the animal, -e","das Tier, -e",das,noun,-e,,Er mag Tiere sehr und geht darum oft in den Zoo.,86
b1_2957,B1,"das Haustier, -e","the pet, -e","das Haustier, -e",das,noun,-e,,"Hat deine Familie ein Haustier? − Ja, wir haben einen Hund.",87
b1_2958,B1,"der Tierpark, -s","the zoo, -s","der Tierpark, -s",der,noun,-s,,Wollen wir am Samstag mit den Kindern in den Tierpark gehen?,87
b1_2959,B1,"der Tipp, -s","the tip, -s","der Tipp, -s",der,noun,-s,,Kannst du mir einen Tipp geben? || Wo finde ich billige Möbel?,87
b1_2960,B1,"tippen, tippt, tippte, hat","tap, tap, tapped, has","tippen, tippt, tippte, hat",,word,,,Wie schnell kannst du tippen?,87
b1_2961,B1,getippt,typed,getippt,,word,,,,87
b1_2962,B1,"der Tisch, -e","the table, -e","der Tisch, -e",der,noun,-e,,Das Essen steht schon auf dem Tisch.,87
b1_2963,B1,"der Titel, -","the title, -","der Titel, - 1.",der,noun,- 1.,,"Wie heißt der Film? || – Ich weiß den Titel nicht mehr. || Haben Sie einen Titel? || – Ja, Doktor.",87
b1_2964,B1,"die Tochter, ¨-",the daughter-,"die Tochter, ¨-",die,noun,¨-,,Das ist meine Tochter Katharina.,87
b1_2965,B1,der Tod,the death,der Tod,der,noun,,,Ich habe ihn vor seinem Tod noch einmal gesehen.,87
b1_2966,B1,tödlich,tödlich,tödlich,,adjective,,,Dieses Gift kann für den Menschen tödlich sein.,87
b1_2967,B1,"die Toilette, -n","the toilet, -n","die Toilette, -n",die,noun,-n,,"Wo ist die Toilette, bitte?",87
b1_2968,B1,tolerant,tolerant,tolerant,,word,,,Die Nachbarn hören oft laut Musik. || Wir müssen sehr tolerant sein.,87
b1_2969,B1,toll,great,toll 1.,,word,,,Ich habe mir ein tolles Kleid gekauft. || Unser Urlaub war toll.,87
b1_2970,B1,"→A: die Tomate, -n Pa-","→A: the tomato, -n Pa-","→A: die Tomate, -n Pa-",,other,,,Kauf bitte noch Tomaten auf dem,87
b1_2971,B1,radeiser,radeiser,radeiser,,word,,,Markt.,87
b1_2972,B1,"der Topf, ¨-e (D, A) →CH:","the pot, ¨-e (D, A) →CH:","der Topf, ¨-e (D, A) →CH: 1.",der,noun,"¨-e (D, A) →CH: 1.",,Dieses Jahr haben wir keine Töpfe mit,87
b1_2973,B1,Pfanne,Pan,Pfanne,,noun,,,Blumen auf dem Balkon. || Hast du keinen größeren Topf? || Ich möchte Kartoffeln kochen. →(CH: Pfanne),87
b1_2974,B1,"das Tor, -e","the gate, -e","das Tor, -e 1.",das,noun,-e 1.,,Hinter dem Tor geht es zur Fabrik. || Die Mannschaft konnte vier Tore schießen.,87
b1_2975,B1,"die Torte, -n","the cake, -n","die Torte, -n",die,noun,-n,,Zum Geburtstag backe ich dir eine Torte.,87
b1_2976,B1,tot,dead,tot,,word,,,Meine Großeltern sind schon lange tot.,87
b1_2977,B1,"der Tote, -n","the dead, -n","der Tote, -n",der,noun,-n,,Bei dem Unfall gab es zwei Tote.,87
b1_2978,B1,"die Tote, -n","the dead, -n","die Tote, -n",die,noun,-n,,,87
b1_2979,B1,total,total,total,,word,,,Der Film war total langweilig.,87
b1_2980,B1,der Tourismus,tourism,der Tourismus,der,noun,,,In dieser Gegend gibt es viel Tourismus.,87
b1_2981,B1,"der Tourist, -en","the tourist, -en","der Tourist, -en",der,noun,-en,,Es kommen immer mehr Touristen in,87
b1_2982,B1,"die Touristin, -nen","the tourist, -nen","die Touristin, -nen",die,noun,-nen,,unsere Stadt.,87
b1_2983,B1,"die Tradition, -en","the tradition, -en","die Tradition, -en",die,noun,-en,,Eine große Hochzeit mit vielen Leuten ist bei uns Tradition.,87
b1_2984,B1,traditionell,traditional,traditionell,,word,,,Ich mag die traditionelle Küche.,87
b1_2985,B1,"tragen, trägt, trug,","carry, carries, wore","tragen, trägt, trug, 1.",,word,,hat getragen,Lass mich den Koffer tragen. || Der ist zu || schwer für dich. || Mein Bruder trägt eine Brille. || Die Kosten trägt die Krankenkasse.,87
b1_2986,B1,"trainieren, trainiert,","train, trained","trainieren, trainiert,",,word,,,Wir trainieren einmal pro Woche im,87
b1_2987,B1,"trainierte, hat trainiert","trained, has trained","trainierte, hat trainiert",,word,,,Sportverein.,87
b1_2988,B1,"der Trainer, -","the coach, -","der Trainer, -",der,noun,-,,Ich finde unseren Trainer sehr nett.,87
b1_2989,B1,"die Trainerin, -nen","the trainer, -nen","die Trainerin, -nen",die,noun,-nen,,,87
b1_2990,B1,"das Training, -s1.","the training, -s1.","das Training, -s1.",das,noun,-s1.,,Jeden Dienstag ist Training. || Ich gehe jede Woche zum Training.,87
b1_2991,B1,"das Tram, -s →D,","the tram, -s →D","das Tram, -s →D,",das,noun,"-s →D,",,Fahren wir mit dem Tram oder dem,87
b1_2992,B1,A: Straßenbahn,A: Tram,A: Straßenbahn,,noun,,,Bus?,87
b1_2993,B1,"die Träne, -n","the tear, -n","die Träne, -n",die,noun,-n,,Sie trocknet dem Kind die Tränen.,87
b1_2994,B1,"transportieren, trans-","transport, trans-","transportieren, trans-",,word,,,Wie willst du die Möbel denn,87
b1_2995,B1,"portiert, transportierte,","ported, transported","portiert, transportierte,",,word,,hat transportiert,transportieren?,87
b1_2996,B1,"der Transport, -e","the transport, -e","der Transport, -e",der,noun,-e,,Was kostet der Transport?,87
b1_2997,B1,"träumen, träumt, träumte,","dream, dream, dream","träumen, träumt, träumte, 1.",,word,,hat geträumt,Ich habe schlecht geträumt. || Ich träume von einem großen Haus mit Garten.,87
b1_2998,B1,"der Traum, ¨-e","the dream, ¨-e","der Traum, ¨-e",der,noun,¨-e,,Mein Traum ist ein eigenes Geschäft.,87
b1_2999,B1,Traum-,Dream-,Traum-,,noun,,,Mein Traumberuf ist Feuerwehrmann.,87
b1_3000,B1,traurig,sad,traurig 1.,,adjective,,,Ich bin traurig. || Ich darf nicht mitfahren. || Das war ein sehr trauriger Film.,87
b1_3001,B1,"treffen, trifft, traf,","hit, hit, hit","treffen, trifft, traf, 1.",,word,,hat getroffen,Wir treffen uns immer freitags. || Ich habe Petra zufällig in der Stadt getroffen.,87
b1_3002,B1,"der Treffpunkt, -e","the meeting point, -e","der Treffpunkt, -e",der,noun,-e,,Unser Treffpunkt ist um 17 Uhr am Hauptbahnhof.,87
b1_3003,B1,"treiben, treibt, trieb, hat","drive, drives, drove, has","treiben, treibt, trieb, hat",,word,,,Welchen Sport treibst du?,87
b1_3004,B1,getrieben,driven,getrieben,,verb,,,,87
b1_3005,B1,(sich) trennen,(separate,"(sich) trennen, trennt, 1.",,verb,,"trennt, 1.",Wir leben getrennt.,87
b1_3006,B1,"trennte, hat getrennt","separated, has separated","trennte, hat getrennt 2.",,word,,,Meine Freundin und ihr Mann haben sich getrennt. || Wir müssen den Müll trennen. || Das kommt zum Altpapier.,87
b1_3007,B1,"die Trennung, -en1.","the separation, -en1.","die Trennung, -en1.",die,noun,-en1.,,"Die Trennung von der Familie war schwierig. || Meine Kollegin ist noch nicht geschieden, aber sie lebt in Trennung.",87
b1_3008,B1,getrennt leben,live separately,getrennt leben,,verb,,,Ich lebe getrennt von meiner Frau.,87
b1_3009,B1,"die Treppe, -n (D, CH) →A:","the stairs, -n (D, CH) →A:","die Treppe, -n (D, CH) →A: 1.",die,noun,"-n (D, CH) →A: 1.",,Wo ist die Toilette? || – Die Treppe hoch,88
b1_3010,B1,Stiege,Stairs,Stiege,,noun,,,und dann links. || Meine Oma kann nicht gut Treppen steigen.,88
b1_3011,B1,"das Treppenhaus, ¨-er (D,","the staircase, ¨-er (D","das Treppenhaus, ¨-er (D,",das,noun,"¨-er (D,",,Im Treppenhaus ist kein Licht.,88
b1_3012,B1,→A: CH) Stiegenhaus,→A: CH) Staircase,→A: CH) Stiegenhaus,,other,,,,88
b1_3013,B1,"treten, tritt, trat,","kick, kick, kicked","treten, tritt, trat, 1.",,word,,hat/ist getreten,Ich bin in ein Stück Glas getreten. || Au! || Du hast mich getreten!,88
b1_3014,B1,treu,faithful,treu,,word,,,Herr Maier ist ein treuer Kunde von uns.,88
b1_3015,B1,"trinken, trinkt, trank,","drink, drink, drank","trinken, trinkt, trank,",,word,,hat getrunken,Trinken Sie einen Tee mit uns?,88
b1_3016,B1,"das Trinkgeld, -er","the tip, -er","das Trinkgeld, -er",das,noun,-er,,Ich habe dem Kellner zwei Euro Trinkgeld gegeben.,88
b1_3017,B1,trocken,dry,trocken 1.,,word,,,Die Wäsche ist noch nicht trocken. || Hoffentlich regnet es bald. || Alles ist ganz trocken. || Bitte einen trockenen Wein.,88
b1_3018,B1,"trocknen, trocknet,","dry, dries","trocknen, trocknet, 1.",,word,,,Ich habe mir die Haare getrocknet.,88
b1_3019,B1,"trocknete,",dried,"trocknete, 2.",,word,,hat/ist getrocknet,Die Farbe ist schnell getrocknet.,88
b1_3020,B1,die Tropfen (Pl.),the drops (pl.),die Tropfen (Pl.) 1.,die,noun,,,Hast du die Tropfen schon genommen? || Wegen der paar Regentropfen brauchst du doch keinen Schirm.,88
b1_3021,B1,"→ das Trottoir, -s (CH)","→ the sidewalk, -s (CH)","→ das Trottoir, -s (CH)",,other,,,Das Velofahren auf dem Trottoir ist,88
b1_3022,B1,"Gehsteig (D, A)","Sidewalk (D, A)","Gehsteig (D, A)",,noun,,,nicht erlaubt.,88
b1_3023,B1,trotz,despite,trotz,,word,,,Trotz Grippe bin ich zur Arbeit gegangen.,88
b1_3024,B1,trotzdem,despite it,trotzdem,,word,,,Es war ziemlich kalt. || Trotzdem bin ich schwimmen gegangen.,88
b1_3025,B1,"das Tuch, ¨-er","the cloth, ¨-er","das Tuch, ¨-er 1.",das,noun,¨-er 1.,,Wo hast du dieses schöne Tuch gekauft? || Die Handtücher sind im Schrank ganz oben. || Hast du ein Taschentuch für mich?,88
b1_3026,B1,"tun, tut, tat, hat getan","do, does, did, did","tun, tut, tat, hat getan 1.",,word,,,Ich habe heute viel zu tun. || Was kann ich für Sie tun? || Ich habe zu viel Zucker in den Kaffee getan. || Es tut mir leid. || Ich kann nicht kommen. || Der Arm tut mir weh. || Ich habe endlich mal ausgeschlafen. || Das hat gut getan.,88
b1_3027,B1,"die Tür, -en","the door, -en","die Tür, -en",die,noun,-en,,Machen Sie bitte die Tür zu! || Es zieht.,88
b1_3028,B1,"der Turm, ¨-e","the tower, ¨-e","der Turm, ¨-e",der,noun,¨-e,,"Kommen Sie auf den Turm, von hier sieht man die ganze Stadt.",88
b1_3029,B1,"die Tüte, -n","the bag, -n","die Tüte, -n",die,noun,-n,,Brauchen Sie eine Tüte für den Salat?,88
b1_3030,B1,"der Typ, -en","the guy, -en","der Typ, -en 1.",der,noun,-en 1.,,Mein Nachbar ist ein netter Typ. || Was für ein Typ bist du? || Was machst du gerne? || Kennen Sie sich mit den verschiedenen Typen aus? || Auch mit meinem Auto?,88
b1_3031,B1,typisch1.,typical1.,typisch1.,,word,,,"Im Hotel gab es typisch deutsches Essen. || Er kommt wieder zu spät, das ist typisch. || Diese Musik ist typisch für dieses Land.",88
b1_3032,B1,"die U-Bahn, -en","the subway, -en","die U-Bahn, -en",die,noun,-en,,Ich fahre mit der U-Bahn.,88
b1_3033,B1,üben,practice,üben,,verb,,,Ich lerne gerade Gitarre spielen. || Ich übe jeden Tag zwei Stunden.,88
b1_3034,B1,"die Übung, -en1.","the exercise, -en1.","die Übung, -en1.",die,noun,-en1.,,Diese Übung war sehr schwer. || Ich fahre nicht oft Auto. || Mir fehlt die Übung.,88
b1_3035,B1,über,above,über 1.,,preposition,,,"Die Müllers wohnen direkt über uns. || Pass bitte auf, wenn du über die Straße gehst. || Fahren Sie über Stuttgart oder über Würzburg? || Übers Wochenende fahren wir in die Berge. || Kinder über zehn Jahre müssen voll bezahlen. || Ich suche ein Buch über die deutsche Küche.",88
b1_3036,B1,überall,everywhere,überall,,word,,,"Ich habe überall gesucht, aber meine Brille ist weg.",88
b1_3037,B1,"überfahren, überfährt,","run over, run over","überfahren, überfährt,",,word,,,Gestern hat ein Autofahrer einen Hund,88
b1_3038,B1,überfuhr,drove over,"überfuhr, hat überfahren",,verb,,hat überfahren,überfahren.,88
b1_3039,B1,überhaupt,at all,überhaupt 1.,,word,,,Die Suppe schmeckt mir überhaupt nicht. || Tut mir leid. || Ich habe überhaupt keine Zeit. || Du willst mit meinem Auto fahren? || Hast du überhaupt einen Führerschein?,88
b1_3040,B1,"überholen, überholt,","overtake, overtaken","überholen, überholt,",,word,,,Hier dürfen Lkws nicht überholen.,88
b1_3041,B1,"überholte, hat überholt","overtaken, has overtaken","überholte, hat überholt",,word,,,,88
b1_3042,B1,"überlegen, überlegt,","consider, consider","überlegen, überlegt, 1.",,word,,,Ich kann mich nicht entscheiden. || Ich,88
b1_3043,B1,"überlegte, hat überlegt","thought about it, thought about it","überlegte, hat überlegt",,word,,,"muss mir das noch überlegen. || Ich habe mir überlegt, ein Auto zu kaufen.",88
b1_3044,B1,übermorgen,the day after tomorrow,übermorgen,,verb,,,Morgen kann ich nicht. || Wir sehen uns übermorgen.,89
b1_3045,B1,"übernachten, übernachtet,","stay overnight, stay overnight","übernachten, übernachtet,",,word,,,Wir haben auf dem Campingplatz,89
b1_3046,B1,"übernachtete,",stayed overnight,"übernachtete,",,word,,hat übernachtet,übernachtet.,89
b1_3047,B1,"die Übernachtung, -en","the overnight stay, -en","die Übernachtung, -en",die,noun,-en,,In diesem Hotel kostet die Übernach- tung mit Frühstück 90 Euro.,89
b1_3048,B1,"übernehmen, übernimmt,","take over, take over","übernehmen, übernimmt,",,word,,,Ich habe das Geschäft von meinem,89
b1_3049,B1,"übernahm,",took over,"übernahm,",,word,,hat übernommen.,Vater übernommen.,89
b1_3050,B1,"überprüfen, überprüft,","überprüfen, überprüft,","überprüfen, überprüft,",,word,,,"Bitte überprüfen Sie, ob Ihr Name",89
b1_3051,B1,"überprüfte, hat überprüft","checked, has checked","überprüfte, hat überprüft",,word,,,richtig geschrieben ist.,89
b1_3052,B1,"überqueren, überquert,","cross, crossed","überqueren, überquert,",,word,,,Bitte die Straße nur an der Ampel,89
b1_3053,B1,"überquerte, hat überquert","crossed, has crossed","überquerte, hat überquert",,word,,,überqueren.,89
b1_3054,B1,"überraschen, überrascht,","surprise, surprised","überraschen, überrascht,",,word,,,"Ich bin ganz überrascht, dass die",89
b1_3055,B1,"überraschte,",surprised,"überraschte,",,word,,hat überrascht,Wohnung so billig ist.,89
b1_3056,B1,"die Überraschung,-en1.","the surprise,-en1.","die Überraschung,-en1.",die,noun,-en1.,,"Ich habe eine Überraschung für dich. || Das ist ja eine Überraschung. || Ich dachte, du bist im Urlaub.",89
b1_3057,B1,"überreden, überredet,","persuade, persuaded","überreden, überredet,",,word,,,"Zuerst wollte ich nicht, aber mein",89
b1_3058,B1,"überredete, hat überredet","persuaded, persuaded","überredete, hat überredet",,word,,,"Bruder hat mich überredet, einen Englischkurs zu machen.",89
b1_3059,B1,"die Überschrift, -en","the heading, -en","die Überschrift, -en 1.",die,noun,-en 1.,,Der Artikel erschien unter der folgen- den Überschrift: „…“ || Die Überschrift passt überhaupt nicht zum Inhalt des Artikels.,89
b1_3060,B1,"übersetzen, übersetzt,","translate, translated","übersetzen, übersetzt,",,word,,,Können Sie mir bitte diesen Brief,89
b1_3061,B1,"übersetzte, hat übersetzt","translated, has translated","übersetzte, hat übersetzt",,word,,,übersetzen?,89
b1_3062,B1,"der Übersetzer, -","the translator, -","der Übersetzer, -",der,noun,-,,Meine Tochter möchte als Übersetzerin,89
b1_3063,B1,"die Übersetzerin, -nen","the translator, -nen","die Übersetzerin, -nen",die,noun,-nen,,arbeiten.,89
b1_3064,B1,"die Übersetzung, -en","the translation, -en","die Übersetzung, -en",die,noun,-en,,Die Übersetzung des Buches ist sehr gut.,89
b1_3065,B1,"die Überstunde, -n","the overtime, -n","die Überstunde, -n",die,noun,-n,,Ich muss heute Überstunden machen.,89
b1_3066,B1,über-,above-,über-,,preposition,,,,89
b1_3067,B1,"übertreiben, übertreibt,","exaggerate, exaggerate","übertreiben, übertreibt,",,word,,,Ein bisschen Sport ist gesund. || Aber,89
b1_3068,B1,übertrieb,exaggerated,"übertrieb, hat übertrieben",,verb,,hat übertrieben,man sollte es nicht übertreiben.,89
b1_3069,B1,"überweisen, überweist,","transfer, transfer","überweisen, überweist, 1.",,word,,,Ich überweise dir das Geld.,89
b1_3070,B1,"überwies, hat überwiesen","transferred, has transferred","überwies, hat überwiesen 2.",,word,,,Der Arzt hat mich ins Krankenhaus überwiesen.,89
b1_3071,B1,"die Überweisung, - en1.","the transfer, - en1.","die Überweisung, - en1.",die,noun,- en1.,,Sie können bar oder per Überweisung bezahlen. || Der Hausarzt hat mir eine Über- weisung fürs Krankenhaus gegeben.,89
b1_3072,B1,(sich) überzeugen,convince (oneself).,"(sich) überzeugen, 1.",,verb,,1.,Ihr Vorschlag überzeugt mich gar nicht.,89
b1_3073,B1,"überzeugt, überzeugte,","convinced, convinced","überzeugt, überzeugte, 2.",,word,,hat überzeugt,"Ich bin fest davon überzeugt, dass || meine Entscheidung richtig ist.",89
b1_3074,B1,"die Überzeugung, -en","the conviction, -en","die Überzeugung, -en",die,noun,-en,,Wie bist du zu dieser Überzeugung gekommen?,89
b1_3075,B1,üblich,usual,üblich,,adjective,,,"In Deutschland ist es üblich, früh zu Abend zu essen.",89
b1_3076,B1,übrig,left over,übrig,,adjective,,,Ist noch etwas zu essen übrig?,89
b1_3077,B1,übrigens,by the way,übrigens,,word,,,"Übrigens, kennst du schon die neuen Nachbarn?",89
b1_3078,B1,"das Ufer, -","das Ufer, -","das Ufer, - 1.",das,noun,- 1.,,Er schwimmt ans Ufer zurück. || Am Seeufer ist es schön spazieren zu gehen.,89
b1_3079,B1,"die Uhr, -en","the clock, -en","die Uhr, -en 1.",die,noun,-en 1.,,Wie viel Uhr ist es? || Es ist vier Uhr. || Um wie viel Uhr müssen wir gehen? || Meine Uhr ist stehen geblieben.,89
b1_3080,B1,um,around,um 1.,,preposition,,,Wir treffen uns um 8 Uhr. || Die Apotheke ist gleich um die Ecke. || Die Benzinpreise sind schon wieder um 3 % gestiegen.,89
b1_3081,B1,"umarmen, umarmt,","hug, hug","umarmen, umarmt,",,word,,,Lass dich zum Abschied umarmen.,89
b1_3082,B1,"umarmte, hat umarmt","hugged, has hugged","umarmte, hat umarmt",,word,,,,89
b1_3083,B1,um … zu,in order to,um … zu,,preposition,,,"Um gesund zu bleiben, musst du Sport machen und Gemüse essen.",89
b1_3084,B1,(sich) umdrehen,(to) turn around,"(sich) umdrehen, dreht 1.",,verb,,dreht 1.,Dreh dich mal um. || Da hinten liegt das,89
b1_3085,B1,"um, drehte um,","around, turned around","um, drehte um,",,preposition,,hat umgedreht,Buch doch. || Dreh das Blatt um; die Lösung steht auf der Rückseite.,89
b1_3086,B1,"die Umfrage, -n","the survey, -n","die Umfrage, -n",die,noun,-n,,Wir machen eine Umfrage zum Thema Umweltschutz.,89
b1_3087,B1,"die Umgebung, -en","the environment, -en","die Umgebung, -en",die,noun,-en,,In der Umgebung von Berlin kann man schöne Ausflüge machen.,89
b1_3088,B1,"umgehen, geht um,","deal with, goes around","umgehen, geht um,",,word,,,Er kann sehr gut mit Kindern umgehen.,89
b1_3089,B1,ging um,went around,"ging um, ist umgegangen",,verb,,ist umgegangen,,89
b1_3090,B1,umgekehrt,vice versa,umgekehrt,,word,,,"Nein, umgekehrt: erst der Vorname, dann der Nachname.",89
b1_3091,B1,"die Umleitung, -en","the diversion, -en","die Umleitung, -en",die,noun,-en,,Es gibt wegen des Unfalls eine Umleitung.,89
b1_3092,B1,umso,all the more,umso 1.,,word,,,"Je früher wir dort sind, umso besser sind unsere Chancen auf einen guten Sitzplatz. || Ich kann dir nicht nur heute, sondern auch morgen helfen. || – Umso besser!",89
b1_3093,B1,umsonst,for free,umsonst 1.,,word,,,"Ich musste nichts bezahlen. || Die Reparatur war umsonst. || Nichts hat geholfen, es war alles umsonst.",89
b1_3094,B1,"umsteigen, steigt um,","change, change","umsteigen, steigt um,",,word,,,,90
b1_3095,B1,stieg um,rose,"stieg um, ist umgestiegen",,verb,,ist umgestiegen,In Ulm müssen Sie umsteigen.,90
b1_3096,B1,"umtauschen, tauscht um,","exchange, exchange","umtauschen, tauscht um,",,word,,,,90
b1_3097,B1,"tauschte um,",exchanged,"tauschte um, 1.",,word,,hat umgetauscht,Ich möchte diese Bluse umtauschen. || Sie passt mir nicht. || Wo kann ich Geld umtauschen?,90
b1_3098,B1,"der Umtausch, ¨-e","the exchange, ¨-e","der Umtausch, ¨-e",der,noun,¨-e,,Ein Umtausch ist leider nicht möglich.,90
b1_3099,B1,die Umwelt,the environment,die Umwelt,die,noun,,,Alte Autos sind ein Problem für die Umwelt.,90
b1_3100,B1,der Umweltschutz,the environmental protection,der Umweltschutz,der,noun,,,Das Land muss mehr Geld für Umweltschutz ausgeben.,90
b1_3101,B1,die Umweltver-,the environmental,die Umweltver-,die,noun,,,,90
b1_3102,B1,schmutzung,dirt,"schmutzung, -en",,verb,,-en,Die Umweltverschmutzung nimmt weiter zu.,90
b1_3103,B1,"umziehen, zieht um, zog","move, moves, moved","umziehen, zieht um, zog",,word,,,Familie Meier ist letzten Monat,90
b1_3104,B1,um,around,"um, ist umgezogen",,verb,,ist umgezogen,umgezogen. || Sie wohnen nicht mehr hier.,90
b1_3105,B1,"der Umzug, ¨-e","the move, ¨-e","der Umzug, ¨-e",der,noun,¨-e,,Der Umzug ist nächste Woche.,90
b1_3106,B1,sich umziehen,get changed,"sich umziehen, zieht sich",,verb,,zieht sich,"Bevor wir zur Party gehen, möchte ich",90
b1_3107,B1,"um, zog sich um, hat sich","around, changed, has","um, zog sich um, hat sich",,preposition,,,mich umziehen.,90
b1_3108,B1,umgezogen,moved away,umgezogen,,verb,,,,90
b1_3109,B1,un-,U.N-,un- 1.,,word,,,Der Verkäufer war sehr unfreundlich. || Dieses Geräusch ist mir unangenehm. || Er kam wie immer unpünktlich.,90
b1_3110,B1,unbedingt,absolutely,unbedingt,,word,,,Ich muss unbedingt mit dir sprechen.,90
b1_3111,B1,und,and,und 1.,,conjunction,,,Ich habe heute und morgen frei. || Ich kaufe ein und mein Mann kocht.,90
b1_3112,B1,"der Unfall, ¨-e","the accident, ¨-e","der Unfall, ¨-e",der,noun,¨-e,,Ich hatte letzte Woche einen Unfall.,90
b1_3113,B1,ungefähr,approximately,ungefähr,,word,,,"Wie weit ist es bis zum Bahnhof? || – Nicht weit, ungefähr zehn Minuten zu Fuß.",90
b1_3114,B1,ungewöhnlich,unusual,ungewöhnlich,,adjective,,,"Ich finde diese Speise ungewöhnlich, aber sie schmeckt gut.",90
b1_3115,B1,unglaublich,incredible,unglaublich,,adjective,,,Es ist unglaublich. || Schon wieder so ein Unglück.,90
b1_3116,B1,"das Unglück, -e","the misfortune, -e","das Unglück, -e",das,noun,-e,,Bei dem Unglück gab es viele Verletzte.,90
b1_3117,B1,unheimlich,scary,unheimlich 1.,,adjective,,,Ich mag dieses Haus nicht. || Es sieht unheimlich aus. || Diese Person ist mir unheimlich. || Lass uns umkehren. || Mir wird im Dunkeln unheimlich. || Die Prüfung war unheimlich schwer.,90
b1_3118,B1,"die Uniform, -en","the uniform, -en","die Uniform, -en",die,noun,-en,,"In der Schule, die sie besucht, trägt man Uniformen.",90
b1_3119,B1,"die Universität, -en","the university, -en","die Universität, -en",die,noun,-en,,Mein Sohn studiert an der Universität.,90
b1_3120,B1,unten,below,unten 1.,,word,,,"Wir wohnen im || Stock, meine Eltern unten im || Stock. || Sie ist mal kurz nach unten gegangen.",90
b1_3121,B1,unter,under,unter 1.,,preposition,,,Unter uns wohnt eine Familie mit drei Kindern. || Die CDs sind im Regal unter dem Fernseher.,90
b1_3122,B1,unter-,under-,unter-,,preposition,,,Mein Pass ist im unteren Regal.,90
b1_3123,B1,"unterbrechen, unterbricht,","interrupt, interrupts","unterbrechen, unterbricht, 1.",,word,,,Wir unterbrechen die Sendung für eine,90
b1_3124,B1,"unterbrach,",interrupted,"unterbrach,",,word,,hat unterbrochen,"wichtige Nachricht. || Bitte unterbrich mich nicht, wenn ich spreche.",90
b1_3125,B1,(sich) unterhalten,(talk,"(sich) unterhalten, unter- 1.",,verb,,unter- 1.,Wir haben uns über das Fußballspiel,90
b1_3126,B1,"hält, unterhielt,","keeps, entertains","hält, unterhielt,",,word,,hat unterhalten,unterhalten. || Ich habe mich bei der Party sehr gut unterhalten.,90
b1_3127,B1,"die Unterhaltung, -en","the entertainment, -en","die Unterhaltung, -en",die,noun,-en,,Wir wünschen Ihnen gute Unterhaltung.,90
b1_3128,B1,"die Unterkunft, ¨-e","die Unterkunft, ¨-e","die Unterkunft, ¨-e 1.",die,noun,¨-e 1.,,Ich komme drei Tage nach Hamburg und suche eine günstige Unterkunft. || Ist dieser Preis inklusive Unterkunft und Essen?,90
b1_3129,B1,die Unterlagen (Pl.),the documents (pl.),die Unterlagen (Pl.),die,noun,,,Ich schicke Ihnen alle Unterlagen mit der Post zu.,90
b1_3130,B1,"unterlassen, unterlässt,","omit, omit","unterlassen, unterlässt,",,word,,,Das Rauchen auf den Gängen ist zu un-,90
b1_3131,B1,unterließ,omitted,"unterließ, hat unterlassen",,verb,,hat unterlassen,terlassen.,90
b1_3132,B1,"unternehmen, untern-","company, company","unternehmen, untern-",,word,,,Wollen wir heute Abend noch etwas,90
b1_3133,B1,"immt, unternahm,","immt, undertook","immt, unternahm,",,word,,hat unternommen,unternehmen?,90
b1_3134,B1,"der Unternehmer, -","the entrepreneur, -","der Unternehmer, -",der,noun,-,,Sie ist erfolgreiche Unternehmerin.,90
b1_3135,B1,"die Unternehmerin, -nen","the entrepreneur, -nen","die Unternehmerin, -nen",die,noun,-nen,,,90
b1_3136,B1,"unterrichten, unterrichtet,","teach, taught","unterrichten, unterrichtet,",,word,,,Meine Frau unterrichtet Spanisch.,90
b1_3137,B1,"unterrichtete,",taught,"unterrichtete,",,word,,hat unterrichtet,,90
b1_3138,B1,der Unterricht,the lesson,der Unterricht,der,noun,,,Der Unterricht dauert von 17 bis 19 Uhr.,90
b1_3139,B1,untersagt,prohibited,untersagt,,word,,,"Es ist untersagt, hier zu rauchen.",90
b1_3140,B1,"unterscheiden, unter-","distinguish, distinguish","unterscheiden, unter-",,word,,,Ihr seid euch sehr ähnlich. || Auf dem,90
b1_3141,B1,"scheidet, unterschied,","separates, difference","scheidet, unterschied,",,word,,hat unterschieden,Foto kann man euch beide nicht || unterscheiden.,90
b1_3142,B1,"der Unterschied, -e","the difference, -e","der Unterschied, -e",der,noun,-e,,"Können Sie mir sagen, was der Unterschied ist? || Welche Fahrkarte ist günstiger?",90
b1_3143,B1,unterschiedlich,different,unterschiedlich,,adjective,,,"Mein Bruder und ich sind sehr unterschiedlich. || Er interessiert sich für Mathematik, ich mich für Sprachen.",91
b1_3144,B1,"unterschreiben, unter-","sign, underwrite","unterschreiben, unter-",,word,,,Unterschreiben Sie bitte hier unten,91
b1_3145,B1,"schreibt, unterschrieb,","writes, signed","schreibt, unterschrieb,",,word,,hat unterschrieben,rechts.,91
b1_3146,B1,"die Unterschrift, -en","the signature, -en","die Unterschrift, -en",die,noun,-en,,Auf dem Schreiben fehlt die Unterschrift.,91
b1_3147,B1,"unterstreichen, unterstre-","underline, underline","unterstreichen, unterstre-",,word,,,Wir sollen alle wichtigen Wörter,91
b1_3148,B1,"icht, unterstrich,","not, underlined","icht, unterstrich,",,word,,hat unterstrichen,unterstreichen.,91
b1_3149,B1,"unterstützen, unterstützt,","support, supported","unterstützen, unterstützt,",,word,,,"Sie unterstützen mich, wo sie nur",91
b1_3150,B1,"unterstützte,",supported,"unterstützte,",,word,,hat unterstützt,können.,91
b1_3151,B1,"die Unterstützung, -en","the support, -en","die Unterstützung, -en",die,noun,-en,,Ich nehme Ihre Unterstützung gern an.,91
b1_3152,B1,"untersuchen, untersucht,","examine, examined","untersuchen, untersucht,",,word,,,Sie sollten sich vom Arzt untersuchen,91
b1_3153,B1,"untersuchte,",examined,"untersuchte,",,word,,hat untersucht,lassen.,91
b1_3154,B1,"die Untersuchung, -en","the investigation, -en","die Untersuchung, -en",die,noun,-en,,Ich habe morgen eine Untersuchung im Krankenhaus.,91
b1_3155,B1,unterwegs,on the way,unterwegs 1.,,word,,,"Warte auf mich. || Ich bin unterwegs und komme gleich. || Unterwegs können wir noch etwas essen. || Stell dir vor, der Brief war zwei Wochen unterwegs.",91
b1_3156,B1,"die Urkunde, -n","the certificate, -n","die Urkunde, -n",die,noun,-n,,"Wenn wir das Spiel gewinnen, bekommen wir eine Urkunde.",91
b1_3157,B1,"der Urlaub, -e (D, A) →CH:","the holiday, -e (D, A) →CH:","der Urlaub, -e (D, A) →CH:",der,noun,"-e (D, A) →CH:",,Ich habe noch drei Tage Urlaub.,91
b1_3158,B1,Ferien,Holidays,Ferien,,noun,,,,91
b1_3159,B1,"die Ursache, -n","the cause, -n","die Ursache, -n 1.",die,noun,-n 1.,,Kennt man schon die Unfallursache? || Vielen Dank! || – Keine Ursache!,91
b1_3160,B1,"verursachen, verursacht,","cause, caused","verursachen, verursacht,",,word,,,Dieser Busfahrer verursachte den,91
b1_3161,B1,"verursachte,","verursachte,","verursachte,",,word,,hat verursacht,Unfall.,91
b1_3162,B1,ursprünglich,originally,ursprünglich,,adjective,,,Ursprünglich wollte ich in einem Restaurant arbeiten. || Aber dann bin ich Busfahrerin geworden.,91
b1_3163,B1,"das Urteil, -e","the verdict, -e","das Urteil, -e 1.",das,noun,-e 1.,,Dein Urteil ist für mich sehr wichtig. || Das Urteil des Gerichts erscheint mir zu hart.,91
b1_3164,B1,"die Vase, -n Hast","the vase, -n hastily","die Vase, -n Hast",die,noun,-n Hast,,du eine Vase für die Blumen?,91
b1_3165,B1,"1. der Vater, ¨-","1. the father, ¨-","1. der Vater, ¨-",,other,,,Mein Vater arbeitet in einem Restaurant. || Herr Müller ist Vater geworden.,91
b1_3166,B1,1. vegetarisch,1. vegetarian,1. vegetarisch,,other,,,Ich mag kein Fleisch. || Ich esse am liebsten vegetarisch. || Haben Sie auch vegetarische Gerichte?,91
b1_3167,B1,"→ 1. das Velo, -s (CH)","→ 1. the bike, -s (CH)","→ 1. das Velo, -s (CH)",,other,,,Sie fährt jeden Morgen mit dem Velo,91
b1_3168,B1,"Fahrrad; D, A: Rad","Bicycle; D, A: wheel","Fahrrad; D, A: Rad",,noun,,,zur Arbeit. || Am Sonntag fahren wir oft Velo.,91
b1_3169,B1,(sich) verabreden,(arrange to meet,"(sich) verabreden,",,verb,,,Wir haben uns mit Freunden,91
b1_3170,B1,"verabredet, verabredete,","agreed, agreed","verabredet, verabredete,",,word,,hat verabredet,verabredet. || Wir wollen zusammen || essen.,91
b1_3171,B1,verabredet,have an appointment,verabredet,,word,,,"Tut mir leid, ich habe keine Zeit. || Ich bin mit meiner Freundin verabredet.",91
b1_3172,B1,"die Verabredung, -en","the appointment, -en","die Verabredung, -en",die,noun,-en,,Ich habe um 15 Uhr eine Verabredung mit Klaus.,91
b1_3173,B1,(sich) verabschieden,(say goodbye,"(sich) verabschieden, 1.",,verb,,1.,Ich wurde von meinen Freunden sehr,91
b1_3174,B1,"verabschiedet,",adopted,"verabschiedet,",,word,,,nett verabschiedet.,91
b1_3175,B1,"2. verabschiedete,",2. passed,"2. verabschiedete,",,other,,hat verabschiedet,Es ist schon 23 Uhr. || Ich möchte mich || verabschieden.,91
b1_3176,B1,"der Abschied, -e","the farewell, -e","der Abschied, -e",der,noun,-e,,Der Abschied von meinen Freunden fiel mir schwer.,91
b1_3177,B1,(sich) verändern,(change,"(sich) verändern, 1.",,verb,,1.,Das geht so nicht. || Wir müssen die,91
b1_3178,B1,"verändert, veränderte,","changed, changed","verändert, veränderte,",,word,,,Organisation verändern.,91
b1_3179,B1,2. hat verändert,2. has changed,2. hat verändert,,other,,,Wir haben uns lange nicht gesehen. || Aber du hast dich gar nicht verändert.,91
b1_3180,B1,"die Veranstaltung, -en","the event, -en","die Veranstaltung, -en",die,noun,-en,,Am Samstag ist unser Lokal geschlos- sen. || Wir haben eine Veranstaltung.,91
b1_3181,B1,verantwortlich,responsible,verantwortlich,,adjective,,,Sie sind für Ihre Kinder verantwortlich.,91
b1_3182,B1,die Verantwortung,the responsibility,die Verantwortung,die,noun,,,Sie tragen die Verantwortung für Ihre Kinder.,91
b1_3183,B1,"1. (sich) verbessern,",1. (to) improve,"1. (sich) verbessern,",,other,,,Ich habe mein Deutsch verbessert.,91
b1_3184,B1,"2. verbessert, verbesserte,","2. improved, improved","2. verbessert, verbesserte,",,other,,hat verbessert,Meine Kinder haben sich in der Schule || verbessert.,91
b1_3185,B1,"verbieten, verbietet,","forbid, forbid","verbieten, verbietet,",,word,,,Ich werde meinen Kindern das,91
b1_3186,B1,verbot,ban,"verbot, hat verboten",,verb,,hat verboten,Rauchen verbieten.,91
b1_3187,B1,"das Verbot, -e","the ban, -e","das Verbot, -e",das,noun,-e,,Ich bin für das Verbot dieses neuen Videospiels.,91
b1_3188,B1,verboten,forbidden,verboten,,verb,,,In den meisten Restaurants ist Rauchen verboten.,91
b1_3189,B1,"1. verbinden, verbindet,","1. connect, connects","1. verbinden, verbindet,",,other,,,Wir müssen die Wunde sofort,91
b1_3190,B1,verband,connected,"verband, hat verbunden",,verb,,hat verbunden,"verbinden. || Sie sind falsch verbunden! || Hier ist Müller, nicht Meyer.",91
b1_3191,B1,"die Verbindung, -en1.","the connection, -en1.","die Verbindung, -en1.",die,noun,-en1.,,Die Verbindung ist sehr gut. || Ich kann direkt mit diesem Zug fahren und muss nicht umsteigen. || Kannst du bitte lauter sprechen? || Die Verbindung ist sehr schlecht.,92
b1_3192,B1,"verbrauchen, verbraucht,","consume, consumed","verbrauchen, verbraucht,",,word,,,Wie viel Benzin verbraucht dein Auto?,92
b1_3193,B1,"verbrauchte,",consumed,"verbrauchte,",,word,,hat verbraucht,,92
b1_3194,B1,"der Verbrecher, -","the criminal, -","der Verbrecher, -",der,noun,-,,Die Polizei hat den Verbrecher,92
b1_3195,B1,"die Verbrecherin, -nen","the criminal, -nen","die Verbrecherin, -nen",die,noun,-nen,,verhaftet.,92
b1_3196,B1,(sich) verbrennen,burn (yourself).,"(sich) verbrennen, 1.",,verb,,1.,Ich werde alle Briefe verbrennen.,92
b1_3197,B1,"verbrennt, verbrannte,","burns, burned","verbrennt, verbrannte, 2.",,word,,hat verbrannt,Der Herd war noch heiß. || Ich habe mich || verbrannt.,92
b1_3198,B1,"verbringen, verbringt,","spend, spends","verbringen, verbringt,",,word,,,Wie haben Sie Ihren Urlaub verbracht?,92
b1_3199,B1,"verbrachte, hat verbracht","spent, has spent","verbrachte, hat verbracht",,word,,,,92
b1_3200,B1,der Verdacht,the suspicion,der Verdacht 1.,der,noun,,,"Wer hat das Geld aus der Kasse genommen? || – Ich weiß es nicht, aber ich habe einen Verdacht. || Wen haben Sie in Verdacht?",92
b1_3201,B1,verdächtig1.,suspicious1.,verdächtig1.,,word,,,Die Tür war nicht abgeschlossen. || Das ist verdächtig. || Haben Sie etwas Verdächtiges gesehen?,92
b1_3202,B1,"verdienen, verdient,","deserve, deserve","verdienen, verdient, 1.",,word,,,In diesem Beruf verdient man gut.,92
b1_3203,B1,"verdiente, hat verdient","deserved, deserved","verdiente, hat verdient 2.",,word,,,Er hat den Urlaub wirklich verdient.,92
b1_3204,B1,"der Verein, -e","der Verein, -e","der Verein, -e",der,noun,-e,,Ich bin schon seit 15 Jahren Mitglied in diesem Verein.,92
b1_3205,B1,"vereinbaren, vereinbart,","agree, agreed","vereinbaren, vereinbart,",,word,,,Können wir einen Termin vereinbaren?,92
b1_3206,B1,"vereinbarte,",agreed,"vereinbarte,",,word,,hat vereinbart,,92
b1_3207,B1,die Vergangenheit,the past,die Vergangenheit,die,noun,,,In der Vergangenheit war das anders.,92
b1_3208,B1,vergeblich,vain,vergeblich,,adjective,,,Ich habe vergeblich versucht dich anzurufen.,92
b1_3209,B1,"vergessen, vergisst,","forget, forget","vergessen, vergisst, 1.",,word,,,Ich habe den Termin ganz vergessen.,92
b1_3210,B1,"vergaß, hat vergessen","forgot, forgot","vergaß, hat vergessen 2.",,word,,,Ich habe meinen Pass vergessen.,92
b1_3211,B1,"vergleichen, vergleicht,","compare, compare","vergleichen, vergleicht,",,word,,,Vergleichen Sie die Angebote.,92
b1_3212,B1,verglich,compared,"verglich, hat verglichen",,verb,,hat verglichen,,92
b1_3213,B1,"der Vergleich, -e1.","the comparison, -e1.","der Vergleich, -e1.",der,noun,-e1.,,Ein Vergleich ist schwer möglich. || Im Vergleich zum Wetter letzte Woche ist es heute warm.,92
b1_3214,B1,sich vergnügen,have fun,"sich vergnügen, vergnügt",,verb,,vergnügt,Auf der Party habe ich mich sehr,92
b1_3215,B1,"sich,",itself,"sich,",,word,,,vergnügt.,92
b1_3216,B1,"vergnügte sich,",enjoyed himself,"vergnügte sich,",,word,,hat sich vergnügt,,92
b1_3217,B1,"das Vergnügen, -1.","the pleasure, -1.","das Vergnügen, -1.",das,noun,-1.,,"Es ist ein Vergnügen, den Kindern beim Spielen zuzusehen. || Ich wünsche dir viel Vergnügen bei der Party!",92
b1_3218,B1,vergnügt,happy,vergnügt,,word,,,Er kam mit einem vergnügten Grinsen herein.,92
b1_3219,B1,"vergrößern, vergrößert,","enlarge, enlarge","vergrößern, vergrößert, 1.",,word,,,Können Sie das Foto vergrößern?,92
b1_3220,B1,"vergrößerte,",enlarged,"vergrößerte, 2.",,word,,hat vergrößert,Wir wollen unser Geschäft vergrößern.,92
b1_3221,B1,"verhaften, verhaftet,","arrest, arrested","verhaften, verhaftet,",,word,,,Die Polizei hat 23 Menschen verhaftet.,92
b1_3222,B1,"verhaftete, hat verhaftet","arrested, has arrested","verhaftete, hat verhaftet",,word,,,,92
b1_3223,B1,sich verhalten,behave,"sich verhalten, verhält",,verb,,verhält,Der Mann hat sich uns gegenüber,92
b1_3224,B1,"sich, verhielt sich,","himself, behaved","sich, verhielt sich,",,word,,hat sich verhalten,merkwürdig verhalten.,92
b1_3225,B1,das Verhalten,the behavior,das Verhalten,das,noun,,,Ich bewundere dein Verhalten in der schwierigen Situation.,92
b1_3226,B1,"das Verhältnis, -se","the relationship, -se","das Verhältnis, -se",das,noun,-se,,Ich habe ein gutes Verhältnis zu meinen Eltern.,92
b1_3227,B1,verheiratet,married,verheiratet 1.,,word,,,Mit wem sind Sie verheiratet? || Meine Eltern sind seit 30 Jahren verheiratet.,92
b1_3228,B1,"verhindern, verhindert,","prevent, prevented","verhindern, verhindert,",,word,,,Wir konnten den Unfall nicht,92
b1_3229,B1,"verhinderte,",prevented,"verhinderte,",,word,,hat verhindert,verhindern.,92
b1_3230,B1,"verkaufen, verkauft,","sell, sold","verkaufen, verkauft,",,word,,,Ich habe unser altes Auto verkauft.,92
b1_3231,B1,"verkaufte, hat verkauft","sold, has sold","verkaufte, hat verkauft",,word,,,,92
b1_3232,B1,"der Verkäufer, -","the seller, -","der Verkäufer, -",der,noun,-,,Die Verkäuferin wird Ihnen gleich,92
b1_3233,B1,"die Verkäuferin, -nen","the saleswoman, -nen","die Verkäuferin, -nen",die,noun,-nen,,helfen.,92
b1_3234,B1,der Verkehr,the traffic,der Verkehr,der,noun,,,Morgens ist hier immer viel Verkehr.,92
b1_3235,B1,"das Verkehrsmittel, -","the means of transport, -","das Verkehrsmittel, -",das,noun,-,,Es gibt kaum Parkplätze. || Sie sollten mit öffentlichen Verkehrsmitteln fahren.,92
b1_3236,B1,"der Verlag, -e (A: ¨-e)","the publisher, -e (A: ¨-e)","der Verlag, -e (A: ¨-e)",der,noun,-e (A: ¨-e),,Von welchem Verlag ist dieses Buch?,92
b1_3237,B1,"verlangen, verlangt,","demand, demand","verlangen, verlangt, 1.",,word,,,Jeden Tag Überstunden? || Das können,92
b1_3238,B1,"verlangte, hat verlangt","demanded, demanded","verlangte, hat verlangt",,word,,,"Sie nicht verlangen. || Wie viel verlangen Sie für das Auto? || Frau Müller, Sie werden am Telefon verlangt.",92
b1_3239,B1,"verlängern, verlängert,","extend, extended","verlängern, verlängert, 1.",,word,,,Ich muss meinen Pass verlängern,92
b1_3240,B1,"verlängerte,",extended,"verlängerte,",,word,,hat verlängert,lassen. || Die U-Bahn Linie U4 wird verlängert.,92
b1_3241,B1,"verlassen, verlässt,","leave, leaves","verlassen, verlässt, 1.",,word,,,Ich habe die Party um 3 Uhr verlassen.,92
b1_3242,B1,"verließ, hat verlassen","left, has left","verließ, hat verlassen 2.",,word,,,Du kannst dich auf mich verlassen. || Ich helfe dir auf jeden Fall.,92
b1_3243,B1,sich verlaufen,get lost,"sich verlaufen,",,verb,,,Gestern haben wir uns im Wald,93
b1_3244,B1,"verläuft sich, verlief sich,","got lost, got lost","verläuft sich, verlief sich,",,word,,hat sich verlaufen,verlaufen. || Wir haben erst eine Stunde || später den richtigen Weg gefunden.,93
b1_3245,B1,(sich) verletzen,(get hurt,"(sich) verletzen, verletzt, 1.",,verb,,"verletzt, 1.",Ich habe mich an der Hand verletzt.,93
b1_3246,B1,"verletzte, hat verletzt","injured, has injured","verletzte, hat verletzt 2.",,word,,,Ich habe mir den Arm verletzt.,93
b1_3247,B1,"die Verletzung, -en","the injury, -en","die Verletzung, -en",die,noun,-en,,Keine Angst. || Die Verletzung ist nicht so schlimm.,93
b1_3248,B1,sich verlieben,fall in love,"sich verlieben, verliebt",,verb,,verliebt,Ich habe mich verliebt.,93
b1_3249,B1,"sich, verliebte sich,",fell in love,"sich, verliebte sich,",,word,,hat sich verliebt,,93
b1_3250,B1,verliebt,in love,verliebt,,word,,,Ich bin in Francesco verliebt.,93
b1_3251,B1,"verlieren, verliert, verlor,","lose, lose, lost","verlieren, verliert, verlor, 1.",,word,,hat verloren,Ich habe meine Brieftasche verloren. || Jennifer hat ihre Stelle verloren. || Sie dürfen den Mut nicht verlieren. || Unsere Mannschaft hat 3:5 verloren.,93
b1_3252,B1,"der Verlierer, -","the loser, -","der Verlierer, -",der,noun,-,,Sie ist eine gute Verliererin.,93
b1_3253,B1,"die Verliererin, -nen","the loser, -nen","die Verliererin, -nen",die,noun,-nen,,,93
b1_3254,B1,"der Verlust, -e","the loss, -e","der Verlust, -e",der,noun,-e,,Der Verlust meiner Uhr ärgert mich sehr.,93
b1_3255,B1,"vermeiden, vermeidet,","avoid, avoid","vermeiden, vermeidet,",,word,,,"Der Arzt sagt, ich soll Stress",93
b1_3256,B1,vermied,avoided,"vermied, hat vermieden",,verb,,hat vermieden,vermeiden.,93
b1_3257,B1,"vermieten, vermietet, ver-","rent, rented, rented","vermieten, vermietet, ver- 1.",,word,,,Bei uns im Haus ist ein Zimmer zu,93
b1_3258,B1,"mietete, hat vermietet","rented, rented","mietete, hat vermietet",,word,,,vermieten. || Die Wohnung ist schon vermietet.,93
b1_3259,B1,"der Vermieter, -","the landlord, -","der Vermieter, -",der,noun,-,,"Unsere Vermieterin ist eine sehr nette,",93
b1_3260,B1,"die Vermieterin, -nen","the landlady, -nen","die Vermieterin, -nen",die,noun,-nen,,ältere Frau.,93
b1_3261,B1,"die Vermietung, -en","the rental, -en","die Vermietung, -en",die,noun,-en,,Mit der Vermietung von Wohnungen kann man viel Geld verdienen.,93
b1_3262,B1,"vermissen, vermisst, Ich","miss, missed, I","vermissen, vermisst, Ich",,word,,,vermisse meine Familie.,93
b1_3263,B1,"vermisste, hat vermisst","missed, missed","vermisste, hat vermisst",,word,,,,93
b1_3264,B1,"die Vermittlung, -en","the mediation, -en","die Vermittlung, -en 1.",die,noun,-en 1.,,Du suchst ein Zimmer? || Dann frag bei der Vermittlung am Bahnhof nach. || Rufen Sie die Vermittlung an und fragen Sie nach der Telefonnummer von Herrn Fischer.,93
b1_3265,B1,"vermuten, vermutet,","suspect, suspected","vermuten, vermutet,",,word,,,"Ich vermute, sie wird heute nicht",93
b1_3266,B1,"vermutete, hat vermutet","suspected, has suspected","vermutete, hat vermutet",,word,,,kommen.,93
b1_3267,B1,vermutlich,allegedly,vermutlich,,adjective,,,Vermutlich sagt er die Wahrheit.,93
b1_3268,B1,vernünftig,reasonable,vernünftig 1.,,adjective,,,Seien Sie doch vernünftig! || Das ist ein ganz vernünftiger Vorschlag.,93
b1_3269,B1,"verpacken, verpackt,","pack, packed","verpacken, verpackt,",,word,,,Hast Du die Pakete gut verpackt?,93
b1_3270,B1,"verpackte, hat verpackt","packed, has packed","verpackte, hat verpackt",,word,,,,93
b1_3271,B1,"verpassen, verpasst,","miss, missed","verpassen, verpasst, 1.",,word,,,Ich habe den Zug verpasst.,93
b1_3272,B1,"verpasste, hat verpasst","missed, missed","verpasste, hat verpasst 2.",,word,,,Ich habe die 12-Uhr-Nachrichten verpasst.,93
b1_3273,B1,"verpflegen, verpflegt,","catered for, catered for","verpflegen, verpflegt,",,word,,,Wir werden hier sehr gut mit Essen,93
b1_3274,B1,"verpflegte, hat verpflegt","catered, has catered","verpflegte, hat verpflegt",,word,,,verpflegt.,93
b1_3275,B1,verpflichtet,obligated,verpflichtet,,word,,,"Sie sind verpflichtet, den Unfall zu melden.",93
b1_3276,B1,"verraten, verrät, verriet,","betrayed, betrayed, betrayed","verraten, verrät, verriet, 1.",,word,,hat verraten,"Wer hat dir das Geheimnis verraten? || Sein Blick verriet mir, dass er verletzt ist.",93
b1_3277,B1,"verreisen, verreist,","travel, travel","verreisen, verreist,",,word,,,Frau Dr. || Müller ist zurzeit verreist.,93
b1_3278,B1,"verreiste, ist verreist","traveled, is traveling","verreiste, ist verreist",,word,,,,93
b1_3279,B1,verrückt,crazy,verrückt 1.,,word,,,Bist du verrückt geworden?! || So eine verrückte Idee.,93
b1_3280,B1,"die Versammlung, -en","the assembly, -en","die Versammlung, -en",die,noun,-en,,Der Minister hielt bei der Versamm- lung eine Rede.,93
b1_3281,B1,"versäumen, versäumt,","miss, missed","versäumen, versäumt,",,word,,,"Tut mir leid, ich habe die Anmeldefrist",93
b1_3282,B1,"versäumte, hat versäumt","missed, missed","versäumte, hat versäumt",,word,,,versäumt.,93
b1_3283,B1,"verschieben, verschiebt,","move, moves","verschieben, verschiebt,",,word,,,Leider muss ich den Termin,93
b1_3284,B1,verschob,postponed,"verschob, hat verschoben",,verb,,hat verschoben,verschieben.,93
b1_3285,B1,verschieden,different,verschieden 1.,,word,,,Unsere beiden Kinder sind sehr verschieden. || Wir haben dieses Kleid in verschiede- nen Farben.,93
b1_3286,B1,"verschreiben, verschreibt,","prescribe, prescribe","verschreiben, verschreibt,",,word,,,Die Ärztin hat mir Tabletten,93
b1_3287,B1,"verschrieb,",prescribed,"verschrieb,",,word,,hat verschrieben,verschrieben.,93
b1_3288,B1,"verschwinden,",disappear,"verschwinden,",,word,,,Mein Ausweis ist verschwunden. || Hast,93
b1_3289,B1,"verschwindet,",disappears,"verschwindet,",,word,,,du ihn vielleicht gesehen?,93
b1_3290,B1,"verschwand,",disappeared,"verschwand,",,word,,ist verschwunden,,93
b1_3291,B1,"versichern, versichert,","insure, insured","versichern, versichert, 1.",,word,,,Wollen Sie Ihr Gepäck versichern?,93
b1_3292,B1,"versicherte,",assured,"versicherte, 2.",,word,,hat versichert,Wie sind Sie versichert?,93
b1_3293,B1,"die Versichertenkarte, -n","the insurance card, -n","die Versichertenkarte, -n",die,noun,-n,,Haben Sie Ihre Versichertenkarte,93
b1_3294,B1,(D) →A: e-card,(D) →A: e-card,(D) →A: e-card,,other,,,dabei?,93
b1_3295,B1,"die Versicherung, -en1.","the insurance, -en1.","die Versicherung, -en1.",die,noun,-en1.,,Sie sollten eine Versicherung für Ihr Gepäck abschließen. || Sie müssen den Unfall der Ver- sicherung melden.,93
b1_3296,B1,"die Verspätung, -en","the delay, -en","die Verspätung, -en",die,noun,-en,,Unser Zug hatte 10 Minuten Verspä- tung.,93
b1_3297,B1,"versprechen, verspricht,","promise, promises","versprechen, verspricht,",,word,,,"Meine Mutter hat mir versprochen,",93
b1_3298,B1,"versprach,",promised,"versprach,",,word,,hat versprochen,mich abzuholen.,93
b1_3299,B1,verständlich,understandable,verständlich,,adjective,,,"Nach acht Stunden Schule haben die Kinder keine Lust mehr, die Hausaufgaben zu machen. || Ich finde das verständlich.",93
b1_3300,B1,das Verständnis,the understanding,das Verständnis,das,noun,,,Wir bitten um Ihr Verständnis.,94
b1_3301,B1,(sich) verstecken,(to hide oneself,"(sich) verstecken, 1.",,verb,,1.,Ich habe das Geld hinter dem Regal,94
b1_3302,B1,"versteckt, versteckte,","hidden, hidden","versteckt, versteckte,",,word,,hat versteckt,versteckt. || Die Kinder verstecken sich im Wald.,94
b1_3303,B1,(sich) verstehen,(understand each other,"(sich) verstehen, versteht, 1.",,verb,,"versteht, 1.",Ich kann Sie kaum verstehen. || Sprechen,94
b1_3304,B1,verstand,mind,"verstand, hat verstanden",,verb,,hat verstanden,Sie bitte lauter. || Den Satz verstehe ich nicht. || Ich verstehe nichts von Computern. || Unsere beiden Kinder verstehen sich sehr gut.,94
b1_3305,B1,"versuchen, versucht,","try, tried","versuchen, versucht, 1.",,word,,,Haben Sie es schon mal mit diesem,94
b1_3306,B1,"versuchte, hat versucht","tried, tried","versuchte, hat versucht",,word,,,"Mittel versucht? || Ich habe immer wieder versucht, Sie zu erreichen. || Versuchen Sie doch mal meinen Apfelkuchen.",94
b1_3307,B1,"der Versuch, -e1.","the attempt, -e1.","der Versuch, -e1.",der,noun,-e1.,,"In der Forschung werden viele Ver- suche gemacht. || Mein Versuch, etwas zu ändern, blieb ohne Erfolg.",94
b1_3308,B1,"verteilen, verteilt,","distribute, distributed","verteilen, verteilt,",,word,,,Kannst du bitte schon mal die Gläser,94
b1_3309,B1,"verteilte, hat verteilt","distributed, has distributed","verteilte, hat verteilt",,word,,,verteilen?,94
b1_3310,B1,"der Vertrag, ¨-e","the contract, ¨-e","der Vertrag, ¨-e",der,noun,¨-e,,Sie beide müssen den Vertrag unter- schreiben.,94
b1_3311,B1,"vertrauen, vertraut,","trust, familiar","vertrauen, vertraut,",,word,,,Ich kenne dich gut. || Ich vertraue dir.,94
b1_3312,B1,"vertraute, hat vertraut","trusted, trusted","vertraute, hat vertraut",,word,,,,94
b1_3313,B1,das Vertrauen,the trust,das Vertrauen,das,noun,,,Ich habe Vertrauen zu Ihnen.,94
b1_3314,B1,"vertreten, vertritt, vertrat,","represented, represented, represented","vertreten, vertritt, vertrat,",,word,,hat vertreten,"Wer vertritt Sie, wenn Sie Urlaub || machen?",94
b1_3315,B1,"der Vertreter, -1.","the representative, -1.","der Vertreter, -1.",der,noun,-1.,,"Als Herr Dr. || Müller in Urlaub war, bin",94
b1_3316,B1,"die Vertreterin, -nen","the representative, -nen","die Vertreterin, -nen",die,noun,-nen,,ich zu seiner Vertreterin gegangen. || Die Elternvertreter treffen sich morgen Abend in der Schule.,94
b1_3317,B1,"die Vertretung, -en","the representation, -en","die Vertretung, -en",die,noun,-en,,Herr Dr. || Meyer macht für mich die Vertretung.,94
b1_3318,B1,"verurteilen, verurteilt,","condemn, condemned","verurteilen, verurteilt,",,word,,,Das Gericht hat den Täter zu einer,94
b1_3319,B1,"verurteilte, hat verurteilt","condemned, has condemned","verurteilte, hat verurteilt",,word,,,Geldstrafe verurteilt.,94
b1_3320,B1,"die Verwaltung, -en","the administration, -en","die Verwaltung, -en",die,noun,-en,,Sprechen Sie bitte mit der Verwaltung. || Die können Ihnen helfen.,94
b1_3321,B1,verwandt,related,verwandt,,word,,,Sind Sie mit Frau Meyer verwandt?,94
b1_3322,B1,"der Verwandte, -n","the relative, -n","der Verwandte, -n",der,noun,-n,,Zu meinem Geburtstag kommen alle,94
b1_3323,B1,"die Verwandte, -n",the relatives,"die Verwandte, -n",die,noun,-n,,Verwandten.,94
b1_3324,B1,"verwechseln, verwechselt,","confuse, confused","verwechseln, verwechselt,",,word,,,"Entschuldigen Sie, ich habe Sie mit",94
b1_3325,B1,"verwechselte,",confused,"verwechselte,",,word,,hat verwechselt,jemandem verwechselt.,94
b1_3326,B1,"verwenden, verwendet,","use, used","verwenden, verwendet,",,word,,,Dieses Wort wird oft verwendet.,94
b1_3327,B1,"verwendete, hat verwen-","used, has used","verwendete, hat verwen-",,word,,,,94
b1_3328,B1,det,det,det,,word,,,,94
b1_3329,B1,"verzeihen, verzeiht,","forgive, forgive","verzeihen, verzeiht,",,word,,,Das werde ich ihm nie verzeihen,94
b1_3330,B1,verzieh,forgiven,"verzieh, hat verziehen",,verb,,hat verziehen,können.,94
b1_3331,B1,Verzeihung,forgiveness,Verzeihung,,noun,,,Verzeihung! || Ich habe die falsche Nummer gewählt.,94
b1_3332,B1,"verzichten, verzichtet,","renounce, renounce","verzichten, verzichtet,",,word,,,Ich verzichte heute auf den Kaffee.,94
b1_3333,B1,"verzichtete, hat verzichtet","renounced, has renounced","verzichtete, hat verzichtet",,word,,,,94
b1_3334,B1,"das Video, -s","the video, -s","das Video, -s 1.",das,noun,-s 1.,,Ich habe den Film auf Video aufgenommen. || Lass uns ein Video vom Fest machen!,94
b1_3335,B1,viel/viele,much/many,viel/viele 1.,,word,,,Ich habe schon viel gelernt. || Ich wünsche Ihnen viel Spaß. || Hier regnet es viel. || Das ist mir viel zu teuer. || Im Winter sind viele Leute erkältet.,94
b1_3336,B1,vielleicht,perhaps,vielleicht 1.,,adverb,,,Kommst du mit in die Stadt? || - Ich weiß noch nicht. || Vielleicht. || Vielleicht bekomme ich den Job. || Die Fahrkarte war vielleicht teuer! || Hast du vielleicht Kleingeld für mich?,94
b1_3337,B1,"das Viertel, - (D, A) →CH:","the quarter, - (D, A) →CH:","das Viertel, - (D, A) →CH:",das,noun,"- (D, A) →CH:",,Wir wohnen in einem schönen Viertel.,94
b1_3338,B1,Quartier,Quarter,Quartier,,noun,,,,94
b1_3339,B1,virtuell,virtual,virtuell,,word,,,Auf dieser Website kann man an einer virtuellen Stadtrundfahrt teilnehmen.,94
b1_3340,B1,"der Virus, Viren","the virus, viruses","der Virus, Viren",der,noun,Viren,,Ich habe mal wieder einen Virus auf meinem Computer.,94
b1_3341,B1,"die Visitenkarte, -n","the business card, -n","die Visitenkarte, -n",die,noun,-n,,Darf ich Ihnen meine Visitenkarte geben?,94
b1_3342,B1,"das Visum, Visa","the visa, visas","das Visum, Visa",das,noun,Visa,,Das Visum ist für drei Monate gültig.,94
b1_3343,B1,"das Vitamin, -e","the vitamin, -e","das Vitamin, -e",das,noun,-e,,"Der Arzt sagt, ich soll viele Vitamine essen.",94
b1_3344,B1,voll,full,voll 1.,,adjective,,,Die Flasche ist noch ganz voll. || Vor den Feiertagen sind die Züge immer sehr voll. || Bitte unterschreiben Sie mit Ihrem vollen Namen.,94
b1_3345,B1,die Vollzeit,the full time,die Vollzeit,die,noun,,,Ich möchte gerne Vollzeit arbeiten.,94
b1_3346,B1,Volleyball,volleyball,Volleyball,,noun,,,Im Sommer spiele ich gern Volleyball.,94
b1_3347,B1,völlig,fully,völlig,,adjective,,,Das halte ich für völlig ausgeschlossen.,94
b1_3348,B1,von,from,von 1.,,preposition,,,Ich komme gerade vom Zahnarzt. || Emil ist ein Freund von mir. || Haben Sie noch eine Zeitung von heute? || Von jetzt an müssen wir sparen. || Das Büro ist von 13 bis 15 Uhr geschlossen.,94
b1_3349,B1,voneinander,from each other,voneinander,,word,,,Wir haben lange nichts voneinander gehört.,95
b1_3350,B1,vor,before,vor 1.,,preposition,,,Ich bin vor einer Woche zurück- gekommen. || Das Auto steht vor der Tür. || Ich konnte vor Schmerzen nicht schlafen.,95
b1_3351,B1,vor allem,vor allem,vor allem,,preposition,,,"Grüßen Sie alle von mir, vor allem Frau Meier.",95
b1_3352,B1,voraus,in advance,voraus 1.,,word,,,Gehen Sie schon voraus. || Ich danke Ihnen im Voraus für Ihre Mühe.,95
b1_3353,B1,"die Voraussetzung, -en","the prerequisite, -en","die Voraussetzung, -en 1.",die,noun,-en 1.,,"Gesunde Ernährung ist die Vorausset- zung für ein langes Leben. || Er will die Arbeit nur unter der Voraussetzung annehmen, dass ihm die Firma eine Wohnung organisiert.",95
b1_3354,B1,voraussichtlich,expected,voraussichtlich,,adjective,,,Der Zug hat voraussichtlich 20 Minuten Verspätung.,95
b1_3355,B1,vorbei/vorbei-,over/past-,vorbei/vorbei- 1.,,word,,,Die Linie 8 fährt am Krankenhaus vorbei. || Keine Sorge! || Die Schmerzen sind in ein paar Minuten vorbei. || Kommst du um 3 Uhr bei mir vorbei?,95
b1_3356,B1,(sich) vorbereiten,(get ready,"(sich) vorbereiten, 1.",,verb,,1.,Am Sonntag machen wir ein kleines,95
b1_3357,B1,"bereitet vor, bereitete vor,","prepared, prepared","bereitet vor, bereitete vor,",,word,,hat vorbereitet,Fest. || Ich muss noch viel dafür vor- || bereiten. || Ich muss mich auf meine Prüfung vor- bereiten.,95
b1_3358,B1,"die Vorbereitung, -en","the preparation, -en","die Vorbereitung, -en",die,noun,-en,,Nächste Woche beginnen wir mit der Vorbereitung für die Prüfung.,95
b1_3359,B1,vorder-,before the-,vorder-,,word,,,In den vorderen Reihen sind noch Plätze frei.,95
b1_3360,B1,die Vorfahrt,the right of way,die Vorfahrt,die,noun,,,Achtung! || Das Auto rechts hat Vorfahrt!,95
b1_3361,B1,vorgestern,the day before yesterday,vorgestern,,verb,,,Er hat mich vorgestern angerufen.,95
b1_3362,B1,"vorhaben, hat vor,","intend, intends","vorhaben, hat vor,",,word,,,Haben Sie morgen Abend schon etwas,95
b1_3363,B1,"hatte vor, hat vorgehabt","had before, has intended","hatte vor, hat vorgehabt",,word,,,vor?,95
b1_3364,B1,vorher,previously,vorher,,word,,,Ich komme mit ins Café. || Vorher muss ich aber noch zur Bank.,95
b1_3365,B1,vorhin,earlier,vorhin,,word,,,Vorhin hat Heidrun angerufen. || Du sollst sie zurückrufen.,95
b1_3366,B1,"vorkommen, kommt vor,","occur, occurs","vorkommen, kommt vor,",,word,,,Kein Problem. || Das kann vorkommen.,95
b1_3367,B1,"kam vor,",occurred,"kam vor,",,word,,ist vorgekommen,,95
b1_3368,B1,vorläufig,provisionally,vorläufig 1.,,adjective,,,Ich habe noch keine Wohnung. || Ich wohne vorläufig bei einem Freund. || Das ist eine vorläufige Entscheidung.,95
b1_3369,B1,"vorlesen, liest vor,","read out, read out","vorlesen, liest vor,",,word,,,Ich lese meinen Kindern oft etwas vor.,95
b1_3370,B1,las vor,read out,"las vor, hat vorgelesen",,verb,,hat vorgelesen,,95
b1_3371,B1,"vorn, vorne","front, front","vorn, vorne 1.",,word,,,"Bitte vorn beim Fahrer einsteigen! || Zwei Kinokarten, bitte. || – Wo möchten Sie sitzen, vorne oder hinten? || Das war noch nicht ganz richtig. || Bitte noch mal von vorne.",95
b1_3372,B1,"der Vorort, -e","the suburb, -e","der Vorort, -e",der,noun,-e,,Wir wohnen in einem Vorort von Köln.,95
b1_3373,B1,"vorschlagen, schlägt vor,","suggest, suggests","vorschlagen, schlägt vor,",,word,,,"Ich schlage vor, dass wir eine Pause",95
b1_3374,B1,"schlug vor,",suggested,"schlug vor,",,word,,hat vorgeschlagen,machen.,95
b1_3375,B1,"der Vorschlag, ¨-e","the suggestion, ¨-e","der Vorschlag, ¨-e",der,noun,¨-e,,"Ich mache dir einen Vorschlag: Du hil- fst mir beim Deutschlernen, und ich lade dich zum Essen ein.",95
b1_3376,B1,"die Vorschrift, -en","the regulation, -en","die Vorschrift, -en",die,noun,-en,,Beachten Sie bitte die Vorschriften für das Benutzen der Bibliothek.,95
b1_3377,B1,die Vorsicht,the caution,die Vorsicht,die,noun,,,Vorsicht! || Der Teller ist heiß.,95
b1_3378,B1,vorsichtig,cautious,vorsichtig,,adjective,,,"Bitte fahr vorsichtig, die Straße ist glatt.",95
b1_3379,B1,(sich) vorstellen,(to) imagine,"(sich) vorstellen, stellt vor, 1.",,verb,,"stellt vor, 1.",So schwierig habe ich mir die Arbeit,95
b1_3380,B1,"stellte vor,",introduced,"stellte vor,",,word,,hat vorgestellt,nicht vorgestellt. || Darf ich dir meine Frau vorstellen? || Ich möchte mich vorstellen: Mein Name ist Schuster.,95
b1_3381,B1,"die Vorstellung, -en","the idea, -en","die Vorstellung, -en",die,noun,-en,,Wann läuft der Film? || – Die nächste Vorstellung ist um 15 Uhr.,95
b1_3382,B1,"das Vorstellungsgespräch,",the interview,"das Vorstellungsgespräch,",das,noun,-e,,Wann hast du dein Vorstellungs- || gespräch?,95
b1_3383,B1,"der Vorteil, -e","the advantage, -e","der Vorteil, -e",der,noun,-e,,"Der Vorteil von dieser Wohnung ist, dass sie direkt im Zentrum liegt.",95
b1_3384,B1,"der Vortrag, ¨-e","the lecture, ¨-e","der Vortrag, ¨-e",der,noun,¨-e,,Ihr Vortrag war sehr interessant.,95
b1_3385,B1,"die Vorwahl, -en","the area code, -en","die Vorwahl, -en",die,noun,-en,,Wie ist die Vorwahl von Hamburg?,95
b1_3386,B1,vorwärts,forward,vorwärts,,word,,,Ich kann nicht vorbei. || Bitte fahr noch ein Stück vorwärts.,95
b1_3387,B1,"der Vorwurf, ¨-e","the accusation, ¨-e","der Vorwurf, ¨-e",der,noun,¨-e,,Eva kann nichts dafür. || Mach ihr keine Vorwürfe.,95
b1_3388,B1,waagerecht,horizontally,waagerecht,,word,,,Ziehen Sie bitte einen waagerechten Strich.,96
b1_3389,B1,wach,wach,wach 1.,,word,,,Bist du schon lange wach? || Ich bin gerade wach geworden.,96
b1_3390,B1,"1. wachsen, wächst, wuchs,","1. grow, grow, grew","1. wachsen, wächst, wuchs,",,other,,ist gewachsen,Mein Sohn ist sehr gewachsen. || Er ist || jetzt schon größer als ich. || Ich will mir die Haare wachsen lassen. || In meinem Garten wachsen Tomaten und Kartoffeln.,96
b1_3391,B1,"der Wagen, -","the car, -","der Wagen, - 1.",der,noun,- 1.,,Ich habe meinen Wagen in die Werk- statt gebracht. || Im zweiten Wagen befindet sich das Zugrestaurant.,96
b1_3392,B1,"1. wählen, wählt, wählte,","1. choose, chooses, chose","1. wählen, wählt, wählte,",,other,,hat gewählt,Sie können wählen: Als Vorspeise gibt || es Suppe oder Salat. || Sie müssen erst eine Null wählen. || Ich habe diese Partei nicht gewählt.,96
b1_3393,B1,"-en1. die Wahl,",-en1. the choice,"-en1. die Wahl,",,word,,,Sie haben die Wahl: mit Vollpension oder Halbpension? || Die nächste Wahl ist im Herbst.,96
b1_3394,B1,1. wahnsinnig,1. insane,1. wahnsinnig,,other,,,Du fährst viel zu schnell. || Bist du wahnsinnig?! || Diese Musik gefällt mir wahnsinnig gut.,96
b1_3395,B1,1. wahr,1. true,1. wahr,,other,,,"Was ich sage, ist wahr. || Es ist eine wahre Geschichte. || Es ist doch schön hier, nicht wahr?",96
b1_3396,B1,"die Wahrheit, -en","the truth, -en","die Wahrheit, -en",die,noun,-en,,Sag mir bitte die Wahrheit. || Hast du wieder geraucht?,96
b1_3397,B1,1. während,1. during,1. während,,other,,,"Während ich arbeite, höre ich oft Musik. || Während der Prüfung dürfen wir unsere Handys nicht benutzen.",96
b1_3398,B1,wahrscheinlich,probably,wahrscheinlich,,adjective,,,Wahrscheinlich mache ich im Herbst noch einen Deutschkurs.,96
b1_3399,B1,"1. der Wald, ¨-er","1. the forest, ¨-er","1. der Wald, ¨-er",,other,,,Hinter unserem Haus fängt der Wald an. || Ich gehe gern im Wald spazieren.,96
b1_3400,B1,"1. die Wand, ¨-e","1. the wall, ¨-e","1. die Wand, ¨-e",,other,,,Ich stelle das Regal rechts an die Wand. || Die Wände sind hier sehr dünn. || Man hört alles.,96
b1_3401,B1,"wandern, wandert,","wander, wanders","wandern, wandert,",,word,,,Wir gehen oft wandern.,96
b1_3402,B1,"wanderte, ist gewandert","wandered, has wandered","wanderte, ist gewandert",,word,,,,96
b1_3403,B1,"die Wanderung, -en","the hike, -en","die Wanderung, -en",die,noun,-en,,Wir haben in den Ferien eine schöne Wanderung gemacht.,96
b1_3404,B1,wann,When,wann 1.,,word,,,"Wann kommst du? || Wissen Sie, wann der Kurs beginnt? || Bis wann muss ich mich anmelden? || Ab wann haben Sie geöffnet?",96
b1_3405,B1,"die Ware, -n",the goods,"die Ware, -n",die,noun,-n,,Wir liefern Ihnen die Ware direkt ins Haus.,96
b1_3406,B1,warm,warm,warm 1.,,adjective,,,Hier ist es sehr warm. || Abends essen wir oft warm. || Du musst dich warm anziehen. || Mittags möchte ich gern ein warmes Essen. || Für den Winter brauche ich einen warmen Pullover.,96
b1_3407,B1,die Wärme,the warmth,die Wärme,die,noun,,,Wärme ist gut gegen meine Schmerzen.,96
b1_3408,B1,"warnen, warnt, warnte,","warn, warned, warned","warnen, warnt, warnte,",,word,,hat gewarnt,Ich warne Sie. || Der Hund ist gefährlich.,96
b1_3409,B1,"warten, wartet, wartete,","wait, wait, wait","warten, wartet, wartete, 1.",,word,,hat gewartet,Können Sie ein paar Minuten warten? || Ich warte seit einer Stunde auf den Bus.,96
b1_3410,B1,warum,Why,warum 1.,,word,,,"Warum besuchst du mich nicht? || Ich weiß nicht, warum es hier so kalt ist.",96
b1_3411,B1,was,What,was 1.,,word,,,"Was ist das? || Was möchten Sie? || Wissen Sie, was das ist? || Hast du schon (et)was gegessen?",96
b1_3412,B1,was für ein-,what a-,was für ein-,,word,,,Ich will mir ein Auto kaufen. || – Was denn für eins?,96
b1_3413,B1,(sich) waschen,(to wash one self,"(sich) waschen, wäscht, 1.",,verb,,"wäscht, 1.",Ich habe die Bluse gerade frisch,96
b1_3414,B1,wusch,washed,"wusch, hat gewaschen",,verb,,hat gewaschen,gewaschen. || Wo kann ich mir die Hände waschen?,96
b1_3415,B1,die Wäsche1.,the laundry1.,die Wäsche1.,die,noun,,,Ich muss heute noch Wäsche waschen. || Kannst du bitte die Wäsche aufhängen?,96
b1_3416,B1,"das Waschmittel, -","the detergent, -","das Waschmittel, -",das,noun,-,,Diese Bluse darfst du nicht mit jedem Waschmittel waschen.,96
b1_3417,B1,das Wasser,the water,das Wasser 1.,das,noun,,,"Kann ich bitte ein Glas Wasser haben? || Eine Cola und zwei Wasser, bitte! || Gibt es hier kein warmes Wasser?",96
b1_3418,B1,"wechseln, wechselt,","change, change","wechseln, wechselt, 1.",,word,,,Können Sie 50 Euro in Kleingeld/in,96
b1_3419,B1,"wechselte, hat gewechselt","changed, has changed","wechselte, hat gewechselt",,word,,,Dollar wechseln? || Kannst du Reifen wechseln? || Ich werde den Arzt wechseln. || Dieser hier ist zu teuer.,96
b1_3420,B1,"wecken, weckt, weckte,","wake up, wake up, woke up","wecken, weckt, weckte,",,word,,hat geweckt,Können Sie mich morgen früh um || sechs wecken?,96
b1_3421,B1,"der Wecker, -","the alarm clock, -","der Wecker, -",der,noun,-,,Hast du den Wecker schon gestellt?,96
b1_3422,B1,weder … noch,neither nor,weder … noch,,word,,,Für Urlaub haben wir weder Zeit noch Geld.,97
b1_3423,B1,"der Weg, -e","the way, -e","der Weg, -e 1.",der,noun,-e 1.,,Dieser Weg ist sehr breit und angenehm. || Wir wohnen im/am Oberweg 10. || Können Sie mir den Weg zum Bahnhof erklären?,97
b1_3424,B1,weg/weg-,away/away-,weg/weg- 1.,,word,,,Meine Handtasche ist weg! || Den Brief darfst du nicht wegwerfen.,97
b1_3425,B1,wegen,because of,wegen 1.,,word,,,Wegen Nebels konnte unser Flugzeug nicht landen. || Ich rufe wegen meiner Tochter an.,97
b1_3426,B1,"wehtun, tut weh, tat weh,","hurt, hurt, hurt","wehtun, tut weh, tat weh, 1.",,word,,hat wehgetan,Wo tut es weh? || Mir tut der Rücken weh. || Hast du dir wehgetan?,97
b1_3427,B1,weiblich,female,weiblich,,adjective,,,Kreuzen Sie bitte an: „weiblich“ oder „männlich“.,97
b1_3428,B1,weich,soft,weich 1.,,word,,,Ich möchte zum Frühstück ein weiches Ei. || Das Bett im Hotel war mir zu weich.,97
b1_3429,B1,sich weigern,refuse,"sich weigern, weigert sich,",,verb,,"weigert sich,",Ich weigere mich diese Arbeit zu tun.,97
b1_3430,B1,"weigerte sich,",refused,"weigerte sich,",,word,,hat sich geweigert,,97
b1_3431,B1,weil,because,weil,,conjunction,,,"Ich kann nicht kommen, weil ich krank bin.",97
b1_3432,B1,"der Wein, -e","the wine, -e","der Wein, -e",der,noun,-e,,In diesem Restaurant gibt es sehr guten Wein.,97
b1_3433,B1,"weinen, weint, weinte,","cry, cry, cry","weinen, weint, weinte,",,word,-weise,hat geweint,Bitte nicht weinen. || Du bekommst eine || neue Puppe. || War der Test schwierig? || – Teilweise. || Das ist möglicherweise nicht so einfach.,97
b1_3434,B1,weit,far,weit 1.,,word,,,Wie weit ist es noch bis München? || Wie weit sind Sie mit der Arbeit? || Die Jacke ist mir zu weit.,97
b1_3435,B1,weiter/weiter-,further/further-,weiter/weiter- 1.,,word,,,Ich möchte nicht stören. || Bitte essen Sie ruhig weiter. || Haben Sie noch weitere Fragen?,97
b1_3436,B1,"die Weiterbildung, -en","further training, -en","die Weiterbildung, -en",die,noun,-en,,Ich möchte eine Weiterbildung machen.,97
b1_3437,B1,"welcher, welche, welches","which, which, which","welcher, welche, welches 1.",,word,,,Welcher Tag ist heute? || Welchen Kurs hast du gemacht?,97
b1_3438,B1,die Welt,the world,die Welt 1.,die,noun,,,Überall auf der Welt gibt es Probleme. || Ich habe die besten Eltern der Welt.,97
b1_3439,B1,weltweit1.,worldwide1.,weltweit1.,,word,,,Unsere Firma produziert für den weltweiten Markt. || Das Zertifikat B1 wird weltweit angeboten.,97
b1_3440,B1,"wenden, wendet,","turn, turns","wenden, wendet,",,word,,,"Sie müssen zurückfahren, aber hier",97
b1_3441,B1,"wendete, hat gewendet","turned, has turned","wendete, hat gewendet",,word,,,dürfen Sie nicht wenden.,97
b1_3442,B1,wenig/wenige,little/few,wenig/wenige 1.,,word,,,Essen Sie immer so wenig? || Ich habe nur wenig geschlafen. || Hier gibt es nur wenige Geschäfte.,97
b1_3443,B1,wenigstens,at least,wenigstens,,word,,,"Ich habe keinen Hunger. || – Ach, essen Sie wenigstens ein Stück Kuchen.",97
b1_3444,B1,wenn,if,wenn,,conjunction,,,"Kommst du zu der Party? || - Vielleicht, wenn ich nicht arbeiten muss.",97
b1_3445,B1,wer,who,wer 1.,,word,,,Wer ist das? || Kennst du die Frau? || Wer will die Prüfung machen?,97
b1_3446,B1,"die Werbung, -en","the advertising, -en","die Werbung, -en 1.",die,noun,-en 1.,,Ich sehe gern Werbung im Fernsehen. || Ich möchte keine Werbung im Briefkasten.,97
b1_3447,B1,"werden, wird, wurde,","will, will, was","werden, wird, wurde, 1.",,word,,ist geworden,"Es wird kalt. || Ich habe morgen Geburtstag. − Wie alt wirst du denn? || Warum fährst du so schnell? || Bist du verrückt geworden?! || Mein Sohn möchte Polizist werden. || Wohin fahren Sie in Urlaub? || – Ich glaube, wir werden dieses Jahr zu Hause bleiben.",97
b1_3448,B1,"werfen, wirft, warf,","throw, throws, threw","werfen, wirft, warf,",,word,,hat geworfen,Die Kinder haben Steine ins Wasser || geworfen.,97
b1_3449,B1,"das Werk, -e","the work, -e","das Werk, -e",das,noun,-e,,Wir haben gestern das Werk besichtigt.,97
b1_3450,B1,"die Werkstatt, ¨-en","the workshop, ¨-en","die Werkstatt, ¨-en",die,noun,¨-en,,Mein Wagen ist zurzeit in der Werk- statt.,97
b1_3451,B1,"das Werkzeug, -e","the tool, -e","das Werkzeug, -e",das,noun,-e,,Wir hatten kein Werkzeug für die Reparatur dabei.,97
b1_3452,B1,wert,value,wert,,word,,,Das Auto ist vielleicht noch 1000 Euro wert.,97
b1_3453,B1,"der Wert, -e","the value, -e","der Wert, -e 1.",der,noun,-e 1.,,Das Haus hat einen Wert von ca. 1 Mio. || Euro. || Es hat ja doch keinen Wert. || Auf Ihr Urteil lege ich großen Wert.,97
b1_3454,B1,wertlos,worthless,wertlos,,word,,,Diese alten Geldscheine sind heute völlig wertlos.,97
b1_3455,B1,wertvoll,valuable,wertvoll,,adjective,,,Ich habe einen sehr wertvollen Ring von meiner Großmutter.,97
b1_3456,B1,weshalb,for what reason,weshalb 1.,,word,,,"Weshalb rufst du an? || Ich bekomme Besuch, weshalb ich leider nicht zur Party gehen werde.",97
b1_3457,B1,"der Wettbewerb, -e","the competition, -e","der Wettbewerb, -e",der,noun,-e,,Meine Tochter hat bei einem Wettbe- werb gewonnen. || Sie hat das beste Bild gemalt.,98
b1_3458,B1,"wetten, wettet, wettete,","bet, bet, bet","wetten, wettet, wettete, 1.",,word,,hat gewettet,"Wir haben gewettet, dass sie wieder zu || spät kommt. || Wetten, dass es bald regnet?",98
b1_3459,B1,das Wetter,the weather,das Wetter 1.,das,noun,,,Ich habe Radio gehört. || Das Wetter soll schön werden. || Wir hatten im Urlaub schlechtes Wetter. || Bei schönem Wetter könnten wir ein Picknick machen.,98
b1_3460,B1,"der Wetterbericht, -e","the weather report, -e","der Wetterbericht, -e",der,noun,-e,,Hast du schon den Wetterbericht gehört?,98
b1_3461,B1,"die Wettervorhersage, -n","the weather forecast, -n","die Wettervorhersage, -n",die,noun,-n,,Die Wettervorhersage für morgen: trocken und sonnig.,98
b1_3462,B1,wichtig,important,wichtig 1.,,adjective,,,Die Prüfung ist sehr wichtig für mich. || Morgen habe ich einen wichtigen Termin.,98
b1_3463,B1,"widersprechen,",contradict,"widersprechen, 1.",,word,,,Da muss ich Ihnen widersprechen.,98
b1_3464,B1,"widerspricht,",contradicts,"widerspricht, 2.",,word,,,Das widerspricht sich aber.,98
b1_3465,B1,"widersprach,",contradicted,"widersprach,",,word,,hat widersprochen,,98
b1_3466,B1,wie,How,wie 1.,,word,,,Wie heißt du? || Wie lange bist du schon hier? || Meine Frau ist so alt wie ich. || Wie schreibt man das? || Wie bitte? || Wie gefällt dir unsere Wohnung?,98
b1_3467,B1,wieder/wieder-,again/again-,wieder/wieder- 1.,,word,,,Wann kommst du wieder? || Meine Mutter war krank. || Jetzt ist sie aber wieder gesund. || Mein Bruder kommt schon wieder zu spät. || Meine Eltern sind zu Besuch gekom- men. || Morgen fahren sie wieder zurück.,98
b1_3468,B1,"wiederholen, wiederholt,","repeat, repeated","wiederholen, wiederholt,",,word,,,Ich wiederhole: Die Nummer ist 3487.,98
b1_3469,B1,"wiederholte,",repeated,"wiederholte,",,word,,hat wiederholt,,98
b1_3470,B1,"die Wiederholung, -en","the repetition, -en","die Wiederholung, -en",die,noun,-en,,Eine Wiederholung der Prüfung ist möglich.,98
b1_3471,B1,"wiegen, wiegt, wog,","weigh, weigh, weighed","wiegen, wiegt, wog, 1.",,word,,hat gewogen,Wie viel wiegst du? || Der Brief wiegt mehr als 20 Gramm.,98
b1_3472,B1,wild,wild,wild 1.,,word,,,Das ist ein wilder Fluss. || Spielt nicht so wild!,98
b1_3473,B1,"die Wiese, -n","the meadow, -n","die Wiese, -n",die,noun,-n,,Vor unserem Haus ist eine Wiese mit Bäumen.,98
b1_3474,B1,wieso,how come,wieso,,word,,,Wie lange sind Sie hier? || – Wieso fragen Sie?,98
b1_3475,B1,wie viel(e),how many),wie viel(e) 1.,,word,,,Wie viel Geld hast du dabei? || Wie viel ist ein Euro hier wert? || Wie viele Kinder haben Sie?,98
b1_3476,B1,willkommen,welcome,willkommen,,verb,,,Herzlich willkommen in Köln.,98
b1_3477,B1,"der Wind, -e","the wind, -e","der Wind, -e",der,noun,-e,,Der Wind kommt heute von Westen.,98
b1_3478,B1,windig,windy,windig,,adjective,,,Es ist heute sehr windig.,98
b1_3479,B1,"winken, winkt, winkte,","wave, wave, wave","winken, winkt, winkte,",,word,,hat gewinkt,Alle standen auf dem Bahnsteig und || winkten zum Abschied.,98
b1_3480,B1,"wirken, wirkt, wirkte,","work, work, worked","wirken, wirkt, wirkte,",,word,,hat gewirkt,Die Tabletten haben nicht gewirkt.,98
b1_3481,B1,"die Wirkung, -en","the effect, -en","die Wirkung, -en",die,noun,-en,,Welche Wirkungen hat dieses Medika- ment? || Muss ich vorsichtig sein?,98
b1_3482,B1,wirklich,really,wirklich 1.,,adjective,,,Du glaubst mir nicht? || Es ist aber wirklich so. || Im Bahnhofsrestaurant isst man wirklich sehr gut.,98
b1_3483,B1,die Wirklichkeit1.,the reality1.,die Wirklichkeit1.,die,noun,,,"Das Buch beschreibt die Wirklichkeit um 1900 sehr gut. || Man sagte mir, das Buch kostet nur 9 Euro. || In Wirklichkeit kostet es 14 Euro.",98
b1_3484,B1,"der Wirt, -e","the host, -e","der Wirt, -e",der,noun,-e,,Ich kenne die Wirtin von diesem Lokal.,98
b1_3485,B1,"die Wirtin, -nen","the landlady, -nen","die Wirtin, -nen",die,noun,-nen,,Sie ist sehr nett.,98
b1_3486,B1,die Wirtschaft,the economy,die Wirtschaft,die,noun,,,In der Schule lernen die Kinder viel über Wirtschaft und Politik.,98
b1_3487,B1,"wissen, weiß, wusste,","know, know, knew","wissen, weiß, wusste, 1.",,word,,hat gewusst,"Weißt du, wie der Hausmeister heißt? || Ich habe nicht gewusst, dass Pascal verheiratet ist. || Woher wissen Sie das?",98
b1_3488,B1,das Wissen1.,the knowledge1.,das Wissen1.,das,noun,,,Es hat ein großes Wissen über Pflanzen. || Ich tue nichts ohne dein Wissen.,98
b1_3489,B1,"die Wissenschaft, -en","science, -en","die Wissenschaft, -en",die,noun,-en,,Vertreter von Kunst und Wissenschaft treffen sich heute in Berlin.,98
b1_3490,B1,"der Wissenschaftler, -","the scientist, -","der Wissenschaftler, -",der,noun,-,,Sie ist Wissenschaftlerin an der,98
b1_3491,B1,dieWissenschaftlerin,the scientist,"dieWissenschaftlerin,-nen",,verb,,-nen,Universität.,98
b1_3492,B1,"der Witz, -e","the joke, -e","der Witz, -e",der,noun,-e,,Wir haben Witze erzählt und viel gelacht.,98
b1_3493,B1,wo,where,wo 1.,,word,,,Wo waren Sie im Urlaub? || Wo wohnen Sie? || Wo ist denn meine Uhr?,98
b1_3494,B1,woher,from where,woher 1.,,word,,,Woher kommst du? || Unsere Nachbarn ziehen nach Berlin. || – Woher wissen Sie das?,98
b1_3495,B1,wohin,where,wohin 1.,,word,,,Wohin kommt der Schrank? || Wohin fährt dieser Bus?,98
b1_3496,B1,wohl,probably,wohl 1.,,word,,,Kann ich nach Hause gehen? || Ich fühle mich nicht wohl. || Das wird wohl etwas länger dauern als geplant.,99
b1_3497,B1,"wohnen, wohnt, wohnte,","live, lives, lived","wohnen, wohnt, wohnte, 1.",,word,,hat gewohnt,Wir wohnen in einem alten Haus. || Ich wohne in München. || Wohnst du noch bei deinen Eltern?,99
b1_3498,B1,"der Wohnort, -e","the place of residence, -e","der Wohnort, -e",der,noun,-e,,Tragen Sie bitte Straße und Wohnort ein.,99
b1_3499,B1,"der Wohnsitz, -e","the place of residence, -e","der Wohnsitz, -e",der,noun,-e,,Er hat einen festen Wohnsitz in dieser Stadt.,99
b1_3500,B1,"die Wohnung, -en","the apartment, -en","die Wohnung, -en",die,noun,-en,,"Wir suchen eine möblierte Wohnung, möglichst im Zentrum.",99
b1_3501,B1,"das Wohnzimmer, -","the living room, -","das Wohnzimmer, -",das,noun,-,,Wir sitzen im Wohnzimmer und sehen fern.,99
b1_3502,B1,"die Wolke, -n","the cloud, -n","die Wolke, -n",die,noun,-n,,Es sind viele Wolken am Himmel.,99
b1_3503,B1,bewölkt,cloudy,bewölkt,,word,,,Heute ist es stark bewölkt.,99
b1_3504,B1,die Wolle,the wool,die Wolle,die,noun,,,Dieser Pullover ist aus reiner Wolle.,99
b1_3505,B1,"wollen, will, wollte,","want, want, wanted","wollen, will, wollte, 1.",,word,,hat gewollt,Peter will Arzt werden. || Wollen Sie einen Kaffee?,99
b1_3506,B1,(hat wollen als,(has wanted as,(hat wollen als 3.,,word,,,Meine Eltern wollten nicht mitfahren.,99
b1_3507,B1,Modalverb),modal verb),Modalverb) 4.,,noun,,,Was hast du als Kind werden wollen? || Tut mir leid. || Ich wollte das nicht.,99
b1_3508,B1,worüber,about what,worüber,,word,,,Worüber lachen Sie?,99
b1_3509,B1,worum,what about,worum,,word,,,Kann ich Herrn Meier sprechen? || – Worum geht es denn?,99
b1_3510,B1,"das Wort, ¨-er","the word, ¨-er","das Wort, ¨-er",das,noun,¨-er,,Ich kenne diese beiden Wörter nicht.,99
b1_3511,B1,"das Wort, -e","the word, -e","das Wort, -e",das,noun,-e,,Sie hat mit wenigen Worten viel gesagt.,99
b1_3512,B1,"das Wörterbuch, ¨-er","the dictionary, ¨-er","das Wörterbuch, ¨-er",das,noun,¨-er,,Ich muss das Wort im Wörterbuch nachschlagen.,99
b1_3513,B1,"die Wunde, -n","the wound, -n","die Wunde, -n",die,noun,-n,,Die Wunde müssen wir sofort verbinden.,99
b1_3514,B1,"das Wunder, -","the miracle, -","das Wunder, - 1.",das,noun,- 1.,,"Ich bin mit dem Fahrrad gestürzt. || Es war ein Wunder, dass nichts Schlimmes passiert ist. || Du isst zu viel Schokolade. || Kein Wunder, dass die Hose nicht mehr passt.",99
b1_3515,B1,wunderbar1.,wonderful1.,wunderbar1.,,word,,,Im ganzen Urlaub hatten wir wunder- bares Wetter. || Diese Schokolade schmeckt wunderbar.,99
b1_3516,B1,wunderschön1.,beautiful1.,wunderschön1.,,word,,,Wir haben einen Ausflug gemacht. || Es war wunderschön. || Ich habe mir ein wunderschönes Kleid gekauft.,99
b1_3517,B1,sich wundern,to wonder,"sich wundern, 1.",,verb,,1.,"Es hat mich gewundert, dass das Essen",99
b1_3518,B1,"wundert sich,",wonders,"wundert sich,",,word,,,hier so günstig ist.,99
b1_3519,B1,"wunderte sich,",wondered,"wunderte sich, 2.",,word,,hat sich gewundert,"Ich wundere mich, dass du schon so || früh aus der Schule kommst. || Was ist los?",99
b1_3520,B1,(sich) wünschen,(make a Wish,"(sich) wünschen, wünscht, 1.",,verb,,"wünscht, 1.",Ich wünsche Ihnen alles Gute.,99
b1_3521,B1,"wünschte, hat gewünscht","wished, wished","wünschte, hat gewünscht 2.",,word,,,Was wünschst du dir zum Geburtstag? || Wünsch mir Glück!,99
b1_3522,B1,"der Wunsch, ¨-e1.","the desire, ¨-e1.","der Wunsch, ¨-e1.",der,noun,¨-e1.,,Haben Sie sonst noch einen Wunsch? || Mit den besten Wünschen für Sie und Ihre Familie.,99
b1_3523,B1,"die Wurst, ¨-e","the sausage, ¨-e","die Wurst, ¨-e",die,noun,¨-e,,Diese Wurst ist mir zu fett.,99
b1_3524,B1,wütend,angry,wütend,,word,,,Warum bist du so wütend?,99
b1_3525,B1,"die Zahl, -en",the numbers,"die Zahl, -en 1.",die,noun,-en 1.,,Können Sie die Zahl bitte wiederholen? || Die Zahl der Internetnutzer wird immer größer.,99
b1_3526,B1,"die Anzahl, -en","the number, -en","die Anzahl, -en",die,noun,-en,,Die Anzahl der Teilnehmer war groß.,99
b1_3527,B1,zahlreich,numerous,zahlreich,,word,,,Die Gäste sind zahlreich gekommen. || Es gibt zahlreiche Beispiele für gute Zusammenarbeit.,99
b1_3528,B1,"zahlen, zahlt, zahlte,","pay, pay, paid","zahlen, zahlt, zahlte, 1.",,word,,hat gezahlt,"Herr Ober, zahlen bitte! || Ich hatte keinen Fahrschein und musste 60 Euro Strafe zahlen. || Wir müssen im nächsten Jahr mehr Steuern zahlen.",99
b1_3529,B1,"die Zahlung, -en","the payment, -en","die Zahlung, -en",die,noun,-en,,Bitte geben Sie bei der Zahlung die Rechnungsnummer an.,99
b1_3530,B1,"zählen, zählt, zählte,","count, count, count","zählen, zählt, zählte, 1.",,word,,hat gezählt,Bitte zählen Sie das Wechselgeld || sofort nach. || Mein Sohn kann schon bis 100 zählen. || Ich zähle auf dich!,99
b1_3531,B1,"der Zahn, ¨-e","the tooth, ¨-e","der Zahn, ¨-e",der,noun,¨-e,,Der Zahn tut mir schon lange weh.,99
b1_3532,B1,die Zahncreme/-pasta,the toothpaste/paste,die Zahncreme/-pasta,die,noun,,,Die neue Zahncreme riecht sehr gut.,99
b1_3533,B1,"die Zange, -n","the pliers, -n","die Zange, -n",die,noun,-n,,"Um das Fahrrad zu reparieren, brauchst du eine Zange.",99
b1_3534,B1,"das Zeichen, -","the sign, -","das Zeichen, -",das,noun,-,,"Bitte fangen Sie erst an, wenn ich Ihnen ein Zeichen gebe.",99
b1_3535,B1,"das Verkehrszeichen, -","the traffic sign, -","das Verkehrszeichen, -",das,noun,-,,Meine Kinder lernen in der Schule gerade die Verkehrszeichen.,100
b1_3536,B1,"zeichnen, zeichnet,","draw, draw","zeichnen, zeichnet,",,word,,,Meine Tochter kann sehr gut zeichnen.,100
b1_3537,B1,"zeichnete, hat gezeichnet","drew, has drawn","zeichnete, hat gezeichnet",,word,,,,100
b1_3538,B1,"die Zeichnung, -en","the drawing, -en","die Zeichnung, -en",die,noun,-en,,Das ist eine schöne Zeichnung.,100
b1_3539,B1,"zeigen, zeigt, zeigte,","show, shows, showed","zeigen, zeigt, zeigte, 1.",,word,,hat gezeigt,Zeig mir bitte deine Hausaufgaben. || Der Bahnhof ist nicht weit entfernt. || Ich zeige Ihnen den Weg. || Komm her! || Ich zeige dir etwas.,100
b1_3540,B1,"die Zeile, -n","the line, -n","die Zeile, -n",die,noun,-n,,Das Wort steht in der fünften Zeile von oben.,100
b1_3541,B1,die Zeit,the time,die Zeit 1.,die,noun,,,Ich habe heute keine Zeit. || Es ist noch früh. || Wir haben noch viel Zeit. || Um welche Zeit sind Sie normaler- weise zu Hause? || Um diese Zeit ist hier wenig los.,100
b1_3542,B1,"der Zeitpunkt, -","the time, -","der Zeitpunkt, -",der,noun,-,,Er ist krank. || Das ist kein guter Zeit-,100
b1_3543,B1,e,e,e,,word,,,punkt für einen Besuch.,100
b1_3544,B1,zurzeit,currently,zurzeit,,word,,,Zurzeit habe ich sehr viel zu tun.,100
b1_3545,B1,"die Zeitschrift, -en","the magazine, -en","die Zeitschrift, -en",die,noun,-en,,Diese Zeitschrift kaufe ich jede Woche.,100
b1_3546,B1,"die Zeitung, -en","the newspaper, -en","die Zeitung, -en",die,noun,-en,,Ich lese manchmal Zeitung.,100
b1_3547,B1,"das Zelt, -e","das Zelt, -e","das Zelt, -e",das,noun,-e,,Wir machen Camping-Urlaub und nehmen ein Zelt mit.,100
b1_3548,B1,"zelten, zeltet, zeltete,","camping, camping, camping","zelten, zeltet, zeltete,",,word,,hat gezeltet,Ich habe noch nie gezeltet.,100
b1_3549,B1,zentral,central,zentral,,word,,,Wir suchen eine Zweizimmerwohnung in zentraler Lage.,100
b1_3550,B1,"das Zentrum, Zentren","the center, centers","das Zentrum, Zentren 1.",das,noun,Zentren 1.,,Im Zentrum gibt es fast keine Park- plätze. || Es gibt ein neues Zentrum mit vielen Geschäften. || Es wird am Samstag eröffnet.,100
b1_3551,B1,"zerstören, zerstört,","destroy, destroyed","zerstören, zerstört,",,word,,,Der Sturm hat viele Häuser zerstört.,100
b1_3552,B1,"zerstörte, hat zerstört","destroyed, has destroyed","zerstörte, hat zerstört",,word,,,,100
b1_3553,B1,"das Zertifikat, -e","the certificate, -e","das Zertifikat, -e",das,noun,-e,,"Wenn ich die Prüfung schaffe, bekomme ich ein Zertifikat.",100
b1_3554,B1,"der Zettel, -","the note, -","der Zettel, -",der,noun,-,,Hast du einen Zettel für mich? || Ich muss etwas aufschreiben.,100
b1_3555,B1,das Zeug/-zeug,the stuff/stuff,das Zeug/-zeug,das,noun,,,Was hast du mit meinen Sachen gemacht? || – Ich habe dein ganzes Zeug in dein Zimmer getan.,100
b1_3556,B1,"der Zeuge, -n","the witness, -n","der Zeuge, -n",der,noun,-n,,Die Polizei sucht noch Zeugen für den,100
b1_3557,B1,"die Zeugin, -nen","the witness, -nen","die Zeugin, -nen",die,noun,-nen,,Unfall.,100
b1_3558,B1,"das Zeugnis, -se","the testimony, -se","das Zeugnis, -se",das,noun,-se,,"Wenn Sie die Prüfung schaffen, bekommen Sie ein Zeugnis.",100
b1_3559,B1,"ziehen, zieht, zog,","pull, pull, pulled","ziehen, zieht, zog, 1.",,word,,hat/ist gezogen,"Sie müssen ziehen, nicht drücken. || Wir sind vor drei Wochen nach Hamburg gezogen. || Machen Sie bitte die Tür zu, es zieht.",100
b1_3560,B1,"das Ziel, -e","das Ziel, -e","das Ziel, -e",das,noun,-e,,Ich will die Prüfung unbedingt schaffen. || Das ist mein Ziel.,100
b1_3561,B1,ziemlich,quite,ziemlich 1.,,adjective,,,Ich bin schon ziemlich müde. || Ich gehe ins Bett. || Ich musste beim Arzt ziemlich lange warten.,100
b1_3562,B1,"die Zigarette, -n","the cigarette, -n","die Zigarette, -n",die,noun,-n,,Wie viele Zigaretten rauchst du am Tag?,100
b1_3563,B1,"das Zimmer, -","the room, -","das Zimmer, - 1.",das,noun,- 1.,,Die Wohnung hat drei Zimmer. || Ich habe ein Zimmer im Hotel Eden re- serviert.,100
b1_3564,B1,die Zinsen (nur Pl.),the interest (pl. only),die Zinsen (nur Pl.),die,noun,,,Wie viele Zinsen bekomme ich für mein Sparkonto?,100
b1_3565,B1,"der Zirkus, -se","the circus, -se","der Zirkus, -se",der,noun,-se,,Heute gehen wir mit den Kindern in den Zirkus.,100
b1_3566,B1,"die Zitrone, -n","the lemon, -n","die Zitrone, -n",die,noun,-n,,Ich hätte gern einen Tee mit Zitrone.,100
b1_3567,B1,der Zivilstand (CH) →Per-,the marital status (CH) →Per-,der Zivilstand (CH) →Per-,der,noun,,,Bei „Zivilstand“ musst du „ledig“,100
b1_3568,B1,"sonenstand; D, A: Fami-","position of the sun; D, A: family","sonenstand; D, A: Fami-",,word,,,ankreuzen.,100
b1_3569,B1,lienstand,lienstand,lienstand,,word,,,,100
b1_3570,B1,"der Zoll, ¨-e","the customs, ¨-e","der Zoll, ¨-e",der,noun,¨-e,,Das war die Passkontrolle. || Wir müssen jetzt noch durch den Zoll.,100
b1_3571,B1,"die Zone, -n","the zone, -n","die Zone, -n",die,noun,-n,,Hier können wir nicht fahren. || Das ist eine Fußgängerzone.,100
b1_3572,B1,"der Zoo, -s","the zoo, -s","der Zoo, -s",der,noun,-s,,Am Sonntag gehen wir mit den Kindern in den Zoo.,100
b1_3573,B1,zu,to,zu 1.,,preposition,,,"Ich bringe Sie zum Bahnhof. || Wann sind Sie zu Hause? || Am besten gehen Sie zu Fuß. || Gehen Ihre Kinder schon/noch zur Schule? || Das Kleid ist mir zu teuer. || Bitte zwanzig Briefmarken zu 55 Cent. || Ich trinke zum Essen ein Bier. || Unsere Mannschaft hat 2 zu 1 gewon- nen. || Ich habe vor, mir ein neues Auto zu kaufen.",100
b1_3574,B1,10.Hast,10.Hast,10.Hast,,other,,,du etwas zu trinken für mich?,100
b1_3575,B1,"zubereiten, bereitet zu,","prepare, prepare","zubereiten, bereitet zu,",,word,,,Sie bereitet das Fleisch mit Kartoffeln,100
b1_3576,B1,"bereitete zu,",prepared,"bereitete zu,",,word,,hat zubereitet,zu.,100
b1_3577,B1,der Zucker,the sugar,der Zucker,der,noun,,,Nehmen Sie Zucker in den Tee?,100
b1_3578,B1,zuerst,first,zuerst 1.,,word,,,Wer war zuerst? || – Der Herr hier. || Zuerst gibt es Mittagessen. || Dann könnt ihr Schokolade essen. || Zuerst hat mir die Arbeit gar nicht gefallen. || Jetzt geht es besser.,101
b1_3579,B1,"der Zufall, ¨-e","the coincidence, ¨-e","der Zufall, ¨-e 1.",der,noun,¨-e 1.,,"So ein Zufall, dass ich dich hier treffe. || Durch Zufall habe ich gehört, dass die Wohnung frei ist.",101
b1_3580,B1,zufällig1.,random1.,zufällig1.,,word,,,Wir haben uns zufällig am Bahnhof getroffen. || Hast du zufällig meine Brille gesehen?,101
b1_3581,B1,zufrieden,satisfied,zufrieden 1.,,word,,,"Meine Kinder haben heute Zeugnisse bekommen. || Ich bin zufrieden. || Ich bin mit der Wohnung zufrieden. || Sie ist nicht so groß, aber sie hat einen Balkon.",101
b1_3582,B1,"der Zugang, ¨-e","the access, ¨-e","der Zugang, ¨-e 1.",der,noun,¨-e 1.,,Der Zugang zu diesem Haus ist schwierig. || Hast du Zugang zum Internet?,101
b1_3583,B1,zugänglich,accessible,zugänglich,,adjective,,,Der Park ist für alle zugänglich.,101
b1_3584,B1,"der Zug, ¨-e","the train, ¨-e","der Zug, ¨-e 1.",der,noun,¨-e 1.,,Unser Zug hatte 40 Minuten Verspätung. || Ich fahre gern mit dem Zug.,101
b1_3585,B1,"zugehen, geht zu, ging zu,","go to, goes to, went to","zugehen, geht zu, ging zu,",,word,,ist zugegangen,Die Tür geht nicht zu. || Kannst du mir || helfen?,101
b1_3586,B1,das Zuhause,the home,das Zuhause,das,noun,,,Ich fühle mich hier wohl. || Das ist mein Zuhause.,101
b1_3587,B1,"zuhören, hört zu,","listen, listen","zuhören, hört zu,",,word,,,Hör mir doch mal zu!,101
b1_3588,B1,"hörte zu, hat zugehört","listened, listened","hörte zu, hat zugehört",,word,,,,101
b1_3589,B1,"der Zuhörer, -","the listener, -","der Zuhörer, -",der,noun,-,,"Liebe Zuhörerinnen und Zuhörer, Ihre",101
b1_3590,B1,"die Zuhörerin, -nen","the listener, -nen","die Zuhörerin, -nen",die,noun,-nen,,Meinung interessiert uns. || Bitte rufen Sie an!,101
b1_3591,B1,die Zukunft,the future,die Zukunft 1.,die,noun,,,Du musst mehr für die Schule lernen. || Denk an die Zukunft. || In Zukunft werde ich vorsichtiger sein.,101
b1_3592,B1,zukünftig,future,zukünftig,,adjective,,,"Ich bitte dich, zukünftig früher zu kommen.",101
b1_3593,B1,zuletzt,last,zuletzt 1.,,word,,,Die Kleider packen wir zuletzt ein. || Wir haben uns vor drei Jahren zuletzt gesehen.,101
b1_3594,B1,"zumachen, macht zu,","close, close","zumachen, macht zu,",,word,,,Mach bitte die Tür zu!,101
b1_3595,B1,"machte zu, hat zugemacht","closed, closed","machte zu, hat zugemacht",,word,,,,101
b1_3596,B1,zumindest,at least,zumindest,,word,,,"Ich möchte nicht in der Stadt wohnen, zumindest jetzt nicht, wenn die Kinder noch so klein sind.",101
b1_3597,B1,zunächst,first,zunächst,,word,,,Zunächst möchte ich alle begrüßen!,101
b1_3598,B1,die Zünder (A) (Pl.) →,the detonators (A) (pl.) →,die Zünder (A) (Pl.) →,die,noun,,,Ich hätte gern eine Schachtel Zünder.,101
b1_3599,B1,Streichholz; Zündholz,matchstick; match,Streichholz; Zündholz,,noun,,,,101
b1_3600,B1,"das Zündholz, ¨-er →Stre-","the match, ¨-er →Stre-","das Zündholz, ¨-er →Stre-",das,noun,¨-er →Stre-,,Ich hätte gern eine Schachtel,101
b1_3601,B1,ichholz; A: Zünder,iwood; A: Detonator,ichholz; A: Zünder,,word,,,Zündhölzer.,101
b1_3602,B1,"zunehmen, nimmt zu,","increase, increases","zunehmen, nimmt zu,",,word,,,Ich habe im Urlaub 1 Kilo zugenom-,101
b1_3603,B1,"nahm zu,",increased,"nahm zu,",,word,,hat zugenommen,men.,101
b1_3604,B1,"zurechtkommen,",cope,"zurechtkommen,",,word,,,Soll ich Ihnen helfen? || - Danke. || Ich,101
b1_3605,B1,"kommt zurecht,",copes,"kommt zurecht,",,word,,,komme allein zurecht.,101
b1_3606,B1,"kam zurecht,",got along,"kam zurecht,",,word,,ist zurechtgekommen,,101
b1_3607,B1,zurück/zurück-,back/back-,zurück/zurück- 1.,,word,,,Bitte eine Fahrkarte nach Frankfurt und zurück! || Wann wirst du zurückkommen? || Wann muss ich das Buch zurückgeben?,101
b1_3608,B1,zurzeit,currently,zurzeit,,word,,,Zurzeit ist kein Zimmer frei.,101
b1_3609,B1,"zusagen, sagt zu, sagte zu,","zusagen, sagt zu, sagte zu,","zusagen, sagt zu, sagte zu,",,word,,hat zugesagt,Meine Eltern haben uns zum Essen || eingeladen. || Ich habe zugesagt.,101
b1_3610,B1,zusammen/zusammen-,together/together-,zusammen/zusammen- 1.,,word,,,Wir haben als Kinder oft zusammen gespielt. || Zahlen bitte. || - Zusammen oder getrennt? || Das macht zusammen 10 Euro 80. || Fuß und Ball musst du zusammen- schreiben – Fußball!,101
b1_3611,B1,die Zusammenarbeit,the collaboration,die Zusammenarbeit,die,noun,,,Sie sind der neue Kollege? || Auf gute Zusammenarbeit!,101
b1_3612,B1,"zusammenfassen,",summarize,"zusammenfassen,",,word,,,Können Sie das bitte noch einmal kurz,101
b1_3613,B1,"fasst zusammen,",summarizes,"fasst zusammen,",,word,,,zusammenfassen?,101
b1_3614,B1,"fasste zusammen,",summarized,"fasste zusammen,",,word,,hat zusammengefasst,,101
b1_3615,B1,"der Zusammenhang, ¨-e","the connection, ¨-e","der Zusammenhang, ¨-e 1.",der,noun,¨-e 1.,,In diesem Zusammenhang möchte ich Sie auf zwei Bücher aufmerksam machen. || Was ist der Zusammenhang zwischen diesen beiden Themen?,101
b1_3616,B1,zusätzlich,additionally,zusätzlich,,adjective,,,Sie müssen in Zukunft eine Stunde zusätzlich arbeiten.,101
b1_3617,B1,"zuschauen, schaut zu,","watch, watch","zuschauen, schaut zu,",,word,,,"Willst du mitspielen? || – Nein, ich",101
b1_3618,B1,"schaute zu,",watched,"schaute zu,",,word,,hat zugeschaut,schaue lieber nur zu.,101
b1_3619,B1,"der Zuschauer, -","the spectator, -","der Zuschauer, -",der,noun,-,,"Liebe Zuschauer, wir wünschen Ihnen",101
b1_3620,B1,"die Zuschauerin, -nen","the spectator, -nen","die Zuschauerin, -nen",die,noun,-nen,,gute Unterhaltung.,101
b1_3621,B1,"der Zuschlag, ¨-e","the surcharge, ¨-e","der Zuschlag, ¨-e",der,noun,¨-e,,Für diesen Zug müssen Sie einen Zuschlag zahlen.,101
b1_3622,B1,"zu sein, ist zu, war zu, ist","to be is to, was to, is","zu sein, ist zu, war zu, ist 1.",,preposition,,,Am Sonntag sind die die meisten,102
b1_3623,B1,zu gewesen,to have been,zu gewesen,,verb,,,Läden zu. || Das Fenster war nicht zu.,102
b1_3624,B1,"der Zustand, ¨-e","the condition, ¨-e","der Zustand, ¨-e",der,noun,¨-e,,"Als wir in die Wohnung eingezogen sind, war sie in sehr schlechtem Zustand.",102
b1_3625,B1,zuständig,responsible,zuständig,,adjective,,,Wir haben ein Problem mit der Heizung. || Wer ist dafür zuständig?,102
b1_3626,B1,"zustimmen, stimmt zu,","agree, agree","zustimmen, stimmt zu, 1.",,word,,,Ich stimme dir in dieser Sache völlig,102
b1_3627,B1,"stimmte zu,",agreed,"stimmte zu,",,word,,hat zugestimmt,zu. || Er nickt zustimmend.,102
b1_3628,B1,"die Zustimmung, -en","the consent, -en","die Zustimmung, -en",die,noun,-en,,"Wir brauchen Ihre Zustimmung, um Ihnen Werbung zu schicken.",102
b1_3629,B1,die Zutaten (Pl.),the ingredients (pl.),die Zutaten (Pl.),die,noun,,,Welche Zutaten braucht man für diesen Kuchen?,102
b1_3630,B1,zuverlässig,reliable,zuverlässig,,adjective,,,Der Kollege kommt bestimmt gleich. || Er ist immer sehr zuverlässig.,102
b1_3631,B1,"das/der Zvieri/Znüni, -s","the mid-morning/lunch, -s","das/der Zvieri/Znüni, -s",,word,,,Es ist Zeit für ein kleines Zvieri.,102
b1_3632,B1,(CH) →D: Imbiss; A: Jause,(CH) →D: snack bar; A: Snack,(CH) →D: Imbiss; A: Jause,,other,,,,102
b1_3633,B1,zwar,that is,zwar 1.,,word,,,"Diese Schuhe sind zwar teuer, aber gut. || Ich kriege jetzt doch eine Woche Urlaub, und zwar nächsten Monat.",102
b1_3634,B1,"der Zweck, -e","the purpose, -e","der Zweck, -e",der,noun,-e,,"Ich glaube, es hat keinen Zweck, sich zu bewerben. || Der Job ist sicher schon weg.",102
b1_3635,B1,"zweifeln, zweifelt,","doubt, doubt","zweifeln, zweifelt,",,word,,,"Ich zweifle nicht daran, dass Sie recht",102
b1_3636,B1,"zweifelte, hat gezweifelt","doubted, doubted","zweifelte, hat gezweifelt",,word,,,haben.,102
b1_3637,B1,"der Zweifel, -","the doubt, -","der Zweifel, - 1.",der,noun,- 1.,,Da ist ohne Zweifel die beste Lösung. || Allmählich bekomme ich Zweifel daran.,102
b1_3638,B1,"die Zwiebel, -n","the onion, -n","die Zwiebel, -n",die,noun,-n,,Eine Zwiebel in kleine Stücke schneiden und zusammen mit dem Fleisch braten.,102
b1_3639,B1,(sich) zwingen,force (oneself).,"(sich) zwingen, zwingt, 1.",,verb,,"zwingt, 1.",Bitte zwing mich nicht etwas zu essen.,102
b1_3640,B1,zwang,obligation,"zwang, hat gezwungen",,verb,,hat gezwungen,Ich bin wirklich nicht hungrig. || Das schlechte Wetter zwang uns umzukehren.,102
b1_3641,B1,zwischen,between,zwischen 1.,,preposition,,,Das Regal stellen wir zwischen die beiden Schränke. || Heidelberg liegt zwischen Frankfurt und Stuttgart. || Zwischen 8 und 10 Uhr bin ich zu Hause.,102
b1_3642,B1,Ihre Notizen,Your notes,Ihre Notizen,,noun,,,,103
b1_3643,B1,Goethe-Institut e.V.,Goethe Institute e.V.,Goethe-Institut e.V.,,noun,,,,104
b1_3644,B1,Dachauer Straße,Dachauer Street,Dachauer Straße 122,,noun,,,,104
b1_3645,B1,80637 München,80637 Munich,80637 München,,verb,,,,104
