id,level,word,meaning_en,meaning_tr,full_entry,article,pos,plural,forms,examples,page
a2_0001,A2,ALPHABETISCHER,ALPHABETICAL,ALFABETİK,ALPHABETISCHER,,noun,,,WORTSCHATZ,8
a2_0002,A2,ab,away,uzak,ab,,preposition,,,Ab morgen muss ich wieder arbeiten.,8
a2_0003,A2,aber,but,Ancak,aber,,conjunction,,,"Heute kann ich nicht kommen, aber morgen habe ich Zeit. || Wir haben nur eine kleine Wohnung, sind aber damit zufrieden. || Es war sehr schön. || Jetzt muss ich aber gehen. || Das ist aber nett von dir.",8
a2_0004,A2,"abgeben,",hand over,devretmek,"abgeben,",,word,,,Ich muss meinen Schlüssel an der Rezeption,8
a2_0005,A2,"gibt ab,",gives up,pes etmek,"gibt ab,",,word,,hat abgegeben,abgeben.,8
a2_0006,A2,"abholen, holt ab,","pick up, pick up","almak, almak","abholen, holt ab,",,word,,hat abgeholt,Wann kann ich die Sachen bei dir abholen? || Wir müssen noch meinen Bruder abholen.,8
a2_0007,A2,"abschließen,",complete,tamamlamak,"abschließen,",,word,,,Hast du die Tür abgeschlossen?,8
a2_0008,A2,"schließt ab,",concludes,sonuçlandırıyor,"schließt ab,",,word,,hat abgeschlossen,Ich schließe dieses Jahr mein Studium/ || meine Ausbildung ab.,8
a2_0009,A2,Achtung (Sg.),Attention (sg.),Dikkat (örn.),Achtung (Sg.),,noun,,,Achtung an Gleis drei: Die Türen schließen. || Der Zug fährt jetzt ab. || Achtung! || Pass auf! || Der Verkehr ist hier gefährlich.,8
a2_0010,A2,"die Adresse, -n","the address, -n","adres, -n","die Adresse, -n",die,noun,-n,,Können Sie mir Ihre Adresse geben?,8
a2_0011,A2,"die Ahnung, -en","the idea, -en","fikir, -tr","die Ahnung, -en",die,noun,-en,,"Ich hatte keine Ahnung, dass du heute Geburtstag hast. || Wie spät ist es? || - Ich habe keine Ahnung.",8
a2_0012,A2,aktiv,active,aktif,aktiv,,word,,,Peter ist sehr aktiv und macht viel Sport.,8
a2_0013,A2,aktuell,current,akım,aktuell,,word,,,Das ist das aktuelle Kinoprogramm.,8
a2_0014,A2,all-,all-,Tümü-,all-,,word,,,"Ich wünsche dir alles Gute! || Hast du alles? || Möchten Sie noch etwas? || - Nein, danke. || Das ist alles. || Sind alle da? || - Nein, Rita fehlt noch. || Alle Freunde kommen.",8
a2_0015,A2,allein,alone,yalnız,allein,,word,,,"Kommt seine Freundin mit? || - Nein, er kommt allein. || Soll ich Ihnen/dir helfen? || - Nein danke, ich schaffe das schon allein.",8
a2_0016,A2,als,as,gibi,als,,conjunction,,,Hector ist jünger als seine Schwester. || Sie arbeitet als Krankenschwester.,8
a2_0017,A2,also,so,Bu yüzden,also,,word,,,"Also, die Sache ist so: … Er hat Zeit, also kann er uns helfen.",8
a2_0018,A2,alt,old,eskimiş,alt,,word,,,Wie alt sind Sie? || Mein Computer ist schon sehr alt. || Wir wohnen in einem ganz alten Haus. || Köln ist eine alte Stadt.,8
a2_0019,A2,das Alter (Sg.),age (sg.),yaş (sg.),das Alter (Sg.),das,noun,,,Alter: 18 Jahre.,8
a2_0020,A2,"die Ampel, -n","the traffic light, -n","trafik ışığı, -n","die Ampel, -n",die,noun,-n,,"Du kannst fahren, die Ampel ist grün. || Nach der Ampel musst du nach links fahren.",8
a2_0021,A2,an,to,ile,an,,preposition,,,Fahren Sie an der nächsten Kreuzung nach rechts. || Wir treffen uns am Bahnhof/am Kino/am Stand. || Am nächsten Montag geht es leider nicht. || Das Licht war die ganze Nacht an.,8
a2_0022,A2,"anbieten,",offer,teklif,"anbieten,",,word,,,Darf ich Ihnen/dir ein Stück Kuchen anbieten?,8
a2_0023,A2,"bietet an,",offers,teklifler,"bietet an,",,word,,hat angeboten,Er hat mir eine Stelle als Verkäuferin angeboten.,8
a2_0024,A2,"das Angebot, -e","the offer, -e","teklif, -e","das Angebot, -e",das,noun,-e,,Heute sind Bananen im Angebot. || Stellenangebote finden Sie in der Zeitung oder im Internet.,8
a2_0025,A2,ander-,at the-,en...,ander-,,word,,,"Willst du diesen Mantel? || – Nein, ich möchte den anderen. || Die anderen sind schon nach Hause gegangen. || Bitte nicht alle auf einmal! || Einer nach dem anderen.",8
a2_0026,A2,"ändern, ändert,","change, changes","değişiklik, değişiklikler","ändern, ändert,",,word,,hat geändert,Das Wetter hat sich geändert. || Wie kann ich mein Passwort ändern?,8
a2_0027,A2,anders,different,farklı,anders,,word,,,Anders geht das leider nicht. || Oliver ist anders als seine Freunde.,8
a2_0028,A2,"anfangen,",begin,başlamak,"anfangen,",,word,,,Hier fängt die Bahnhofstraße an.,8
a2_0029,A2,"fängt an,",begins,başlar,"fängt an,",,word,,hat angefangen,Der Unterricht fängt gleich an. || Würden Sie bitte anfangen? || Ich fange im Herbst meine Ausbildung an.,8
a2_0030,A2,"der Anfang, ¨-e","the beginning, ¨-e","başlangıç, ¨-e","der Anfang, ¨-e",der,noun,¨-e,,Sie wohnt am Anfang der Straße. || Wir machen Anfang Juli Urlaub.,8
a2_0031,A2,"die Angst, ¨-e","the fear, ¨-e","korku, ¨-e","die Angst, ¨-e",die,noun,¨-e,,Hab keine Angst! || Ich habe Angst vor großen Hunden.,8
a2_0032,A2,"ankommen,",arrive,varmak,"ankommen,",,word,,,Wann kommt dieser Zug in Hamburg an?,8
a2_0033,A2,"kommt an,",arrives,geldiğinde,"kommt an,",,word,,ist angekommen,Aufdiesem FahrplanstehtnurdieAnkunftder Züge.,8
a2_0034,A2,"die Ankunft, -¨e","the arrival, -¨e","varış, -¨e","die Ankunft, -¨e",die,noun,-¨e,,,8
a2_0035,A2,"anmachen,",turn on,aç,"anmachen,",,word,,,Mach bitte das Licht an!,8
a2_0036,A2,"macht an,",turns on,açılır,"macht an,",,word,,hat angemacht,,8
a2_0037,A2,"anmelden (sich),",register (yourself),kayıt ol (kendin),"anmelden (sich),",,word,,,Wo kann ich mich anmelden?,8
a2_0038,A2,"meldet an,",logs in,oturum aç,"meldet an,",,word,,hat angemeldet,Eine Anmeldung für diesen Kurs ist nicht mehr || möglich.,8
a2_0039,A2,"die Anmeldung,-en","the registration,-en","kayıt,-tr","die Anmeldung,-en",die,noun,-en,,Wo bekomme ich das Formular für die Anmeldung?,8
a2_0040,A2,der Anruf-,the call,çağrı,der Anruf-,der,noun,,,Wir sind im Moment nicht da. || Sprechen Sie bitte auf,8
a2_0041,A2,"beantworter, -","answerer, -","cevaplayan, -","beantworter, -",,word,,,den Anrufbeantworter.,8
a2_0042,A2,"anrufen, ruft an,","call, call","ara, ara","anrufen, ruft an,",,word,,hat angerufen,Kann ich Sie heute Abend anrufen? || Juan ruft seine Freundin an.,8
a2_0043,A2,"der Anruf, -e","the call, -e","çağrı, -e","der Anruf, -e",der,noun,-e,,Eva bekommt viele Anrufe von ihrem Freund Juan.,8
a2_0044,A2,"der Anschluss, ¨-e","the connection, ¨-e","bağlantı, ¨-e","der Anschluss, ¨-e",der,noun,¨-e,,In Mannheim haben Sie Anschluss nach Saarbrücken. || In Stuttgart erreichen Sie alle Anschlüsse. || Auch der Zug nach Paris wartet. || Gibt es in der Wohnung einen Waschmaschinen- anschluss?,8
a2_0045,A2,"ansehen, sieht an,","look at, looks at","bak, bakar","ansehen, sieht an,",,word,,hat angesehen,Darf ich eure Urlaubsfotos ansehen? || Ich sehe (mir) diese Sendung jeden Tag an.,8
a2_0046,A2,"antworten,",answer,cevap,"antworten,",,word,,,Er antwortet nicht.,8
a2_0047,A2,"antwortet,",answers,cevaplar,"antwortet,",,word,,hat geantwortet,,8
a2_0048,A2,"die Antwort, -en",the answers,cevaplar,"die Antwort, -en",die,noun,-en,,Er gibt leider keine Antwort.,8
a2_0049,A2,"die Anzeige, -n","the ad, -n","reklam, -n","die Anzeige, -n",die,noun,-n,,Ich habe Ihre Anzeige in der Zeitung gelesen.,8
a2_0050,A2,"der Anzug, ¨-e","the suit, ¨-e","takım elbise, ¨-e","der Anzug, ¨-e",der,noun,¨-e,,Mein Mann muss sich einen neuen Anzug kaufen.,8
a2_0051,A2,"der Apfel, ¨-",the Apple-,elma-,"der Apfel, ¨-",der,noun,¨-,,"Ein Kilo Äpfel, bitte.",8
a2_0052,A2,"die Apotheke, -n","the pharmacy, -n","eczane, -n","die Apotheke, -n",die,noun,-n,,Das Medikament bekommen Sie in der Apotheke.,8
a2_0053,A2,"der Apparat, -e","the apparatus, -e","aparat, -e","der Apparat, -e",der,noun,-e,,Was machen wir mit deinem alten Apparat? || Ich habe einen neuen Fotoapparat.,9
a2_0054,A2,"arbeiten, arbeitet,","work, works","iş, işler","arbeiten, arbeitet,",,word,,hat gearbeitet,Wo arbeiten Sie? || Ich arbeite als Krankenschwester in einem Krankenhaus.,9
a2_0055,A2,"die Arbeit, -en","the work, -en","iş, -tr","die Arbeit, -en",die,noun,-en,,Mein Bruder sucht Arbeit.,9
a2_0056,A2,arbeitslos,unemployed,arbeitslos,arbeitslos,,word,,,"Seit wann ist er schon arbeitslos? || Es gibt bei uns viele Leute, die schon lange arbeitslos sind.",9
a2_0057,A2,"ärgern (sich),",to be annoyed (to be annoyed),sinirlenmek (sinirlenmek),"ärgern (sich),",,word,,,"Warum ärgerst du dich? || - Ich ärgere mich, weil das",9
a2_0058,A2,"ärgert,",annoys,rahatsız ediyor,"ärgert,",,word,,hat geärgert,Wetter schlecht ist.,9
a2_0059,A2,arm,arm,kol,arm,,adjective,,,"Sie haben nicht viel Geld, sie sind arm.",9
a2_0060,A2,"der Arm, -e",the poor,fakir,"der Arm, -e",der,noun,-e,,Mein Arm tut weh.,9
a2_0061,A2,"der Artikel, -","the article, -","makale, -","der Artikel, -",der,noun,-,,"Im Deutschen gibt es drei Artikel: der, die und das. || Ich habe in der Zeitung einen interessanten Artikel gelesen.",9
a2_0062,A2,auch,also,Ayrıca,auch,,word,,,Ich bin auch Spanier. || Maria muss auch am Wochenende arbeiten.,9
a2_0063,A2,auf,on,Açık,auf,,preposition,,,"Das Wörterbuch liegt auf dem Tisch. || Die Kinder spielen auf der Straße. || Am Samstag gehen wir auf eine Party. || Meine Eltern wohnen auf dem Land. || Auf dem Foto ist auch meine Schwester. || Die Tür ist auf, kommen Sie rein! || Hat das Geschäft noch auf? || Auf Wiedersehen. || Wie heißt das auf Deutsch?",9
a2_0064,A2,auf jeden/,In any/,herhangi bir/,auf jeden/,,preposition,,,Ich möchte auf jeden Fall den neuen James-Bond-,9
a2_0065,A2,keinen Fall,no way,Mümkün değil,keinen Fall,,word,,,Film sehen. || - Wirklich? || Ich finde James-Bond-Filme langweilig. || Ich sehe ihn auf keinen Fall an!,9
a2_0066,A2,"aufhören,",stop,durmak,"aufhören,",,word,,,Wann hört ihr mit der Arbeit auf?,9
a2_0067,A2,"hört auf,",stops,durur,"hört auf,",,word,,hat aufgehört,Kannst du bitte damit aufhören? || Ich muss jetzt || arbeiten.,9
a2_0068,A2,"aufmachen,",open up,açılmak,"aufmachen,",,word,,,Kannst du bitte die Tür aufmachen?,9
a2_0069,A2,"macht auf,",opens up,açılır,"macht auf,",,word,,hat aufgemacht,,9
a2_0070,A2,"aufpassen,",watch out,dikkat,"aufpassen,",,word,,,"Pass auf, der Teller fällt gleich auf den Boden!",9
a2_0071,A2,"passt auf,",pay attention,dikkat etmek,"passt auf,",,word,,hat aufgepasst,Der Babysitter passt heute Abend auf die Kinder auf. || Er passt im Unterricht nicht auf.,9
a2_0072,A2,"aufräumen,","aufräumen,",Temizlemek,"aufräumen,",,word,,,Die Kinder müssen ihr Zimmer aufräumen.,9
a2_0073,A2,"räumt auf,",cleans up,temizler,"räumt auf,",,word,,hat aufgeräumt,,9
a2_0074,A2,aufregend,exciting,heyecan verici,aufregend,,word,,,Die letzte Woche war sehr aufregend. || Der Film ist nicht besonders aufregend.,9
a2_0075,A2,"aufstehen,",stand up,ayağa kalk,"aufstehen,",,word,,,Ich stehe jeden Morgen um sieben Uhr auf.,9
a2_0076,A2,"steht auf,",stands up,ayağa kalkar,"steht auf,",,word,,ist aufgestanden,,9
a2_0077,A2,"der Aufzug, ¨-e","the elevator, ¨-e","asansör, ¨-e","der Aufzug, ¨-e",der,noun,¨-e,,In diesem Haus gibt es keinen Aufzug. || Der Aufzug ist leider kaputt.,9
a2_0078,A2,"das Auge, -n","the eye, -n","göz, ​​-n","das Auge, -n",das,noun,-n,,Er hat blaue Augen. || Mein rechtes Auge tut seit Sonntag weh.,9
a2_0079,A2,aus,out of,dışında,aus,,preposition,,,Michele kommt aus Brasilien. || Frau Müller geht immer um acht Uhr aus dem Haus. || Der Tisch ist aus Glas. || Ich sehe nichts. || Das Licht ist aus.,9
a2_0080,A2,"die Ausbildung,-en","the training,-en","eğitim,-tr","die Ausbildung,-en",die,noun,-en,,Ich möchte eine Ausbildung zum Krankenpfleger machen.,9
a2_0081,A2,"der Ausflug, ¨-e","the excursion, ¨-e","gezi, ¨-e","der Ausflug, ¨-e",der,noun,¨-e,,Morgen machen wir einen Ausflug nach Heidelberg/ an die Ostsee.,9
a2_0082,A2,"ausfüllen,",fill out,doldur,"ausfüllen,",,word,,,Füllen Sie/Füll bitte dieses Formular aus!,9
a2_0083,A2,"füllt aus,",fills in,doldurur,"füllt aus,",,word,,hat ausgefüllt,,9
a2_0084,A2,"der Ausgang, ¨-e","the output, ¨-e","çıktı, ¨-e","der Ausgang, ¨-e",der,noun,¨-e,,"Entschuldigung, wo ist der Ausgang?",9
a2_0085,A2,"ausgeben,",spend,harcamak,"ausgeben,",,word,,,Agata gibt viel Geld für Bücher aus.,9
a2_0086,A2,"gibt aus,",outputs,çıktılar,"gibt aus,",,word,,hat ausgegeben,Ich möchte nicht so viel Geld ausgeben.,9
a2_0087,A2,"ausgehen,",go out,dışarı çıkmak,"ausgehen,",,word,,,Gehen wir am Freitag zusammen aus?,9
a2_0088,A2,"geht aus,",goes out,dışarı çıkıyor,"geht aus,",,word,,ist ausgegangen,Plötzlich ist das Licht ausgegangen.,9
a2_0089,A2,"die Auskunft, ¨-e","the information, ¨-e","bilgi, ¨-e","die Auskunft, ¨-e",die,noun,¨-e,,Wo ist die Auskunft? || Können Sie mir bitte eine Auskunft geben?,9
a2_0090,A2,das Ausland (Sg.),abroad (sg.),yurtdışında (örn.),das Ausland (Sg.),das,noun,,,Fahren Sie ins Ausland?,9
a2_0091,A2,"ausmachen,",turn off,kapamak,"ausmachen,",,word,,,Mach bitte das Licht aus!,9
a2_0092,A2,"macht aus,",makes a difference,fark yaratıyor,"macht aus,",,word,,hat ausgemacht,,9
a2_0093,A2,"auspacken,",unpacking,ambalajı açma,"auspacken,",,word,,,Packst du bitte den Koffer aus?,9
a2_0094,A2,"packt aus,",unpacks,paketi açar,"packt aus,",,word,,hat ausgepackt,,9
a2_0095,A2,"ausruhen (sich),",to rest (to),dinlenmek (do),"ausruhen (sich),",,word,,,Ruh dich erst mal aus! || Du bist sicher müde.,9
a2_0096,A2,"ruht aus,",rests,dinlenme,"ruht aus,",,word,,hat ausgeruht,Er ruht sich nach der Arbeit immer aus.,9
a2_0097,A2,"aussehen,",look,Bakmak,"aussehen,",,word,,,Wie sieht er aus? || - Groß und blond.,9
a2_0098,A2,"sieht aus,",looks,görünüyor,"sieht aus,",,word,,hat ausgesehen,Sie sieht wie ihre Mutter aus. || Das Kleid sieht hübsch aus.,9
a2_0099,A2,außer,except,hariç,außer,,word,,,Außer Lisa möchte niemand den Film sehen. || Wir haben täglich außer Samstag geöffnet.,9
a2_0100,A2,außerdem,aside from that,bunun dışında,außerdem,,word,,,"Vier Brötchen, möchten Sie außerdem noch etwas?",9
a2_0101,A2,außerhalb,outside,dıştan,außerhalb,,word,,,"Die Wohnung ist nicht in der Stadt, sie liegt etwas außerhalb.",9
a2_0102,A2,"aussprechen,",express,ifade etmek,"aussprechen,",,word,,,Wie spricht man das Wort aus?,9
a2_0103,A2,"spricht aus,",speaks out,açıkça konuşuyor,"spricht aus,",,word,,hat ausgesprochen,,9
a2_0104,A2,"aussteigen,",exit,çıkış,"aussteigen,",,word,,,Wo müssen wir aussteigen? || –An der nächsten,9
a2_0105,A2,"steigt aus,",gets out,dışarı çıkıyor,"steigt aus,",,word,,ist ausgestiegen,Haltestelle.,9
a2_0106,A2,"die Ausstellung,-en","the exhibition,-en","sergi,-tr","die Ausstellung,-en",die,noun,-en,,Gehen wir morgen zusammen in die Ausstellung?,9
a2_0107,A2,"austragen,",carry out,gerçekleştirmek,"austragen,",,word,,,Er trägt jeden Morgen die Zeitung aus.,9
a2_0108,A2,"trägt aus,",carries out,gerçekleştirir,"trägt aus,",,word,,hat ausgetragen,,9
a2_0109,A2,"der Ausweis, -e","the ID, -e","der Ausweis, -e","der Ausweis, -e",der,noun,-e,,Darf ich bitte mal Ihren Ausweis sehen? || –Hier ist mein Ausweis.,9
a2_0110,A2,"das Auto, -s","the car, -s","araba, -s","das Auto, -s",das,noun,-s,,Er fährt mit dem Auto.,9
a2_0111,A2,"die Autobahn, -en","the highway, -en","otoyol, -tr","die Autobahn, -en",die,noun,-en,,Darf ich mit dem Motorroller auf der Autobahn fahren? || Das Dorf liegt direkt an der Autobahn.,9
a2_0112,A2,"der Automat, -en","the machine, -en","makine, -tr","der Automat, -en",der,noun,-en,,Fahrkarten gibt es nur am Automaten. || In Berlin ist der Fahrkartenautomat auf dem Bahnsteig.,10
a2_0113,A2,automatisch,automatically,otomatik olarak,automatisch,,adjective,,,"Achtung, die Türen schließen automatisch!",10
a2_0114,A2,"das Baby, -s","the baby, -s","bebek, -s","das Baby, -s",das,noun,-s,,Wir haben ein Baby. || Es ist sechs Wochen alt.,10
a2_0115,A2,"der Babysitter,-","the babysitter,-","bebek bakıcısı,-","der Babysitter,-",der,noun,-,,Meine Tochter arbeitet als Babysitter bei einer Familie mit vier Kindern.,10
a2_0116,A2,"backen,",bake,pişmek,"backen,",,word,,,"Wenn du kommst, backe ich einen Kuchen.",10
a2_0117,A2,"bäckt/backt,",bakes/bakes,pişiriyor/pişiriyor,"bäckt/backt,",,word,,hat gebacken,,10
a2_0118,A2,"die Bäckerei, -en","the bakery, -en","fırın, -tr","die Bäckerei, -en",die,noun,-en,,Ich geh mal schnell zur Bäckerei.,10
a2_0119,A2,"das Bad, ¨-er","the bathroom, ¨-er","banyo, ¨-er","das Bad, ¨-er",das,noun,¨-er,,Das Haus ist sehr alt. || Es hat kein Bad. || Im Winter nehme ich gern ein warmes Bad.,10
a2_0120,A2,"baden, badet,","bathe, bathe","yıkanmak, yıkanmak","baden, badet,",,word,,hat gebadet,"Ich bade nicht so gern, ich dusche lieber. || In diesem See darf man nicht baden.",10
a2_0121,A2,"die Bahn, -en","the train, -en","tren, -tr","die Bahn, -en",die,noun,-en,,Wir fahren lieber mit der Bahn als mit dem Bus. || Ich nehme die nächste S-Bahn.,10
a2_0122,A2,"der Bahnhof, ¨-e","the train station, ¨-e","tren istasyonu, ¨-e","der Bahnhof, ¨-e",der,noun,¨-e,,"Entschuldigung, komme ich hier zum Bahnhof?",10
a2_0123,A2,"der Bahnsteig, -e","the platform, -e","platform, -e","der Bahnsteig, -e",der,noun,-e,,Auf Hauptbahnhöfen gibt es meist viele Bahnsteige.,10
a2_0124,A2,bald,soon,yakında,bald,,adverb,,,Ich komme bald. || Auf Wiedersehen! || Bis bald!,10
a2_0125,A2,"der Balkon, -e","the balcony, -e","balkon, -e","der Balkon, -e",der,noun,-e,,Die Wohnung hat auch einen kleinen Balkon.,10
a2_0126,A2,"der Ball, ¨-e","the ball, ¨-e","top, ¨-e","der Ball, ¨-e",der,noun,¨-e,,Meine Kinder spielen gern Ball.,10
a2_0127,A2,"die Banane, -n","the banana, -n","muz, -n","die Banane, -n",die,noun,-n,,"Drei Bananen, bitte!",10
a2_0128,A2,"die Band, -s","the band, -s","grup, -s","die Band, -s",die,noun,-s,,Was ist deine Lieblingsband? || Anton spielt in einer Band.,10
a2_0129,A2,"die Bank, -en","the bank, -en","banka, -tr","die Bank, -en",die,noun,-en,,Bei welcher Bank haben Sie Ihr Konto?,10
a2_0130,A2,"die Bank, ¨-e","the bank, ¨-e","banka, ¨-e","die Bank, ¨-e",die,noun,¨-e,,"Kommt, wir setzen uns auf diese Bank.",10
a2_0131,A2,bar,bear,ayı,bar,,adjective,,,Muss ich bar zahlen oder geht‘s auch mit Karte?,10
a2_0132,A2,"der Basketball, ¨-e","the basketball, ¨-e","basketbol, ​​¨-e","der Basketball, ¨-e",der,noun,¨-e,,Yannick spielt lieber Basketball als Fußball.,10
a2_0133,A2,"basteln, bastelt,","craft, craft","zanaat, zanaat","basteln, bastelt,",,word,,hat gebastelt,Die Kinder haben etwas gebastelt.,10
a2_0134,A2,"der Bauch, ¨-e","the stomach, ¨-e","mide, ¨-e","der Bauch, ¨-e",der,noun,¨-e,,Seit gestern tut mir der Bauch weh.,10
a2_0135,A2,"bauen, baut,","build, build","inşa etmek, inşa etmek","bauen, baut,",,word,,hat gebaut,Unsere Nachbarn bauen ein neues Haus.,10
a2_0136,A2,"der Baum, ¨-e","the tree, ¨-e","ağaç, ¨-e","der Baum, ¨-e",der,noun,¨-e,,Der Baum ist über hundert Jahre alt. || Wir haben zwei Apfelbäume im Garten.,10
a2_0137,A2,"die Baustelle, -n","the construction site, -n","inşaat alanı, -n","die Baustelle, -n",die,noun,-n,,Vor unserem Haus ist eine große Baustelle.,10
a2_0138,A2,"beantworten,",answer,cevap,"beantworten,",,word,,,Können Sie meine Frage bitte beantworten?,10
a2_0139,A2,"beantwortet,",answered,cevaplandı,"beantwortet,",,word,,hat beantwortet,Hast du die Mail schon beantwortet?,10
a2_0140,A2,"bedanken (sich),",to thank (to thank),teşekkür etmek (teşekkür etmek),"bedanken (sich),",,word,,,Ich möchte mich noch einmal sehr herzlich für Ihre,10
a2_0141,A2,"bedankt,",thanks,teşekkürler,"bedankt,",,word,,hat bedankt,Hilfe bedanken.,10
a2_0142,A2,"bedeuten,",mean,Anlam,"bedeuten,",,word,,,Was bedeutet das Wort?,10
a2_0143,A2,"bedeutet,",means,araç,"bedeutet,",,word,,hat bedeutet,,10
a2_0144,A2,"beeilen (sich),",hurry up (hurry up),acele et (acele et),"beeilen (sich),",,word,,,Kannst du dich bitte beeilen? || Der Bus fährt,10
a2_0145,A2,"beeilt,",hurry up,acele etmek,"beeilt,",,word,,hat beeilt,gleich ab!,10
a2_0146,A2,"beenden,",finish,sona ermek,"beenden,",,word,,,Du musst deine Ausbildung auf jeden Fall beenden.,10
a2_0147,A2,"beendet,",ended,sona erdi,"beendet,",,word,,hat beendet,,10
a2_0148,A2,"beginnen,",start,başlangıç,"beginnen,",,word,,,Das Spiel beginnt um 15.30 Uhr.,10
a2_0149,A2,"beginnt,",begins,başlar,"beginnt,",,word,,hat begonnen,,10
a2_0150,A2,"begründen,",justify,savunmak,"begründen,",,word,,,Bitte begründen Sie Ihre Meinung.,10
a2_0151,A2,"begründet,",justified,haklı,"begründet,",,word,,hat begründet,,10
a2_0152,A2,bei,at,en,bei,,preposition,,,Offenbach liegt bei Frankfurt. || Ich wohne bei meinen Eltern. || Bei uns ist das anders als hier. || Er arbeitet bei Siemens. || Ich möchte euch nicht beim Essen stören.,10
a2_0153,A2,beide,both,ikisi birden,beide,,word,,,"Wir kommen beide. || Welche Bluse möchten Sie, die rote oder die grüne? || -Ich nehme beide.",10
a2_0154,A2,"das Bein, -e","the leg, -e","bacak, -e","das Bein, -e",das,noun,-e,,Mein rechtes Bein tut weh.,10
a2_0155,A2,bekannt,known,bilinen,bekannt,,word,,,Picasso ist sehr bekannt. || Er ist ein bekannter Maler.,10
a2_0156,A2,der/die,the/the,/ the,der/die,,word,,,Ein Bekannter von mir heißt Klaus.,10
a2_0157,A2,"Bekannte, -n","acquaintances, -n","tanıdıklar, -n","Bekannte, -n",,noun,,,,10
a2_0158,A2,"bekommen,",receive,almak,"bekommen,",,word,,,Haben Sie meinen Brief bekommen?,10
a2_0159,A2,"bekommt,",receives,alır,"bekommt,",,word,,hat bekommen,Aspirin bekommen Sie in der Apotheke.,10
a2_0160,A2,beliebt,popular,popüler,beliebt,,word,,,Fußball ist bei vielen Menschen beliebt.,10
a2_0161,A2,"benutzen,",use,kullanmak,"benutzen,",,word,,,Die Aufzüge bitte nicht benutzen!,10
a2_0162,A2,"benutzt,",used,kullanılmış,"benutzt,",,word,,hat benutzt,,10
a2_0163,A2,bequem,comfortable,rahat,bequem,,word,,,Das Sofa ist sehr bequem. || Meine Kinder ziehen am liebsten bequeme Schuhe an.,10
a2_0164,A2,"beraten, berät,","advise, advise","tavsiye etmek, tavsiye etmek","beraten, berät,",,word,,hat beraten,"Unsere Sekretärin berät Sie gern, wenn Sie || Fragen haben.",10
a2_0165,A2,"der Berg, -e","the mountain, -e","dağ, -e","der Berg, -e",der,noun,-e,,Die Zugspitze ist der höchste Berg in Deutschland. || Wir fahren am Wochenende in die Berge.,10
a2_0166,A2,"berichten,",report,rapor,"berichten,",,word,,,Alle Zeitungen berichten von dem Unfall.,10
a2_0167,A2,"berichtet,",reported,rapor edildi,"berichtet,",,word,,hat berichtet,,10
a2_0168,A2,"der Beruf, -e","the profession, -e","meslek, -e","der Beruf, -e",der,noun,-e,,Was bist du von Beruf?,10
a2_0169,A2,berühmt,famous,ünlü,berühmt,,word,,,Thomas Müller ist ein berühmter Fußballspieler.,10
a2_0170,A2,der Bescheid,the notice,bildirim,der Bescheid,der,noun,,,Kann Lisa in Heidelberg studieren? || - Sie weiß es,10
a2_0171,A2,(bekommen/,(receive/,(almak/,(bekommen/,,word,,,noch nicht. || Sie bekommt erst nächste Woche,10
a2_0172,A2,geben/sagen),give/say),geben/sagen),geben/sagen),,word,,,Bescheid. || Kannst du mir bis morgen Bescheid geben? || Ich frage Herrn Maier und sage Ihnen dann Bescheid.,10
a2_0173,A2,"beschreiben,",describe,betimlemek,"beschreiben,",,word,,,Kannst du mir den Weg zum Bahnhof beschreiben?,10
a2_0174,A2,"beschreibt,",describes,açıklar,"beschreibt,",,word,,hat beschrieben,,10
a2_0175,A2,"beschweren (sich),",to complain (to complain),şikayet etmek (şikayet etmek),"beschweren (sich),",,word,,,Hier ist es zu laut. || Wo können wir uns beschweren?,10
a2_0176,A2,"beschwert,",complained,şikayet edildi,"beschwert,",,word,,hat beschwert,"Mein Nachbar beschwert sich immer über unsere || Kinder, wenn sie im Garten spielen.",10
a2_0177,A2,besetzt,occupied,dolu,besetzt,,word,,,"Ist dieser Platz frei? || - Nein, er ist besetzt. || Die Nummer ist immer besetzt.",10
a2_0178,A2,"besichtigen,",view,görüş,"besichtigen,",,word,,,Ich möchte gern das Schloss besichtigen.,11
a2_0179,A2,"besichtigt,",visited,ziyaret edildi,"besichtigt,",,word,,hat besichtigt,Sie können die Wohnung am Mittwochabend || besichtigen.,11
a2_0180,A2,besonders,particularly,özellikle,besonders,,word,,,Dieses Angebot ist besonders günstig. || Hier ist die Pizza besonders gut. || Wie geht's? || - Nicht besonders.,11
a2_0181,A2,"bestätigen,",confirm,onaylamak,"bestätigen,",,word,,,"Ich kann bestätigen, dass er hier war.",11
a2_0182,A2,"bestätigt,",confirmed,onaylandı,"bestätigt,",,word,,hat bestätigt,,11
a2_0183,A2,"bestehen,",consist,meydana gelmek,"bestehen,",,word,,,Ich habe die Prüfung bestanden!,11
a2_0184,A2,"besteht,",consists,oluşur,"besteht,",,word,,hat bestanden,"Die Prüfung besteht aus vier Teilen: Hören, Lesen, || Schreiben und Sprechen.",11
a2_0185,A2,"bestellen,",order,emir,"bestellen,",,word,,,Wir möchten bitte bestellen.,11
a2_0186,A2,"bestellt,",ordered,sipariş edildi,"bestellt,",,word,,hat bestellt,Dieses Buch haben wir nicht da. || Sollen wir es für || Sie bestellen?,11
a2_0187,A2,"der Besuch, -e","the visit, -e","ziyaret, -e","der Besuch, -e",der,noun,-e,,Wir bekommen am Wochenende Besuch. || Ich mache einen Besuch im Krankenhaus.,11
a2_0188,A2,"besuchen,",visit,ziyaret etmek,"besuchen,",,word,,,Darf ich dich mal besuchen?,11
a2_0189,A2,"besucht,",visited,ziyaret edildi,"besucht,",,word,,hat besucht,Möchtest du mich in den Ferien besuchen?,11
a2_0190,A2,"das Bett, -en","the bed, -en","yatak, -tr","das Bett, -en",das,noun,-en,,Sie ist krank und muss heute im Bett bleiben.,11
a2_0191,A2,"bewerben (sich),",apply (oneself),(kendisi) başvurmak,"bewerben (sich),",,word,,,Ich möchte mich um diese Stelle bewerben.,11
a2_0192,A2,"bewirbt,",applied,uygulanan,"bewirbt,",,word,,hat beworben,Kannst du mir bei meiner Bewerbung helfen?,11
a2_0193,A2,"die Bewerbung, -en","the application, -en","uygulama, -tr","die Bewerbung, -en",die,noun,-en,,,11
a2_0194,A2,bewölkt,cloudy,bulutlu,bewölkt,,word,,,Heute ist es bewölkt.,11
a2_0195,A2,"die Wolke, -n","the cloud, -n","bulut, -n","die Wolke, -n",die,noun,-n,,Es gibt viele Wolken am Himmel.,11
a2_0196,A2,"bezahlen,",pay,ödemek,"bezahlen,",,word,,,Wo kann ich bezahlen?,11
a2_0197,A2,"bezahlt,",paid,paralı,"bezahlt,",,word,,hat bezahlt,,11
a2_0198,A2,"die Bibliothek, -en","the library, -en","kütüphane, -tr","die Bibliothek, -en",die,noun,-en,,Sie lernt jeden Tag in der Bibliothek.,11
a2_0199,A2,"das Bier, -e","the beer, -e","bira, -e","das Bier, -e",das,noun,-e,,"Noch ein Bier, bitte.",11
a2_0200,A2,"das Bild, -er","the picture, -er","resim, -er","das Bild, -er",das,noun,-er,,Hast du ein Bild von deinem Sohn?,11
a2_0201,A2,billig,cheap,ucuz,billig,,adjective,,,Das Wörterbuch kostet nur fünf Euro. || - Fünf Euro? || Das ist aber billig!,11
a2_0202,A2,"die Birne, -n","the pear, -n","armut, -n","die Birne, -n",die,noun,-n,,"Ein Kilo Birnen, bitte!",11
a2_0203,A2,bis,until,değin,bis,,word,,,"Ich fahre nur bis Stuttgart. || Ich warte bis Freitag. || Tschüss, bis gleich!",11
a2_0204,A2,bisschen,a little,biraz,bisschen,,verb,,,Können Sie bitte ein bisschen lauter sprechen? || Ich spreche ein bisschen Französisch. || Möchten Sie noch ein bisschen Salat?,11
a2_0205,A2,bitte,please,Lütfen,bitte,,word,,,Eine Tasse Kaffee bitte! || - Bitte schön! || Wie bitte? || Sprechen Sie bitte ein bisschen lauter!,11
a2_0206,A2,"die Bitte, -n","the request, -n","istek, -n","die Bitte, -n",die,noun,-n,,Ich habe noch eine Bitte.,11
a2_0207,A2,"bitten,",ask,sormak,"bitten,",,word,,,Darf ich Sie um etwas bitten?,11
a2_0208,A2,"bittet,",asks,sorar,"bittet,",,word,,hat gebeten,,11
a2_0209,A2,bitter,bitter,acı,bitter,,word,,,Kaffee ohne Zucker schmeckt bitter.,11
a2_0210,A2,"das Blatt, ¨-er","the leaf, ¨-er","yaprak, ¨-er","das Blatt, ¨-er",das,noun,¨-er,,Haben Sie ein Blatt Papier für mich? || Die Bäume haben schon gelbe Blätter.,11
a2_0211,A2,"bleiben,","bleiben,",geriye kalmak,"bleiben,",,word,,,Wir bleiben drei Tage in Berlin.,11
a2_0212,A2,"bleibt,",remains,kalıntılar,"bleibt,",,word,,ist geblieben,"Bitte bleiben Sie stehen! || Oh nein, meine Uhr ist stehen geblieben. || Wie spät ist es? || Ich bleibe heute zu Hause.",11
a2_0213,A2,"der Bleistift, -e","the pencil, -e","kalem, -e","der Bleistift, -e",der,noun,-e,,Hast du einen Bleistift?,11
a2_0214,A2,blöd,stupid,aptal,blöd,,word,,,"Ich finde es blöd, dass du morgen gehen musst.",11
a2_0215,A2,"der/das Blog, -s","the blog, -s","blog, -s","der/das Blog, -s",,word,,,Ich schreibe einen Blog über Mode.,11
a2_0216,A2,blond,blond,sarışın,blond,,word,,,Lisa hat blonde Haare.,11
a2_0217,A2,"die Blume, -n","die Blume, -n","çiçek, -n","die Blume, -n",die,noun,-n,,Gefallen dir die Blumen?,11
a2_0218,A2,"die Bluse, -n","the blouse, -n","bluz, -n","die Bluse, -n",die,noun,-n,,Ich suche eine weiße Bluse.,11
a2_0219,A2,"die Bohne, -n","the bean, -n","fasulye, -n","die Bohne, -n",die,noun,-n,,Hans isst nicht gern Bohnen.,11
a2_0220,A2,böse,evil,fenalık,böse,,word,,,Sie ist richtig böse auf mich. || Ich habe dein Buch vergessen. || Hoffentlich bist du mir nicht böse.,11
a2_0221,A2,"braten,",fry,yağda kızartmak,"braten,",,word,,,Braten Sie das Fleisch in etwas Öl!,11
a2_0222,A2,"brät,",fry,yağda kızartmak,"brät,",,word,,hat gebraten,Der Fisch brät in der Pfanne.,11
a2_0223,A2,"brauchen,",need,ihtiyaç,"brauchen,",,word,,,Ich brauche ein neues Auto.,11
a2_0224,A2,"braucht,",needs,ihtiyaçlar,"braucht,",,word,,hat gebraucht,Brauchst du die Zeitung noch oder kann ich sie || haben? || Meine Großmutter ist krank. || Sie braucht viel Ruhe.,11
a2_0225,A2,"der Brief, -e","the letter, -e","harf, -e","der Brief, -e",der,noun,-e,,Haben Sie einen Brief für mich?,11
a2_0226,A2,"die Briefmarke, -n","the stamp, -n","damga, -n","die Briefmarke, -n",die,noun,-n,,Bitte die Briefmarke nicht vergessen!,11
a2_0227,A2,"die Brille, -n","the glasses, -n","gözlükler, -n","die Brille, -n",die,noun,-n,,Wo ist meine Brille? || Mit dieser Brille kann ich nicht mehr gut sehen.,11
a2_0228,A2,"bringen,",bring,getirmek,"bringen,",,word,,,Bringen Sie mir bitte noch einen Kaffee!,11
a2_0229,A2,"bringt,",brings,getiriyor,"bringt,",,word,,hat gebracht,Wir müssen Max ins Krankenhaus bringen.,11
a2_0230,A2,"das Brot, -e","the bread, -e","ekmek, -e","das Brot, -e",das,noun,-e,,Nimm doch noch ein Brot für das Abendessen. || Haben Sie auch Weißbrot?,11
a2_0231,A2,"das Brötchen, -","the bread bun, -","ekmek çöreği, -","das Brötchen, -",das,noun,-,,Möchtest du Brot oder Brötchen zum Frühstück?,11
a2_0232,A2,"die Brücke, -n","the bridge, -n","köprü, -n","die Brücke, -n",die,noun,-n,,Fahren Sie über die nächste Brücke und dann nach links.,11
a2_0233,A2,"das Buch, ¨-er","the book, ¨-er","kitap, ¨-er","das Buch, ¨-er",das,noun,¨-er,,"Was kostet das Buch, bitte? || In diesem Wörterbuch finden Sie mehr als 20.000 Wörter.",11
a2_0234,A2,"buchen,",book,"buchen,","buchen,",,word,,,Morgen buche ich unsere Urlaubsreise.,11
a2_0235,A2,"bucht,",bay,koy,"bucht,",,word,,hat gebucht,,11
a2_0236,A2,"der Buchstabe, -n","the letter, -n","harf, -n","der Buchstabe, -n",der,noun,-n,,Diesen Buchstaben gibt es in meiner Sprache nicht.,11
a2_0237,A2,"buchstabieren,",spell,hecelemek,"buchstabieren,",,word,,,Würden Sie bitte Ihren Namen buchstabieren?,11
a2_0238,A2,"buchstabiert,",spelled,hecelendi,"buchstabiert,",,word,,hat buchstabiert,,11
a2_0239,A2,bunt,colorful,renkli,bunt,,word,,,"Anna trägt gern bunte Kleider. || Meine Wohnung ist sehr bunt: Das Wohnzimmer ist rot, die Küche grün und das Bad blau.",11
a2_0240,A2,"das Büro, -s","the office, -s","ofis, -s","das Büro, -s",das,noun,-s,,Ich arbeite in einem Büro. || Unser Büro ist bis Dienstag geschlossen.,11
a2_0241,A2,"der Bus, -se","the bus, -se","otobüs, -se","der Bus, -se",der,noun,-se,,Wann kommt der nächste Bus?,11
a2_0242,A2,die Butter (Sg.),die Butter (Sg.),tereyağı (örn.),die Butter (Sg.),die,noun,,,Möchtest du Butter aufs Brot oder nur Käse?,11
a2_0243,A2,"das Café, -s","the cafe, -s","kafe, -s","das Café, -s",das,noun,-s,,Kommst du mit ins Café? || Ich möchte gern einen Kaffee trinken.,12
a2_0244,A2,"die Cafeteria, -s","the cafeteria, -s","kafeterya, -s","die Cafeteria, -s",die,noun,-s,,Ich gehe jetzt in die Cafeteria. || Soll ich dir etwas mitbringen?,12
a2_0245,A2,"chatten,",chat,sohbet,"chatten,",,word,,,Luis chattet gern mit seinen Freunden im Internet.,12
a2_0246,A2,"chattet,",chats,sohbetler,"chattet,",,word,,hat gechattet,,12
a2_0247,A2,"der Chef, -s /","der Chef, -s /","patron, -s /","der Chef, -s /",der,noun,-s /,,,12
a2_0248,A2,"die Chefin,-nen","the boss,-nen","patron, -nen","die Chefin,-nen",die,noun,-nen,,Wir haben eine neue Chefin.,12
a2_0249,A2,"der Club, -s /","the club, -s/","kulüp, -s/","der Club, -s /",der,noun,-s /,,Gibt es hier einen Tennis-Club/Klub?,12
a2_0250,A2,"Klub, -s","club, -s","kulüp, -s","Klub, -s",,noun,,,Ich möchte gern tanzen gehen. || Wo gibt es hier einen Club/Klub mit guter Musik?,12
a2_0251,A2,"der/das Comic, -s","the comic, -s","çizgi roman, -s","der/das Comic, -s",,word,,,Mein Sohn liest immer nur Comics.,12
a2_0252,A2,"der Computer, -","the computer, -","bilgisayar, -","der Computer, -",der,noun,-,,Wann bekommst du deinen neuen Computer?,12
a2_0253,A2,"die Creme, -s/-n","the cream, -s/-n","krema, -s/-n","die Creme, -s/-n",die,noun,-s/-n,,Ich suche eine Creme für die Hände. || Der Kuchen schmeckt super! || Was ist in der Creme? || –Das ist eine Buttercreme mit viel Schokolade.,12
a2_0254,A2,da,there,Orası,da,,conjunction,,,Welche Bluse nehmen Sie? || - Die da. || Ist Herr Klein schon da? || Wir sprechen gerade über Paul. || Da kommt er ja. || Da drüben ist der Bahnhof.,12
a2_0255,A2,"da(r) (Bsp. darauf,",there(r) (ex. on it,orada(r) (ör. üzerinde),"da(r) (Bsp. darauf,",,word,,,Darauf fällt mir keine Antwort ein.,12
a2_0256,A2,darüber),about it),bu konuda),darüber),,word,,,Darüber spreche ich nicht gern.,12
a2_0257,A2,"dabei (sein),",to be there),orada olmak),"dabei (sein),",,word,,ist dabei,"Hast du einen Stift dabei? || Schön, dass du da bist. || Ist deine Familie auch",12
a2_0258,A2,"war dabei,",was there,oradaydı,"war dabei,",,word,,ist dabei gewesen,dabei?,12
a2_0259,A2,"dafür/dagegen sein,",be for/against,lehinde/karşısında olmak,"dafür/dagegen sein,",,word,,ist dafür/dagegen,Ich bin dafür/dagegen.,12
a2_0260,A2,"war dafür/dagegen,",was for/against,lehinde / aleyhindeydi,"war dafür/dagegen,",,word,,ist dafür/,,12
a2_0261,A2,dagegen gewesen,been against it,buna karşıydım,dagegen gewesen,,verb,,,,12
a2_0262,A2,damals,at that time,o zaman,damals,,word,,,Als Student hatte ich viel Zeit und wollte reisen. || Aber damals hatte ich kein Geld.,12
a2_0263,A2,"die Dame, -n","the lady, -n","bayan, -n","die Dame, -n",die,noun,-n,,"Damen (an der Toilette) Sehr geehrte Damen und Herren,",12
a2_0264,A2,daneben,next to it,onun yanında,daneben,,verb,,,"Du weißt doch, wo die Post ist. || Daneben ist die Bank.",12
a2_0265,A2,der Dank (Sg.),thanks (sg.),teşekkürler (bkz.),der Dank (Sg.),der,noun,,,Vielen Dank! || Herzlichen Dank!,12
a2_0266,A2,danke,Thanks,Teşekkürler,danke,,word,,,"Soll ich Ihnen helfen? || - Sehr freundlich, ja danke! || Guten Appetit! || - Danke gleichfalls.",12
a2_0267,A2,"danken, dankt,","thank, thank you","teşekkür ederim, teşekkür ederim","danken, dankt,",,word,,hat gedankt,Ich danke Ihnen für die Einladung.,12
a2_0268,A2,dann,then,Daha sonra,dann,,word,,,"Ich muss noch schnell zur Post, dann komme ich. || Wenn es nicht regnet, dann kommen wir.",12
a2_0269,A2,dass,that,O,dass,,conjunction,,,"Rico hat gesagt, dass er auch zur Party kommt. || Ich finde es super, dass du mich besuchst.",12
a2_0270,A2,"die Datei, -en","the file, -en","dosya, -en","die Datei, -en",die,noun,-en,,Wo hast du die Datei gespeichert? || Kannst du die Datei bitte öffnen?,12
a2_0271,A2,"das Datum, -en","the date, -en","tarih, -tr","das Datum, -en",das,noun,-en,,Bitte Datum und Unterschrift nicht vergessen! || Welches Datum haben wir heute? || Haben Sie meine Kontaktdaten?,12
a2_0272,A2,"dauern, dauert,","last, lasts","son, sürer","dauern, dauert,",,word,,hat gedauert,Wie lange dauert die Pause? || - Eine halbe Stunde.,12
a2_0273,A2,"denken, denkt,","think, thinks","düşünüyorum, düşünüyorum","denken, denkt,",,word,,hat gedacht,"Ich denke, du hast recht. || Ich denke oft an meine Freundin. || Was denkst du? || Sollen wir heute Abend ins Kino gehen?",12
a2_0274,A2,denn,because,Çünkü,denn,,conjunction,,,"Ich kann nicht kommen, denn ich bin krank.",12
a2_0275,A2,deshalb,for this reason,bu nedenle,deshalb,,word,,,Ich bin krank. || Deshalb komme ich heute nicht ins Büro.,12
a2_0276,A2,deutlich,clearly,açıkça,deutlich,,adjective,,,Sprechen Sie bitte deutlich! || Können Sie das bitte deutlicher schreiben? || Ich kann das nicht lesen.,12
a2_0277,A2,dick,thick,kalın,dick,,word,,,Ich bin zu dick. || Ich muss weniger essen.,12
a2_0278,A2,"das Ding, -e","the thing, -e","şey, -e","das Ding, -e",das,noun,-e,,Gib mir bitte mal das Ding da drüben! || Was macht man mit diesem Ding? || - Damit kann man Flaschen öffnen.,12
a2_0279,A2,direkt,direct,direkt,direkt,,word,,,"Wir wohnen direkt über dem Café. || Gibt es keinen direkten Zug nach Hamburg? || - Nein, Sie müssen immer umsteigen. || Ich möchte nicht direkt nach der Schule studieren. || Ich möchte erst reisen. || Wir liefern Ihnen das Sofa direkt ins Haus.",12
a2_0280,A2,"die Disco, -s /","the disco, -s /","disko, -s /","die Disco, -s /",die,noun,-s /,,Wir gehen heute Abend in die Disco/Disko.,12
a2_0281,A2,"die Disko, -s","the disco, -s","disko, -s","die Disko, -s",die,noun,-s,,,12
a2_0282,A2,"diskutieren,",discuss,tartışmak,"diskutieren,",,word,,,Ich möchte das mit meinen Kollegen diskutieren.,12
a2_0283,A2,"diskutiert,",discussed,tartışıldı,"diskutiert,",,word,,hat diskutiert,,12
a2_0284,A2,doch,but,Ancak,doch,,word,,,"Hast du keinen Hunger? || - Doch, ich bin sehr hungrig. || Kannst du morgen nicht kommen? || - Doch. || Geh doch mal wieder ins Kino! || Das macht doch nichts!",12
a2_0285,A2,"das Doppelzimmer,",the double room,çift ​​kişilik oda,"das Doppelzimmer,",das,noun,,,- Möchten Sie ein Doppelzimmer oder ein Einzelzimmer?,12
a2_0286,A2,"das Dorf, ¨-er","the village, ¨-er","köy, ¨-er","das Dorf, ¨-er",das,noun,¨-er,,Unser Dorf liegt direkt an der Autobahn. || Meine Familie lebt in einem Dorf.,12
a2_0287,A2,"dort, -her, -hin","there, here, there","orada, burada, orada","dort, -her, -hin",,adverb,,,"Wir treffen uns vor dem Kino. || - Gut, ich bin in fünf Minuten dort. || Dort ist unser Haus. || Deine Tasche kannst du dorthin stellen. || Kommst du mit in die Stadt? || - Nein, ich komme gerade dorther/von dort.",12
a2_0288,A2,draußen,outside,dıştan,draußen,,verb,,,Das Wetter ist so schön. || Wollen wir draußen sitzen? || Hunde müssen draußen bleiben.,12
a2_0289,A2,dringend,urgent,acil,dringend,,word,,,Bitte kommen Sie schnell. || Es ist dringend.,12
a2_0290,A2,drinnen,inside,içeri,drinnen,,verb,,,Wollen Sie drinnen oder draußen sitzen? || Hier drinnen ist es sehr warm.,12
a2_0291,A2,drüben,over,üzerinde,drüben,,verb,,,Da drüben ist die Haltestelle.,12
a2_0292,A2,"drücken, drückt,","press, press","basın, basın","drücken, drückt,",,word,,hat gedrückt,"An dieser Tür musst du drücken, nicht ziehen, || dann geht sie auf. || Drücken Sie „Bestätigen“! || Meine Schuhe drücken.",12
a2_0293,A2,"drucken, druckt,","print, prints","baskı, baskılar","drucken, druckt,",,word,,hat gedruckt,Wähle einfach „Datei drucken“!,13
a2_0294,A2,"der Drucker, -","the printer, -","yazıcı, -","der Drucker, -",der,noun,-,,Mein Drucker ist kaputt.,13
a2_0295,A2,dumm,dumb,sersem,dumm,,word,,,"Ich finde den Film dumm. || Entschuldigung, das war dumm von mir. || Das ist mir zu dumm.",13
a2_0296,A2,dunkel,dark,karanlık,dunkel,,word,,,Um sechs Uhr ist es schon dunkel. || Meine Schwester hat dunkle Haare. || Ich will eine dunkelblaue Bluse kaufen.,13
a2_0297,A2,dünn,thin,ince,dünn,,word,,,"Das Buch ist sehr dünn. || Es hat nur 40 Seiten. || Mein Bruder ist 1,80 Meter groß und 62 Kilo schwer, er ist zu dünn.",13
a2_0298,A2,durch,through,başından sonuna kadar,durch,,preposition,,,Am besten gehen Sie durch die Tengstraße. || Wir fahren mit dem Fahrrad durch den Wald.,13
a2_0299,A2,"dürfen, darf,","may, may","mayıs, mayıs","dürfen, darf,",,word,,,Sie dürfen hier nicht parken.,13
a2_0300,A2,"durfte,",was allowed,izin verildi,"durfte,",,word,,hat gedurft,Dürfen wir heute länger fernsehen? || Darf ich Sie zu einem Kaffee einladen?,13
a2_0301,A2,der Durst (Sing.),the thirst (sing.),susuzluk (şarkı söyle.),der Durst (Sing.),der,noun,,,Hast du etwas zu trinken? || Ich habe großen Durst.,13
a2_0302,A2,"die Dusche, -n","the shower, -n","duş, -n","die Dusche, -n",die,noun,-n,,Unsere Wohnung hat nur eine Dusche.,13
a2_0303,A2,"duschen (sich),",shower (oneself),duş almak (kendisi),"duschen (sich),",,word,,,"Ich bade nicht so gern, ich dusche lieber.",13
a2_0304,A2,"duscht,",showers,sağanak yağışlar,"duscht,",,word,,hat geduscht,Möchten Sie sich duschen? || Das Badezimmer ist dort || hinten links.,13
a2_0305,A2,"das E-Book, -s","the e-book, -s","das E-Book, -s","das E-Book, -s",das,noun,-s,,"Liest du lieber E-Books oder Bücher aus Papier? || Entschuldigung, kann man hier E-Books kaufen?",13
a2_0306,A2,echt,real,gerçek,echt,,word,,,Ist das Bild ein echter Picasso? || Der Film ist echt gut.,13
a2_0307,A2,"die Ecke, -n","the corner, -n","köşe, -n","die Ecke, -n",die,noun,-n,,Gehen Sie an der nächsten Ecke links. || Dann kommen Sie zur Apotheke. || Wir stellen das Regal in die Ecke.,13
a2_0308,A2,egal,doesn't matter,önemli değil,egal,,word,,,Das ist mir egal. || Willst du Tee oder Kaffee trinken? || –Egal.,13
a2_0309,A2,"die Ehefrau, -en/","the wife, -en/","karısı, -tr/","die Ehefrau, -en/",die,noun,-en/,,,13
a2_0310,A2,"der Ehemann,¨-er/","the husband,¨-he/","koca,¨-o/","der Ehemann,¨-er/",der,noun,¨-er/,,Das ist mein Ehemann/meine Ehefrau.,13
a2_0311,A2,"der Ehepartner, -","the spouse, -","eş, -","der Ehepartner, -",der,noun,-,,,13
a2_0312,A2,"das Ei, -er","the egg, -er","yumurta, -er","das Ei, -er",das,noun,-er,,Möchtest du ein Ei zum Frühstück?,13
a2_0313,A2,eigen-,own,sahip olmak,eigen-,,word,,,Nicht alle Kinder haben ein eigenes Zimmer.,13
a2_0314,A2,eigentlich,actually,Aslında,eigentlich,,adjective,,,"Wir wollten eigentlich Freunde besuchen, aber dann sind wir doch zu Hause geblieben. || Kennst du eigentlich Susanne?",13
a2_0315,A2,eilig,hurry,acele etmek,eilig,,adjective,,,Hast du es eilig?,13
a2_0316,A2,einfach,simply,basitçe,einfach,,word,,,"Die Prüfung ist ganz einfach. || Ich verstehe das nicht. || Kannst du es bitte einfacher sagen? || Hin und zurück? || – Nein, bitte nur eine einfache Fahrt nach Berlin.",13
a2_0317,A2,"der Eingang, ¨-e","the entrance, ¨-e","giriş, ¨-e","der Eingang, ¨-e",der,noun,¨-e,,Der Eingang ist um die Ecke.,13
a2_0318,A2,einig-,agree-,kabul etmek-,einig-,,adjective,,,"In diesem Text sind einige Fehler. || Das dauert noch einige Zeit, bis das Essen fertig ist.",13
a2_0319,A2,"einkaufen,",shopping,alışveriş,"einkaufen,",,word,,,Ich muss noch für morgen einkaufen.,13
a2_0320,A2,"kauft ein,",buys,satın alır,"kauft ein,",,word,,hat eingekauft,,13
a2_0321,A2,das Einkaufs-,the shopping,alışveriş,das Einkaufs-,das,noun,,,Kommst du morgen mit ins Einkaufszentrum?,13
a2_0322,A2,zentrum,center,merkez,"zentrum, -en",,verb,,-en,,13
a2_0323,A2,"einladen,",invite,davet etmek,"einladen,",,word,,,Darf ich Sie zu einem Kaffee einladen?,13
a2_0324,A2,"lädt ein,",invites,davet ediyor,"lädt ein,",,word,,hat eingeladen,,13
a2_0325,A2,"die Einladung, -en","the invitation, -en","davetiye, -tr","die Einladung, -en",die,noun,-en,,Danke für die Einladung zu deinem Geburtstag!,13
a2_0326,A2,einmal,once,bir kere,einmal,,word,,,Rufen Sie/Ruf mich bitte morgen noch einmal an. || Diese Prüfung mache ich nicht noch einmal. || Warst du schon einmal in Paris?,13
a2_0327,A2,"einpacken,",pack up,toparlanmak,"einpacken,",,word,,,Pack bitte die Handtücher ein!,13
a2_0328,A2,"packt ein,",packs up,toparlanmak,"packt ein,",,word,,hat eingepackt,Soll ich Ihnen das als Geschenk einpacken?,13
a2_0329,A2,"einsteigen,",get in,Alın,"einsteigen,",,word,,,"Schnell, steig ein, der Zug fährt gleich ab.",13
a2_0330,A2,"steigt ein,",gets in,içeri girer,"steigt ein,",,word,,ist eingestiegen,Bitte ab 20 Uhr vorn im Bus einsteigen.,13
a2_0331,A2,"eintragen (sich),",register (oneself),(kendisinin) kaydolması,"eintragen (sich),",,word,,,Tragen Sie sich bitte in diese Liste ein!,13
a2_0332,A2,"trägt ein,",contributes,katkıda bulunur,"trägt ein,",,word,,hat eingetragen,Sie müssen Ihren Namen und Ihre Adresse || eintragen.,13
a2_0333,A2,"der Eintritt, -e","the entrance, -e","giriş, -e","der Eintritt, -e",der,noun,-e,,Der Eintritt kostet fünf Euro. || Der Eintritt ist frei. || Sie müssen nichts bezahlen.,13
a2_0334,A2,einverstanden,agreed,anlaştık,einverstanden,,verb,,,"Als Termin schlage ich den 11. || Juni vor. || - Gut, (ich",13
a2_0335,A2,"sein,",be,olmak,"sein,",,word,,ist einverstanden,"bin) einverstanden. || Bist du einverstanden, wenn wir bald nach Hause",13
a2_0336,A2,"war einverstanden,",agreed,anlaştık,"war einverstanden,",,word,,ist einverstanden,gehen?,13
a2_0337,A2,gewesen,been,oldu,gewesen,,verb,,,,13
a2_0338,A2,einzel-,single,Bekar,einzel-,,word,,,Nicht alle zusammen. || Könnt ihr bitte einzeln sprechen? || Florian ist ein Einzelkind. || Er hat keine Geschwister. || Ein Einzelzimmer ist noch frei.,13
a2_0339,A2,"einziehen,",move in,taşınmak,"einziehen,",,word,,,Im Juni ziehen unsere neuen Nachbarn ein.,13
a2_0340,A2,"zieht ein,",moves in,içeri girer,"zieht ein,",,word,,ist eingezogen,Wann können wir in die Wohnung einziehen?,13
a2_0341,A2,das Eis (Sg.),the ice (sg.),buz (örn.),das Eis (Sg.),das,noun,,,Möchtest du auch ein Eis?,13
a2_0342,A2,"die (E-)Mail, -s","the (e-)mail, -s","(e-)posta, -s","die (E-)Mail, -s",die,noun,,,Ich schreibe Ihnen/dir eine E-Mail.,13
a2_0343,A2,"der Empfänger, –","the recipient, –","alıcı, –","der Empfänger, –",der,noun,–,,"Auf dem Brief steht dein Name, also bist du der Empfänger.",13
a2_0344,A2,"empfehlen,",recommend,tavsiye etmek,"empfehlen,",,word,,,Welchen Wein können Sie mir empfehlen?,13
a2_0345,A2,"empfiehlt,",recommends,tavsiye eder,"empfiehlt,",,word,,hat empfohlen,,13
a2_0346,A2,"das Ende, -n","the end, -n","son, -n","das Ende, -n",das,noun,-n,,Sie wohnt am Ende der Straße. || Er bekommt sein Geld am Monatsende.,13
a2_0347,A2,"enden, endet,","end, ends","son, biter","enden, endet,",,word,,hat geendet,Die Straße endet hier. || Der Kurs endet in einer Woche.,13
a2_0348,A2,endlich,finally,Sonunda,endlich,,adjective,,,Wann kommst du endlich? || Der Film fängt gleich an. || Endlich bist du da!,13
a2_0349,A2,eng,closely,yakından,eng,,word,,,Diese Hose ist zu eng. || Gibt es sie auch eine Nummer größer?,13
a2_0350,A2,entschuldigen,excuse,mazeret,entschuldigen,,verb,,,Entschuldigen Sie bitte!,13
a2_0351,A2,(sich),(itself),(kendisi),"(sich),",,verb,,,Ich möchte mich bei dir entschuldigen.,13
a2_0352,A2,"entschuldigt,",sorry,Üzgünüm,"entschuldigt,",,word,,hat entschuldigt,,13
a2_0353,A2,die Entschuldi-,the apology,özür,die Entschuldi-,die,noun,,,"Oh, Entschuldigung! || – Macht nichts. || Kein Problem.",13
a2_0354,A2,gung,gung,ateşli,"gung, -en",,verb,,-en,,13
a2_0355,A2,"das Erdgeschoss,-e","the ground floor,-e","zemin kat, -e","das Erdgeschoss,-e",das,noun,-e,,Ich wohne im Erdgeschoss.,14
a2_0356,A2,"die Erfahrung, -en","the experience, -s","deneyim, -s","die Erfahrung, -en",die,noun,-en,,Ich habe zehn Jahre Erfahrung in diesem Beruf.,14
a2_0357,A2,"erinnern (sich),",remember (to remember),hatırlamak (hatırlamak),"erinnern (sich),",,word,,,"Erinnerst du dich an José? || - Nein, ich erinnere mich",14
a2_0358,A2,"erinnert,",remembered,hatırladım,"erinnert,",,word,,hat erinnert,"nicht an ihn, tut mir leid. || Kannst du mich morgen bitte an meinen Arzttermin erinnern?",14
a2_0359,A2,"erkältet sein,",to have a cold,üşümek,"erkältet sein,",,word,,ist erkältet,Lisa ist erkältet. || Sie kann heute nicht zur Schule || gehen.,14
a2_0360,A2,"war erkältet,",had a cold,üşüttüm,"war erkältet,",,word,,ist erkältet,,14
a2_0361,A2,gewesen,been,oldu,gewesen,,verb,,,,14
a2_0362,A2,"erklären, erklärt,","explain, explained","açıklamak, açıkladı","erklären, erklärt,",,word,,hat erklärt,Ich verstehe das nicht. || Kannst du mir das erklären?,14
a2_0363,A2,"erlauben, erlaubt,","allow, permitted","izin vermek, izin vermek","erlauben, erlaubt,",,word,,hat erlaubt,Meine Kinder dürfen diesen Film sehen. || Ich habe es || ihnen erlaubt.,14
a2_0364,A2,"erlaubt sein,",be allowed,izin verilebilir,"erlaubt sein,",,word,,ist erlaubt,Parken ist hier nicht erlaubt.,14
a2_0365,A2,"war erlaubt,",was allowed,izin verildi,"war erlaubt,",,word,,ist erlaubt gewesen,,14
a2_0366,A2,die Erlaubnis (Sg.),permission (sg.),izin (örn.),die Erlaubnis (Sg.),die,noun,,,Haben Sie eine Arbeitserlaubnis?,14
a2_0367,A2,"die Ermäßigung,-enFür","the discount,-enFor","indirim,-enFor","die Ermäßigung,-enFür",die,noun,-enFür,,"Schüler, Studenten und Rentner gibt es eine Ermäßigung.",14
a2_0368,A2,"erreichen,",to reach,ulaşmak,"erreichen,",,word,,,"Wenn wir uns beeilen, erreichen wir noch den Zug",14
a2_0369,A2,"erreicht,",reached,ulaşmış,"erreicht,",,word,,hat erreicht,um acht Uhr. || Bis 18 Uhr können Sie mich im Büro erreichen.,14
a2_0370,A2,erst,first,erst,erst,,word,,,"Wir können erst morgen kommen. || Dina ist keine 18, sie ist erst 16 Jahre alt.",14
a2_0371,A2,"der Erwachsene,-n","the adult, -n","yetişkin, -n","der Erwachsene,-n",der,noun,-n,,"Erwachsene zahlen zehn Euro, für Kinder ist der Eintritt frei. || Dieser Film ist nur für Erwachsene.",14
a2_0372,A2,"erzählen, erzählt,","tell, told","söyle, söyledim","erzählen, erzählt,",,word,,hat erzählt,Wir müssen euch etwas erzählen! || Erzählst du mir eine Geschichte?,14
a2_0373,A2,"essen, isst,","eat, eat","ye, ye","essen, isst,",,word,,hat gegessen,Was gibt es zu essen?,14
a2_0374,A2,"das Essen, -","the food, -","yemek, -","das Essen, -",das,noun,-,,Das Essen in der Cafeteria ist meistens ganz gut. || Darf ich Sie zum Essen einladen?,14
a2_0375,A2,etwas,something,bir şey,etwas,,word,,,Ich muss dir etwas erzählen! || Haben Sie etwas zum Schreiben? || Ich habe leider nur Tee. || Etwas anderes kann ich dir leider nicht anbieten.,14
a2_0376,A2,"das Fach, ¨-er","the subject, ¨-er","konu, ¨-er","das Fach, ¨-er",das,noun,¨-er,,Welches Fach magst du in der Schule am liebsten?,14
a2_0377,A2,"(ab)fahren,",(depart,(ayrılmak,"(ab)fahren,",,word,,,Ich fahre mit dem Auto zur Arbeit.,14
a2_0378,A2,"fährt (ab),",departs (departs),"fährt (ab),","fährt (ab),",,word,,ist (ab)gefahren,Achtung an Gleis 17! || Der Zug München - Paris fährt || jetzt ab.,14
a2_0379,A2,"die Abfahrt, -en","the departure, -en","kalkış, -tr","die Abfahrt, -en",die,noun,-en,,Wir haben noch zwanzig Minuten bis zur Abfahrt.,14
a2_0380,A2,"die Fahrkarte, -n","the ticket, -n","bilet, -n","die Fahrkarte, -n",die,noun,-n,,"Hast du schon eine Fahrkarte? || Ihre Fahrkarten, bitte!",14
a2_0381,A2,"der Fahrplan, ¨-e","the timetable, ¨-e","zaman çizelgesi, ¨-e","der Fahrplan, ¨-e",der,noun,¨-e,,Ist das der neue Fahrplan?,14
a2_0382,A2,"das (Fahr)Rad, ¨-er","the (bicycle) bike, ¨-er","(bisiklet) bisikleti, ¨-er","das (Fahr)Rad, ¨-er",das,noun,,,"Wenn es nicht regnet, fahre ich mit dem Fahrrad.",14
a2_0383,A2,"fallen, fällt,","fall, falls","düşmek, düşmek","fallen, fällt,",,word,,ist gefallen,"Pass auf, das Glas fällt gleich vom Tisch.",14
a2_0384,A2,falsch,incorrect,yanlış,falsch,,word,,,Die Lösung ist falsch. || Sie haben die falsche Nummer gewählt.,14
a2_0385,A2,"die Familie, -n","the family, -n","aile, -n","die Familie, -n",die,noun,-n,,Meine Familie lebt in Spanien. || Ich habe eine große Familie.,14
a2_0386,A2,der Familien-,the family,aile,der Familien-,der,noun,,,Mein Familienname ist González.,14
a2_0387,A2,"name, -n","name, -n","isim, -n","name, -n",,word,,,,14
a2_0388,A2,"der Fan, -s","the fan, -s","hayran, -s","der Fan, -s",der,noun,-s,,Er ist ein großer Fußballfan. || Bella ist ein Fan von Rammstein.,14
a2_0389,A2,fantastisch,fantastisch,fantastik,fantastisch,,adjective,,,Dein neues Kleid sieht fantastisch aus! || Das Buch ist fantastisch. || Du musst es unbedingt lesen!,14
a2_0390,A2,"die Farbe, -n","the color, -n","renk, -n","die Farbe, -n",die,noun,-n,,Die Farbe gefällt mir gut. || Was ist deine Lieblingsfarbe?,14
a2_0391,A2,fast,almost,neredeyse,fast,,word,,,Der Film ist fast zu Ende. || Ich habe fast alles verstanden.,14
a2_0392,A2,faul,lazy,tembel,faul,,word,,,Heute sind wir faul: Wir machen keine Hausauf- gaben und arbeiten nicht.,14
a2_0393,A2,"fehlen, fehlt,","missing, missing","eksik, eksik","fehlen, fehlt,",,word,,hat gefehlt,"Herr Müller ist nicht da, er fehlt schon seit drei || Tagen. || Was fehlt Ihnen?",14
a2_0394,A2,"der Fehler, -","the error, -","hata, -","der Fehler, -",der,noun,-,,Diesen Fehler mache ich immer wieder.,14
a2_0395,A2,"die Feier, -n","the celebration, -n","kutlama, -n","die Feier, -n",die,noun,-n,,Wann hast du Feierabend?,14
a2_0396,A2,"(z. B. Feierabend,",(e.g. after work,(örneğin işten sonra,"(z. B. Feierabend,",,word,,,Am ersten Mai ist ein Feiertag.,14
a2_0397,A2,Feiertag),Holiday),Tatil),Feiertag),,noun,,,,14
a2_0398,A2,"feiern, feiert,","celebrate, celebrate","kutlamak, kutlamak","feiern, feiert,",,word,,hat gefeiert,Wir feiern heute meinen Geburtstag. || Die Feier war sehr schön.,14
a2_0399,A2,"das Fenster, -","the window, -","pencere, -","das Fenster, -",das,noun,-,,Kannst du bitte das Fenster öffnen?,14
a2_0400,A2,die Ferien (Pl.),the holidays (pl.),tatiller (pl.),die Ferien (Pl.),die,noun,,,Bald haben wir Ferien. || Fährst du in den Ferien weg oder bleibst du zu Hause?,14
a2_0401,A2,"fernsehen,",TV,TV,"fernsehen,",,word,,,Lass uns heute Abend mal fernsehen.,14
a2_0402,A2,"sieht fern,",watches tv,televizyon izliyor,"sieht fern,",,word,,hat ferngesehen,,14
a2_0403,A2,"der Fernseher, -","the TV, -","televizyon, -","der Fernseher, -",der,noun,-,,Der Fernseher ist kaputt.,14
a2_0404,A2,"fertig sein,","fertig sein,",bitmiş olmak,"fertig sein,",,adjective,,ist fertig,Das Essen ist gleich fertig. || Kommst du? || Wir müssen gleich gehen. || Bist du fertig?,14
a2_0405,A2,"war fertig,",was finished,bitti,"war fertig,",,word,,ist fertig gewesen,,14
a2_0406,A2,"das Fest, -e","the festival, -e","festival, -e","das Fest, -e",das,noun,-e,,Frohes Fest! || Am Wochenende feiern wir ein Fest. || Meine Tochter hat Geburtstag.,14
a2_0407,A2,"das Festival, -s","the festival, -s","festival, -s","das Festival, -s",das,noun,-s,,Am Wochenende ist in der Stadt ein Musik-Festival.,14
a2_0408,A2,fett,fat,yağ,fett,,word,,,Die Wurst ist mir zu fett.,14
a2_0409,A2,das Fieber (Sg.),the fever (sg.),ateş (örn.),das Fieber (Sg.),das,noun,,,Sie hat hohes Fieber.,14
a2_0410,A2,"der Film, -e","the film, -e","film, -e","der Film, -e",der,noun,-e,,Ich möchte gern diesen Film sehen.,14
a2_0411,A2,"finden, findet,","find, find","Bul, bul","finden, findet,",,word,,hat gefunden,"Wir müssen den Schlüssel finden. || Ich finde es nicht gut, dass du so viel arbeitest. || Ich finde ihn sehr nett.",14
a2_0412,A2,"die Firma, -en","the company, -en","şirket, -tr","die Firma, -en",die,noun,-en,,Er arbeitet jetzt bei einer anderen Firma.,14
a2_0413,A2,"der Fisch, -e","the fish, -e","balık, -e","der Fisch, -e",der,noun,-e,,Fisch mag ich lieber als Fleisch.,14
a2_0414,A2,"fit sein, ist fit,",Being fit is fit,Fit olmak fittir,"fit sein, ist fit,",,word,,,Tom will fit sein. || Er geht jeden Tag ins Fitness-,14
a2_0415,A2,"war fit,",was fit,uygundu,"war fit,",,word,,ist fit gewesen,studio.,14
a2_0416,A2,"die Flasche, -n","the bottle, -n","şişe, -n","die Flasche, -n",die,noun,-n,,"Eine Flasche Mineralwasser, bitte!",15
a2_0417,A2,das Fleisch (Sg.),the flesh (sg.),et (bkz.),das Fleisch (Sg.),das,noun,,,Fleisch mag ich nicht.,15
a2_0418,A2,fleißig,diligent,gayretli,fleißig,,adjective,,,Ibrahim ist sehr fleißig. || Er macht immer seine Hausaufgaben.,15
a2_0419,A2,"(ab)fliegen,",fly (off).,uçmak (kapalı).,"(ab)fliegen,",,word,,,Ich fliege nicht gern; ich fahre lieber mit dem Zug.,15
a2_0420,A2,"fliegt (ab),",flies (off),uçar (kapalı),"fliegt (ab),",,word,,ist (ab)geflogen,Ich fliege in den Ferien nach Spanien. || Wann fliegst du ab?,15
a2_0421,A2,"der Flohmarkt, ¨-e","the flea market, ¨-e","bit pazarı, ¨-e","der Flohmarkt, ¨-e",der,noun,¨-e,,Ich gehe gern auf den Flohmarkt. || Diesen Hut habe ich auf dem Flohmarkt gekauft.,15
a2_0422,A2,"der Flug, ¨-e","the flight, ¨-e","uçuş, ¨-e","der Flug, ¨-e",der,noun,¨-e,,Ich möchte einen Flug nach Kanada buchen. || Der Flug LH123 von München nach Frankfurt ist um 21:00 Uhr.,15
a2_0423,A2,"der Flughafen, ¨",the airport,havaalanı,"der Flughafen, ¨",der,noun,¨,,Kannst du mich zum Flughafen bringen?,15
a2_0424,A2,"das Flugzeug, -e","the plane, -e","uçak, -e","das Flugzeug, -e",das,noun,-e,,Das Flugzeug aus Berlin hat Verspätung. || Das Flugzeug startet in einer halben Stunde. || Wir müssen uns beeilen.,15
a2_0425,A2,"der Fluss, ¨-e","der Fluss, ¨-e","nehir, ¨-e","der Fluss, ¨-e",der,noun,¨-e,,Der Rhein ist ein großer Fluss.,15
a2_0426,A2,"das Formular, -e","the form, -e","form, -e","das Formular, -e",das,noun,-e,,Sie müssen dieses Formular ausfüllen.,15
a2_0427,A2,"der Fotoapparat, -eIch","the camera, -eI","kamera, -eI","der Fotoapparat, -eIch",der,noun,-eIch,,möchte mir einen Fotoapparat kaufen.,15
a2_0428,A2,"fotografieren,",photograph,fotoğraf,"fotografieren,",,word,,,Ich fotografiere gern.,15
a2_0429,A2,"fotografiert,",photographed,fotoğrafı çekildi,"fotografiert,",,word,,hat fotografiert,,15
a2_0430,A2,"das Foto, -s","the photo, -s","fotoğraf, -s","das Foto, -s",das,noun,-s,,Darf ich ein Foto machen?,15
a2_0431,A2,"die Frage, -n",the questions,sorular,"die Frage, -n",die,noun,-n,,Ich habe eine Frage.,15
a2_0432,A2,"fragen, fragt,","ask, ask","sor, sor","fragen, fragt,",,word,,hat gefragt,"Er fragt, wann er kommen kann. || Ich möchte Sie etwas fragen.",15
a2_0433,A2,"die Frau, -en",the women,kadınlar,"die Frau, -en",die,noun,-en,,"Das ist Frau Becker. || Guten Tag, Frau Schmitt! || Hier arbeiten mehr Frauen als Männer.",15
a2_0434,A2,frei,free,özgür,frei,,adjective,,,"Entschuldigung, ist dieser Platz noch frei? || Morgen haben wir frei. || Eintritt frei.",15
a2_0435,A2,freiwillig,voluntarily,gönüllü olarak,freiwillig,,adjective,,,Manchmal bleibe ich freiwillig länger im Büro.,15
a2_0436,A2,die Freizeit (Sg.),leisure time (sg.),boş zaman (örn.),die Freizeit (Sg.),die,noun,,,In meiner Freizeit spiele ich oft Fußball.,15
a2_0437,A2,fremd,foreign,yabancı,fremd,,word,,,Das weiß ich nicht; ich bin fremd hier. || Ich reise gern in fremde Länder.,15
a2_0438,A2,"freuen (sich),",to be glad),sevinmek),"freuen (sich),",,word,,,Zum Geburtstag habe ich ein interessantes Buch bekommen. || Ich freue mich sehr über das Geschenk.,15
a2_0439,A2,"freut,",happy,mutlu,"freut,",,word,,hat gefreut,"Die Kinder freuen sich schon auf die Ferien. || Ich freue mich, weil ich heute mit meinen Freunden Fußball spiele. || Es/Das freut mich!",15
a2_0440,A2,"der Freund, -e,","the friend, -e","arkadaş, -e","der Freund, -e,",der,noun,"-e,",,Das ist ein Freund von mir.,15
a2_0441,A2,"die Freundin, -nen","the girlfriend, -nen","kız arkadaşı, -nen","die Freundin, -nen",die,noun,-nen,,Das ist meine Freundin Susanne.,15
a2_0442,A2,freundlich,friendly,arkadaşça,freundlich,,adjective,,,Er ist immer sehr freundlich zu mir. || Mit freundlichen Grüßen,15
a2_0443,A2,frisch,fresh,taze,frisch,,adjective,,,Das Brot ist noch ganz frisch. || Ich habe es gerade gekauft.,15
a2_0444,A2,froh,glad,memnun,froh,,word,,,"Ich bin froh, dass du kommen kannst. || Frohes Fest!",15
a2_0445,A2,früh,early,erken,früh,,word,,,Geht es auch später? || Sechs Uhr ist mir zu früh. || Ich muss morgen sehr früh aufstehen.,15
a2_0446,A2,früher,earlier,daha erken,früher,,word,,,Früher habe ich in Berlin gewohnt. || Wir nehmen den früheren Zug.,15
a2_0447,A2,das Frühstück (Sg.),breakfast (sg.),kahvaltı (örn.),das Frühstück (Sg.),das,noun,,,Möchtest du ein Ei zum Frühstück?,15
a2_0448,A2,"frühstücken,",have breakfast,kahvaltı yap,"frühstücken,",,word,,,Ich frühstücke immer um 9:00 Uhr.,15
a2_0449,A2,"frühstückt,",has breakfast,kahvaltı var,"frühstückt,",,word,,hat gefrühstückt,,15
a2_0450,A2,"fühlen (sich),",feel (oneself),(kendini) hissetmek,"fühlen (sich),",,word,,,Wie fühlen Sie sich?,15
a2_0451,A2,"fühlt, hat gefühlt","feels, has felt","hissetti, hissetti","fühlt, hat gefühlt",,word,,,Ich fühle mich heute nicht gut.,15
a2_0452,A2,der Führer-,the leader-,lider-,der Führer-,der,noun,,,Hast du den Führerschein?,15
a2_0453,A2,"schein, -e","seem, -e","görünüyor, -e","schein, -e",,word,,,Sie hat die Führerscheinprüfung bestanden.,15
a2_0454,A2,"die Führung, -en","the leadership, -en","liderlik, -tr","die Führung, -en",die,noun,-en,,Die nächste Führung beginnt um 15 Uhr.,15
a2_0455,A2,die Fundsachen,the lost property,kayıp mülk,die Fundsachen,die,noun,,,Haben Sie meinen Schirm gefunden? || - Sie können,15
a2_0456,A2,(Pl.),(pl.),(pl.),(Pl.),,other,,,dort bei den Fundsachen schauen.,15
a2_0457,A2,für,for,için,für,,preposition,,,Das Paket ist für Sie. || Das ist der Schlüssel für die Haustür. || Gibt es hier einen Sportverein für Jugendliche?,15
a2_0458,A2,furchtbar,terrible,korkunç,furchtbar,,adjective,,,Er hat furchtbare Schmerzen. || Die Hose sieht ja furchtbar aus. || So kannst du nicht zur Arbeit gehen!,15
a2_0459,A2,"der Fuß, ¨-e","der Fuß, ¨-e","ayak, ¨-e","der Fuß, ¨-e",der,noun,¨-e,,Der linke Fuß tut mir weh. || Gehen Sie zu Fuß zur Arbeit?,15
a2_0460,A2,"der Fußball, ¨-e","the football, ¨-e","futbol, ​​¨-e","der Fußball, ¨-e",der,noun,¨-e,,Spielt ihr gern Fußball?,15
a2_0461,A2,"die Gabel, -n","the fork, -n","çatal, -n","die Gabel, -n",die,noun,-n,,Kann ich bitte eine Gabel haben?,15
a2_0462,A2,ganz,quite,epeyce,ganz,,word,,,"Oh nein! || Was ist passiert? || Ist deine Brille jetzt kaputt? || - Nein, zum Glück ist sie noch ganz! || Morgen haben wir den ganzen Tag Schule. || Ich bin ganz sicher, dass dein Termin am Montag ist. || Ich finde Lara ganz nett. || Oh, ich habe meinen Zahnarzttermin ganz vergessen.",15
a2_0463,A2,"die Garage, -n","the garage, -n","garaj, -n","die Garage, -n",die,noun,-n,,Hier ist eine Garage für dein Auto.,15
a2_0464,A2,"der Garten, ¨",the garden,bahçe,"der Garten, ¨",der,noun,¨,,Wir haben leider keinen Garten.,15
a2_0465,A2,"der Gast, ¨-e","the guest, ¨-e","misafir, ¨-e","der Gast, ¨-e",der,noun,¨-e,,Heute Abend haben wir Gäste.,15
a2_0466,A2,"geben, gibt,","give, gives","ver, verir","geben, gibt,",,word,,hat gegeben,Kannst du mir mal deinen Stift geben? || Es gibt keine Karten mehr für das Konzert.,15
a2_0467,A2,geboren,born,doğmak,geboren,,verb,,,Ich bin in Zagreb geboren. || Wann und wo sind Sie geboren?,15
a2_0468,A2,Geburts-,birth,doğum,Geburts-,,noun,,,"Das Geburtsjahr Ihres Sohnes, bitte?",15
a2_0469,A2,"(jahr, ort, tag),","(year, place, day)","(yıl, yer, gün)","(jahr, ort, tag),",,word,,,Bitte tragen Sie Ihren Geburtsort noch ein.,15
a2_0470,A2,"(-e, -e, -e)","(-e, -e, -e)","(-e, -e, -e)","(-e, -e, -e)",,word,,,Herzlichen Glückwunsch zum Geburtstag!,15
a2_0471,A2,geehrt-,honored-,onur-,geehrt-,,word,,,"Sehr geehrte Damen und Herren,",15
a2_0472,A2,gefährlich,dangerous,tehlikeli,gefährlich,,adjective,,,Du darfst nicht bei Rot über die Straße gehen. || Das ist gefährlich.,15
a2_0473,A2,"gefallen, gefällt,","liked, liked","beğenildi, beğenildi","gefallen, gefällt,",,word,,hat gefallen,Das Bild gefällt mir. || Wie gefällt es Ihnen in Berlin?,15
a2_0474,A2,gegen,against,aykırı,gegen,,verb,,,Fahr nicht gegen den Baum! || Ich bin gegen diesen Vorschlag. || Wer spielt gegen wen? || - Bayern gegen Dortmund. || Haben Sie etwas gegen Grippe?,15
a2_0475,A2,"das Gegenteil , -e","the opposite, -e","tam tersi, -e","das Gegenteil , -e",das,noun,-e,,Das Gegenteil von „klein“ ist „groß“.,16
a2_0476,A2,gegenüber,opposite,zıt,gegenüber,,word,,,Die Post ist gegenüber vom Bahnhof. || Die Hausnummer 84 ist gleich gegenüber.,16
a2_0477,A2,"das Gehalt, ¨-er","the salary, ¨-er","maaş, ¨-er","das Gehalt, ¨-er",das,noun,¨-er,,Sie ist mit ihrem Gehalt zufrieden.,16
a2_0478,A2,"gehen, geht,","go, go","git, git","gehen, geht,",,word,,ist gegangen,"Ich weiß nicht, wie das geht. || Wie geht‘s? || - Es geht. || Ich muss jetzt leider gehen. || Ich muss zum Arzt gehen. || Das geht (doch) nicht! || Nimmst du die Straßenbahn? || - Nein, ich gehe lieber zu Fuß.",16
a2_0479,A2,"gehören, gehört,","belong, heard","ait, duydum","gehören, gehört,",,word,,hat gehört,Gehört der Stift dir?,16
a2_0480,A2,das Geld (Sg.),the money (sg.),para (bkz.),das Geld (Sg.),das,noun,,,Hast du noch Geld? || Kannst du mir ein bisschen Geld leihen?,16
a2_0481,A2,"die Geldbörse, -n","the purse, -n","çanta, -n","die Geldbörse, -n",die,noun,-n,,Sie hat ihre Geldbörse verloren.,16
a2_0482,A2,das Gemüse (Sg.),the vegetable (sg.),sebze (örn.),das Gemüse (Sg.),das,noun,,,Wir kaufen das Gemüse immer auf dem Markt. || Tomaten sind mein Lieblingsgemüse.,16
a2_0483,A2,genau,Exactly,Kesinlikle,genau,,word,,,"Sind Sie sicher, dass die Prüfung am 15. || Juni ist? || - Ja, das weiß ich genau. || Die Uhr geht genau. || Es ist genau acht Uhr.",16
a2_0484,A2,genug,enough,yeterli,genug,,word,,,Es ist noch genug Pizza da. || Möchtest du noch ein Stück? || Ich verdiene nicht genug.,16
a2_0485,A2,das Gepäck (Sg.),the luggage (sg.),bagaj (örn.),das Gepäck (Sg.),das,noun,,,Wollen Sie Ihr Gepäck mitnehmen? || Sie können Ihr Gepäck auch im Hotel lassen.,16
a2_0486,A2,gerade,straight,dümdüz,gerade,,word,,,Kannst du später anrufen? || Wir essen gerade. || Was machst du gerade? || Da kommt er ja gerade.,16
a2_0487,A2,geradeaus,straight ahead,dümdüz ileri,geradeaus,,word,,,Gehen Sie immer geradeaus!,16
a2_0488,A2,"das Gerät, -e","the device, -e","cihaz, -e","das Gerät, -e",das,noun,-e,,Elektrogeräte finden Sie im dritten Stock.,16
a2_0489,A2,"das Gericht, -e","the court, -e","mahkeme, -e","das Gericht, -e",das,noun,-e,,Mein Lieblingsgericht ist Pizza.,16
a2_0490,A2,"gern, lieber,","gladly, dear",memnuniyetle canım,"gern, lieber,",,adverb,,,Ich helfe Ihnen gern.,16
a2_0491,A2,am liebsten,rather,yerine,am liebsten,,verb,,,Kaffee oder Tee? || - Ich trinke lieber einen Tee. || Am liebsten trinke ich Kaffee.,16
a2_0492,A2,"das Geschäft, -e","the business, -e","iş, -e","das Geschäft, -e",das,noun,-e,,Die Geschäfte schließen um 18.30 Uhr.,16
a2_0493,A2,"das Geschenk, -e","the gift, -e","hediye, -e","das Geschenk, -e",das,noun,-e,,Danke für das schöne Geschenk.,16
a2_0494,A2,"die Geschichte, -n","the story, -n","hikaye, -n","die Geschichte, -n",die,noun,-n,,Erzählst du mir eine Geschichte? || Ich interessiere mich nicht für Geschichte. || Paul hat gute Noten in Geschichte.,16
a2_0495,A2,das Geschirr (Sg.),the dishes (sg.),das Geschirr (Sg.),das Geschirr (Sg.),das,noun,,,Stellst du bitte das Geschirr in den Schrank?,16
a2_0496,A2,"das Gesicht, -er","the face, -he","yüz, -o","das Gesicht, -er",das,noun,-er,,Wasch dir bitte das Gesicht. || Sie hat ein freundliches Gesicht.,16
a2_0497,A2,"das Gespräch, -e","the conversation, -e","konuşma, -e","das Gespräch, -e",das,noun,-e,,Sie hören ein Gespräch. || Zu diesem Gespräch gibt es fünf Aufgaben. || Das Gespräch mit Frau Kunz ist um 14 Uhr.,16
a2_0498,A2,gestern,yesterday,Dün,gestern,,verb,,,Gestern wollte ich dich anrufen.,16
a2_0499,A2,gesund,healthy,sağlıklı,gesund,,word,,,Ich hatte Grippe. || Jetzt bin ich wieder gesund.,16
a2_0500,A2,die Gesundheit,die Gesundheit,sağlık,die Gesundheit,die,noun,,,Gesundheit! || Sind Sie erkältet?,16
a2_0501,A2,(Sg.),(Sg.),(Çavuş),(Sg.),,other,,,,16
a2_0502,A2,"das Getränk, -e","the drink, -e","içki, -e","das Getränk, -e",das,noun,-e,,"Mein Lieblingsgetränk ist Tomatensaft. || Die Getränkekarte, bitte!",16
a2_0503,A2,"gewinnen,",win,kazanç,"gewinnen,",,word,,,Unsere Mannschaft hat gewonnen.,16
a2_0504,A2,"gewinnt,",wins,kazanır,"gewinnt,",,word,,hat gewonnen,Mein Sohn will bei diesem Spiel immer gewinnen.,16
a2_0505,A2,"das Gewitter, -","the thunderstorm, -","fırtına, -","das Gewitter, -",das,noun,-,,"Ich glaube, es gibt heute ein Gewitter.",16
a2_0506,A2,"die Gitarre, -n","the guitar, -n","gitar, -n","die Gitarre, -n",die,noun,-n,,Er kann gut Gitarre spielen.,16
a2_0507,A2,"das Glas, ¨-er","the glass, ¨-er","cam, ¨-er","das Glas, ¨-er",das,noun,¨-er,,Bitte noch ein Glas Apfelsaft! || Wir brauchen noch drei Gläser.,16
a2_0508,A2,"glauben, glaubt,","believe, believes","inanıyorum, inanıyorum","glauben, glaubt,",,word,,hat geglaubt,"Sie können mir glauben, es ist so. || Ich glaube, er kommt gleich.",16
a2_0509,A2,gleich,even,eşit,gleich,,word,,,Ich komme gleich. || Wir sind gleich alt.,16
a2_0510,A2,"das Gleis, -e","the track, -e","parça, -e","das Gleis, -e",das,noun,-e,,Der ICE nach Berlin hält heute an Gleis 12.,16
a2_0511,A2,das Glück (Sg.),happiness (sg.),mutluluk (bkz.),das Glück (Sg.),das,noun,,,"Viel Glück! || Oh, es regnet. || Zum Glück habe ich meinen Schirm dabei.",16
a2_0512,A2,glücklich,happy,mutlu,glücklich,,adjective,,,Meine Tochter ist glücklich verheiratet. || Ein glückliches neues Jahr!,16
a2_0513,A2,der Glück-,the luck-,şans-,der Glück-,der,noun,,,Herzlichen Glückwunsch zum Geburtstag!,16
a2_0514,A2,"wunsch, ¨-e",wishes,dilekler,"wunsch, ¨-e",,word,,,,16
a2_0515,A2,"gratulieren,",congratulate,tebrik etmek,"gratulieren,",,word,,,Ich gratuliere dir!,16
a2_0516,A2,"gratuliert,",congratulates,tebrikler,"gratuliert,",,word,,hat gratuliert,,16
a2_0517,A2,"grillen, grillt,","grill, grill","ızgara, ızgara","grillen, grillt,",,word,,hat gegrillt,Heute grillen wir im Garten.,16
a2_0518,A2,die Grippe (Sg.),the flu (sg.),grip (örn.),die Grippe (Sg.),die,noun,,,Ich habe eine Grippe und kann leider nicht kommen.,16
a2_0519,A2,groß,large,büyük,groß,,word,,,Mein Bruder und ich sind gleich groß. || Frankfurt ist eine große Stadt. || Unsere Wohnung ist 80 m² groß.,16
a2_0520,A2,"die Größe, -n","the size, -n","boyut, -n","die Größe, -n",die,noun,-n,,Haben Sie das T-Shirt auch in Größe M?,16
a2_0521,A2,"die Gruppe, -n","the group, -n","grup, -n","die Gruppe, -n",die,noun,-n,,Die erste Gruppe beginnt um 16 Uhr. || Für Gruppen gibt es eine Ermäßigung.,16
a2_0522,A2,"der Gruß, ¨-e","greetings, ¨-e","selamlar, ¨-e","der Gruß, ¨-e",der,noun,¨-e,,Viele Grüße an Ihre Frau. || Liebe Grüße Mit freundlichen Grüßen,16
a2_0523,A2,"gültig sein,",be valid,geçerli olmak,"gültig sein,",,adjective,,ist gültig,Der Pass ist nicht mehr gültig.,16
a2_0524,A2,"war gültig,",was valid,geçerliydi,"war gültig,",,word,,ist gültig gewesen,,16
a2_0525,A2,günstig,cheap,ucuz,günstig,,adjective,,,In diesem Laden gibt es immer günstige Angebote. || Ich suche ein günstiges Sofa.,16
a2_0526,A2,"gut, besser,","good, better","iyi, daha iyi","gut, besser,",,word,,,Das finde ich gut.,16
a2_0527,A2,am besten,preferably,tercihen,am besten,,verb,,,Ich komme um 17 Uhr. || – Gut! || Guten Morgen! || Ein gutes neues Jahr! || Guten Appetit! || Welches Bild gefällt dir besser? || Dieses Kleid finde ich am besten.,16
a2_0528,A2,"das Haar, -e","the hair, -e","saç, -e","das Haar, -e",das,noun,-e,,Sie hat lange Haare.,16
a2_0529,A2,"haben, hat,","have, has","var, var","haben, hat,",,word,,,Ich habe ein neues Auto.,16
a2_0530,A2,"hatte, hat gehabt","had, has had","vardı, vardı","hatte, hat gehabt",,word,,,Hast du kurz Zeit?,16
a2_0531,A2,"das Hähnchen, -","the chicken, -","tavuk, -","das Hähnchen, -",das,noun,-,,"Ein Hähnchen mit Pommes, bitte!",16
a2_0532,A2,"die Halle, -n","the hall, -n","salon, -n","die Halle, -n",die,noun,-n,,Wir treffen uns in Halle B. || Wo ist die neue Sporthalle?,17
a2_0533,A2,hallo,Hello,Merhaba,hallo,,word,,,Hallo Inge! || Wie geht’s?,17
a2_0534,A2,"der Hals, ¨-e","the neck, ¨-e","boyun, ¨-e","der Hals, ¨-e",der,noun,¨-e,,Mir tut der Hals weh. || Ich habe seit gestern Halsschmerzen.,17
a2_0535,A2,"halten, hält,","hold, holds","tut, tutar","halten, hält,",,word,,hat gehalten,Dieser Zug hält nicht in Rüdesheim. || Kannst du mal kurz meine Jacke halten?,17
a2_0536,A2,"die Haltestelle, -n","the stop, -n","durak, -n","die Haltestelle, -n",die,noun,-n,,An der nächsten Haltestelle müssen Sie aussteigen.,17
a2_0537,A2,"der Hamburger, -","the hamburger, -","hamburger, -","der Hamburger, -",der,noun,-,,"Einen Hamburger ohne Salat, bitte.",17
a2_0538,A2,"die Hand, ¨-e","the hand, ¨-e","el, ¨-e","die Hand, ¨-e",die,noun,¨-e,,Wasch dir bitte die Hände vor dem Essen.,17
a2_0539,A2,"das Handtuch, ¨-er","the towel, ¨-er","havlu, ¨-er","das Handtuch, ¨-er",das,noun,¨-er,,Gibst du mir bitte ein frisches Handtuch?,17
a2_0540,A2,"das Handy, -s","the cell phone, -s","cep telefonu, -s","das Handy, -s",das,noun,-s,,In der Schule bitte die Handys ausmachen! || Kannst du mir bitte deine Handynummer geben?,17
a2_0541,A2,"hängen, hängt,","hang, hang","asmak, asmak","hängen, hängt,",,word,,hat gehangen/,Im Museum hängen moderne Bilder. || Warum hast du das Bild noch nicht an die Wand,17
a2_0542,A2,gehängt,gehängt,asıldı,gehängt,,word,,,gehängt? || Das Bild von meiner Tochter hat im Wohnzimmer gehangen.,17
a2_0543,A2,hart,hard,zor,hart,,word,,,Ich finde das Bett zu hart. || Die Brötchen sind ja ganz hart.,17
a2_0544,A2,hässlich,ugly,çirkin,hässlich,,adjective,,,Ich finde das Kleid hässlich. || Es gefällt mir nicht.,17
a2_0545,A2,"die Hauptstadt, ¨-e","the capital, ¨-e","başkent, ¨-e","die Hauptstadt, ¨-e",die,noun,¨-e,,Berlin ist die Hauptstadt von Deutschland.,17
a2_0546,A2,"das Haus, ¨-er","the house, ¨-er","ev, ¨-er","das Haus, ¨-er",das,noun,¨-er,,In welchem Haus wohnst du? || Ich gehe jetzt nach Hause. || Paul ist nicht zu Hause.,17
a2_0547,A2,"der Haushalt, -e","the household, -e","ev, -e","der Haushalt, -e",der,noun,-e,,Wer macht bei euch den Haushalt? || - Meine Frau und ich machen den Haushalt zusammen: Ich wasche die Wäsche und sie putzt und räumt auf.,17
a2_0548,A2,"das Heft, -e","the booklet, -e","kitapçık, -e","das Heft, -e",das,noun,-e,,Hast du dein Heft dabei?,17
a2_0549,A2,die Heimat (Sg.),the homeland (sg.),vatan (bkz.),die Heimat (Sg.),die,noun,,,"Ich komme aus der Schweiz. || Das ist meine Heimat. || Mein Heimatland ist Italien. || Dort bin ich geboren. || Jetzt lebe ich in Deutschland, das ist meine neue Heimat.",17
a2_0550,A2,"heiraten, heiratet,","get married, get married","evlenmek, evlenmek","heiraten, heiratet,",,word,,hat geheiratet,Meine Schwester heiratet nächsten Monat.,17
a2_0551,A2,heiß,hot,sıcak,heiß,,word,,,"Vorsicht, der Tee ist heiß! || Mir ist heiß. || Kannst du das Fenster öffnen?",17
a2_0552,A2,"heißen, heißt,","called, is called","denir, denir","heißen, heißt,",,word,,hat geheißen,Ich heiße Charlotte Meier. || Wie heißt das auf Deutsch?,17
a2_0553,A2,"die Heizung, -en","the heating, -en","ısıtma, -tr","die Heizung, -en",die,noun,-en,,Es ist kalt. || Ist die Heizung kaputt?,17
a2_0554,A2,"helfen, hilft,","help, helps","yardım, yardım eder","helfen, hilft,",,word,,hat geholfen,Würden Sie mir bitte helfen?,17
a2_0555,A2,hell,bright,parlak,hell,,word,,,Im Sommer ist es bis 21 Uhr hell. || Mein Zimmer ist sehr hell. || Haben Sie das T-Shirt auch in hellblau?,17
a2_0556,A2,"das Hemd, -en","the shirt, -en","gömlek, -tr","das Hemd, -en",das,noun,-en,,Nick trägt heute ein neues Hemd.,17
a2_0557,A2,her/her-/-her,here/her-/-her,burada/onu-/-onu,her/her-/-her,,word,,,Komm bitte mal her! || Herein! || Die Tür ist offen. || Woher kommen Sie?,17
a2_0558,A2,heraus/raus,out/out,dışarı/dışarı,heraus/raus,,word,,,Möchtet ihr nicht rauskommen? || Das Wetter ist so schön. || Kannst du bitte den Müll rausbringen?,17
a2_0559,A2,herein/rein,in/in,içeri/içeri,herein/rein,,word,,,Herein! || Die Tür ist offen. || Möchtest du nicht reinkommen? || Ich kann uns einen Tee machen.,17
a2_0560,A2,"der Herd, -e","the stove, -e","soba, -e","der Herd, -e",der,noun,-e,,In der neuen Küche fehlt noch der Herd.,17
a2_0561,A2,"der Herr, -en","the gentleman, -en","beyefendi, -tr","der Herr, -en",der,noun,-en,,"Guten Tag, Herr Sommer!",17
a2_0562,A2,"herstellen,",produce,üretmek,"herstellen,",,word,,,In unserer Firma stellen wir Möbel her.,17
a2_0563,A2,"stellt her,",produces,üretir,"stellt her,",,word,,hat hergestellt,,17
a2_0564,A2,"herunterladen,",download,indirmek,"herunterladen,",,word,,,Er lädt die Musik aus dem Internet herunter.,17
a2_0565,A2,"lädt herunter,",downloads,indirmeler,"lädt herunter,",,word,,hat heruntergeladen,,17
a2_0566,A2,herzlich,herzlich,yürekten,herzlich,,adjective,,,Herzlichen Glückwunsch!,17
a2_0567,A2,heute,today,Bugün,heute,,adverb,,,Heute ist ein schöner Tag. || Heute muss ich nur bis 16 Uhr arbeiten.,17
a2_0568,A2,hier,here,Burada,hier,,adverb,,,"Elektro Bauer, guten Tag. || Hier ist Pamela Linke. || Was kann ich für Sie tun? || Hier wohne ich. || Unterschreiben Sie bitte hier!",17
a2_0569,A2,die Hilfe (Sg.),the help (sg.),yardım (bkz.),die Hilfe (Sg.),die,noun,,,Hilfe! || Bitte helfen Sie mir! || Er bekommt Hilfe von Freunden.,17
a2_0570,A2,der Himmel (Sg.),the sky (sg.),gökyüzü (bkz.),der Himmel (Sg.),der,noun,,,Heute ist so tolles Wetter: Der Himmel ist blau und es gibt keine Wolken.,17
a2_0571,A2,hin/hin-/-hin,to/toward/towards,doğru/doğru/doğru,hin/hin-/-hin,,word,,,Wo gehst du hin?/Wohin gehst du? || Wohin ist Paul gegangen? || –Ich glaube dorthin. || Er geht in den Garten hinaus. || Wir gehen ins Haus hinein.,17
a2_0572,A2,hinten,rear,arka,hinten,,verb,,,Die Tür zum Aussteigen ist hinten. || Bitte hinten aussteigen!,17
a2_0573,A2,hinter,behind,arka,hinter,,preposition,,,Hinter dem Haus haben wir einen Garten.,17
a2_0574,A2,"das Hobby, -s","the hobby, -s","hobi, -s","das Hobby, -s",das,noun,-s,,Meine Hobbys sind Joggen und Schwimmen.,17
a2_0575,A2,hoch,high,yüksek,hoch,,word,,,Der Mount Everest ist circa 8.880 Meter hoch. || Die Preise in diesem Laden sind sehr hoch.,17
a2_0576,A2,"die Hochzeit, -en","the wedding, -en","düğün, -tr","die Hochzeit, -en",die,noun,-en,,Zu seiner Hochzeit kommen mehr als einhundert Gäste.,17
a2_0577,A2,"hoffen, hofft,","hope, hopes","umut, umutlar","hoffen, hofft,",,word,,hat gehofft,"Ich hoffe, dass es dir gut geht.",17
a2_0578,A2,hoffentlich,hopefully,umutla,hoffentlich,,adjective,,,Hoffentlich hat unser Zug keine Verspätung.,17
a2_0579,A2,"holen, holt,","fetch, fetch","getir, getir","holen, holt,",,word,,hat geholt,Soll ich uns etwas zu trinken holen?,17
a2_0580,A2,"die Homepage, -s","the homepage, -s","ana sayfa, -s","die Homepage, -s",die,noun,-s,,Auf der Homepage von Freiburg gibt es alle wichtigen Informationen über die Stadt. || Kennst du eine Homepage mit Deutschübungen?,17
a2_0581,A2,"hören, hört,","hear, hear","duy, duy","hören, hört,",,word,,hat gehört,Hör mal! || Was ist das? || Ich habe das Lied schon mal gehört.,17
a2_0582,A2,"die Hose, -n","the pants, -n","pantolon, -n","die Hose, -n",die,noun,-n,,Kann ich die Hose waschen?,17
a2_0583,A2,"das Hotel, -s","the hotel, -s","otel, -s","das Hotel, -s",das,noun,-s,,Im Urlaub sind wir in einem Hotel am Meer.,17
a2_0584,A2,"der Hund, -e","the dog, -e","köpek, -e","der Hund, -e",der,noun,-e,,Magst du Hunde? || Meine Tochter hat Angst vor Hunden.,17
a2_0585,A2,der Hunger (Sg.),hunger (sg.),açlık (bkz.),der Hunger (Sg.),der,noun,,,Ich habe Hunger! || Wann können wir endlich essen?,17
a2_0586,A2,"husten, hustet,","cough, cough","öksürük, öksürük","husten, hustet,",,word,,hat gehustet,Sie hustet seit zwei Tagen. || Sie ist krank.,17
a2_0587,A2,"die Idee, -n","the idea, -n","fikir, -n","die Idee, -n",die,noun,-n,,Was machen wir heute Abend? || Hast du eine gute Idee?,18
a2_0588,A2,immer,always,Her zaman,immer,,adverb,,,Frau Bast kommt immer zu spät.,18
a2_0589,A2,in,in,içinde,in,,preposition,,,"Ich wohne in Wiesbaden. || Der Zug kommt in fünf Minuten. || Frau Rausch arbeitet im Reisebüro. || Komm, wir gehen ins Kino.",18
a2_0590,A2,"die Information,-en",the information,bilgi,"die Information,-en",die,noun,-en,,"Wir haben hier einige wichtige Informationen für Sie. || Wenn Sie Fragen haben, gehen Sie zur Information.",18
a2_0591,A2,informieren,inform,bilgi vermek,informieren,,verb,,,Ich möchte mich vor der Reise über das Land,18
a2_0592,A2,(sich) (über),(oneself) (about),(kendisi) (hakkında),"(sich) (über),",,verb,,,informieren.,18
a2_0593,A2,"informiert,",informed,bilgilendirilmiş,"informiert,",,word,,hat informiert,Hast du dich über die Prüfung informiert?,18
a2_0594,A2,"die Insel, -n","the island, -n","ada, -n","die Insel, -n",die,noun,-n,,Ich möchte im Sommer auf einer Insel Urlaub machen. || Rügen ist die größte deutsche Insel.,18
a2_0595,A2,"das Instrument, -e","the instrument, -e","enstrüman, -e","das Instrument, -e",das,noun,-e,,Ich spiele Klavier. || Spielen Sie auch ein Instrument?,18
a2_0596,A2,intelligent,intelligent,zeki,intelligent,,word,,,Einstein war sehr intelligent.,18
a2_0597,A2,"das Interesse, -n","the interest, -n","faiz, -n","das Interesse, -n",das,noun,-n,,"Ich habe viele Interessen: Sport, Lesen, Kultur, Reisen.",18
a2_0598,A2,"interessieren (sich),",to be interested (to be),ilgilenmek (olmak),"interessieren (sich),",,word,,,Ich interessiere mich für Fußball.,18
a2_0599,A2,"interessiert,",interested,ilgili,"interessiert,",,word,,hat interessiert,Den Artikel über Brasilien finde ich sehr || interessant.,18
a2_0600,A2,interessant,interesting,ilginç,interessant,,word,,,Ich lese gerade ein interessantes Buch.,18
a2_0601,A2,international,international,uluslararası,international,,word,,,"Unser Deutschkurs ist international: Silvana kommt aus Italien, Conchi aus Spanien, Yin aus China …",18
a2_0602,A2,das Internet (Sg.),the Internet (sg.),İnternet (örn.),das Internet (Sg.),das,noun,,,Das findest du im Internet. || Du kannst im Internet Musik hören oder Spiele spielen.,18
a2_0603,A2,"das Interview, -s","the interview, -p","röportaj, -p","das Interview, -s",das,noun,-s,,Komm schnell! || Im Radio kommt ein Interview mit deinem Lieblingssänger.,18
a2_0604,A2,ja,Yes,Evet,ja,,word,,,Sind Sie Herr Watanabe? || – Ja. || Du bist hier in Berlin? || Das ist ja toll!,18
a2_0605,A2,"die Jacke, -n","the jacket, -n","ceket, -n","die Jacke, -n",die,noun,-n,,Zieh dir eine Jacke an. || Es ist kalt.,18
a2_0606,A2,die Jeans (Pl.),the jeans (pl.),kot pantolon (pl.),die Jeans (Pl.),die,noun,,,Ich mag Jeans lieber als Röcke.,18
a2_0607,A2,"jeder, e, s","everyone, e, s","herkes, e, s","jeder, e, s",,word,,,Das Restaurant hat jeden Tag geöffnet. || Jedes Kind bekommt einen Ball.,18
a2_0608,A2,jemand,someone,birisi,jemand,,word,,,"Hat jemand meinen Stift? || Hallo, ist jemand da?",18
a2_0609,A2,jetzt,now,Şimdi,jetzt,,adverb,,,Jetzt machen wir eine Pause.,18
a2_0610,A2,"der Job, -s","the job, -s","iş, -s","der Job, -s",der,noun,-s,,Jenny hat einen neuen Job bei der Post. || Ich suche noch einen Ferienjob.,18
a2_0611,A2,"joggen, joggt,","jogging, jogging","koşu yapmak, koşu yapmak","joggen, joggt,",,word,,,Ich jogge gern im Park.,18
a2_0612,A2,ist/hat gejoggt,is/was jogging,koşuyormuş/koşuyordu,ist/hat gejoggt,,word,,,,18
a2_0613,A2,die Jugend-,the youth-,gençlik-,die Jugend-,die,noun,,,Wir übernachten in einer Jugendherberge.,18
a2_0614,A2,"herberge, -n","hostel, -n","pansiyon, -n","herberge, -n",,word,,,,18
a2_0615,A2,der/die,the/the,/ the,der/die,,word,,,Viele Jugendliche hören den ganzen Tag Musik.,18
a2_0616,A2,"Jugendliche, -n","young people, -n","gençler, -n","Jugendliche, -n",,noun,,,Der Eintritt für Kinder und Jugendliche bis 16 Jahre ist frei.,18
a2_0617,A2,jung,young,genç,jung,,word,,,Claudia ist 21. || – Was? || Noch so jung? || Bei uns im Haus wohnen viele junge Leute. || Mein Bruder ist fünf Jahre jünger als ich.,18
a2_0618,A2,"der Junge, -n","the boy, -n","oğlan, -n","der Junge, -n",der,noun,-n,,In der Klasse von meiner Tochter sind 13 Jungen und 15 Mädchen.,18
a2_0619,A2,"der Kaffee, -s","the coffee, -s","kahve, -s","der Kaffee, -s",der,noun,-s,,"Zum Frühstück trinke ich immer Kaffee. || Einen Kaffee, bitte.",18
a2_0620,A2,"der Kalender, -","the calendar, -","takvim, -","der Kalender, -",der,noun,-,,"Haben Sie am Montag Zeit? || - Einen Moment, ich schaue in meinem Kalender. || Ich schreibe alle Termine in meinen Kalender.",18
a2_0621,A2,kalt,cold,soğuk,kalt,,word,,,Heute ist es sehr kalt. || Der Kaffee ist kalt. || Ich möchte ihn nicht mehr trinken. || Mir ist kalt.,18
a2_0622,A2,"die Kamera, -s","the camera, -s","kamera, -s","die Kamera, -s",die,noun,-s,,Hannes hat eine neue Kamera. || Er kann mit der Kamera Fotos und Filme machen.,18
a2_0623,A2,kaputt,broken,kırık,kaputt,,word,,,Unsere Waschmaschine ist kaputt.,18
a2_0624,A2,"die Karte, -n","the card, -n","kart, -n","die Karte, -n",die,noun,-n,,"Ich schreibe meinen Bekannten eine Karte aus dem Urlaub. || Wollen wir Karten spielen? || Du musst noch die Karten für das Konzert abholen, vergiss das bitte nicht! || Die Karte, bitte! || Ich möchte etwas bestellen. || Kann ich auch mit Karte (be-)zahlen?",18
a2_0625,A2,"die Kartoffel, -n","the potato, -n","patates, -n","die Kartoffel, -n",die,noun,-n,,Für Pommes frites braucht man Kartoffeln.,18
a2_0626,A2,der Käse (Sg.),the cheese (sg.),peynir (örn.),der Käse (Sg.),der,noun,,,Isst du lieber Käse oder Wurst?,18
a2_0627,A2,"die Kasse, -n","the cash register, -n","yazarkasa, -n","die Kasse, -n",die,noun,-n,,Zahlen Sie bitte an der Kasse.,18
a2_0628,A2,"die Katze, -n","the cat, -n","kedi, -n","die Katze, -n",die,noun,-n,,Meine Tochter wünscht sich eine Katze.,18
a2_0629,A2,"kaufen, kauft,","buy, buy","satın al, satın al","kaufen, kauft,",,word,,hat gekauft,Tim kauft sich ein neues Auto.,18
a2_0630,A2,"das Kaufhaus, -¨er","the department store, -¨er","mağaza, -¨er","das Kaufhaus, -¨er",das,noun,-¨er,,Meine Pullover kaufe ich immer im Kaufhaus Hertie.,18
a2_0631,A2,"kein, e",no,HAYIR,"kein, e",,word,,,Hast du keinen Hunger? || Ich habe heute leider keine Zeit. || Ich spreche leider kein Chinesisch. || Ich habe keine Kinder.,18
a2_0632,A2,"der Keller, -","the cellar, -","kiler, -","der Keller, -",der,noun,-,,Bitte bring die Kartoffeln in den Keller! || Die Waschmaschinen sind im Keller.,18
a2_0633,A2,"kennen, kennt,","know, know","biliyorum, biliyorum","kennen, kennt,",,word,,hat gekannt,"Kennen Sie diese Frau? || – Nein, leider nicht. || Kennen Sie Berlin? || –Ja, eine tolle Stadt.",18
a2_0634,A2,"kennenlernen,",get to know,tanımak,"kennenlernen,",,word,,,Wo habt ihr euch kennengelernt? || –Wir haben uns,18
a2_0635,A2,"lernt kennen,",gets to know,"lernt kennen,","lernt kennen,",,word,,hat kennengelernt,in München kennengelernt.,18
a2_0636,A2,die Kenntnisse (Pl.),the knowledge (pl.),bilgi (pl.),die Kenntnisse (Pl.),die,noun,,,Deine Deutschkenntnisse sind sehr gut! || Ich möchte meine Computerkenntnisse verbessern.,18
a2_0637,A2,"die Kette, -n","the chain, -n","zincir, -n","die Kette, -n",die,noun,-n,,Meine Mutter bekommt eine schöne Kette zum Geburtstag.,18
a2_0638,A2,"das Kind, -er","the child, -he","çocuk, -o","das Kind, -er",das,noun,-er,,Wie viele Kinder haben Sie?,18
a2_0639,A2,"der Kindergarten,¨-Die","the kindergarten,¨-The","anaokulu,¨-The","der Kindergarten,¨-Die",der,noun,¨-Die,,kleine Laura geht schon in den Kindergarten.,18
a2_0640,A2,"das Kino, -s","the cinema, -s","sinema, -s","das Kino, -s",das,noun,-s,,Gehen wir heute Abend zusammen ins Kino?,18
a2_0641,A2,"der Kiosk , -e","the kiosk, -e","kiosk, -e","der Kiosk , -e",der,noun,-e,,Zeitungen kannst du am Kiosk kaufen.,19
a2_0642,A2,"die Kirche, -n","the church, -n","kilise, -n","die Kirche, -n",die,noun,-n,,Diese Kirche ist fast 800 Jahre alt.,19
a2_0643,A2,"klappen, klappt,","work, work","çalış, çalış","klappen, klappt,",,word,,hat geklappt,"Können wir uns heute Mittag treffen? || –Ja, das || klappt. || Wie war die Reise? || - Gut, es hat alles super geklappt.",19
a2_0644,A2,klar,clear,temizlemek,klar,,word,,,"Kommst du mit? || – Klar! || Ich komme morgen zu deiner Party, das ist doch klar.",19
a2_0645,A2,"das Klavier, -e","the piano, -e","piyano, -e","das Klavier, -e",das,noun,-e,,Jakob kann sehr gut Klavier spielen.,19
a2_0646,A2,"das Kleid, -er","the dress, -er","elbise, -er","das Kleid, -er",das,noun,-er,,Julia möchte ein rotes Kleid kaufen.,19
a2_0647,A2,die Kleidung (Sg.),the clothes (sg.),giysiler (bkz.),die Kleidung (Sg.),die,noun,,,"Wo finde ich Kleidung? || – Hosen im ersten, Kleider und Röcke im zweiten Stock.",19
a2_0648,A2,klein,small,küçük,klein,,word,,,Unsere Wohnung ist sehr klein. || Unsere Tochter ist noch klein. || Sie ist erst zwei Jahre alt. || Wir machen am Wochenende einen kleinen Ausflug.,19
a2_0649,A2,klug,smart,akıllı,klug,,word,,,Molly ist ein kluges Mädchen. || Lisa ist sehr klug. || Sie bekommt immer gute Noten. || Das ist klug von dir.,19
a2_0650,A2,"kochen, kocht,","cook, cook","aşçı, aşçı","kochen, kocht,",,word,,hat gekocht,Herr Georgi kann gut kochen. || Das Wasser kocht.,19
a2_0651,A2,"der Koffer, -","the suitcase, -","bavul, -","der Koffer, -",der,noun,-,,Hast du den Koffer schon gepackt?,19
a2_0652,A2,"der Kollege, -n /","the colleague, -n /","meslektaşım, -n /","der Kollege, -n /",der,noun,-n /,,Wie heißt die neue Kollegin?,19
a2_0653,A2,"die Kollegin, -nen","the colleague, -nen","meslektaşım, -nen","die Kollegin, -nen",die,noun,-nen,,,19
a2_0654,A2,komisch,funny,eğlenceli,komisch,,adjective,,,Der Film war sehr komisch. || Wir haben viel gelacht. || Eine grüne Hose und gelbe Schuhe? || Das sieht komisch aus. || Das Essen schmeckt komisch. || Probier mal!,19
a2_0655,A2,"kommen, kommt,","come, come","gel, gel","kommen, kommt,",,word,,ist gekommen,Woher kommen Sie? || – Aus Frankreich. || Er wird bald kommen.,19
a2_0656,A2,"können, kann,","can, can","yapabilir, yapabilir","können, kann,",,word,,,Ich kann Deutsch und Russisch. || Aber Englisch kann,19
a2_0657,A2,"konnte,",could,olabilir,"konnte,",,word,,hat gekonnt,"ich nicht. || Können Sie mir helfen? || Du kannst durch den Park laufen, das ist am schnellsten. || Kann ich jetzt nach Hause gehen? || Sie können mit dem Bus an den Bahnhof fahren.",19
a2_0658,A2,"der Kontakt, -e","the contact, -e","kişi, -e","der Kontakt, -e",der,noun,-e,,Ich habe wenig Kontakt zu meinen Kollegen. || Bitte schicken Sie mir Ihre Kontaktdaten!,19
a2_0659,A2,"das Konto, -en","the account, -en","hesap, -tr","das Konto, -en",das,noun,-en,,Das Geld überweisen wir am ersten März auf Ihr Konto.,19
a2_0660,A2,"kontrollieren,",control,kontrol,"kontrollieren,",,word,,,Können Sie bei meinem Auto bitte das Öl,19
a2_0661,A2,"kontrolliert,",controlled,kontrollü,"kontrolliert,",,word,,hat kontrolliert,"kontrollieren? || Bitte öffnen Sie Ihren Koffer, wir müssen Ihr Gepäck kontrollieren.",19
a2_0662,A2,"das Konzert, -e","the concert, -e","konser, -e","das Konzert, -e",das,noun,-e,,Für das Konzert am Sonntag gibt es noch Karten.,19
a2_0663,A2,"der Kopf, ¨-e","the head, ¨-e","kafa, ¨-e","der Kopf, ¨-e",der,noun,¨-e,,Mein Kopf tut weh!,19
a2_0664,A2,"der Körper, -","the body, -","vücut, -","der Körper, -",der,noun,-,,"Der Arzt sagt, ich muss etwas für meinen Körper tun, z. || B. schwimmen oder Fahrrad fahren.",19
a2_0665,A2,die Kosmetik (Sg.),cosmetics (sg.),kozmetik (örn.),die Kosmetik (Sg.),die,noun,,,Kosmetik können Sie im Erdgeschoss kaufen.,19
a2_0666,A2,"kosten, kostet,","cost, costs","maliyet, maliyetler","kosten, kostet,",,word,,hat gekostet,Wie viel kostet das Buch? || – 20 Euro.,19
a2_0667,A2,kostenlos,for free,ücretsiz,kostenlos,,word,,,Diese Zeitschrift kostet nichts. || Sie ist kostenlos.,19
a2_0668,A2,krank,sick,hasta,krank,,word,,,"Ich kann heute nicht zur Arbeit kommen, ich bin krank und liege im Bett.",19
a2_0669,A2,das Kranken-,the sick,hasta,das Kranken-,das,noun,,,Meine Tante ist im Krankenhaus.,19
a2_0670,A2,"haus, ¨-er","house, ¨-er","ev, ¨-er","haus, ¨-er",,word,,,Er hat sich verletzt und muss ins Krankenhaus.,19
a2_0671,A2,die Kranken-,the sick,hasta,die Kranken-,die,noun,,,Bei welcher Krankenkasse sind Sie?,19
a2_0672,A2,"kasse, -n","cash register, -n","Yazar kasa, -n","kasse, -n",,word,,,,19
a2_0673,A2,"die Krankheit, -en","the disease, -en","hastalık, -tr","die Krankheit, -en",die,noun,-en,,Welche Krankheit hat Herr Brandner?,19
a2_0674,A2,"der Kredit, -e","the credit, -e","kredi, -e","der Kredit, -e",der,noun,-e,,Ich brauche einen Kredit von der Bank. || Bezahlen Sie mit Kreditkarte?,19
a2_0675,A2,"die Kreuzung, -en","the intersection, -en","kavşak, -en","die Kreuzung, -en",die,noun,-en,,Fahren Sie an der nächsten Kreuzung rechts.,19
a2_0676,A2,"kriegen, kriegt,","get, get","al, al","kriegen, kriegt,",,word,,hat gekriegt,"Ich kriege 15 Euro pro Stunde für meinen Job. || Auch wenn du schnell läufst: Ich kriege dich. || Was kriegen Sie? || – Ein Käsebrötchen, bitte.",19
a2_0677,A2,"der Krimi, -s","the crime thriller, -s","suç gerilim filmi, -s","der Krimi, -s",der,noun,-s,,"Miriam liest gern spannende Krimis. || Schauen wir am Sonntag zusammen den Tatort? || –Nein, ich mag keine Krimis.",19
a2_0678,A2,"die Küche, -n","the kitchen, -n","mutfak, -n","die Küche, -n",die,noun,-n,,"Ich suche eine neue Wohnung mit drei Zimmern, Küche und Bad.",19
a2_0679,A2,"der Kuchen, -","the cake, -","pasta, -","der Kuchen, -",der,noun,-,,Er isst sonntags ein Stück Kuchen. || Schokoladenkuchen schmeckt mir am besten.,19
a2_0680,A2,kühl,cool,Serin,kühl,,word,,,Es ist kühl draußen. || Zieh dir eine Jacke an.,19
a2_0681,A2,der Kühl-,the cooling,soğutma,der Kühl-,der,noun,,,"Haben wir noch Milch? || – Ja, im Kühlschrank.",19
a2_0682,A2,"schrank, ¨-e","cupboard, ¨-e","dolap, ¨-e","schrank, ¨-e",,word,,,,19
a2_0683,A2,"die Kultur, -en","the culture, -en","kültür, -tr","die Kultur, -en",die,noun,-en,,Ich finde fremde Länder und Kulturen sehr interessant. || Jana interessiert sich sehr für Kultur. || Sie geht jede Woche ins Theater oder ins Museum.,19
a2_0684,A2,"kümmern (sich),",take care of (take care of),ilgilenmek (ilgilenmek),"kümmern (sich),",,word,,,Sonja kann nicht arbeiten. || Sie muss sich um ihre,19
a2_0685,A2,"kümmert,",cares,umurunda,"kümmert,",,word,,hat gekümmert,Tochter kümmern. || Ich habe jetzt keine Zeit. || Ich muss mich um das Essen kümmern.,19
a2_0686,A2,"der Kunde, -n /","the customer, -n /","müşteri, -n /","der Kunde, -n /",der,noun,-n /,,"Einen Moment, bitte. || Ich habe eine Kundin.",19
a2_0687,A2,"die Kundin, -nen","the customer, -nen","müşteri, -nen","die Kundin, -nen",die,noun,-nen,,,19
a2_0688,A2,"kündigen, kündigt,","quit, quit","bırak, bırak","kündigen, kündigt,",,word,,hat gekündigt,Meine Arbeit gefällt mir nicht mehr. || Ich habe heute || gekündigt.,19
a2_0689,A2,"die Kunst, ¨-e","the art, ¨-e","sanat, ¨-e","die Kunst, ¨-e",die,noun,¨-e,,Ich verstehe nichts von moderner Kunst. || Kunst war mein Lieblingsfach in der Schule.,19
a2_0690,A2,"der Kurs, -e","the course, -e","kurs, -e","der Kurs, -e",der,noun,-e,,Der Deutschkurs dauert zwei Monate.,19
a2_0691,A2,kurz,short,kısa,kurz,,word,,,Ricardo hat kurze Haare. || Kann ich Sie kurz sprechen?,19
a2_0692,A2,"lachen, lacht,","laugh, laughs","gülmek, gülmek","lachen, lacht,",,word,,hat gelacht,Die Kinder lachen über den Witz. || Lachen ist gesund.,19
a2_0693,A2,"der Laden, ¨-",the store-,mağaza-,"der Laden, ¨-",der,noun,¨-,,Ich kaufe meine Kleider immer in einem kleinen Laden im Zentrum.,19
a2_0694,A2,"die Lampe, -n","the lamp, -n","lamba, -n","die Lampe, -n",die,noun,-n,,Mach bitte die Lampe an. || Es ist so dunkel.,19
a2_0695,A2,"das Land, ¨-er","the country, ¨-er","ülke, ¨-er","das Land, ¨-er",das,noun,¨-er,,Deutschland ist ein schönes Land. || Möchten Sie lieber auf dem Land oder in der Stadt wohnen?,19
a2_0696,A2,"die Landschaft, -en","the landscape, -en","manzara, -tr","die Landschaft, -en",die,noun,-en,,Die Landschaft ist sehr schön.,19
a2_0697,A2,lang,long,uzun,lang,,word,,,Die Hose ist zu lang. || Können Sie sie ändern?,20
a2_0698,A2,lange,long,uzun,lange,,word,,,Wie lange fährt der Zug von Hamburg nach Berlin?,20
a2_0699,A2,langsam,slow,yavaş,langsam,,adjective,,,Könnten Sie bitte etwas langsamer sprechen?,20
a2_0700,A2,langweilig,boring,sıkıcı,langweilig,,adjective,,,Mir ist langweilig. || Sie findet Fußball sehr langweilig.,20
a2_0701,A2,"der/das Laptop, -s","the laptop, -s","dizüstü bilgisayar, -s","der/das Laptop, -s",,word,,,Ich brauche einen neuen Laptop.,20
a2_0702,A2,"lassen, lässt,","let, let","izin ver, izin ver","lassen, lässt,",,word,,hat gelassen,Lass mich in Ruhe! || Kann ich mein Auto hier stehen lassen? || Ich kann meine kleine Tochter noch nicht allein lassen.,20
a2_0703,A2,"laufen, läuft,","run, run","koş, koş","laufen, läuft,",,word,,ist gelaufen,"Ich gehe jeden Morgen laufen. || Unsere Tochter ist erst ein Jahr alt, aber sie kann schon laufen. || Wann läuft der Film?",20
a2_0704,A2,laut,loud,yüksek sesle,laut,,word,,,Nicht so laut! || Das Baby schläft.,20
a2_0705,A2,"leben, lebt,","live, lives","yaşa, yaşıyor","leben, lebt,",,word,,hat gelebt,Sie lebt bei ihrer Schwester. || Ihre Großeltern leben nicht mehr.,20
a2_0706,A2,"das Leben, -","the life, -","hayat, -","das Leben, -",das,noun,-,,Hier in London ist das Leben teuer.,20
a2_0707,A2,die Lebens-,the life,hayat,die Lebens-,die,noun,,,Lebensmittel bekommen Sie im Supermarkt.,20
a2_0708,A2,mittel (Pl.),medium (pl.),orta (pl.),mittel (Pl.),,word,,,,20
a2_0709,A2,leer,empty,boş,leer,,word,,,Die Kanne ist fast leer. || Ich mache neuen Tee.,20
a2_0710,A2,"legen, legt,","lay, lay","yat, yat","legen, legt,",,word,,hat gelegt,Legen Sie das Buch auf den Tisch.,20
a2_0711,A2,leicht,light,ışık,leicht,,word,,,"Das Paket ist leicht, es wiegt nur ein Kilo. || Die Aufgabe ist nicht leicht.",20
a2_0712,A2,leider,unfortunately,Ne yazık ki,leider,,adverb,,,Leider kann ich nicht kommen. || Ich muss zum Arzt.,20
a2_0713,A2,"leidtun/leid tun,",feel sorry/sorry,üzgün olmak / üzgün olmak,"leidtun/leid tun,",,word,,,"Es tut mir leid, dass ich nicht kommen kann.",20
a2_0714,A2,"tut leid,",sorry,Üzgünüm,"tut leid,",,word,,hat leidgetan,,20
a2_0715,A2,"leihen, leiht,","borrow, borrows","ödünç almak, ödünç almak","leihen, leiht,",,word,,hat geliehen,Kannst du mir fünf Euro leihen?,20
a2_0716,A2,leise,quiet,sessizlik,leise,,word,,,Seid leise. || Die anderen schlafen schon.,20
a2_0717,A2,"lernen, lernt,","learn, learn","öğren, öğren","lernen, lernt,",,word,,hat gelernt,Wie lange lernen Sie schon Deutsch?,20
a2_0718,A2,"lesen, liest,","read, reads","oku, okur","lesen, liest,",,word,,hat gelesen,In der Schule lesen wir ein Buch von Goethe.,20
a2_0719,A2,letzt-,last-,son-,letzt-,,word,,,Morgen ist der letzte Kurstag. || Was hast du letzte Woche gemacht?,20
a2_0720,A2,die Leute (Pl.),the people (pl.),insanlar (pl.),die Leute (Pl.),die,noun,,,Auf der Party sind viele Leute.,20
a2_0721,A2,"das Licht, -er","the light, -er","ışık, -er","das Licht, -er",das,noun,-er,,Es ist so dunkel. || Mach bitte das Licht an!,20
a2_0722,A2,lieb-,dear-,Sayın-,lieb-,,word,,,"Liebe Susanne, lieber Hans, Ich fahre lieber mit dem Zug als mit dem Bus. || Möchtest du Pommes oder lieber eine Pizza?",20
a2_0723,A2,"lieben, liebt,","love, loves","aşk, aşklar","lieben, liebt,",,word,,hat geliebt,Ich liebe dich!,20
a2_0724,A2,Lieblings-,Favorite-,Favori-,Lieblings-,,noun,,,Meine Lieblingsfarbe ist Blau.,20
a2_0725,A2,"das Lied, -er","the song, -er","şarkı, -er","das Lied, -er",das,noun,-er,,Zum Geburtstag singen wir dir ein Lied.,20
a2_0726,A2,"liefern, liefert,","deliver, delivers","teslim etmek, teslim etmek","liefern, liefert,",,word,,hat geliefert,Wir liefern Ihnen den Schrank nach Hause.,20
a2_0727,A2,"liegen, liegt,","lie, lies","yalan, yalanlar","liegen, liegt,",,word,,hat/ist gelegen,Die Zeitung liegt auf dem Tisch. || Judith liegt noch im Bett. || Frankfurt liegt am Main.,20
a2_0728,A2,"der Link, -s","the link, -s","bağlantı, -s","der Link, -s",der,noun,-s,,Ich schicke dir einen Link zu Deutschübungen.,20
a2_0729,A2,links,left,sol,links,,word,,,Gehen Sie die nächste Straße links.,20
a2_0730,A2,"der Löffel, -","the spoon, -","kaşık, -","der Löffel, -",der,noun,-,,Bitte bringen Sie mir einen Löffel.,20
a2_0731,A2,"das Lokal, -e","the restaurant, -e","restoran, -e","das Lokal, -e",das,noun,-e,,Gibt es hier in der Nähe ein gutes Lokal?,20
a2_0732,A2,"die Lüge, -n","the lie, -n","yalan, -n","die Lüge, -n",die,noun,-n,,Das stimmt nicht! || Das ist eine Lüge!,20
a2_0733,A2,"lügen, lügt,","lie, lies","yalan, yalanlar","lügen, lügt,",,word,,hat gelogen,"Du sollst nicht lügen. || Glaub ihm nicht, er lügt.",20
a2_0734,A2,die Lust (Sg.),the desire (sg.),arzu (bkz.),die Lust (Sg.),die,noun,,,"Gehen wir heute Abend ins Kino? || - Nein, ich habe keine Lust. || Ich habe Lust auf Schokolade.",20
a2_0735,A2,lustig,funny,eğlenceli,lustig,,adjective,,,Warum lacht ihr? || Was ist so lustig? || Ich mag lustige Filme.,20
a2_0736,A2,"machen, macht,","make, makes","yapmak, yapar","machen, macht,",,word,,hat gemacht,Was machst du heute Abend? || Ich muss jetzt das Essen machen. || Das macht 5 Euro 95. || Entschuldigung! || - Das macht doch nichts.,20
a2_0737,A2,"das Mädchen, -","the girl, -","kız, -","das Mädchen, -",das,noun,-,,Familie Kurz bekommt ein Baby. || – Junge oder Mädchen?,20
a2_0738,A2,"der Magen, ¨-","the stomach, ¨-","der Magen, ¨-","der Magen, ¨-",der,noun,¨-,,Mein Magen tut weh.,20
a2_0739,A2,"die Mailbox, -en","the mailbox, -en","posta kutusu, -tr","die Mailbox, -en",die,noun,-en,,Hier ist die Mailbox von Susanne König. || Ich habe dir auf die Mailbox gesprochen.,20
a2_0740,A2,mal / das Mal,times / that time,zamanlar / o zamanlar,mal / das Mal,,word,,,"Sag mal, wie gefällt dir mein neues Kleid? || Das erste Mal war ich vor fünf Jahren in England. || Tschüss, bis zum nächsten Mal!",20
a2_0741,A2,"malen, malt,","paint, paints","boya, boyalar","malen, malt,",,word,,hat gemalt,Mein Sohn kann gut malen.,20
a2_0742,A2,man,man,Adam,man,,word,,,Wie schreibt man das? || Hier darf man nicht rauchen.,20
a2_0743,A2,manch-,some-,bazı-,manch-,,word,,,Manche Nachbarn sind unfreundlich.,20
a2_0744,A2,manchmal,sometimes,Bazen,manchmal,,word,,,Manchmal essen wir im Restaurant. || Rauchen Sie? || - Manchmal.,20
a2_0745,A2,"der Mann, ¨-er","the man, ¨-er","adam, ¨-er","der Mann, ¨-er",der,noun,¨-er,,Mein Mann ist Polizist.,20
a2_0746,A2,männlich,masculine,eril,männlich,,adjective,,,Bitte wählen Sie: „weiblich“ oder „männlich“.,20
a2_0747,A2,"die Mannschaft,-enMeine","the team,-enMy","takım,-enMy","die Mannschaft,-enMeine",die,noun,-enMeine,,Lieblingsmannschaft hat 1:0 verloren.,20
a2_0748,A2,"der Mantel, ¨-","the coat, ¨-","ceket, ¨-","der Mantel, ¨-",der,noun,¨-,,Es ist kalt. || Zieh deinen Mantel an!,20
a2_0749,A2,"der Markt, ¨-e","the market, ¨-e","piyasa, ¨-e","der Markt, ¨-e",der,noun,¨-e,,Ich gehe heute auf den Markt. || Samstags ist hier Markt.,20
a2_0750,A2,"die Maschine, -n","the machine, -n","makine, -n","die Maschine, -n",die,noun,-n,,Die Waschmaschine funktioniert sehr gut.,20
a2_0751,A2,"das Medikament,-e","the medication,-e","ilaç,-e","das Medikament,-e",das,noun,-e,,Nehmen Sie dieses Medikament dreimal pro Tag!,20
a2_0752,A2,"das Meer, -e","the sea, -e","deniz, -e","das Meer, -e",das,noun,-e,,Wir machen Urlaub am Meer.,20
a2_0753,A2,mehr,more,Daha,mehr,,word,,,Dieses Auto kostet 1.000 Euro mehr als das andere. || Mehr kann ich nicht essen! || Ich möchte mehr Taschengeld.,20
a2_0754,A2,"meinen, meint,","mean, means","demek, demek","meinen, meint,",,word,,hat gemeint,Wie meinst du das? || Erklär mir das bitte genauer! || Der Film ist gut. || Was meinst du?,20
a2_0755,A2,"die Meinung, -en","the opinion, -en","görüş, -tr","die Meinung, -en",die,noun,-en,,Meine Meinung zu dem Thema ist: … Was ist deine Meinung dazu? || Ich habe meine Meinung geändert.,20
a2_0756,A2,meist-,mostly-,çoğunlukla-,meist-,,word,,,Ich bin neu hier im Haus. || Die meisten Nachbarn kenne ich noch nicht.,20
a2_0757,A2,meistens,mostly,çoğunlukla,meistens,,word,,,Meistens trinke ich zum Frühstück nur einen Kaffee.,21
a2_0758,A2,"die Menge, -n","the quantity, -n","miktar, -n","die Menge, -n",die,noun,-n,,Wir haben noch eine Menge Zeit. || Ich kenne eine Menge Leute in dieser Stadt.,21
a2_0759,A2,"der Mensch, -en","the human being, -en","insan, -tr","der Mensch, -en",der,noun,-en,,Die Menschen sind hier ein bisschen anders als im Süden.,21
a2_0760,A2,"merken, merkt,","notice, notice","ihbar, ihbar","merken, merkt,",,word,,hat gemerkt,"Ich kann mir keine Zahlen merken. || Ich vergesse sie || sofort. || Merkst du, dass es wärmer wird?",21
a2_0761,A2,"die Messe, -n","the fair, -n","fuar, -n","die Messe, -n",die,noun,-n,,Kommst du mit zur Buchmesse nach Frankfurt?,21
a2_0762,A2,"das Messer, -","the knife, -","bıçak, -","das Messer, -",das,noun,-,,Das Messer schneidet nicht gut. || Ich habe nur ein Messer. || Kannst du mir bitte noch eine Gabel bringen?,21
a2_0763,A2,"die Miete, -n","the rent, -n","kira, -n","die Miete, -n",die,noun,-n,,Wie viel Miete bezahlst du für deine Wohnung?,21
a2_0764,A2,"mieten, mietet,","rent, rents","kira, kiralar","mieten, mietet,",,word,,hat gemietet,Ich möchte ein Auto mieten.,21
a2_0765,A2,die Milch (Sg.),the milk (sg.),süt (bkz.),die Milch (Sg.),die,noun,,,Die Milch steht im Kühlschrank.,21
a2_0766,A2,mindestens,at least,en azından,mindestens,,word,,,Bitte kommen Sie mindestens zwei Stunden vor Ihrem Flug zum Flughafen. || Schreiben Sie mindestens sieben Sätze! || Ich warte schon mindestens 20 Minuten. || Wann kommst du denn endlich?,21
a2_0767,A2,das Mineral-,the mineral,maden,das Mineral-,das,noun,,,"Ein Glas Mineralwasser, bitte.",21
a2_0768,A2,wasser (Sg.),water (sg.),su (örn.),wasser (Sg.),,word,,,,21
a2_0769,A2,mit (+ mitbringen/,with (+ bring/,(+ getir/ ile),mit (+ mitbringen/,,preposition,,,Trinken Sie den Kaffee mit oder ohne Zucker?,21
a2_0770,A2,-kommen/-machen/Fahren,-come/do/go,-gel/yap/git,-kommen/-machen/Fahren,,verb,,,wir mit dem Auto oder mit dem Zug nach,21
a2_0771,A2,-nehmen/-spielen),-take/play),-al/oyna),-nehmen/-spielen),,word,,,Hamburg? || Ich komme mit meinem Freund. || Ich gehe einkaufen. || Soll ich dir was mitbringen? || Ich gehe ins Kino. || Kommst du mit? || Wir organisieren ein Fest. || Möchtest du auch mitmachen? || Wir fahren am Wochenende in die Berge. || Ich muss mein Zelt mitnehmen. || Warum spielt ihr nicht mit?,21
a2_0772,A2,"der Mitarbeiter, -","the employee, -","çalışan, -","der Mitarbeiter, -",der,noun,-,,Unsere Firma hat sieben Mitarbeiter.,21
a2_0773,A2,"das Mittagessen, -","the lunch, -","öğle yemeği, -","das Mittagessen, -",das,noun,-,,Um zwölf Uhr gibt es Mittagessen.,21
a2_0774,A2,"die Mitte, -n","the middle, -n","orta, -n","die Mitte, -n",die,noun,-n,,"Den Schrank stellen wir an die Wand, den Tisch in die Mitte. || Ich habe bis Mitte August frei.",21
a2_0775,A2,"das Mittel, -","the means, -","araç, -","das Mittel, -",das,noun,-,,Haben Sie ein Mittel gegen Magenschmerzen? || Das neue Waschmittel ist sehr gut.,21
a2_0776,A2,die Möbel (Pl.),the furniture (pl.),mobilyalar (pl.),die Möbel (Pl.),die,noun,,,Eure Möbel sind sehr schön.,21
a2_0777,A2,das Mobil-,the mobile,cep telefonu,das Mobil-,das,noun,,,Wie kann ich Sie erreichen? || Haben Sie ein,21
a2_0778,A2,"telefon, -e","telephone, -e","telefon, -e","telefon, -e",,word,,,Mobiltelefon?,21
a2_0779,A2,"möchten, möchte,","would like, would like","isterim, isterim","möchten, möchte,",,word,,,Was möchten Sie trinken?,21
a2_0780,A2,"mochte,",want,istek,"mochte,",,word,,hat gemocht,,21
a2_0781,A2,"die Mode, -n","the fashion, -n","moda, -n","die Mode, -n",die,noun,-n,,Wie findest du die neue Mode?,21
a2_0782,A2,modern,modern,modern,modern,,verb,,,Das Stadtzentrum von Frankfurt ist sehr modern.,21
a2_0783,A2,"mögen, mag,","like, like","gibi, gibi","mögen, mag,",,word,,,"Magst du Schokolade? || - Nein, ich mag keine",21
a2_0784,A2,"mochte,",want,istek,"mochte,",,word,,hat gemocht,Süßigkeiten.,21
a2_0785,A2,möglich,possible,olası,möglich,,adjective,,,Kann ich bitte sofort einen Termin haben? || - Das ist leider nicht möglich.,21
a2_0786,A2,"der Moment, -e","the moment, -e","an, -e","der Moment, -e",der,noun,-e,,"Einen Moment, bitte. || Warten Sie bitte einen Moment. || Ich habe im Moment sehr viel zu tun.",21
a2_0787,A2,morgen,morning,Sabah,morgen,,verb,,,Morgen beginnt die Schule erst um zehn Uhr.,21
a2_0788,A2,"der Motor, -en","the engine, -en","motor, -tr","der Motor, -en",der,noun,-en,,Der Motor ist kaputt. || Das Auto fährt nicht mehr.,21
a2_0789,A2,"der Motorroller, -","the scooter, -","scooter, -","der Motorroller, -",der,noun,-,,Oskar fährt mit dem Motorroller zur Arbeit.,21
a2_0790,A2,müde,tired,yorgun,müde,,word,,,Ich bin müde. || Ich gehe schlafen.,21
a2_0791,A2,der Müll (Sg.),the garbage (sg.),çöp (bkz.),der Müll (Sg.),der,noun,,,"Bringst du bitte den Müll raus? || Kann ich die Zeitungen wegwerfen? || - Ja, sie sind alt. || Bring/Wirf sie bitte in den Müll!",21
a2_0792,A2,"der Mund, ¨-er","the mouth, ¨-er","ağız, ¨-er","der Mund, ¨-er",der,noun,¨-er,,Öffnen Sie bitte den Mund. || Ich möchte in Ihren Hals sehen.,21
a2_0793,A2,"das Museum, -een","the museum, -een","müze, -en","das Museum, -een",das,noun,-een,,Im Kunstmuseum gibt es eine neue Ausstellung.,21
a2_0794,A2,die Musik (Sg.),the music (sg.),müzik (bkz.),die Musik (Sg.),die,noun,,,Wie findest du die Musik? || Spanische Musik gefällt mir gut.,21
a2_0795,A2,"müssen, muss,","must, must","gerekir, gerekir","müssen, muss,",,word,,,Ich muss jeden Tag von 8 Uhr bis 18 Uhr arbeiten.,21
a2_0796,A2,musste,had to,zorundaydım,musste,,word,,,,21
a2_0797,A2,"die Mütze, -n","the hat, -n","şapka, -n","die Mütze, -n",die,noun,-n,,Haben Sie rote Mützen?,21
a2_0798,A2,nach,after,sonrasında,nach,,preposition,,,Ich gehe jetzt nach Hause. || Ich fliege nach München. || Es ist schon fünf nach zwölf. || Wir treffen uns nach der Arbeit.,21
a2_0799,A2,"der Nachbar, -n,","the neighbor, -n","komşu, -n","der Nachbar, -n,",der,noun,"-n,",,Mein Nachbar kommt aus Brasilien und meine,21
a2_0800,A2,"die Nachbarin,-nen","the neighbor,-nen","komşu, -nen","die Nachbarin,-nen",die,noun,-nen,,Nachbarin ist Italienerin. || Die neuen Nachbarn sind sehr nett.,21
a2_0801,A2,"die Nachricht, -en",the news,haberler,"die Nachricht, -en",die,noun,-en,,Ich sehe abends immer die Nachrichten im Fernsehen. || Kommst du mit ins Kino? || - Ich weiß es noch nicht. || Ich schreibe dir später eine Nachricht. || Sie haben keine neuen Nachrichten.,21
a2_0802,A2,"nächste, -er, -es","next, -he, -it","sonraki, -o, -o","nächste, -er, -es",,word,,,Sehen wir uns nächste Woche? || Ihr nächster Termin ist in einem Monat. || Bis nächstes Mal!,21
a2_0803,A2,die Nähe (Sg.),the proximity (sg.),yakınlık (örn.),die Nähe (Sg.),die,noun,,,Die Post ist in der Nähe vom Bahnhof.,21
a2_0804,A2,"der Name, -n","the name, -n","isim, -n","der Name, -n",der,noun,-n,,Wie ist Ihr Name? || Mein Name ist Thomas Schmidt. || Mein Vorname ist Thomas; Schmidt ist der Familien- name.,21
a2_0805,A2,nass,wet,ıslak,nass,,word,,,Geh nicht mit den nassen Schuhen ins Wohnzimmer! || Du bist ja ganz nass. || Hast du den Regenschirm vergessen?,21
a2_0806,A2,die Natur (Sg.),nature (sg.),doğa (bkz.),die Natur (Sg.),die,noun,,,Ich bin gern draußen in der Natur.,21
a2_0807,A2,natürlich,naturally,doğal olarak,natürlich,,adjective,,,Natürlich helfen wir dir. || Kommst du zu meiner Party? || –Natürlich.,21
a2_0808,A2,neben,neben,yanında,neben,,verb,,,Neben mir ist noch ein Platz frei. || Die Apotheke ist neben der Post.,21
a2_0809,A2,nebenan,next door,yan kapı,nebenan,,word,,,Das ist José. || Er wohnt nebenan.,21
a2_0810,A2,neblig,foggy,sisli,neblig,,adjective,,,Fahr vorsichtig! || Es ist neblig.,21
a2_0811,A2,"nehmen, nimmt,","take, takes","Al, alır","nehmen, nimmt,",,word,,hat genommen,Nehmen Sie die Tabletten vor dem Essen! || Was möchten Sie? || –Ich nehme einen Salat. || Ich nehme den Bus.,21
a2_0812,A2,nein,no,HAYIR,nein,,word,,,"Möchten Sie ein Stück Kuchen? || –Nein, danke. || Fährst du auch nach München? || – Nein, ich habe keine Zeit.",22
a2_0813,A2,"nennen, nennt,","call, calls","çağrı, çağrılar","nennen, nennt,",,word,,hat genannt,"Mein Freund heißt Alexander, aber alle nennen || ihn Alex.",22
a2_0814,A2,nervös,nervous,gergin,nervös,,word,,,Bei Prüfungen bin ich immer sehr nervös.,22
a2_0815,A2,nett,nice,Güzel,nett,,word,,,Ich habe viele nette Kollegen. || Vielen Dank! || Das ist sehr nett von dir.,22
a2_0816,A2,neu,new,yeni,neu,,word,,,Ich bin der neue Mitarbeiter. || Wir haben eine neue Wohnung. || Zeig mal! || Ist das dein neues Handy?,22
a2_0817,A2,nicht,not,Olumsuz,nicht,,word,,,"Das stimmt nicht. || Ich kann morgen leider nicht kommen. || Lisa wohnt nicht in Hamburg, sie wohnt in Bremen.",22
a2_0818,A2,nichts,nothing,Hiçbir şey,nichts,,word,,,Das macht nichts. || Hier kaufe ich nichts. || Der Laden gefällt mir nicht.,22
a2_0819,A2,nie,never,Asla,nie,,adverb,,,Er kommt nie pünktlich.,22
a2_0820,A2,niemand,no one,hiç kimse,niemand,,word,,,Hier ist niemand. || Hier ist der Anrufbeantworter von Familie Klein. || Leider ist im Moment niemand zu Hause.,22
a2_0821,A2,nirgends,nowhere,hiçbir yerde,nirgends,,word,,,Hier kann man nirgends parken. || Wo ist Stefan? || Ich kann ihn nirgends sehen.,22
a2_0822,A2,noch,still,Hala,noch,,word,,,Vielleicht kommt er noch. || Es dauert noch ein paar Minuten. || Ich habe noch 20 Euro.,22
a2_0823,A2,normal,normal,normal,normal,,word,,,Das ist doch ganz normal.,22
a2_0824,A2,"die Note, -n","the grade, -n","not, -n","die Note, -n",die,noun,-n,,Eva hat immer sehr gute Noten in Deutsch.,22
a2_0825,A2,"notieren, notiert,","note, noted","not, not edildi","notieren, notiert,",,word,,hat notiert,Notieren Sie bitte alle wichtigen Informationen.,22
a2_0826,A2,"die Notiz, -en","the note, -en","not, -tr","die Notiz, -en",die,noun,-en,,Schreib mir bitte eine Notiz. || Haben Sie einen Notizzettel für mich?,22
a2_0827,A2,notwendig,necessary,gerekli,notwendig,,adjective,,,"Muss ich noch einmal kommen? || –Nein, das ist nicht notwendig.",22
a2_0828,A2,"die Nudel, -n","the noodle, -n","erişte, -n","die Nudel, -n",die,noun,-n,,"Möchten Sie lieber Reis oder Nudeln? || –Lieber Nudeln, bitte.",22
a2_0829,A2,"die Nummer, -n","the number, -n","sayı, -n","die Nummer, -n",die,noun,-n,,Sie haben Zimmer Nummer zwölf. || Welche Hausnummer haben Sie? || Können Sie mir bitte Ihre Nummer geben? || Haben Sie die Bluse auch eine Nummer kleiner?,22
a2_0830,A2,nur,only,sadece,nur,,word,,,Ich möchte nur ein Glas Wasser. || Das T-Shirt kostet nur fünf Euro.,22
a2_0831,A2,nützlich,useful,kullanışlı,nützlich,,adjective,,,Danke für den Tipp. || Er war sehr nützlich.,22
a2_0832,A2,oben,above,üstünde,oben,,verb,,,Ich wohne oben im || Stock.,22
a2_0833,A2,das Obst (Sg.),the fruit (sg.),meyve (bkz.),das Obst (Sg.),das,noun,,,Obst kaufe ich immer auf dem Markt. || Heute kaufe ich Äpfel und Orangen.,22
a2_0834,A2,oder,or,veya,oder,,conjunction,,,Wann können Sie kommen – heute oder morgen? || Entweder fahren wir mit dem Bus oder wir gehen zu Fuß.,22
a2_0835,A2,offen,open,açık,offen,,verb,,,"Ist das Fenster im Bad noch offen? || Ich glaube, der Supermarkt ist jetzt noch offen.",22
a2_0836,A2,"öffnen, öffnet,","open, opens","açık, açılır","öffnen, öffnet,",,word,,hat geöffnet,Ich öffne die Tür. || Der Laden ist samstags bis 16.00 Uhr geöffnet.,22
a2_0837,A2,oft,often,sıklıkla,oft,,adverb,,,Ich gehe nicht oft ins Kino.,22
a2_0838,A2,ohne,without,olmadan,ohne,,preposition,,,Bitte einen Kaffee ohne Milch und Zucker. || Schaffst du das auch ohne mich oder soll ich dir helfen?,22
a2_0839,A2,"das Ohr, -en","das Ohr, -en","kulak, -tr","das Ohr, -en",das,noun,-en,,Ich habe Ohrenschmerzen.,22
a2_0840,A2,"das Öl, -e","the oil, -e","yağ, -e","das Öl, -e",das,noun,-e,,Machen wir den Salat mit Öl? || Können Sie bei meinem Auto bitte das Öl kontrollieren?,22
a2_0841,A2,online,on-line,çevrimiçi,online,,word,,,Wann bist du wieder online? || Ich habe hier kein Internet. || Ich bin erst heute Abend wieder online. || Sie können das Geld auch online überweisen.,22
a2_0842,A2,"die Orange, -n","the orange, -n","turuncu, -n","die Orange, -n",die,noun,-n,,Ich esse gern Orangen.,22
a2_0843,A2,"die Ordnung, -en","the order, -en","sipariş, -en","die Ordnung, -en",die,noun,-en,,Er hat seine Hausaufgabe gut gemacht. || Das ist alles in Ordnung. || Ich mache gleich Ordnung in meinem Zimmer.,22
a2_0844,A2,"organisieren,",organize,organize etmek,"organisieren,",,word,,,Frau Gomez organisiert unseren Ausflug.,22
a2_0845,A2,"organisiert,",organized,organize edilmiş,"organisiert,",,word,,hat organisiert,Hast du schon alles für deinen Urlaub organisiert?,22
a2_0846,A2,"der Ort, -e","der Ort, -e","yer, -e","der Ort, -e",der,noun,-e,,"Vergessen Sie Ort und Datum nicht, wenn Sie einen Brief schreiben. || Der Ort liegt in den Bergen. || Wohnort: Köln.",22
a2_0847,A2,"das Paar, -e","the couple, -e","çift, -e","das Paar, -e",das,noun,-e,,Romeo und Julia sind ein Paar. || Ich brauche ein Paar Schuhe.,22
a2_0848,A2,ein paar,a couple,bir çift,ein paar,,word,,,Wir fahren ein paar Tage ans Meer. || Hast du ein paar Minuten Zeit?,22
a2_0849,A2,"packen, packt,","pack, pack","paketlemek, paketlemek","packen, packt,",,word,,hat gepackt,Ich muss noch meinen Koffer packen.,22
a2_0850,A2,"das Paket, -e","the package, -e","paket, -e","das Paket, -e",das,noun,-e,,Bringst du bitte das Paket zur Post?,22
a2_0851,A2,"das Papier, -e","the paper, -e","kağıt, -e","das Papier, -e",das,noun,-e,,Hier sind Papier und Bleistift.,22
a2_0852,A2,die Papiere (Pl.),the papers (pl.),gazeteler (pl.),die Papiere (Pl.),die,noun,,,Haben Sie Ihre Papiere dabei?,22
a2_0853,A2,"das Parfüm, -s","the perfume, -s","parfüm, -s","das Parfüm, -s",das,noun,-s,,Ich suche ein Parfum als Geschenk für meine Frau.,22
a2_0854,A2,"der Park, -s","the park, -s","park, -s","der Park, -s",der,noun,-s,,Ich gehe gern im Park spazieren.,22
a2_0855,A2,"parken, parkt,","park, park","park, park","parken, parkt,",,word,,hat geparkt,Darf ich hier parken? || Hier ist Parken verboten.,22
a2_0856,A2,"der Partner, -","the partner, -","ortak, -","der Partner, -",der,noun,-,,Veronika ist meine Partnerin.,22
a2_0857,A2,"die Partnerin, -nen","the partner, -nen","ortak, -nen","die Partnerin, -nen",die,noun,-nen,,,22
a2_0858,A2,"die Party, -s","the party, -s","parti, -s","die Party, -s",die,noun,-s,,Heute Abend machen wir eine Party.,22
a2_0859,A2,"der Pass, ¨-e","the passport, ¨-e","pasaport, ¨-e","der Pass, ¨-e",der,noun,¨-e,,Am Flughafen brauchst du deinen Pass.,22
a2_0860,A2,"passen, passt,","fit, fit","passen, passt,","passen, passt,",,word,,hat gepasst,Die Bluse passt mir nicht. || Welches Wort passt? || Wählen Sie.,22
a2_0861,A2,"passieren,",happen,olmak,"passieren,",,word,,,Wie ist der Unfall passiert?,22
a2_0862,A2,"passiert,",happened,olmuş,"passiert,",,word,,ist passiert,Was ist passiert?,22
a2_0863,A2,"das Passwort, ¨-er","the password, ¨-er","şifre, ¨-er","das Passwort, ¨-er",das,noun,¨-er,,Bitte schreiben Sie Ihr Passwort. || Sie brauchen ein Passwort. || Ich habe mein Passwort vergessen.,23
a2_0864,A2,"die Pause, -n","the break, -n","mola, -n","die Pause, -n",die,noun,-n,,Von 12.00 bis 12.30 Uhr haben wir Mittagspause.,23
a2_0865,A2,"die Person, -en","the person, -s","kişi, -s","die Person, -en",die,noun,-en,,Eintritt pro Person: 5 Euro.,23
a2_0866,A2,"das Pferd, -e","the horse, -e","at, -e","das Pferd, -e",das,noun,-e,,Amira liebt Pferde. || Sie reitet seit zehn Jahren.,23
a2_0867,A2,"die Pflanze, -n","the plant, -n","bitki, -n","die Pflanze, -n",die,noun,-n,,Können Sie sich bitte um unsere Pflanzen kümmern? || Wir sind nächste Woche im Urlaub.,23
a2_0868,A2,"die Pizza, -s/-en","the pizza, -s/-en","pizza, -s/-en","die Pizza, -s/-en",die,noun,-s/-en,,"Mein Lieblingsessen ist Pizza. || Eine Pizza mit viel Käse, bitte.",23
a2_0869,A2,"das Plakat, -e","the poster, -e","poster, -e","das Plakat, -e",das,noun,-e,,Wir machen im Unterricht ein Plakat zum Thema „Essen und Trinken“.,23
a2_0870,A2,"der Plan, ¨-e","the plan, ¨-e","plan, ¨-e","der Plan, ¨-e",der,noun,¨-e,,Ich kaufe mir einen Stadtplan.,23
a2_0871,A2,"planen, plant,","plan, plan","planla, planla","planen, plant,",,word,,hat geplant,Wir sollen zusammen eine Klassenparty planen. || Morgen schwimmen ... ist ein guter Plan.,23
a2_0872,A2,"der Platz, ¨-e","the place, ¨-e","yer, ¨-e","der Platz, ¨-e",der,noun,¨-e,,Hier ist noch ein Platz frei. Bitte nehmen Sie Platz! Ich wohne am Messeplatz || Ich finde keinen Parkplatz.,23
a2_0873,A2,plötzlich,suddenly,Birden,plötzlich,,adjective,,,Plötzlich war das Licht aus.,23
a2_0874,A2,die Polizei (Sg.),the police (sg.),polis (sg.),die Polizei (Sg.),die,noun,,,Rufen Sie die Polizei!,23
a2_0875,A2,die Pommes frites,the french fries,patates kızartması,die Pommes frites,die,noun,,,Die Kinder essen Bratwurst mit Pommes frites.,23
a2_0876,A2,(Pl.),(pl.),(pl.),(Pl.),,other,,,,23
a2_0877,A2,"die Portion, -en","the portion, -en","kısım, -tr","die Portion, -en",die,noun,-en,,Ich nehme eine kleine Portion Eis.,23
a2_0878,A2,die Post (Sg.),the mail (sg.),posta (örn.),die Post (Sg.),die,noun,,,"Entschuldigung, wo ist die Post? || Ist Post für mich da?",23
a2_0879,A2,"das Poster, -","the poster, -","poster, -","das Poster, -",das,noun,-,,Das Poster hängt über dem Bett.,23
a2_0880,A2,"die Postkarte, -n","the postcard, -n","kartpostal, -n","die Postkarte, -n",die,noun,-n,,Schreibst du mir eine Postkarte aus Kanada?,23
a2_0881,A2,die Postleit-,the postal code,posta kodu,die Postleit-,die,noun,,,Wie ist Ihre Postleitzahl?,23
a2_0882,A2,zahl,number,sayı,"zahl, -en",,verb,,-en,,23
a2_0883,A2,"das Praktikum, -a","the internship, -a","staj, -a","das Praktikum, -a",das,noun,-a,,Ich mache ein Praktikum bei Siemens.,23
a2_0884,A2,praktisch,practical,pratik,praktisch,,adjective,,,Mit meinem neuen Handy kann ich auch im Internet surfen und Fotos machen. || Das finde ich sehr praktisch.,23
a2_0885,A2,"die Praxis, -en","the practice, -en","pratik, -tr","die Praxis, -en",die,noun,-en,,Unsere Praxis ist ab acht Uhr geöffnet. || Frau Doktor Weiß hat ab neun Uhr Sprechstunde.,23
a2_0886,A2,"der Preis, -e","the price, -e","fiyat, -e","der Preis, -e",der,noun,-e,,Die Preise sind hier viel höher als bei uns.,23
a2_0887,A2,preiswert,inexpensive,ucuz,preiswert,,word,,,Die Jacke ist sehr preiswert. || Sie kostet nur 15 Euro.,23
a2_0888,A2,privat,private,özel,privat,,word,,,"Das ist meine Nummer im Büro und das ist meine private Handynummer. || Dieser Strand ist privat. || Wir dürfen hier nicht schwimmen gehen. || Hey, du darfst die Mail nicht lesen! || Sie ist privat.",23
a2_0889,A2,pro,per,başına,pro,,word,,,Das Zimmer kostet 100 Euro pro Nacht.,23
a2_0890,A2,"probieren,",try out,denemek,"probieren,",,word,,,Möchten Sie den Käse probieren?,23
a2_0891,A2,"probiert,",tried,sınanmış,"probiert,",,word,,hat probiert,Die Tür geht schwer auf. || Probier mal!,23
a2_0892,A2,"das Problem, -e","the problem, -e","sorun, -e","das Problem, -e",das,noun,-e,,Ich habe ein Problem. || Können Sie mir bitte helfen?,23
a2_0893,A2,"das Produkt, -e","the product, -e","ürün, -e","das Produkt, -e",das,noun,-e,,Unsere Produkte haben eine sehr hohe Qualität.,23
a2_0894,A2,"das Programm, -e","the program, -e","program, -e","das Programm, -e",das,noun,-e,,Dieses Programm im Radio interessiert mich nicht. || Was kommt heute im Kino? || Hast du das Programm hier?,23
a2_0895,A2,"das Projekt, -e","the project, -e","proje, -e","das Projekt, -e",das,noun,-e,,Wir machen ein Projekt über Sehenswürdigkeiten in unserer Stadt.,23
a2_0896,A2,"der Prospekt, -e","the prospectus, -e","izahname, -e","der Prospekt, -e",der,noun,-e,,Bitte schicken Sie mir einen Prospekt von Ihrem Hotel.,23
a2_0897,A2,"prüfen, prüft,","check, check","kontrol et, kontrol et","prüfen, prüft,",,word,,hat geprüft,Bitte prüfen Sie die Rechnung sofort.,23
a2_0898,A2,"die Prüfung, -en","the exam, -en","sınav, -tr","die Prüfung, -en",die,noun,-en,,Ich habe die Prüfung bestanden.,23
a2_0899,A2,"der Pullover, -","the sweater, -","kazak, -","der Pullover, -",der,noun,-,,Ich muss mir einen Pullover kaufen.,23
a2_0900,A2,pünktlich,on time,zamanında,pünktlich,,adjective,,,Der Bus fährt pünktlich um acht Uhr. || Herr Müller ist immer pünktlich.,23
a2_0901,A2,"putzen, putzt,","cleaning, cleaning","temizlik, temizlik","putzen, putzt,",,word,,hat geputzt,Ich muss heute noch das Bad putzen.,23
a2_0902,A2,"die Qualität, -en","the quality, -en","kalite, -tr","die Qualität, -en",die,noun,-en,,Dieser Fernseher hat eine gute Qualität. || Ich finde die Qualität wichtiger als den Preis.,23
a2_0903,A2,das Quiz (Sg.),the quiz (sg.),sınav (bkz.),das Quiz (Sg.),das,noun,,,Er schaut gern Quizsendungen an. || Sie hat beim Quiz gewonnen.,23
a2_0904,A2,"das Radio, -s","the radio, -s","radyo, -s","das Radio, -s",das,noun,-s,,Ich höre im Auto gern Radio.,23
a2_0905,A2,"raten, rät,","advise, advise","tavsiye etmek, tavsiye etmek","raten, rät,",,word,,hat geraten,"Ich weiß nicht, welches Handy ich kaufen soll. || Was || raten Sie mir? || Rate mal, wen ich heute gesehen habe! || Deinen Lehrer.",23
a2_0906,A2,"das Rathaus, ¨-er","the town hall, ¨-er","belediye binası, ¨-er","das Rathaus, ¨-er",das,noun,¨-er,,Das Formular bekommen Sie im Rathaus. || Sie müssen sich im Rathaus anmelden.,23
a2_0907,A2,"das Rätsel, -","the riddle, -","bilmece, -","das Rätsel, -",das,noun,-,,Das Rätsel ist schwierig! || Ich weiß die Antwort nicht.,23
a2_0908,A2,"rauchen, raucht,","smoke, smokes","duman, sigara içiyor","rauchen, raucht,",,word,,hat geraucht,"Stört es Sie, wenn ich rauche? || Rauchen ist hier verboten!",23
a2_0909,A2,"der Raum, ¨-e","the space, ¨-e","uzay, ¨-e","der Raum, ¨-e",der,noun,¨-e,,Der Unterricht findet heute in Raum 332 statt.,23
a2_0910,A2,"rechnen, rechnet,","calculate, calculate","hesaplamak, hesaplamak","rechnen, rechnet,",,word,,hat gerechnet,Sarah kann gut rechnen.,23
a2_0911,A2,"die Rechnung, -en","the bill, -en","fatura, -tr","die Rechnung, -en",die,noun,-en,,"Schicken Sie die Rechnung an mich. || Bitte, die Rechnung!",23
a2_0912,A2,"recht haben,",to be right,haklı olmak,"recht haben,",,word,,hat recht,Du hast (nicht) recht.,23
a2_0913,A2,"hatte recht,",was right,haklıydı,"hatte recht,",,word,,hat recht gehabt,,23
a2_0914,A2,rechts,right,Sağ,rechts,,word,,,Der Bahnhof ist hier rechts.,23
a2_0915,A2,"reden, redet,","talk, talk","konuş, konuş","reden, redet,",,word,,hat geredet,Mit meiner Freundin kann ich über alles reden. || Rede nicht so viel!,23
a2_0916,A2,der Regen (Sg.),the rain (sg.),yağmur (bkz.),der Regen (Sg.),der,noun,,,Bei Regen gehe ich nicht aus dem Haus.,23
a2_0917,A2,"regnen, regnet,","rain, rain","yağmur, yağmur","regnen, regnet,",,word,,hat geregnet,"Wenn es regnet, bleiben wir zu Hause.",23
a2_0918,A2,reich,rich,zengin,reich,,word,,,Lotte ist reich. || Sie hat sehr viel Geld.,23
a2_0919,A2,"der Reifen, -","the tire, -","lastik, -","der Reifen, -",der,noun,-,,Ich brauche neue Reifen für mein Auto.,23
a2_0920,A2,"die Reihe, -n","the row, -n","satır, -n","die Reihe, -n",die,noun,-n,,Ich habe Karten für das Konzert. || Wir sitzen in der dritten Reihe. || Wer ist jetzt an der Reihe?,23
a2_0921,A2,"die Reinigung, -en","the cleaning, -en","temizlik, -tr","die Reinigung, -en",die,noun,-en,,Bringst du bitte die Bluse in die Reinigung? || Man darf sie nicht in der Waschmaschine waschen.,23
a2_0922,A2,der Reis (Sg.),the rice (sg.),pirinç (sg.),der Reis (Sg.),der,noun,,,Ich esse gern Reis mit Gemüse und Fisch.,24
a2_0923,A2,"die Reise, -n","the journey, -n","yolculuk, -n","die Reise, -n",die,noun,-n,,Wir machen eine Reise nach Österreich. || Ich mache nächste Woche eine Geschäftsreise.,24
a2_0924,A2,"das Reisebüro, -s","the travel agency, -s","seyahat acentası, -s","das Reisebüro, -s",das,noun,-s,,Wir organisieren eine Rundreise durch Deutschland. || Wir buchen die Reise im Reisebüro.,24
a2_0925,A2,"der Reiseführer, -","the guide, -","rehber, -","der Reiseführer, -",der,noun,-,,Ich kaufe mir einen Reiseführer von Berlin. || Unser Reiseführer heißt Robert und ist sehr sympathisch.,24
a2_0926,A2,"reisen, reist,","travel, travels","seyahat, seyahatler","reisen, reist,",,word,,ist gereist,Ich reise gern.,24
a2_0927,A2,"reiten, reitet,","ride, rides","sürmek, sürmek","reiten, reitet,",,word,,ist geritten,Möchtest du reiten lernen?,24
a2_0928,A2,"renovieren,",renovate,yenilemek,"renovieren,",,word,,,Wir renovieren das ganze Haus.,24
a2_0929,A2,"renoviert,",renovated,yenilenmiş,"renoviert,",,word,,hat renoviert,,24
a2_0930,A2,"der Rentner, - /","the pensioner, - /","emekli, - /","der Rentner, - /",der,noun,- /,,Mein Onkel arbeitet nicht mehr. || Er ist Rentner.,24
a2_0931,A2,"die Rentnerin, -nen","the pensioner, -nen","die Rentnerin, -nen","die Rentnerin, -nen",die,noun,-nen,,,24
a2_0932,A2,"die Reparatur, -en","the repair, -en","onarım, -tr","die Reparatur, -en",die,noun,-en,,Die Reparatur ist sehr teuer.,24
a2_0933,A2,"reparieren,",repair,tamirat,"reparieren,",,word,,,Er muss den Motor reparieren.,24
a2_0934,A2,"repariert,",repaired,onarıldı,"repariert,",,word,,hat repariert,,24
a2_0935,A2,"reservieren,",reserve,rezerv,"reservieren,",,word,,,Reservieren Sie bitte ein Doppelzimmer.,24
a2_0936,A2,"reserviert,",reserved,rezerve,"reserviert,",,word,,,Ich möchte gern einen Tisch für fünf Personen,24
a2_0937,A2,"reservierte,",reserved,rezerve,"reservierte,",,word,,hat reserviert,reservieren.,24
a2_0938,A2,"der Rest, -e","the rest, -e","geri kalanı, -e","der Rest, -e",der,noun,-e,,Hier sind 50 Euro. || Den Rest gebe ich dir später. || Es ist noch ein Rest Suppe da. || Möchtest du noch?,24
a2_0939,A2,"das Restaurant, -s","the restaurant, -s","restoran, -s","das Restaurant, -s",das,noun,-s,,Wir essen heute in einem Restaurant.,24
a2_0940,A2,"das Rezept, -e","the recipe, -e","yemek tarifi, -e","das Rezept, -e",das,noun,-e,,Dieser Kuchen schmeckt super! || Kannst du mir bitte das Rezept geben? || Dieses Medikament gibt es nur auf Rezept.,24
a2_0941,A2,"die Rezeption, en","the reception, en","resepsiyon, tr","die Rezeption, en",die,noun,en,,Geben Sie bitte den Schlüssel an der Rezeption ab.,24
a2_0942,A2,richtig,correct,doğru,richtig,,adjective,,,Habe ich das richtig verstanden? || Das ist richtig.,24
a2_0943,A2,"riechen, riecht,","smell, smells","koku, kokuyor","riechen, riecht,",,word,,hat gerochen,Diese Blumen riechen gut. || Hier riecht es nach Fisch.,24
a2_0944,A2,das Rind,the beef,sığır eti,das Rind,das,noun,,,Ich esse nur Fleisch vom Rind.,24
a2_0945,A2,"der Ring, -e","the ring, -e","yüzük, -e","der Ring, -e",der,noun,-e,,Ich habe meinen Ring verloren.,24
a2_0946,A2,"der Rock, ¨-e","the skirt, ¨-e","etek, ¨-e","der Rock, ¨-e",der,noun,¨-e,,Der Rock ist zu eng.,24
a2_0947,A2,romantisch,romantic,romantik,romantisch,,adjective,,,Dieser Film ist sehr romantisch. || Meine Freundin ist total romantisch.,24
a2_0948,A2,"die Rose, -n","the rose, -n","gül, -n","die Rose, -n",die,noun,-n,,Er schenkt seiner Freundin rote Rosen zum Geburtstag.,24
a2_0949,A2,"der Rücken, -","der Rücken, -","arka, -","der Rücken, -",der,noun,-,,Mein Rücken tut mir weh.,24
a2_0950,A2,"der Rucksack, ¨-e","the backpack, ¨-e","der Rucksack, ¨-e","der Rucksack, ¨-e",der,noun,¨-e,,Ich nehme lieber einen Rucksack als einen Koffer mit.,24
a2_0951,A2,"rufen, ruft,","calling, calling","çağırıyor, çağırıyor","rufen, ruft,",,word,,hat gerufen,Rufst du bitte die Kinder. || Das Essen ist fertig. || Wir müssen einen Arzt rufen.,24
a2_0952,A2,die Ruhe (Sg.),the calm (sg.),sakin (sg.),die Ruhe (Sg.),die,noun,,,"Ruhe, bitte! || Hier in der Bibliothek darf man nicht laut sprechen. || Meine Großmutter ist krank. || Sie braucht viel Ruhe.",24
a2_0953,A2,ruhig,quiet,sessizlik,ruhig,,adjective,,,Ich möchte ein ruhiges Zimmer.,24
a2_0954,A2,rund,around,etrafında,rund,,word,,,Unser Wohnzimmertisch ist rund. || Bis Berlin sind es noch rund 80 Kilometer.,24
a2_0955,A2,"der Rundgang, ¨-e","the tour, ¨-e","tur, ¨-e","der Rundgang, ¨-e",der,noun,¨-e,,Der Rundgang durch das Schloss beginnt in wenigen Minuten.,24
a2_0956,A2,"die Sache, -n","the thing, -n","şey, -n","die Sache, -n",die,noun,-n,,Ihr könnt eure Sachen im Hotel lassen. || Nimm deine Sachen und komm! || Das ist meine Sache.,24
a2_0957,A2,"der Saft, ¨-e","the juice, ¨-e","meyve suyu, ¨-e","der Saft, ¨-e",der,noun,¨-e,,Möchtest du einen Apfelsaft?,24
a2_0958,A2,"sagen, sagt,","say, says","söyle, diyor","sagen, sagt,",,word,,hat gesagt,"Entschuldigung, was haben Sie gesagt? || Wie sagt man „sorry“ auf Deutsch? || Sag mal, wie geht es dir denn?",24
a2_0959,A2,"der Salat, -e","der Salat, -e","salata, -e","der Salat, -e",der,noun,-e,,Wie schmeckt dir der Salat? || Möchten Sie zum Fisch einen Salat?,24
a2_0960,A2,"das Salz, -e","the salt, -e","tuz, -e","das Salz, -e",das,noun,-e,,"Entschuldigung, kann ich bitte Salz haben?",24
a2_0961,A2,"sammeln,",collect,TOPLAMAK,"sammeln,",,word,,,Peter sammelt Briefmarken.,24
a2_0962,A2,"sammelt,",collects,toplar,"sammelt,",,word,,hat gesammelt,Im Herbst sammeln wir im Wald bunte Blätter.,24
a2_0963,A2,"der Satz, ¨-e","the sentence, ¨-e","cümle, ¨-e","der Satz, ¨-e",der,noun,¨-e,,Den letzten Satz verstehe ich nicht.,24
a2_0964,A2,sauber,clean,temiz,sauber,,word,,,Bringen Sie mir bitte ein sauberes Glas!,24
a2_0965,A2,sauer,sour,sauer,sauer,,word,,,Zitronen sind mir zu sauer. || Was ist los? || –Ich bin sauer. || Ich muss am Wochen- ende zu Hause bleiben und darf nicht mit meinen Freunden ins Kino gehen.,24
a2_0966,A2,schade,too bad,çok kötü,schade,,word,,,"Schade, dass du nicht kommen kannst.",24
a2_0967,A2,schädlich,harmful,zararlı,schädlich,,adjective,,,Rauchen ist schädlich für die Gesundheit.,24
a2_0968,A2,"schaffen, schafft,","create, creates","yaratmak, yaratır","schaffen, schafft,",,word,,hat geschafft,Kannst du mir bitte helfen? || Ich schaffe das nicht || alleine. || Geschafft! || Das Projekt ist endlich fertig.,24
a2_0969,A2,"der Schalter, -","the desk, -","masa, -","der Schalter, -",der,noun,-,,Gehen Sie bitte zum Schalter drei! || Der Lichtschalter ist neben der Tür.,24
a2_0970,A2,scharf,sharp,keskin,scharf,,word,,,Die Suppe ist mir zu scharf. || Pass auf! || Das Messer ist sehr scharf.,24
a2_0971,A2,"scheinen, scheint,","seem, seems","scheinen, scheint,","scheinen, scheint,",,word,,hat geschienen,Die Sonne scheint.,24
a2_0972,A2,"schenken,",give,vermek,"schenken,",,word,,,Was schenken wir Michael zum Geburtstag?,24
a2_0973,A2,"schenkt,",gives,verir,"schenkt,",,word,,hat geschenkt,,24
a2_0974,A2,"die Schere, -n","the scissors, -n","makas, -n","die Schere, -n",die,noun,-n,,Die Schere schneidet nicht gut. || Hast du eine andere?,24
a2_0975,A2,"schicken, schickt,","schicken, schickt,","gönder, gönder","schicken, schickt,",,word,,hat geschickt,Bitte schicken Sie mir eine E-Mail. || Ich schicke dir den Brief nach Hause.,24
a2_0976,A2,"das Schiff, -e","the ship, -e","gemi, -e","das Schiff, -e",das,noun,-e,,Wir fahren mit dem Schiff von Basel nach Köln.,24
a2_0977,A2,"das Schild, -er","the sign, -er","işareti, -er","das Schild, -er",das,noun,-er,,Haben Sie das Schild nicht gesehen?,24
a2_0978,A2,"schimpfen,",scold,azarlamak,"schimpfen,",,word,,,Warum schimpfst du denn so laut? || –Ich ärgere,24
a2_0979,A2,"schimpft,",scolds,azarlıyor,"schimpft,",,word,,hat geschimpft,mich über mein Auto. || Alle schimpfen über/auf das Wetter.,24
a2_0980,A2,der Schirm,the umbrella,şemsiye,der Schirm,der,noun,,,"Nimm den Schirm mit, es regnet.",24
a2_0981,A2,"schlafen, schläft,","sleep, sleep","uyu, uyu","schlafen, schläft,",,word,,hat geschlafen,Ich schlafe meistens acht Stunden. || Haben Sie gut geschlafen? || Gute Nacht! || Schlaf gut und träum süß!,24
a2_0982,A2,"das Schlafzimmer, -Hier","the bedroom, -Here","yatak odası, -Burada","das Schlafzimmer, -Hier",das,noun,-Hier,,ist das Schlafzimmer.,25
a2_0983,A2,schlecht,bad,kötü,schlecht,,word,,,Das Wetter ist schlecht. || Wir haben schon seit einer Woche schlechtes Wetter. || Mir ist schlecht! || Mir geht es schlecht. || Ich habe Fieber.,25
a2_0984,A2,"schließen,",close,kapalı,"schließen,",,word,,,Bitte schließen Sie die Tür.,25
a2_0985,A2,"schließt,",closes,kapatır,"schließt,",,word,,hat geschlossen,"Wir müssen uns beeilen, die Bank schließt um || 18 Uhr.",25
a2_0986,A2,schlimm,terrible,korkunç,schlimm,,word,,,"Kein Problem, das ist nicht so schlimm.",25
a2_0987,A2,"das Schloss, ¨-er","the castle, ¨-er","kale, ¨-er","das Schloss, ¨-er",das,noun,¨-er,,Am Wochenende besichtigen wir Schloss Neuschwanstein. || An unserer Tür ist das Schloss kaputt.,25
a2_0988,A2,"der Schluss, ¨-e","the conclusion, ¨-e","sonuç, ¨-e","der Schluss, ¨-e",der,noun,¨-e,,Zum Schluss nochmals herzlichen Dank. || Ich muss jetzt Schluss machen. || Bis bald!,25
a2_0989,A2,"der Schlüssel, -","the key, -","anahtar, -","der Schlüssel, -",der,noun,-,,Ich gebe Ihnen noch den Zimmerschlüssel. || Ich finde meinen Schlüssel nicht.,25
a2_0990,A2,"schmecken,",taste good,tadı güzel,"schmecken,",,word,,,Schmeckt dir die Suppe?,25
a2_0991,A2,"schmeckt,",tastes,"schmeckt,","schmeckt,",,word,,hat geschmeckt,Hat es Ihnen geschmeckt? || Schmeckt's?,25
a2_0992,A2,"der Schmerz, -en","the pain, -en","acı, -tr","der Schmerz, -en",der,noun,-en,,Haben Sie Schmerzen? || Ich habe Bauchschmerzen.,25
a2_0993,A2,schmutzig,schmutzig,kirli,schmutzig,,adjective,,,Das Handtuch ist schmutzig.,25
a2_0994,A2,der Schnee (Sg.),the snow (sg.),kar (bkz.),der Schnee (Sg.),der,noun,,,In den Bergen liegt viel Schnee.,25
a2_0995,A2,"schneiden (sich),",to cut (oneself),(kendini) kesmek,"schneiden (sich),",,word,,,Das Messer schneidet nicht gut.,25
a2_0996,A2,"schneidet,",cuts,kesikler,"schneidet,",,word,,hat geschnitten,Wer schneidet dir die Haare? || Aua! || Ich habe mich geschnitten!,25
a2_0997,A2,"schneien,",snow,kar,"schneien,",,word,,,Morgen schneit es.,25
a2_0998,A2,"schneit,",snowing,kar yağışı,"schneit,",,word,,hat geschneit,,25
a2_0999,A2,schnell,fast,hızlı,schnell,,word,,,Warum fährst du so schnell?,25
a2_1000,A2,die Schokolade,the chocolate,çikolata,die Schokolade,die,noun,,,Julia liebt Schokolade.,25
a2_1001,A2,(Sg.),(Sg.),(Çavuş),(Sg.),,other,,,,25
a2_1002,A2,schon,already,çoktan,schon,,adverb,,,Ist das Essen schon fertig? || Ich wohne schon seit fünf Jahren in Freiburg.,25
a2_1003,A2,schön,nice,Güzel,schön,,word,,,"Schöne Ferien! || Das Bild ist sehr schön. || Schön, dass du kommst.",25
a2_1004,A2,"der Schrank, ¨-e","the closet, ¨-e","dolap, ¨-e","der Schrank, ¨-e",der,noun,¨-e,,Die Gläser stehen im Schrank. || Legst du bitte die Handtücher in den Schrank?,25
a2_1005,A2,schrecklich,terrible,korkunç,schrecklich,,adjective,,,Ich finde ihren Rock schrecklich. || Er sieht furchtbar aus! || Ich finde den Film schrecklich. || Er macht mir Angst.,25
a2_1006,A2,"schreiben,",write,yazmak,"schreiben,",,word,,,Ich schreibe dir eine E-Mail.,25
a2_1007,A2,"schreibt,",writes,yazıyor,"schreibt,",,word,,hat geschrieben,,25
a2_1008,A2,schriftlich,in written form,yazılı olarak,schriftlich,,adjective,,,Sie müssen sich schriftlich anmelden. || Die schriftliche Prüfung dauert 70 Minuten.,25
a2_1009,A2,"der Schuh, -e","the shoe, -e","ayakkabı, -e","der Schuh, -e",der,noun,-e,,Zieh die Schuhe aus! || Die neuen Schuhe sind mir zu eng. || Sie drücken.,25
a2_1010,A2,"die Schule, -n","the school, -n","okul, -n","die Schule, -n",die,noun,-n,,Meine Tochter geht schon in die Schule. || Die Schule ist gleich hier um die Ecke.,25
a2_1011,A2,"der Schüler, - /","the student, - /","öğrenci, - /","der Schüler, - /",der,noun,- /,,In meinem Kurs sind acht Schülerinnen und fünf,25
a2_1012,A2,"die Schülerin, -nen","the student, -nen","öğrenci, -nen","die Schülerin, -nen",die,noun,-nen,,Schüler.,25
a2_1013,A2,schwach,weak,zayıf,schwach,,word,,,Er ist krank und schwach. || Ich fühle mich sehr schwach. || Die Tabletten sind zu schwach. || Sie helfen nicht.,25
a2_1014,A2,schwanger,pregnant,hamile,schwanger,,word,,,Lena ist schwanger. || Sie bekommt im Juli ein Kind.,25
a2_1015,A2,"das Schwein, -e","the pig, -e","domuz, -e","das Schwein, -e",das,noun,-e,,Ich esse kein Schweinefleisch.,25
a2_1016,A2,schwer,difficult,zor,schwer,,word,,,Wie schwer ist das Paket? || Das ist eine schwere Arbeit.,25
a2_1017,A2,schwierig,difficult,zor,schwierig,,adjective,,,Die Prüfung war nicht schwierig.,25
a2_1018,A2,das Schwimm-,the swimming,yüzme,das Schwimm-,das,noun,,,Kommst du mit ins Schwimmbad?,25
a2_1019,A2,"bad, ¨-er","bad, ¨-er","kötü, ¨-er","bad, ¨-er",,word,,,,25
a2_1020,A2,"schwimmen,",to swim,yüzmek,"schwimmen,",,word,,,Ich schwimme täglich einen Kilometer.,25
a2_1021,A2,"schwimmt,",swims,yüzüyor,"schwimmt,",,word,,ist geschwommen,,25
a2_1022,A2,"der See, -n","the lake, -n","göl, -n","der See, -n",der,noun,-n,,"Morgen fahren wir mal an einen See schwimmen. || Komm, wir fahren an den Bodensee.",25
a2_1023,A2,die See (Sg),the sea (Sg),deniz (Sg),die See (Sg),die,noun,,,Die See ist heute ruhig. || Wir machen Urlaub an der Nordsee.,25
a2_1024,A2,"sehen, sieht,","see, sees","gör, görüyor","sehen, sieht,",,word,,hat gesehen,Ich kann dich nicht sehen. || Möchtest du einen Film sehen? || Ich habe Lisa lange nicht gesehen. || Ist sie im Urlaub? || Darf ich mal Ihren Ausweis sehen?,25
a2_1025,A2,die Sehens-,the seeing,görme,die Sehens-,die,noun,,,Welche Sehenswürdigkeiten gibt es in Frankfurt?,25
a2_1026,A2,würdigkeit,worthiness,değerlilik,"würdigkeit, -en",,verb,,-en,,25
a2_1027,A2,sehr,very,çok,sehr,,adverb,,,Danke sehr! || Das Wetter ist heute sehr schön.,25
a2_1028,A2,"die Seife, -n","the soap, -n","sabun, -n","die Seife, -n",die,noun,-n,,Hier gibt es keine Seife.,25
a2_1029,A2,"sein, ist, war,","be, is, was","olmak, öyleydi","sein, ist, war,",,word,,ist gewesen,Das sind meine Kollegen. || Ich bin Mechaniker. || Die Cola ist kalt. || Mir ist kalt. || Ich bin dreiundzwanzig. || Um halb elf ist Pause. || Frau Berger ist im Urlaub.,25
a2_1030,A2,an sein / aus sein,to be on / to be off,açık olmak / kapalı olmak,an sein / aus sein,,preposition,,,Das Licht ist noch an/schon aus.,25
a2_1031,A2,auf sein,to be up,uyanık olmak,auf sein,,preposition,,,Das Fenster ist noch auf.,25
a2_1032,A2,weg sein,be away,uzakta olmak,weg sein,,word,,,Herr Meier ist schon weg.,25
a2_1033,A2,zu sein,to be,olmak,zu sein,,preposition,,,Die Tür ist zu.,25
a2_1034,A2,seit,since,o zamandan beri,seit,,preposition,,,Ich wohne seit drei Jahren in Köln.,25
a2_1035,A2,"die Seite, -n","the page, -n","sayfa, -n","die Seite, -n",die,noun,-n,,Öffnen Sie das Kursbuch auf Seite 20. || Das ist die Bachstraße. || Mein Haus ist auf der linken Seite.,25
a2_1036,A2,selbst,himself,kendisi,selbst,,word,,,"Du musst mir nicht helfen, ich mache das selbst.",25
a2_1037,A2,"die Sendung, -en","the broadcast, -en","yayın, -tr","die Sendung, -en",die,noun,-en,,Welche Sendungen schaust du gern an? || –Ich mag Sportsendungen. || Diese Sendung ist nicht für Jugendliche unter 18 Jahren.,25
a2_1038,A2,der Service (Sg.),the service (sg.),hizmet (örn.),der Service (Sg.),der,noun,,,Ich bin mit dem Service in der Werkstatt sehr zufrieden. || Rufst du beim Pizza-Service an?,25
a2_1039,A2,"setzen (sich),",to sit down,oturmak,"setzen (sich),",,word,,,Setz dich doch!,25
a2_1040,A2,"setzt, hat gesetzt","sets, has set","ayarlar, ayarladı","setzt, hat gesetzt",,word,,,,25
a2_1041,A2,sicher,secure,güvenli,sicher,,word,,,"Dieses Auto ist besonders sicher. || Ich bin ganz sicher, dass er kommt. || Er ist sicher gleich da.",26
a2_1042,A2,"singen, singt,","sing, sings","şarkı söyle, şarkı söyle","singen, singt,",,word,,hat gesungen,Er singt gern.,26
a2_1043,A2,"die Situation, -en","the situation, -en","durum, -tr","die Situation, -en",die,noun,-en,,"Ich bin in einer schwierigen Situation. || Ich weiß nicht, was ich tun soll. || Lesen Sie die Anzeigen und die Aufgaben 11-15. || Welche Anzeige passt zu welcher Situation?",26
a2_1044,A2,"sitzen, sitzt,","sit, sits","otur, oturur","sitzen, sitzt,",,word,,hat/ist gesessen,Wo möchten Sie sitzen? || –Bitte ganz hinten.,26
a2_1045,A2,"der Ski, -, -er","the ski, -, -er","kayak, -, -er","der Ski, -, -er",der,noun,"-, -er",,Gehen wir am Wochenende Ski fahren? || Er kauft sich neue Ski.,26
a2_1046,A2,so,so,Bu yüzden,so,,word,,,"Sie müssen das so machen! || Fahren Sie bitte nicht so schnell! || Meine Frau ist so groß wie ich. || So, das war‘s/wär‘s!",26
a2_1047,A2,"das Sofa, -s","das Sofa, -s","kanepe, -s","das Sofa, -s",das,noun,-s,,Das Sofa ist bequem.,26
a2_1048,A2,sofort,immediately,hemen,sofort,,word,,,Bitte antworten Sie sofort. || Sie können sich ab sofort für den Kurs anmelden.,26
a2_1049,A2,sogar,even,eşit,sogar,,word,,,Heute ist es sehr kalt. || In den Bergen schneit es sogar. || Zu meiner Hochzeit kommen viele Gäste. || Sogar meine Tante aus Kanada kommt.,26
a2_1050,A2,"sollen, soll,","should, should","yapmalı, yapmalı","sollen, soll,",,word,,,Wann soll ich kommen und was soll ich mitbringen?,26
a2_1051,A2,sollte,should,yapmalı,sollte,,word,,,"Und, was hat der Arzt gesagt? || –Ich soll drei Tage im Bett bleiben und viel Tee trinken.",26
a2_1052,A2,"die Sonne, -n","the sun, -n","güneş, -n","die Sonne, -n",die,noun,-n,,Die Sonne scheint.,26
a2_1053,A2,sonnig,sunny,güneşli,sonnig,,adjective,,,Morgen ist das Wetter wieder warm und sonnig.,26
a2_1054,A2,sonst,otherwise,aksi takdirde,sonst,,word,,,"Haben Sie sonst noch einen Wunsch? || –Nein danke, das ist alles. || Beeil dich, sonst kommen wir zu spät!",26
a2_1055,A2,spannend,exciting,heyecan verici,spannend,,word,,,Ich finde den Film sehr spannend.,26
a2_1056,A2,"sparen, spart,","save, save","kaydet, kaydet","sparen, spart,",,word,,hat gespart,Ein neues Auto ist sehr teuer. || Ich muss sparen.,26
a2_1057,A2,der Spaß (Sg.),der Spaß (Sg.),eğlence (bkz.),der Spaß (Sg.),der,noun,,,Meine Arbeit macht mir Spaß. || Ich will nicht aufräumen. || Das macht mir keinen Spaß. || Viel Spaß!,26
a2_1058,A2,spät,late,geç,spät,,word,,,"Es ist schon spät, ich muss gehen.",26
a2_1059,A2,später,later,Daha sonra,später,,word,,,Das können wir später machen.,26
a2_1060,A2,"spazieren gehen,",go for a stroll,yürüyüşe çıkmak,"spazieren gehen,",,word,,,Wir gehen sonntags immer spazieren.,26
a2_1061,A2,"geht spazieren,",goes for a walk,yürüyüşe çıkar,"geht spazieren,",,word,,ist spazieren gegangen,,26
a2_1062,A2,der Spazier-,the walking,yürüyüş,der Spazier-,der,noun,,,Abends mache ich immer einen Spaziergang.,26
a2_1063,A2,"gang, ¨-e","gear, ¨-e","dişli, ¨-e","gang, ¨-e",,word,,,,26
a2_1064,A2,"speichern,",save,kaydetmek,"speichern,",,word,,,Sie müssen die Datei speichern.,26
a2_1065,A2,"speichert,",saves,kaydeder,"speichert,",,word,,hat gespeichert,,26
a2_1066,A2,"die Speisekarte, -n","the menu, -n","die Speisekarte, -n","die Speisekarte, -n",die,noun,-n,,"Entschuldigung, bringen Sie uns bitte die Speisekarte.",26
a2_1067,A2,"das Spiel, -e","the game, -e","oyun, -e","das Spiel, -e",das,noun,-e,,Welche Kartenspiele kennen Sie? || Monopoly ist ein sehr bekanntes Spiel.,26
a2_1068,A2,"spielen,",play,oynamak,"spielen,",,word,,,Die Kinder spielen draußen.,26
a2_1069,A2,"spielt,",plays,oynar,"spielt,",,word,,hat gespielt,Spielen Sie Karten? || Jakob spielt Klavier.,26
a2_1070,A2,der Sport (Sg.),the sport (sg.),spor (örn.),der Sport (Sg.),der,noun,,,Ich mache viel Sport.,26
a2_1071,A2,sportlich,sporty,sportif,sportlich,,adjective,,,Tom ist sehr sportlich.,26
a2_1072,A2,"der Sportplatz, ¨-e","the sports field, ¨-e","spor sahası, ¨-e","der Sportplatz, ¨-e",der,noun,¨-e,,Das Fußballtraining ist um 17 Uhr auf dem Sportplatz.,26
a2_1073,A2,"die Sprache, -n",the languages,diller,"die Sprache, -n",die,noun,-n,,Welche Sprachen sprichst du? || –Ich spreche Englisch und Spanisch.,26
a2_1074,A2,"sprechen,",speak,konuşmak,"sprechen,",,word,,,Kann ich (mit) Herrn Klein sprechen?,26
a2_1075,A2,"spricht,",speaks,konuşuyor,"spricht,",,word,,hat gesprochen,,26
a2_1076,A2,die Sprech-,the speaking,konuşan,die Sprech-,die,noun,,,Frau Doktor Weiß hat von 9:00 bis 12:30 Uhr,26
a2_1077,A2,"stunde, -n",hours,saat,"stunde, -n",,word,,,Sprechstunde.,26
a2_1078,A2,"die Stadt, ¨-e","the city, ¨-e","şehir, ¨-e","die Stadt, ¨-e",die,noun,¨-e,,Heidelberg ist eine alte Stadt.,26
a2_1079,A2,"der Stadtplan, ¨-e","the city map, ¨-e","şehir haritası, ¨-e","der Stadtplan, ¨-e",der,noun,¨-e,,Haben Sie einen Stadtplan von Salzburg?,26
a2_1080,A2,"der Star, -s","the star, -s","yıldız, -s","der Star, -s",der,noun,-s,,Diese Sängerin ist ein Star in Deutschland.,26
a2_1081,A2,stark,strong,güçlü,stark,,word,,,Ich habe starke Kopfschmerzen. || Es regnet stark. || Der Kaffee ist sehr stark.,26
a2_1082,A2,"stattfinden,",take place,gerçekleşmek,"stattfinden,",,word,,,Das Spiel findet auch bei Regen statt.,26
a2_1083,A2,"findet statt,",takes place,gerçekleşir,"findet statt,",,word,,hat stattgefunden,,26
a2_1084,A2,"stehen, steht,","stand, stands","ayakta durmak, ayakta durmak","stehen, steht,",,word,,hat/ist gestanden,Der Bus steht schon an der Haltestelle. || Ich bin Verkäuferin. || In meinem Beruf muss ich viel stehen. || Was steht heute in der Zeitung?,26
a2_1085,A2,"die Stelle, -n","the place, -n","yer, -n","die Stelle, -n",die,noun,-n,,Ich habe eine neue Stelle. || Ich arbeite jetzt bei Mercedes. || Wir treffen uns hier an dieser Stelle.,26
a2_1086,A2,"stellen, stellt,","put, puts","koymak, koyar","stellen, stellt,",,word,,hat gestellt,Stell die Milch bitte in den Kühlschrank!,26
a2_1087,A2,"sterben, stirbt,","die, die","öl, öl","sterben, stirbt,",,word,,ist gestorben,Herr Müller kommt heute nicht. || Sein Vater ist || gestern gestorben.,26
a2_1088,A2,"der Stiefel, -","the boot, -","bagaj, -","der Stiefel, -",der,noun,-,,Wie viel kosten die roten Stiefel?,26
a2_1089,A2,"der Stift, -e","the pen, -e","kalem, -e","der Stift, -e",der,noun,-e,,Kannst du mir bitte einen Stift geben? || - Was brauchst du? || Einen Farbstift oder einen Bleistift oder einen Kugelschreiber?,26
a2_1090,A2,das Stipen-,the scholarship,burs,das Stipen-,das,noun,,,"Wenn ich ein gutes Zeugnis habe, bekomme ich",26
a2_1091,A2,dium,dium,diyum,"dium, -en",,verb,,-en,ein Stipendium.,26
a2_1092,A2,"der Stock, ¨-e;","the stick, ¨-e;","çubuk, ¨-e;","der Stock, ¨-e;",der,noun,¨-e;,,Unsere Wohnung liegt im ersten Stock.,26
a2_1093,A2,"das Stockwerk, -e","the floor, -e","zemin, -e","das Stockwerk, -e",das,noun,-e,,Das Gebäude hat zwanzig Stockwerke.,26
a2_1094,A2,"stören, stört,","disturb, disturb","rahatsız etmek, rahatsız etmek","stören, stört,",,word,,hat gestört,Störe ich? || Darf ich Sie kurz stören? || Mach die Musik leiser! || Sie stört mich.,26
a2_1095,A2,"der Strand, ¨-e","der Strand, ¨-e","plaj, ¨-e","der Strand, ¨-e",der,noun,¨-e,,Im Urlaub bin ich am liebsten am Strand.,26
a2_1096,A2,"die Straße, -n","the street, -n","sokak, -n","die Straße, -n",die,noun,-n,,In welcher Straße wohnen Sie?,26
a2_1097,A2,die Straßen-,the streets-,sokaklar-,die Straßen-,die,noun,,,Fahren wir mit der Straßenbahn oder mit der,26
a2_1098,A2,bahn,train,tren,"bahn, -en",,verb,,-en,U-Bahn?,26
a2_1099,A2,"streiten (sich),",to argue,tartışmak,"streiten (sich),",,word,,,Die Kinder streiten (sich) oft.,26
a2_1100,A2,"streitet,",argues,savunuyor,"streitet,",,word,,hat gestritten,,26
a2_1101,A2,streng,strictly,kesinlikle,streng,,word,,,Der Lehrer von meiner Tochter ist sehr streng.,27
a2_1102,A2,der Stress (Sg.),the stress (sg.),stres (örn.),der Stress (Sg.),der,noun,,,Ich habe bei der Arbeit viel Stress.,27
a2_1103,A2,stressig,stressful,stresli,stressig,,adjective,,,Meine Arbeit ist stressig.,27
a2_1104,A2,"das Stück, -e","the piece, -e","parça, -e","das Stück, -e",das,noun,-e,,Möchten Sie noch ein Stück Kuchen? || Im Theater spielen sie heute das Stück „Romeo und Julia“.,27
a2_1105,A2,"der Student, -en,","the student, -en","öğrenci, -tr","der Student, -en,",der,noun,"-en,",,Ich bin Studentin.,27
a2_1106,A2,"die Studentin, -nen","the student, -nen","die Studentin, -nen","die Studentin, -nen",die,noun,-nen,,,27
a2_1107,A2,"studieren,",study,çalışmak,"studieren,",,word,,,Ich studiere in Mainz.,27
a2_1108,A2,"studiert,",studied,okudu,"studiert,",,word,,hat studiert,,27
a2_1109,A2,das Studium (Sg.),the study (sg.),çalışma (bkz.),das Studium (Sg.),das,noun,,,Das Studium dauert drei Jahre.,27
a2_1110,A2,"der Stuhl, ¨-e","the chair, ¨-e","sandalye, ¨-e","der Stuhl, ¨-e",der,noun,¨-e,,Ist der Stuhl frei?,27
a2_1111,A2,"suchen, sucht,","looking, looking","bakıyor, bakıyor","suchen, sucht,",,word,,hat gesucht,Suchst du etwas? || Ich suche meine Brille. || Wir suchen eine größere Wohnung.,27
a2_1112,A2,super,super,süper,super,,word,,,Der Film ist super. || Er kann super tanzen.,27
a2_1113,A2,"der Supermarkt, ¨-eIch","the supermarket, ¨-eI","süpermarket, ¨-eI","der Supermarkt, ¨-eIch",der,noun,¨-eIch,,kaufe oft im Supermarkt ein.,27
a2_1114,A2,"die Suppe, -n","the soup, -n","çorba, -n","die Suppe, -n",die,noun,-n,,Schmeckt dir die Suppe?,27
a2_1115,A2,"surfen, surft,","surf, surf","sörf, sörf","surfen, surft,",,word,,hat/ist gesurft,Ich möchte gern surfen lernen. || Surfst du oft im Internet?,27
a2_1116,A2,süß,sweet,tatlı,süß,,word,,,Ich finde die Torte zu süß. || Ist das deine Tochter? || Die ist ja süß!,27
a2_1117,A2,die Süßigkeiten,the sweets,die Süßigkeiten,die Süßigkeiten,die,noun,,,Welche Süßigkeiten isst du am liebsten?,27
a2_1118,A2,(Pl.),(pl.),(pl.),(Pl.),,other,,,-Schokolade und Eis.,27
a2_1119,A2,sympathisch,friendly,arkadaşça,sympathisch,,adjective,,,Der neue Chef ist sehr sympathisch.,27
a2_1120,A2,"das Tablet, -s","the tablet, -s","tablet, -s","das Tablet, -s",das,noun,-s,,"Hast du ein Tablet? || - Nein, ich habe einen Laptop und ein Handy.",27
a2_1121,A2,"die Tablette, -n","the tablet, -n","tablet, -n","die Tablette, -n",die,noun,-n,,Du sollst am Abend zwei Tabletten nehmen.,27
a2_1122,A2,"die Tafel, -n","the board, -n","tahta, -n","die Tafel, -n",die,noun,-n,,Der Lehrer schreibt das neue Wort an die Tafel.,27
a2_1123,A2,(z. B. Infotafel),(e.g. information board),(örneğin bilgi panosu),(z. B. Infotafel),,word,,,Am Eingang gibt es Tafeln mit Informationen. || Die Infotafel ist am Eingang.,27
a2_1124,A2,"tanzen, tanzt,","dance, dance","dans, dans","tanzen, tanzt,",,word,,hat getanzt,Tanzen Sie gern?,27
a2_1125,A2,"die Tasche, -n","the bag, -n","çanta, -n","die Tasche, -n",die,noun,-n,,Ich habe die Schlüssel in der Tasche. || Ich habe nicht viel Gepäck. || Nur eine Tasche.,27
a2_1126,A2,das Taschengeld,the pocket money,harçlık,das Taschengeld,das,noun,,,Wie viel Taschengeld bekommen deine Kinder?,27
a2_1127,A2,(Sg.),(Sg.),(Çavuş),(Sg.),,other,,,,27
a2_1128,A2,"die Tasse, -n","the cup, -n","fincan, -n","die Tasse, -n",die,noun,-n,,Möchten Sie eine Tasse Kaffee?,27
a2_1129,A2,"(aus)tauschen,",(exchange,(değişme,"(aus)tauschen,",,word,,,Können wir bitte die Plätze tauschen?,27
a2_1130,A2,"tauscht (aus),",exchanges (exchanges),takaslar (değişimler),"tauscht (aus),",,word,,hat (aus)getauscht,Können wir unsere Adressen austauschen?,27
a2_1131,A2,"das Taxi, -s","the taxi, -s","taksi, -s","das Taxi, -s",das,noun,-s,,Bitte rufen Sie mir ein Taxi.,27
a2_1132,A2,"das Team, -s","the team, -s","takım, -s","das Team, -s",das,noun,-s,,Ich arbeite gern in einem Team. || Welches Fußballteam findest du am besten?,27
a2_1133,A2,"der Tee, -s","the tea, -s","çay, -s","der Tee, -s",der,noun,-s,,Ich trinke morgens immer Tee.,27
a2_1134,A2,"teilen, teilt,","share, share","paylaş, paylaş","teilen, teilt,",,word,,hat geteilt,Wollen wir die Pizza teilen? || Mein Mann und ich teilen uns die Arbeit.,27
a2_1135,A2,"teilnehmen,",participate,katılmak,"teilnehmen,",,word,,,Ich möchte an dem Tanzkurs teilnehmen.,27
a2_1136,A2,"nimmt teil,",takes part,yer alır,"nimmt teil,",,word,,hat teilgenommen,,27
a2_1137,A2,"das Telefon, -e","the telephone, -e","telefon, -e","das Telefon, -e",das,noun,-e,,Darf ich bitte Ihr Telefon benutzen?,27
a2_1138,A2,"telefonieren,",make a phone call,telefon görüşmesi yapmak,"telefonieren,",,word,,,Ich muss kurz telefonieren.,27
a2_1139,A2,"telefoniert,",telephoned,telefon edildi,"telefoniert,",,word,,hat telefoniert,,27
a2_1140,A2,"der Teller, -","the dish, -","yemek, -","der Teller, -",der,noun,-,,Stell die Teller bitte auf den Tisch! || Möchtest du noch einen Teller Suppe?,27
a2_1141,A2,das Tennis (Sg.),tennis (sg.),tenis (örn.),das Tennis (Sg.),das,noun,,,Steffi spielt sehr gut Tennis.,27
a2_1142,A2,"der Termin, -e","der Termin, -e","randevu, -e","der Termin, -e",der,noun,-e,,Am besten machen wir sofort einen Termin. || Ich habe heute einen Termin bei meiner Zahnärztin.,27
a2_1143,A2,teuer,expensive,masraflı,teuer,,word,,,Das ist mir zu teuer.,27
a2_1144,A2,"der Text, -e","the text, -e","metin, -e","der Text, -e",der,noun,-e,,Lesen Sie bitte den Text.,27
a2_1145,A2,"das Theater, -","the theater, -","tiyatro, -","das Theater, -",das,noun,-,,Ich gehe nicht gern ins Theater.,27
a2_1146,A2,"das Thema, -en","the topic, -en","konu, -tr","das Thema, -en",das,noun,-en,,Heute heißt unser Thema: „Essen und Trinken“.,27
a2_1147,A2,"das Ticket, -s","the ticket, -s","bilet, -s","das Ticket, -s",das,noun,-s,,Wie viel kostet das Ticket?,27
a2_1148,A2,tief,deep,derin,tief,,word,,,"Vorsicht, das Wasser ist tief!",27
a2_1149,A2,"das Tier, -e","the animal, -e","hayvan, -e","das Tier, -e",das,noun,-e,,Wir dürfen keine Tiere in der Wohnung haben. || Meine Lieblingstiere sind Katzen.,27
a2_1150,A2,"der Tipp, -s","the tip, -s","ipucu, -s","der Tipp, -s",der,noun,-s,,Kannst du mir einen guten Tipp geben?,27
a2_1151,A2,"der Tisch, -e","the table, -e","tablo, -e","der Tisch, -e",der,noun,-e,,Das Essen steht schon auf dem Tisch.,27
a2_1152,A2,"der Titel, -","the title, -","başlık, -","der Titel, -",der,noun,-,,Wie heißt der Film? || - Ich weiß den Titel nicht mehr.,27
a2_1153,A2,"die Toilette, -n","the toilet, -n","tuvalet, -n","die Toilette, -n",die,noun,-n,,"Wo ist die Toilette, bitte?",27
a2_1154,A2,toll,great,Harika,toll,,word,,,Der Urlaub war toll.,27
a2_1155,A2,"die Tomate, -n","the tomato, -n","domates, -n","die Tomate, -n",die,noun,-n,,Die Tomate ist noch grün.,27
a2_1156,A2,"der Topf, ¨-e","the pot, ¨-e","tencere, ¨-e","der Topf, ¨-e",der,noun,¨-e,,Hast du keinen größeren Topf? || Ich möchte Kartoffeln kochen.,27
a2_1157,A2,"die Torte, -n","the cake, -n","pasta, -n","die Torte, -n",die,noun,-n,,Zum Geburtstag backe ich dir eine Torte.,27
a2_1158,A2,tot,dead,ölü,tot,,word,,,Meine Großeltern sind schon lange tot.,27
a2_1159,A2,total,total,toplam,total,,word,,,Der Film ist total langweilig.,27
a2_1160,A2,"die Tour, -en","the tour, -en","tur, -tr","die Tour, -en",die,noun,-en,,Wo kann ich eine Stadttour buchen? || Wir gehen am Wochenende wandern. || Ich kenne eine schöne Tour in den Bergen.,27
a2_1161,A2,"der Tourist, -en,","the tourist, -en","turist, -tr","der Tourist, -en,",der,noun,"-en,",,Im Sommer kommen viele Touristen in diese Stadt.,27
a2_1162,A2,"die Touristin, -nen","the tourist, -nen","turist, -nen","die Touristin, -nen",die,noun,-nen,,,27
a2_1163,A2,"tragen, trägt,","wear, wears","giyer, giyer","tragen, trägt,",,word,,hat getragen,"Ich kann den Koffer nicht tragen, er ist zu schwer. || Er trägt heute einen blauen Anzug.",27
a2_1164,A2,"trainieren,",train,tren,"trainieren,",,word,,,Wir trainieren einmal pro Woche im Sportverein.,27
a2_1165,A2,"trainiert,",trained,eğitimli,"trainiert,",,word,,hat trainiert,,27
a2_1166,A2,"das Training, -s","the training, -s","eğitim, -s","das Training, -s",das,noun,-s,,Das Training ist immer dienstags. || Ich gehe jede Woche zum Training.,27
a2_1167,A2,"der Traum, ¨-e","the dream, ¨-e","rüya, ¨-e","der Traum, ¨-e",der,noun,¨-e,,"Ich möchte eine eigene Firma, das ist mein Traum.",27
a2_1168,A2,"träumen,",dream,rüya,"träumen,",,word,,,Ich habe schlecht geträumt.,27
a2_1169,A2,"träumt,",dreams,rüyalar,"träumt,",,word,,hat geträumt,Ich träume von einem großen Haus mit Garten.,27
a2_1170,A2,traurig,sad,üzgün,traurig,,adjective,,,Ich bin sehr traurig. || Meine Katze ist weggelaufen.,27
a2_1171,A2,"treffen (sich),",come together),bir araya gelin),"treffen (sich),",,word,,,Ich treffe in der Stadt einen Kollegen.,27
a2_1172,A2,"trifft,",hits,isabetler,"trifft,",,word,,hat getroffen,Wir treffen uns immer freitags.,28
a2_1173,A2,"die Treppe, -n","the stairs, -n","merdivenler, -n","die Treppe, -n",die,noun,-n,,"Ich nehme die Treppe, nicht den Aufzug. || Wo ist die Toilette? || - Die Treppe hoch und dann links.",28
a2_1174,A2,"trinken, trinkt,","drink, drinks","içki, içecekler","trinken, trinkt,",,word,,hat getrunken,Möchtest du etwas trinken?,28
a2_1175,A2,trocken,dry,kuru,trocken,,verb,,,Die Wäsche ist bald trocken.,28
a2_1176,A2,tschüs,bye,güle güle,tschüs,,word,,,"Tschüs, bis morgen!",28
a2_1177,A2,"das T-Shirt, -s","the T-shirt, -s","tişört, -s","das T-Shirt, -s",das,noun,-s,,Haben Sie dieses T-Shirt auch in M?,28
a2_1178,A2,"tun, tut,","do, does","yap, yapar","tun, tut,",,word,,hat getan,"Mein Rücken tut weh. || Es tut mir leid, ich kann leider nicht kommen. || Was kann ich für Sie tun?",28
a2_1179,A2,"die Tür, -en","the door, -en","kapı, -tr","die Tür, -en",die,noun,-en,,Mach bitte die Tür zu!,28
a2_1180,A2,typisch,typical,tipik,typisch,,adjective,,,"Diese Musik ist typisch für dieses Land. || Typisch Anna, sie kommt natürlich wieder zu spät.",28
a2_1181,A2,"üben, übt,","practice, practice","pratik yapmak, pratik yapmak","üben, übt,",,word,,hat geübt,Ich lerne gerade Gitarre spielen. || Ich übe jeden Tag || zwei Stunden.,28
a2_1182,A2,über,above,üstünde,über,,preposition,,,Gehen Sie lieber hier über die Straße. || Über uns wohnt Familie Schneider. || Sind Sie über 18?,28
a2_1183,A2,überall,everywhere,her yer,überall,,word,,,"Ich habe überall gesucht, aber ich kann meine Brille nicht finden.",28
a2_1184,A2,übermorgen,the day after tomorrow,übermorgen,übermorgen,,verb,,,Morgen habe ich frei. || Ich komme übermorgen wieder ins Büro.,28
a2_1185,A2,"übernachten,",stay overnight,geceyi geçirmek,"übernachten,",,word,,,Du kannst bei mir übernachten.,28
a2_1186,A2,"übernachtet,",stayed overnight,gece kaldı,"übernachtet,",,word,,hat übernachtet,,28
a2_1187,A2,"übersetzen,",translate,tercüme etmek,"übersetzen,",,word,,,Können Sie mir den Brief bitte übersetzen?,28
a2_1188,A2,"übersetzt,",translated,tercüme edildi,"übersetzt,",,word,,hat übersetzt,,28
a2_1189,A2,die Über-,the over-,aşırı,die Über-,die,noun,,,Ich brauche eine Übersetzung von meinem Zeugnis.,28
a2_1190,A2,setzung,setting,ayar,"setzung, -en",,verb,,-en,,28
a2_1191,A2,"überweisen,",transfer,aktarma,"überweisen,",,word,,,Sie können das Geld auch überweisen.,28
a2_1192,A2,"überweist,",transferred,transfer edildi,"überweist,",,word,,hat überwiesen,Ich überweise dir das Geld.,28
a2_1193,A2,"die Uhr, -en","the clock, -en","saat, -tr","die Uhr, -en",die,noun,-en,,Es ist vier Uhr. || Geht deine Uhr richtig?,28
a2_1194,A2,um,around,etrafında,um,,preposition,,,Er kommt um sieben Uhr. || Die Apotheke ist gleich um die Ecke.,28
a2_1195,A2,"umsteigen,",transfer,aktarma,"umsteigen,",,word,,,Sie müssen in Mannheim umsteigen.,28
a2_1196,A2,"steigt um,",rises,yükselir,"steigt um,",,word,,ist umgestiegen,,28
a2_1197,A2,"umziehen,",move,taşınmak,"umziehen,",,word,,,Nächsten Monat ziehen wir um.,28
a2_1198,A2,"zieht um,",moves,hamle,"zieht um,",,word,,ist umgezogen,,28
a2_1199,A2,sich umziehen,get changed,değişmek,"sich umziehen,",,verb,,,"Warte bitte, ich muss mich noch umziehen.",28
a2_1200,A2,"zieht sich um,",changes clothes,kıyafet değiştirir,"zieht sich um,",,word,,,,28
a2_1201,A2,"zog sich um,",changed clothes,kıyafet değiştirdi,"zog sich um,",,word,,hat sich umgezogen,,28
a2_1202,A2,"der Umzug, ¨-e","the move, ¨-e","hareket, ¨-e","der Umzug, ¨-e",der,noun,¨-e,,Der Umzug ist nächste Woche.,28
a2_1203,A2,unbedingt,absolutely,kesinlikle,unbedingt,,word,,,Ich muss unbedingt mit dir sprechen.,28
a2_1204,A2,und,and,Ve,und,,conjunction,,,Ich habe heute und morgen frei. || Ich kaufe ein und mein Mann kocht.,28
a2_1205,A2,"der Unfall, ¨-e","the accident, ¨-e","kaza, ¨-e","der Unfall, ¨-e",der,noun,¨-e,,Ich hatte gestern einen Unfall. || Wie ist der Unfall passiert?,28
a2_1206,A2,"die Universität, -en","the university, -en","üniversite, -tr","die Universität, -en",die,noun,-en,,Er studiert an der Universität Freiburg.,28
a2_1207,A2,unten,below,altında,unten,,verb,,,Er wohnt ganz unten im Haus.,28
a2_1208,A2,unter,under,altında,unter,,preposition,,,Unter uns wohnt eine Familie mit drei Kindern.,28
a2_1209,A2,"unterhalten (sich),",talk),konuşmak),"unterhalten (sich),",,word,,,Andreas und Nessrin unterhalten sich.,28
a2_1210,A2,"unterhält,",entertains,eğlendirir,"unterhält,",,word,,hat unterhalten,Wir haben uns über das Fußballspiel unterhalten.,28
a2_1211,A2,"die Unterkunft, ¨-e","die Unterkunft, ¨-e","konaklama, ¨-e","die Unterkunft, ¨-e",die,noun,¨-e,,Ich suche noch eine Unterkunft in Basel. || Kennst du ein günstiges Hotel?,28
a2_1212,A2,"unternehmen,",company,şirket,"unternehmen,",,word,,,Wollen wir heute Abend etwas unternehmen?,28
a2_1213,A2,"unternimmt,",undertakes,üstlenir,"unternimmt,",,word,,hat unternommen,,28
a2_1214,A2,der Unterricht (Sg.),the lesson (sg.),ders (bkz.),der Unterricht (Sg.),der,noun,,,Der Unterricht dauert bis 19 Uhr.,28
a2_1215,A2,"der Unterschied, -e","the difference, -e","fark, -e","der Unterschied, -e",der,noun,-e,,Was ist der Unterschied zwischen den beiden Kursen? || - Die Kurse sind gleich. || Es gibt keinen Unterschied.,28
a2_1216,A2,"unterschreiben,",sign,"unterschreiben,","unterschreiben,",,word,,,Wo muss ich unterschreiben?,28
a2_1217,A2,"unterschreibt,",signs,işaretler,"unterschreibt,",,word,,hat unterschrieben,,28
a2_1218,A2,"die Unterschrift,-en","the signature,-en","imza,-tr","die Unterschrift,-en",die,noun,-en,,Hier fehlt noch Ihre Unterschrift.,28
a2_1219,A2,"untersuchen,",investigate,araştırmak,"untersuchen,",,word,,,Der Arzt hat mich untersucht.,28
a2_1220,A2,"untersucht,",examined,incelendi,"untersucht,",,word,,hat untersucht,Der Arzt muss dein Bein untersuchen.,28
a2_1221,A2,"unterwegs sein,",be on the move,hareket halinde olmak,"unterwegs sein,",,word,,ist unterwegs,Warte bitte auf mich. || Ich bin unterwegs und || komme gleich.,28
a2_1222,A2,"war unterwegs,",was on the way,yoldaydı,"war unterwegs,",,word,,ist unterwegs gewesen,,28
a2_1223,A2,"der Urlaub, -e","the vacation, -e","tatil, -e","der Urlaub, -e",der,noun,-e,,Ich nehme im September Urlaub.,28
a2_1224,A2,"verabredet sein,",have an appointment,randevum var,"verabredet sein,",,word,,ist verabredet,Ich bin mit meiner Freundin verabredet.,28
a2_1225,A2,"war verabredet,",was agreed,kabul edildi,"war verabredet,",,word,,ist verabredet gewesen,,28
a2_1226,A2,die Veranstal-,the event,olay,die Veranstal-,die,noun,,,Am Samstag ist unser Restaurant geschlossen. || Wir,28
a2_1227,A2,tung,tung,tung,"tung, -en",,verb,,-en,haben eine Veranstaltung.,28
a2_1228,A2,verbieten /,forbid /,yasaklamak /,verbieten /,,word,,,Hier ist Rauchen verboten.,28
a2_1229,A2,verboten sein,be forbidden,yasak olmak,verboten sein,,word,,,,28
a2_1230,A2,"verdienen,",earn,para kazanmak,"verdienen,",,word,,,Ich verdiene 1.500 Euro im Monat.,28
a2_1231,A2,"verdient,",earned,kazanılmış,"verdient,",,word,,hat verdient,,28
a2_1232,A2,"der Verein, -e","der Verein, -e","kulüp, -e","der Verein, -e",der,noun,-e,,Er ist seit vielen Jahren im Verein. || Es gibt einen neuen Sportverein in der Stadt.,28
a2_1233,A2,"vereinbaren,",agree,kabul etmek,"vereinbaren,",,word,,,Können wir einen Termin vereinbaren?,28
a2_1234,A2,"vereinbart,",agreed,anlaştık,"vereinbart,",,word,,hat vereinbart,,28
a2_1235,A2,"vergessen,",forget,"vergessen,","vergessen,",,word,,,Ich habe meine Hausaufgaben vergessen.,28
a2_1236,A2,"vergisst,",forgets,unutur,"vergisst,",,word,,hat vergessen,Vergiss deinen Arzttermin nicht!,28
a2_1237,A2,"vergleichen,",compare,karşılaştırmak,"vergleichen,",,word,,,Vergleichen Sie die Angebote!,29
a2_1238,A2,"vergleicht,",compares,karşılaştırır,"vergleicht,",,word,,hat verglichen,Können wir die Antworten vergleichen?,29
a2_1239,A2,"verkaufen,",sell,satmak,"verkaufen,",,word,,,Er verkauft sein altes Auto.,29
a2_1240,A2,"verkauft,",sold,satılmış,"verkauft,",,word,,hat verkauft,,29
a2_1241,A2,der Verkehr (Sg.),traffic (sg.),trafik (örn.),der Verkehr (Sg.),der,noun,,,Morgens gibt es hier immer viel Verkehr.,29
a2_1242,A2,das Verkehrs-,the traffic,trafik,das Verkehrs-,das,noun,,,Welche Verkehrsmittel benutzen Sie oft?,29
a2_1243,A2,"mittel, -","medium, -","orta, -","mittel, -",,word,,,,29
a2_1244,A2,"verletzen (sich),",injure (oneself),(kendini) yaralamak,"verletzen (sich),",,word,,,"Sind Sie verletzt? || –Ja, am Bein.",29
a2_1245,A2,"verletzt,",injured,yaralı,"verletzt,",,word,,hat verletzt,Haben Sie sich verletzt?,29
a2_1246,A2,"verlieben (sich),",fall in love (fall in love),aşık olmak (aşık olmak),"verlieben (sich),",,word,,,Ich bin total verliebt.,29
a2_1247,A2,"verliebt,",in love,aşık,"verliebt,",,word,,hat verliebt,,29
a2_1248,A2,"verlieren,",lose,kaybetmek,"verlieren,",,word,,,Ich habe meinen Schlüssel verloren.,29
a2_1249,A2,"verliert,",loses,kaybeder,"verliert,",,word,,hat verloren,Michael hat seine Arbeit verloren. || Wir haben das Fußballspiel verloren.,29
a2_1250,A2,"vermieten,",rent,kira,"vermieten,",,word,,,Die Wohnung ist schon vermietet.,29
a2_1251,A2,"vermietet,",rented,"vermietet,","vermietet,",,word,,hat vermietet,,29
a2_1252,A2,"der Vermieter, - /","the landlord, - /","ev sahibi, - /","der Vermieter, - /",der,noun,- /,,Unser Vermieter ist nett.,29
a2_1253,A2,"die Vermieterin, -nen","the landlady, -nen","ev sahibesi, -nen","die Vermieterin, -nen",die,noun,-nen,,,29
a2_1254,A2,"verpassen,","verpassen,",kayıp,"verpassen,",,word,,,Ich habe den Zug verpasst.,29
a2_1255,A2,"verpasst,",missed,kaçırıldı,"verpasst,",,word,,hat verpasst,,29
a2_1256,A2,"verreisen,",travel,seyahat,"verreisen,",,word,,,Verreist ihr in den Ferien?,29
a2_1257,A2,"verreist,",traveled,seyahat etti,"verreist,",,word,,ist verreist,Frau Doktor Müller ist zur Zeit verreist. || Sie kommt || erst nächste Woche zurück.,29
a2_1258,A2,"verschieben,",move,taşınmak,"verschieben,",,word,,,Leider muss ich den Termin verschieben.,29
a2_1259,A2,"verschiebt,",postpones,erteler,"verschiebt,",,word,,hat verschoben,,29
a2_1260,A2,verschieden,different,farklı,verschieden,,verb,,,Unsere beiden Kinder sind sehr verschieden. || Ich habe diese Schuhe in verschiedenen Farben.,29
a2_1261,A2,"die Verspätung,-en","the delay,-en","gecikme,-tr","die Verspätung,-en",die,noun,-en,,Unser Zug hat leider 15 Minuten Verspätung.,29
a2_1262,A2,"verstehen,",understand,anlamak,"verstehen,",,word,,,Können Sie mich verstehen?,29
a2_1263,A2,"versteht,",understands,anlıyor,"versteht,",,word,,hat verstanden,Ich verstehe diese Aufgabe nicht.,29
a2_1264,A2,"versuchen,",attempt,girişim,"versuchen,",,word,,,Kann ich es auch einmal versuchen?,29
a2_1265,A2,"versucht,",tried,sınanmış,"versucht,",,word,,hat versucht,Haben Sie es schon einmal mit diesem Mittel || versucht?,29
a2_1266,A2,"der Vertrag, ¨-e","the contract, ¨-e","sözleşme, ¨-e","der Vertrag, ¨-e",der,noun,¨-e,,Ich muss den Vertrag noch unterschreiben.,29
a2_1267,A2,"viel, e",many,birçok,"viel, e",,word,,,Ich habe leider nicht viel Zeit. || Viel Spaß! || Im Winter sind viele Leute erkältet.,29
a2_1268,A2,vielleicht,perhaps,belki,vielleicht,,adverb,,,Vielleicht bekomme ich diesen Job. || Er besucht uns vielleicht am Wochenende. || Kannst du mir vielleicht ein bisschen Geld leihen?,29
a2_1269,A2,"der Vogel, ¨-",the bird-,kuş-,"der Vogel, ¨-",der,noun,¨-,,Nadine mag Vögel. || Morgens singen die Vögel immer laut.,29
a2_1270,A2,voll,full,tam dolu,voll,,adjective,,,Morgens und abends sind die Züge immer sehr voll. || Die Flasche ist noch ganz voll.,29
a2_1271,A2,"der Volleyball, ¨-e","the volleyball, ¨-e","voleybol, ¨-e","der Volleyball, ¨-e",der,noun,¨-e,,Ich spiele gern Volleyball.,29
a2_1272,A2,von,from,itibaren,von,,preposition,,,Das Auto von Felix ist kaputt. || Er kommt gerade von Köln/von zu Hause. || Die Brötchen sind leider von gestern.,29
a2_1273,A2,vor,before,önce,vor,,preposition,,,Er ist vor einer Stunde gegangen. || Das Auto steht vor der Tür.,29
a2_1274,A2,vorbei,over,üzerinde,vorbei,,word,,,Die Linie 8 fährt am Krankenhaus vorbei. || Kommst du morgen bei mir vorbei?,29
a2_1275,A2,"vorbereiten,",prepare,"vorbereiten,","vorbereiten,",,word,,,Morgen mache ich eine Party. || Ich muss noch viel,29
a2_1276,A2,"bereitet vor,",prepares,hazırlar,"bereitet vor,",,word,,hat vorbereitet,dafür vorbereiten. || Ich muss mich auf meine Prüfung vorbereiten.,29
a2_1277,A2,vorgestern,the day before yesterday,dünden önceki gün,vorgestern,,verb,,,Er hat mich vorgestern angerufen.,29
a2_1278,A2,vorher,previously,önceden,vorher,,word,,,Ich komme mit ins Café. || Vorher muss ich aber noch zur Bank.,29
a2_1279,A2,vorn(e),in front),önde),vorn(e),,word,,,Bitte vorn(e) einsteigen!,29
a2_1280,A2,"der Vorname, -n","the first name, -n","ilk isim, -n","der Vorname, -n",der,noun,-n,,"Ich heiße Müller, mein Vorname ist Eva.",29
a2_1281,A2,"der Vorschlag, ¨-e","the suggestion, ¨-e","öneri, ¨-e","der Vorschlag, ¨-e",der,noun,¨-e,,Was machen wir am Wochenende? || Hast du einen,29
a2_1282,A2,(haben/machen),(have/do),(sahip olmak/yapmak),(haben/machen),,word,,,guten Vorschlag? || - Wir können ins Kino gehen. || Was schenken wir Christina zur Hochzeit? || - Wir haben doch schon so viele Vorschläge gemacht.,29
a2_1283,A2,vorsichtig,cautious,dikkatli,vorsichtig,,adjective,,,"Sei vorsichtig! || Du musst vorsichtig fahren, es ist neblig.",29
a2_1284,A2,"vorstellen (sich),",imagine (oneself),(kendini) hayal etmek,"vorstellen (sich),",,word,,,Wir wollen uns kennenlernen. || Können Sie sich,29
a2_1285,A2,"stellt vor,",introduces,tanıtıyor,"stellt vor,",,word,,hat vorgestellt,bitte vorstellen? || Darf ich Ihnen meine Frau vorstellen?,29
a2_1286,A2,vorwärts,forward,ileri,vorwärts,,word,,,Fahren Sie bitte noch ein Stück vorwärts.,29
a2_1287,A2,wach,wach,uyanmak,wach,,word,,,Bist du schon lange wach? || Ich bin noch nicht ganz wach.,29
a2_1288,A2,"der Wagen, –","the car, -","araba, -","der Wagen, –",der,noun,–,,Wo steht Ihr Wagen? || Im zweiten Wagen ist unser Zugrestaurant.,29
a2_1289,A2,"wählen, wählt,","choose, choose","seç, seç","wählen, wählt,",,word,,hat gewählt,Sie müssen erst eine Null wählen. || Wählen Sie bitte ein Getränk.,29
a2_1290,A2,wahr,true,doğru,wahr,,word,,,Das ist (nicht) wahr!,29
a2_1291,A2,wahrscheinlich,probably,muhtemelen,wahrscheinlich,,adjective,,,Wahrscheinlich mache ich im Herbst einen Deutschkurs. || Er kommt wahrscheinlich nicht.,29
a2_1292,A2,"der Wald, ¨-er","the forest, ¨-er","orman, ¨-er","der Wald, ¨-er",der,noun,¨-er,,Im Wald ist es ruhig. || Ich gehe gern im Wald spazieren.,29
a2_1293,A2,"wandern,",hike,yürüyüş,"wandern,",,word,,,Wir gehen oft wandern.,29
a2_1294,A2,"wandert,",wanders,dolaşır,"wandert,",,word,,ist gewandert,,29
a2_1295,A2,wann,When,Ne zaman,wann,,word,,,Wann bist du fertig? || Wann kann ich Sie anrufen?,29
a2_1296,A2,warm,warm,ılık,warm,,adjective,,,Hier ist es sehr warm. || Mittags esse ich oft ein warmes Essen. || Ich brauche einen warmen Pullover.,29
a2_1297,A2,"warten,",wait,Beklemek,"warten,",,word,,,Können Sie ein paar Minuten warten?,29
a2_1298,A2,"wartet,",waits,bekler,"wartet,",,word,,hat gewartet,Auf wen warten Sie?,29
a2_1299,A2,warum,Why,Neden,warum,,word,,,Warum kommt er nicht?,29
a2_1300,A2,was,What,Ne,was,,word,,,Was ist das? || Was möchten Sie?,30
a2_1301,A2,"die Wäsche, -n","the laundry, -n","çamaşırhane, -n","die Wäsche, -n",die,noun,-n,,Ich muss noch Wäsche waschen.,30
a2_1302,A2,"waschen (sich),",wash (oneself),(kendini) yıkamak,"waschen (sich),",,word,,,Wo kann ich mir die Hände waschen?,30
a2_1303,A2,"wäscht,",washes,yıkar,"wäscht,",,word,,hat gewaschen,,30
a2_1304,A2,das Wasser (Sg.),the water (sg.),su (bkz.),das Wasser (Sg.),das,noun,,,"Ein Glas Wasser, bitte. || Gibt es hier kein warmes Wasser?",30
a2_1305,A2,"die Webseite, -n","the website, -n","web sitesi, -n","die Webseite, -n",die,noun,-n,,Es gibt viele Webseiten mit Grammatikübungen.,30
a2_1306,A2,"wechseln,",change,değiştirmek,"wechseln,",,word,,,Wir müssen den Reifen wechseln.,30
a2_1307,A2,"wechselt,",changes,değişiklikler,"wechselt,",,word,,hat gewechselt,Können Sie mir zehn Dollar wechseln?,30
a2_1308,A2,"wecken,",wake up,uyanmak,"wecken,",,word,,,Bitte wecken Sie mich morgen früh um fünf.,30
a2_1309,A2,"weckt,",awakens,uyanır,"weckt,",,word,,hat geweckt,,30
a2_1310,A2,weg/weg-,away/away-,uzakta/uzakta-,weg/weg-,,word,,,Meine Brille ist weg. || Ich finde sie nicht mehr.,30
a2_1311,A2,(wegbringen/,(take away/,(götürmek/,(wegbringen/,,word,,,Bringst du bitte den Müll weg?,30
a2_1312,A2,-fahren/-gehen/,-drive/-walk/,-sürüş/-yürüyüş/,-fahren/-gehen/,,word,,,Können Sie Ihr Auto bitte wegfahren?,30
a2_1313,A2,-laufen/-machen/,-run/-do/,-çalıştır/-yap/,-laufen/-machen/,,word,,,Ich gehe jetzt weg.,30
a2_1314,A2,-nehmen/-werfen),-take/throw),-al/at),-nehmen/-werfen),,word,,,Unser Hund ist weggelaufen. || Kannst du das bitte wegmachen? || Warum hast du dem Kind den Ball weggenommen? || Sie können diese Papiere wegwerfen.,30
a2_1315,A2,"der Weg, -e","the way, -e","yol, -e","der Weg, -e",der,noun,-e,,Das ist der kürzeste Weg. || Können Sie mir bitte den Weg zum Flughafen beschreiben?,30
a2_1316,A2,wegen,because of,yüzünden,wegen,,verb,,,Wegen seiner Arbeit kann er leider nicht kommen. || Ich rufe wegen meiner Tochter an.,30
a2_1317,A2,"wehtun,",hurt,acıtmak,"wehtun,",,word,,,Wo tut es weh?,30
a2_1318,A2,"tut weh,",hurts,acıtmak,"tut weh,",,word,,hat wehgetan,Ich will dir nicht wehtun.,30
a2_1319,A2,weiblich,female,dişi,weiblich,,adjective,,,Wählen Sie bitte: „weiblich“ oder „männlich“.,30
a2_1320,A2,weich,soft,yumuşak,weich,,word,,,Ich möchte zum Frühstück ein weiches Ei. || Das Bett im Hotel war zu weich.,30
a2_1321,A2,weil,because,Çünkü,weil,,conjunction,,,"Ich kann nicht kommen, weil ich arbeiten muss.",30
a2_1322,A2,"der Wein, -e","the wine, -e","şarap, -e","der Wein, -e",der,noun,-e,,"Nein danke, ich möchte keinen Wein.",30
a2_1323,A2,"weinen, weint,","cry, cry","ağla, ağla","weinen, weint,",,word,,hat geweint,Warum weint das Baby? || Weine bitte nicht!,30
a2_1324,A2,weit,far,uzak,weit,,word,,,Zum Bahnhof ist es nicht weit.,30
a2_1325,A2,weiter,further,daha öte,weiter,,word,,,Der Bus fährt nicht weiter.,30
a2_1326,A2,(z. B. weiter-,(e.g. continue-,(örneğin devam et-,(z. B. weiter-,,word,,,Können wir jetzt weitermachen?,30
a2_1327,A2,machen/-helfen),do/help),yap/yardım et),machen/-helfen),,word,,,"Entschuldigung, können Sie mir bitte weiterhelfen?",30
a2_1328,A2,"welcher, -e, -s","which, -e, -s","hangisi, -e, -s","welcher, -e, -s",,word,,,Welcher Tag ist heute? || Welchen Kurs möchtest du machen? || Welche Bluse nehmen Sie? || Welches Buch suchst du?,30
a2_1329,A2,"die Welt, -en","the world, -en","dünya, -tr","die Welt, -en",die,noun,-en,,Ich möchte gern einmal um die Welt reisen. || Die Studenten kommen aus vielen Ländern. || Sie kommen aus der ganzen Welt.,30
a2_1330,A2,"wenig, -e",few,bir kaç,"wenig, -e",,adjective,,,Ich habe leider nur wenig verstanden. || Er verdient wenig.,30
a2_1331,A2,wenigstens,at least,en azından,wenigstens,,word,,,"Ich habe keinen Hunger. || - Ach, essen Sie wenigstens ein Stück Kuchen.",30
a2_1332,A2,wenn,if,eğer,wenn,,conjunction,,,"Wenn ich nicht arbeiten muss, komme ich.",30
a2_1333,A2,"wer (wen, wem)","who (whom, to whom)","kim (kime, kime)","wer (wen, wem)",,word,,,Wer ist das?,30
a2_1334,A2,"werden, wird,","will, will","irade, irade","werden, wird,",,word,,ist geworden,Mein Sohn will Arzt werden. || Das Wetter am Wochenende wird gut. || Das haben sie im Radio gesagt.,30
a2_1335,A2,"die Werkstatt, ¨-en","the workshop, ¨-en","atölye, ¨-tr","die Werkstatt, ¨-en",die,noun,¨-en,,Mein Auto ist kaputt. || Es ist in der Werkstatt.,30
a2_1336,A2,"der Wettbewerb, -eMein","the competition, -eMein","yarışma, -eMein","der Wettbewerb, -eMein",der,noun,-eMein,,Sohn hat bei einem Wettbewerb gewonnen.,30
a2_1337,A2,das Wetter (Sg.),the weather (sg.),hava durumu (bkz.),das Wetter (Sg.),das,noun,,,Heute ist das Wetter gut: Es ist sonnig und warm. || Wir hatten im Urlaub schlechtes Wetter.,30
a2_1338,A2,wichtig,important,önemli,wichtig,,adjective,,,"Es ist wichtig, dass Sie auch kommen. || Morgen habe ich einen wichtigen Termin.",30
a2_1339,A2,wie,How,Nasıl,wie,,word,,,Wie heißt du? || Wie bitte? || Können Sie das bitte wiederholen? || Er schreibt wie ein Kind. || Meine Frau ist so groß wie ich. || Wie groß ist die Wohnung? || Wie soll ich das machen? || Wie lange bist du schon hier?,30
a2_1340,A2,"wie viel, -e","how much, -e","ne kadar, -e","wie viel, -e",,word,,,Wie viel kostet diese Hose? || Wie viele Kinder haben Sie?,30
a2_1341,A2,wieder,again,Tekrar,wieder,,word,,,Stefan kann wieder zum Fußballtraining kommen. || Geht es dir wieder besser? || Du kommst schon wieder zu spät. || Wann kommst du wieder?,30
a2_1342,A2,"wiederholen,",repeat,"wiederholen,","wiederholen,",,word,,,Können Sie das bitte wiederholen?,30
a2_1343,A2,"wiederholt,",repeated,tekrarlandı,"wiederholt,",,word,,hat wiederholt,,30
a2_1344,A2,"das Wiederhören, -","hearing again, -","tekrar duymak, -","das Wiederhören, -",das,noun,-,,Wir müssen jetzt Schluss machen. || Also auf Wiederhören!,30
a2_1345,A2,"das Wiedersehen, -","the reunion, -","yeniden bir araya gelme, -","das Wiedersehen, -",das,noun,-,,Auf Wiedersehen!,30
a2_1346,A2,willkommen,welcome,Hoş geldin,willkommen,,verb,,,Herzlich willkommen in Berlin!,30
a2_1347,A2,"der Wind, -e","the wind, -e","rüzgar, -e","der Wind, -e",der,noun,-e,,Der Wind ist kalt.,30
a2_1348,A2,windig,windy,rüzgarlı,windig,,adjective,,,Heute ist es sehr windig.,30
a2_1349,A2,wirklich,really,Gerçekten,wirklich,,adjective,,,Du glaubst mir nicht? || Es ist aber wirklich so.,30
a2_1350,A2,"wissen, weiß,","know, know","biliyorum, biliyorum","wissen, weiß,",,word,,hat gewusst,"Weißt du, wie der Hausmeister heißt? || Woher wissen Sie das?",30
a2_1351,A2,"der Witz, -e","the joke, -e","şaka, -e","der Witz, -e",der,noun,-e,,Wir haben Witze erzählt und viel gelacht.,30
a2_1352,A2,witzig,funny,eğlenceli,witzig,,adjective,,,Warum lachst du? || Ich finde das nicht witzig.,30
a2_1353,A2,wo,where,Neresi,wo,,word,,,Wo waren Sie im Urlaub? || - In Frankreich. || Wo ist meine Uhr? || Wo sind Sie geboren?,30
a2_1354,A2,woher,from where,nereden,woher,,word,,,Woher kommen Sie? || Woher wissen Sie das?,30
a2_1355,A2,wohin,where,Neresi,wohin,,word,,,Wohin fährt dieser Bus? || - Nach Dresden. || Wohin wollen Sie am Wochenende gehen?,30
a2_1356,A2,"wohnen, wohnt,","live, lives","yaşa, yaşıyor","wohnen, wohnt,",,word,,hat gewohnt,Ich wohne in Kiel.,30
a2_1357,A2,"die Wohnung, -en","the apartment, -en","daire, -tr","die Wohnung, -en",die,noun,-en,,Haben Sie schon eine neue Wohnung gefunden? || Meine Wohnung ist sehr hell.,30
a2_1358,A2,"das Wohnzimmer, -","the living room, -","oturma odası, -","das Wohnzimmer, -",das,noun,-,,Die Kinder sitzen im Wohnzimmer und sehen fern.,30
a2_1359,A2,"die Wolke, -n","the cloud, -n","bulut, -n","die Wolke, -n",die,noun,-n,,Heute gibt es viele Wolken.,31
a2_1360,A2,"wollen, will,","want, want","istiyorum, istiyorum","wollen, will,",,word,,,Wollen Sie einen Kaffee trinken?,31
a2_1361,A2,"wollte,",wanted,aranan,"wollte,",,word,,hat gewollt,,31
a2_1362,A2,(hat wollen als Modalverb),(has want as a modal verb),(modal fiil olarak want'a sahiptir),(hat wollen als Modalverb),,word,,,,31
a2_1363,A2,"der Workshop, -s","the workshop, -s","atölye, -s","der Workshop, -s",der,noun,-s,,Das war ein toller Workshop. || Ich habe viel gelernt. || Am Freitag gibt es einen Computer-Workshop in meiner Firma.,31
a2_1364,A2,"das Wort,¨-er","the word,¨-er","kelime,¨-er","das Wort,¨-er",das,noun,¨-er,,Ich kenne das Wort nicht. || Ich muss das Wort im Wörterbuch suchen.,31
a2_1365,A2,wunderbar,wonderful,müthiş,wunderbar,,adjective,,,Diese Schokolade schmeckt wunderbar. || Wir hatten im Urlaub wunderbares Wetter.,31
a2_1366,A2,"der Wunsch, ¨-e","the desire, ¨-e","arzu, ¨-e","der Wunsch, ¨-e",der,noun,¨-e,,"Ich wünsche Ihnen alles Gute! || Sie wünschen? || –Ich möchte ein halbes Kilo Äpfel, bitte. || Haben Sie noch einen Wunsch? || Was ist dein größter Wunsch?",31
a2_1367,A2,wünschen,wish,wünschen,wünschen,,verb,,,Ich wünsche mir eine Kamera zum Geburtstag.,31
a2_1368,A2,"die Wurst, ¨-e","the sausage, ¨-e","sosis, ¨-e","die Wurst, ¨-e",die,noun,¨-e,,"Eine Wurst mit Pommes, bitte.",31
a2_1369,A2,"die Zahl, -en",the numbers,sayılar,"die Zahl, -en",die,noun,-en,,Können Sie die Zahl bitte wiederholen?,31
a2_1370,A2,"zahlen, zahlt,","pay, pay","öde, öde","zahlen, zahlt,",,word,,hat gezahlt,"Entschuldigung, zahlen bitte!",31
a2_1371,A2,"der Zahn, ¨-e","the tooth, ¨-e","diş, ¨-e","der Zahn, ¨-e",der,noun,¨-e,,Der Zahn tut mir schon seit einer Woche weh.,31
a2_1372,A2,"zeichnen,",draw,çizmek,"zeichnen,",,word,,,Caterina kann gut zeichnen. || Sieh mal das Bild hier.,31
a2_1373,A2,"zeichnet,",draws,berabere,"zeichnet,",,word,,hat gezeichnet,,31
a2_1374,A2,"zeigen, zeigt,","show, shows","gösteri, gösteriler","zeigen, zeigt,",,word,,hat gezeigt,Können Sie mir bitte den Weg zum Bahnhof zeigen?,31
a2_1375,A2,"die Zeit, -en","the time, -en","zaman, -tr","die Zeit, -en",die,noun,-en,,Ich habe heute keine Zeit.,31
a2_1376,A2,"die Zeitschrift, -en","the magazine, -en","dergi, -tr","die Zeitschrift, -en",die,noun,-en,,Diese Zeitschrift kauft Andrea jede Woche.,31
a2_1377,A2,"die Zeitung, -en","the newspaper, -en","gazete, -tr","die Zeitung, -en",die,noun,-en,,Ich lese manchmal Zeitung. || Wo ist die Zeitung von heute?,31
a2_1378,A2,"das Zelt, -e","das Zelt, -e","çadır, -e","das Zelt, -e",das,noun,-e,,Im Sommer schlafen wir manchmal im Zelt.,31
a2_1379,A2,"das Zentrum, -en","the center, -en","merkez, -tr","das Zentrum, -en",das,noun,-en,,"Der Bahnhof ist im Stadtzentrum. || Wohnst du im Zentrum? || - Nein, ich wohne nicht direkt in der Stadt.",31
a2_1380,A2,"der Zettel, -","the note, -","not, -","der Zettel, -",der,noun,-,,Hast du einen Zettel für mich? || Ich muss etwas notieren. || Schreiben Sie Ihre Telefonnummer bitte auf den Zettel.,31
a2_1381,A2,"das Zeugnis, -se","the testimony, -se","tanıklık, -se","das Zeugnis, -se",das,noun,-se,,Morgen bekommen die Kinder ihr Zeugnis.,31
a2_1382,A2,"(an-)/(aus)ziehen,",pull (on)/(off).,çekin (açık)/(kapalı).,"(an-)/(aus)ziehen,",,word,,,Ich ziehe (mir) eine Jacke an.,31
a2_1383,A2,"zieht (an/aus),",pulls (on/off),çeker (açık/kapalı),"zieht (an/aus),",,word,,,Er hat sein T-Shirt ausgezogen und ein Hemd,31
a2_1384,A2,hat/ist,has/is,var / var,hat/ist,,word,,,angezogen.,31
a2_1385,A2,(an/aus)gezogen,pulled (on/off).,çekildi (açık/kapalı).,(an/aus)gezogen,,verb,,,Die Nachbarn sind am Wochenende ausgezogen.,31
a2_1386,A2,"das Ziel, -e","das Ziel, -e","amaç, -e","das Ziel, -e",das,noun,-e,,John läuft sehr schnell. || Er war als erster am Ziel. || Was ist dein Ziel im Leben?,31
a2_1387,A2,"das Zimmer, -","the room, -","oda, -","das Zimmer, -",das,noun,-,,Das Zimmer ist am größten. || Mach im Schlafzimmer das Fenster zu! || Die Wohnung hat drei Zimmer. || Ich habe im Hotel ein Zimmer bestellt.,31
a2_1388,A2,"der Zirkus, -se","the circus, -se","sirk, -se","der Zirkus, -se",der,noun,-se,,Heute gehen wir mit den Kindern in den Zirkus.,31
a2_1389,A2,"die Zitrone, -n","the lemon, -n","limon, -n","die Zitrone, -n",die,noun,-n,,Ich trinke den Tee mit Zitrone. || Lucia mag Zitroneneis.,31
a2_1390,A2,"der Zoo, -s","the zoo, -s","hayvanat bahçesi, -s","der Zoo, -s",der,noun,-s,,Am Sonntag gehen wir in den Zoo.,31
a2_1391,A2,zu,to,ile,zu,,preposition,,,Der Bus fährt zum Bahnhof. || Ich gehe zu Fuß. || Ich bin zu Hause. || Das Kleid ist mir zu teuer. || Ich trinke zum Essen ein Bier.,31
a2_1392,A2,der Zucker (Sg.),the sugar (sg.),şeker (bkz.),der Zucker (Sg.),der,noun,,,Trinken Sie den Tee mit oder ohne Zucker?,31
a2_1393,A2,zuerst,first,Birinci,zuerst,,word,,,"Zuerst müsst ihr die Hausaufgaben machen, dann könnt ihr spielen. || Zuerst hat mir die Arbeit gar nicht gefallen. || Jetzt geht es besser.",31
a2_1394,A2,zufrieden,satisfied,memnun,zufrieden,,verb,,,"Ich bin mit der Wohnung zufrieden. || Sie ist nicht groß, aber sie hat einen Balkon.",31
a2_1395,A2,"der Zug, ¨-e","the train, ¨-e","tren, ¨-e","der Zug, ¨-e",der,noun,¨-e,,Ich fahre gern mit dem Zug.,31
a2_1396,A2,"zuhören, hört zu,","listen, listen","dinle, dinle","zuhören, hört zu,",,word,,hat zugehört,Hör mir doch mal zu! || Ich rede mit dir.,31
a2_1397,A2,zuletzt,last,son,zuletzt,,word,,,Wir haben uns vor drei Jahren zuletzt gesehen. || Diese Aufgabe machen wir zuletzt.,31
a2_1398,A2,zum Beispiel,for example,Örneğin,zum Beispiel,,word,,,"Mein Freund hat viele Hobbys, zum Beispiel Kochen, Lesen und Tanzen.",31
a2_1399,A2,"zumachen,",close,kapalı,"zumachen,",,word,,,Machst du bitte das Fenster zu?,31
a2_1400,A2,"macht zu,",closes,kapatır,"macht zu,",,word,,hat zugemacht,,31
a2_1401,A2,zurück,back,geri,zurück,,word,,,"Eine Fahrkarte nach Frankfurt und zurück, bitte.",31
a2_1402,A2,zurück-,back-,geri-,zurück-,,word,,,Fahrt ihr nach der Party zurück nach Hause?,31
a2_1403,A2,"(fahren, geben,","(drive, give","(sürmek, vermek","(fahren, geben,",,word,,,Wann muss ich das Buch zurückgeben?,31
a2_1404,A2,"gehen, kommen,","go, come","git, gel","gehen, kommen,",,word,,,Wir gehen wieder zurück.,31
a2_1405,A2,laufen),run),koşmak),laufen),,word,,,Wann kommst du zurück? || Ich habe mein Buch vergessen. || Ich laufe schnell nach Hause zurück.,31
a2_1406,A2,zusammen,together,birlikte,zusammen,,verb,,,"Wollen wir zusammen essen gehen? || Zahlen, bitte. || –Zusammen oder getrennt? || Das macht zusammen 10 Euro 80.",31
a2_1407,A2,zwischen,between,arasında,zwischen,,verb,,,Heidelberg liegt zwischen Frankfurt und Stuttgart. || Zwischen acht und zehn Uhr bin ich zu Hause.,31
a2_1408,A2,Dachauer Straße,Dachauer Street,Dachauer Caddesi,Dachauer Straße,,noun,,,122,32
a2_1409,A2,80637 München,80637 Munich,80637 Münih,80637 München,,verb,,,,32
