id,level,word,meaning_en,meaning_tr,meaning_es,full_entry,article,pos,plural,forms,examples,page
b1_0001,B1,2 Alphabetischer,2 Alphabetical,2 Alfabetik,2 alfabético,2 Alphabetischer,,other,,,Wortschatz,16
b1_0002,B1,ab,away,uzak,lejos,ab 1.,,preposition,,,Die Fahrt kostet ab Hamburg 200 Euro. || Ab nächster Woche bleibt unser Geschäft samstags geschlossen. || Mein Bruder besucht uns ab und zu.,16
b1_0003,B1,"abbiegen, biegt ab,","turn, turn","dön, dön","girar, girar","abbiegen, biegt ab,",,word,,,An der nächsten Kreuzung müssen Sie,16
b1_0004,B1,bog ab,turned off,kapalı,apagado,"bog ab, ist abgebogen",,verb,,ist abgebogen,links abbiegen.,16
b1_0005,B1,"die Abbildung, -en","the illustration, -en","illüstrasyon, -tr","la ilustración, -es","die Abbildung, -en",die,noun,-en,,"Auf der Abbildung sehen Sie, wie man das Gerät einschaltet.",16
b1_0006,B1,"das Abenteuer, -","the adventure, -","macera, -","la aventura, -","das Abenteuer, - 1.",das,noun,- 1.,,Unser Urlaub war ein tolles Abenteuer. || Die Kinder lieben Aben- teuergeschichten.,16
b1_0007,B1,aber,but,Ancak,pero,aber 1.,,conjunction,,,"Heute kann ich nicht, aber morgen ganz bestimmt. || Es lag sehr viel Schnee, aber Enzo ist trotzdem mit dem Motorrad gefahren. || Wir haben nur eine kleine Wohnung, sind aber damit zufrieden. || Es war sehr schön. || Jetzt muss ich aber gehen. || Ich würde gerne kommen, aber es geht leider nicht. || Darf ich dich zu einem Kaffee einladen? || – Aber ja, sehr gern. || Du spielst aber gut Klavier.",16
b1_0008,B1,"abfahren, fährt ab,","depart, depart","ayrılmak, ayrılmak","partir, partir","abfahren, fährt ab,",,word,,,Unser Zug ist pünktlich abgefahren.,16
b1_0009,B1,fuhr ab,drove off,yola çıktı,se fue,"fuhr ab, ist abgefahren",,verb,,ist abgefahren,,16
b1_0010,B1,"die Abfahrt, -en","the departure, -en","kalkış, -tr","la partida, -es","die Abfahrt, -en",die,noun,-en,,Es bleiben uns noch zwanzig Minuten bis zur Abfahrt.,16
b1_0011,B1,"der Abfall, ¨-e","the waste, ¨-e","atık, ¨-e","los residuos, ¨-e","der Abfall, ¨-e",der,noun,¨-e,,Werfen Sie den Bioabfall bitte nicht zum normalen Müll.,16
b1_0012,B1,"der Abfalleimer, -","the trash can, -","çöp kutusu, -","el bote de basura, -","der Abfalleimer, -",der,noun,-,,Wirf das bitte in den Abfalleimer!,16
b1_0013,B1,Abgase (Pl.),exhaust gases (pl.),egzoz gazları (pl.),gases de escape (pl.),Abgase (Pl.),,noun,,,Abgase aus Industrie und Haushalten verschmutzen die Luft.,16
b1_0014,B1,"abgeben, gibt ab, gab ab,","give in, give in, give in","teslim olmak, teslim olmak, teslim olmak","ceder, ceder, ceder","abgeben, gibt ab, gab ab,",,word,,hat abgegeben,Ich soll dieses Päckchen bei Herrn || Müller abgeben.,16
b1_0015,B1,"abhängen, hängt ab, hing","depend, depends, hung","bağımlı, bağlıdır, asılı","depende, depende, colgado","abhängen, hängt ab, hing",,word,,,Vielleicht bleiben wir ein paar Tage,16
b1_0016,B1,"ab, hat abgehangen (von)","from, has depended (on)",bağlıydı (bağlıydı),"de, ha dependido (de)","ab, hat abgehangen (von)",,preposition,,,"länger, das hängt vom Wetter ab.",16
b1_0017,B1,abhängig,dependent,abhängig,dependiente,abhängig,,adjective,,,Gregor ist finanziell von seinen Eltern abhängig.,16
b1_0018,B1,"abheben, hebt ab, hob ab,","take off, take off, take off","kalkış, kalkış, kalkış","despegar, despegar, despegar","abheben, hebt ab, hob ab,",,word,,hat abgehoben,Für die Reise habe ich 500 Euro von || meinem Konto abgehoben.,16
b1_0019,B1,"abholen, holt ab, holte ab,","pick up, picks up, picked up","almak, almak, aldı","recoger, recoger, recoger","abholen, holt ab, holte ab,",,word,,hat abgeholt,Meine Freundin hat mich vom Bahnhof || abgeholt.,16
b1_0020,B1,"abschreiben, schreibt ab,","write off, write off","sil, sil","cancelar, cancelar","abschreiben, schreibt ab,",,word,,,Er hat die Hausaufgaben von mir,16
b1_0021,B1,"schrieb ab,",wrote off,sildi,cancelado,"schrieb ab,",,word,,hat abgeschrieben,abgeschrieben.,16
b1_0022,B1,"das Abitur (D)→A, CH:","the Abitur (D)→A, CH:","Abitur (D)→A, CH:","el Abitur (D)→A, CH:","das Abitur (D)→A, CH:",das,noun,,,Meine Tochter hat gerade Abitur,16
b1_0023,B1,Matura,Matura,Matura,madura,Matura,,noun,,,gemacht.,16
b1_0024,B1,"ablehnen, lehnt ab,","reject, reject","reddetmek, reddetmek","rechazar, rechazar","ablehnen, lehnt ab,",,word,,,"Er hat mein Angebot, ihm zu helfen,",16
b1_0025,B1,"lehnte ab, hat abgelehnt","refused, refused","reddedildi, reddedildi","rechazado, rechazado","lehnte ab, hat abgelehnt",,word,,,abgelehnt.,16
b1_0026,B1,"abmachen, macht ab,","cancel, cancel","iptal etmek, iptal etmek","cancelar, cancelar","abmachen, macht ab,",,word,,,"Wir hatten doch abgemacht, dass du",16
b1_0027,B1,"machte ab, hat abgemacht","made a deal, made a deal","bir anlaşma yaptım, bir anlaşma yaptım","hizo un trato, hizo un trato","machte ab, hat abgemacht",,word,,,die Getränke besorgst.,16
b1_0028,B1,"abnehmen, nimmt ab,","decrease, decrease","azalma, azalma","disminuir, disminuir","abnehmen, nimmt ab, 1.",,word,,,Morgen können wir den Verband,16
b1_0029,B1,"nahm ab,","nahm ab,",aldı,recogido,"nahm ab,",,word,,hat abgenommen,abnehmen. || Ich habe zehn Kilo abgenommen.,16
b1_0030,B1,"abonnieren, abonniert,","subscribe, subscribed","abone oldum, abone oldum","suscríbete, suscrito","abonnieren, abonniert,",,word,,,Diese Zeitschrift würde ich gerne,16
b1_0031,B1,"abonnierte, hat abonniert","subscribed, has subscribed","abone oldum, abone oldum","suscrito, se ha suscrito","abonnierte, hat abonniert",,word,,,abonnieren.,16
b1_0032,B1,"das Abonnement, -s/-e","the subscription, -s/-e","abonelik, -s/-e","la suscripción, -s/-e","das Abonnement, -s/-e",das,noun,-s/-e,,Ich habe das Abonnement gekündigt.,16
b1_0033,B1,"absagen, sagt ab, sagte","cancel, cancel, said","iptal et, iptal et, dedi","cancelar, cancelar, dijo","absagen, sagt ab, sagte",,word,,,"Ich muss unser Treffen leider absagen,",16
b1_0034,B1,"ab, hat abgesagt","off, canceled","kapalı, iptal edildi","apagado, cancelado","ab, hat abgesagt",,preposition,,,weil ich krank geworden bin.,16
b1_0035,B1,"der Abschluss, ¨-e","the conclusion, ¨-e","sonuç, ¨-e","la conclusión, ¨-e","der Abschluss, ¨-e",der,noun,¨-e,,Ein guter Schulabschluss ist sehr wichtig.,16
b1_0036,B1,"der Abschnitt, -e","the section, -e","bölüm, -e","la sección, -e","der Abschnitt, -e",der,noun,-e,,Lesen Sie bitte den zweiten Abschnitt.,16
b1_0037,B1,"der Absender, -","the sender, -","gönderen, -","el remitente, -","der Absender, -",der,noun,-,,Schicken Sie das Paket an den,16
b1_0038,B1,"die Absenderin, -nen","the sender, -nen","gönderen, -nen","el remitente, -nen","die Absenderin, -nen",die,noun,-nen,,Absender zurück.,16
b1_0039,B1,"die Absicht, -en","the intention, -en","niyet, -tr","la intención, -es","die Absicht, -en 1.",die,noun,-en 1.,,Entschuldigen Sie bitte. || Meine Tochter hat das nicht mit Absicht gemacht. || Hast du die Absicht zu studieren?,16
b1_0040,B1,absolut,absolutely,kesinlikle,absolutamente,absolut 1.,,word,,,"Was Sie da sagen, ist absolut falsch. || Ich habe absolutes Vertrauen zu dir.",16
b1_0041,B1,"abstimmen, stimmt ab, Lasst","vote, vote, let","oy verin, oy verin, izin verin","votar, votar, dejar","abstimmen, stimmt ab, Lasst",,word,,,uns über diesen Punkt abstimmen.,16
b1_0042,B1,"stimmte ab,",voted,oy verildi,votado,"stimmte ab,",,word,,hat abgestimmt,,16
b1_0043,B1,"die Abteilung, -en","the department, -en","die Abteilung, -en","el departamento, -es","die Abteilung, -en",die,noun,-en,,Meine Freundin arbeitet in der Abteilung von Frau Kaufmann.,16
b1_0044,B1,"der Abwart, -e","the caretaker, -e","bekçi, -e","el cuidador, -e","der Abwart, -e",der,noun,-e,,"Der Abwart hat mir geholfen, den",16
b1_0045,B1,"die Abwartin, -nen (CH) →","the waiting woman, -nen (CH) →","bekleyen kadın, -nen (CH) →","la mujer que espera, -nen (CH) →","die Abwartin, -nen (CH) →",die,noun,-nen (CH) →,,Schrank in die Wohnung zu tragen.,16
b1_0046,B1,"D, A: Hausmeister","D, A: caretaker","D, A: bekçi","D, A: cuidador","D, A: Hausmeister",,noun,,,,16
b1_0047,B1,abwärts,down,aşağı,abajo,abwärts,,word,,,Von dort führt der Weg abwärts ins Tal.,16
b1_0048,B1,"abwaschen, wäscht ab,","wash off, washes off","yıkar, yıkar","lavar, lavar","abwaschen, wäscht ab,",,word,,,Ich muss noch das Geschirr abwaschen.,16
b1_0049,B1,"wusch ab,",washed off,yıkanmış,lavado,"wusch ab,",,word,,hat abgewaschen,,16
b1_0050,B1,abwesend,absent,mevcut olmayan,ausente,abwesend,,word,,,Herr Huber ist bis zum 25. || April abwesend.,16
b1_0051,B1,"achten, achtet, achtete,","pay attention, pay attention, pay attention","dikkat et, dikkat et, dikkat et","presta atención, presta atención, presta atención","achten, achtet, achtete,",,word,,hat geachtet (auf),"Achten Sie bitte darauf, dass Sie || abschließen, wenn Sie gehen.",16
b1_0052,B1,Achtung!,Danger!,Tehlike!,¡Peligro!,Achtung!,,noun,,,"Achtung, hier endet die Straße!",17
b1_0053,B1,"die Adresse, -n","the address, -n","adres, -n","la dirección, -n","die Adresse, -n",die,noun,-n,,Hast du schon meine neue Adresse?,17
b1_0054,B1,ähnlich,similar,benzer,similar,ähnlich 1.,,adjective,,,Emilia ist in einer ganz ähnlichen Situation wie ich. || Oleg sieht seinem Bruder sehr ähnlich.,17
b1_0055,B1,die Ahnung,the hunch,önsezi,la corazonada,die Ahnung,die,noun,,,"Ich hatte keine Ahnung, dass du heute Geburtstag hast.",17
b1_0056,B1,"die Aktion, -en","the action, -en","eylem, -tr","la acción, -es","die Aktion, -en",die,noun,-en,,Die Stadt sollte eine Aktion für Familien planen.,17
b1_0057,B1,aktiv,active,aktif,activo,aktiv,,word,,,Ich bin sehr aktiv und mache viel Sport.,17
b1_0058,B1,"die Aktivität, -en","the activity, -en","etkinlik, -tr","la actividad, -es","die Aktivität, -en",die,noun,-en,,In den Ferien bietet die Stadt für Kinder verschiedene Freizeitaktiv- itäten.,17
b1_0059,B1,aktuell,current,akım,actual,aktuell,,word,,,Umweltschutz ist ein aktuelles Thema.,17
b1_0060,B1,"akzeptieren, akzeptiert,","accept, accepted","kabul etmek, kabul etmek","aceptar, aceptado","akzeptieren, akzeptiert,",,word,,,Ich kann diese Bedingungen nicht,17
b1_0061,B1,"akzeptierte, hat akzeptiert","accepted, has accepted","kabul edildi, kabul edildi","aceptado, ha aceptado","akzeptierte, hat akzeptiert",,word,,,akzeptieren.,17
b1_0062,B1,"der Alarm, -e","the alarm, -e","alarm, -e","la alarma, -e","der Alarm, -e",der,noun,-e,,Bei Feueralarm dürfen Sie die Aufzüge nicht benutzen.,17
b1_0063,B1,der Alkohol,the alcohol,alkol,el alcohol,der Alkohol 1.,der,noun,,,"Du musst die Wunde mit Alkohol reinigen. || Nein, danke! || Ich trinke keinen Alkohol.",17
b1_0064,B1,all-,all-,Tümü-,todo-,all- 1.,,word,,,"Sind alle Kinder da? || Sonst noch (et)was? || – Nein, danke. || Das ist alles. || Alles Gute!",17
b1_0065,B1,allein,alone,yalnız,solo,allein 1.,,word,,,"Ich gehe nicht gern allein spazieren. || Soll ich Ihnen helfen? || – Danke, ich schaffe es schon allein. || Es war sehr teuer. || Allein das Essen hat schon über 50 Euro gekostet.",17
b1_0066,B1,aller-,all-,Tümü-,todo-,aller- 1.,,word,,,"Am allerbesten ist es, wenn du dich ins Bett legst und lange schläfst. || Dann wirst du schnell wieder gesund. || Das ist das Allerschönste, was ich je gesehen habe.",17
b1_0067,B1,allerdings,however,Yine de,sin embargo,allerdings,,word,,,"Wir können uns morgen treffen, allerdings habe ich erst ab Mittag Zeit.",17
b1_0068,B1,allgemein,generally,genel olarak,generalmente,allgemein 1.,,word,,,"Wir haben nur über allgemeine Probleme gesprochen. || Es ist allgemein bekannt, dass man hier gut essen kann. || Im Allgemeinen bin ich mit meiner Arbeit sehr zufrieden.",17
b1_0069,B1,der Alltag,the everyday,gündelik,lo cotidiano,der Alltag,der,noun,,,"Das ist mein Alltag: putzen, waschen, kochen.",17
b1_0070,B1,alltäglich1.,everyday1.,her gün1.,todos los días1.,alltäglich1.,,word,,,Das alltägliche Leben ist manchmal langweilig. || Der Roman erzählt eine ganz alltägliche Geschichte.,17
b1_0071,B1,"das Alphabet, -e","das Alphabet, -e","alfabe, -e","el alfabeto, -e","das Alphabet, -e",das,noun,-e,,Wie viele Buchstaben hat das Alphabet in Ihrer Sprache?,17
b1_0072,B1,als,as,gibi,como,als 1.,,conjunction,,,"Als mein Mann kam, war die Party schon zu Ende. || Sie können sich sowohl persönlich als auch im Internet anmelden. || Meine Schwester ist älter als ich. || Es ist später, als ich dachte.",17
b1_0073,B1,als ob,as if,güya,como si,als ob,,conjunction,,,"Er tut so, als ob wir nie darüber gesprochen hätten.",17
b1_0074,B1,also,so,Bu yüzden,entonces,also 1.,,word,,,"Also, die Sache ist so: … || Irina hat Urlaub. || Sie kann uns also helfen. || Also wirklich, jetzt reicht es.",17
b1_0075,B1,alt,old,eskimiş,viejo,alt 1.,,word,,,Wie alt sind Sie? || Maria ist eine alte Freundin von mir.,17
b1_0076,B1,das Alter,the age,yaş,la edad,das Alter 1.,das,noun,,,Wir sind etwa im gleichen Alter. || Alter: 26 Jahre,17
b1_0077,B1,"das Altenheim, -e →","the old people's home, -e →","yaşlılar evi, -e →","la residencia de ancianos, -e →","das Altenheim, -e →",das,noun,-e →,,Die Großeltern unserer Nachbarn sind,17
b1_0078,B1,Altersheim,retirement home,huzur evi,casa de retiro,Altersheim,,noun,,,im Altenheim.,17
b1_0079,B1,"das Altersheim, -e →","the retirement home, -e →","huzurevi, -e →","la casa de retiro, -e →","das Altersheim, -e →",das,noun,-e →,,Die Großeltern unserer Nachbarn sind,17
b1_0080,B1,Altenheim,Nursing home,Huzurevi,Asilo de ancianos,Altenheim,,noun,,,im Altersheim.,17
b1_0081,B1,alternativ,alternatively,alternatif olarak,alternativamente,alternativ,,word,,,Wir brauchen alternative Energien.,17
b1_0082,B1,"die Alternative, -n","the alternative, -n","die Alternative, -n","la alternativa, -n","die Alternative, -n",die,noun,-n,,Auf dieser Strecke ist der Zug eine gute Alternative zum Flugzeug.,17
b1_0083,B1,"die Ampel, -n","the traffic light, -n","trafik ışığı, -n","el semáforo, -n","die Ampel, -n",die,noun,-n,,Dort an der Ampel kannst du über die Straße gehen.,17
b1_0084,B1,"das Amt, ¨-er","the office, ¨-er","ofis, ¨-er","la oficina, ¨-er","das Amt, ¨-er",das,noun,¨-er,,Das Arbeitsamt befindet sich neben dem Busbahnhof.,17
b1_0085,B1,sich amüsieren,have fun,iyi eğlenceler,divertirse,"sich amüsieren, amüsiert",,verb,,amüsiert,Bei dem Fest haben wir uns sehr gut,17
b1_0086,B1,"sich, amüsierte sich,","himself, amused himself",kendisi eğlendi,"él mismo, se divirtió","sich, amüsierte sich,",,word,,hat sich amüsiert,amüsiert.,17
b1_0087,B1,an,to,ile,a,an 1.,,preposition,,,"Am Anfang war alles sehr schwierig. || Dann sehen wir uns also am Dienstag. || Ich warte am Bahnhof auf dich. || Am besten, du gehst zur Information und fragst da. || Das Licht war die ganze Nacht an.",17
b1_0088,B1,"analysieren, analysiert,","analyze, analyzed","analiz etmek, analiz etmek","analizar, analizado","analysieren, analysiert,",,word,,,Die Politiker analysieren die Situation,17
b1_0089,B1,"analysierte, hat analysiert","analyzed, has analyzed","analiz etti, analiz etti","analizado, ha analizado","analysierte, hat analysiert",,word,,,auf dem Arbeitsmarkt.,17
b1_0090,B1,"anbieten, bietet an,","offer, offers","teklif, teklifler","oferta, ofertas","anbieten, bietet an,",,word,,,Darf ich Ihnen etwas zu trinken,17
b1_0091,B1,bot an,offered,teklif edildi,ofrecido,"bot an, hat angeboten",,verb,,hat angeboten,anbieten?,17
b1_0092,B1,"der Anbieter, -","the provider, -","sağlayıcı, -","el proveedor, -","der Anbieter, -",der,noun,-,,Ist das ein privater Telefonanbieter?,18
b1_0093,B1,"das Angebot, -e1.","the offer, -e1.","teklif, -e1.","la oferta, -e1.","das Angebot, -e1.",das,noun,-e1.,,Ich habe in der Zeitung ein paar günstige Wohnungsangebote gelesen. || Der Käse ist heute im Angebot.,18
b1_0094,B1,ander-,at the-,en...,al-,ander- 1.,,word,,,Die anderen sind schon nach Hause gegangen. || Bitte nicht alle auf einmal! || Einer nach dem anderen. || Ich hätte gern ein anderes Auto. || Natascha hat unter anderem Chinesisch und Spanisch gelernt.,18
b1_0095,B1,andererseits,on the other hand,diğer taraftan,por otro lado,andererseits,,word,,,"Tarek möchte zwar studieren, aber andererseits möchte er auch gleich Geld verdienen.",18
b1_0096,B1,"ändern, ändert, änderte,","change, changes, changed","değişiklik, değişiklikler, değişti","cambio, cambios, cambiado","ändern, ändert, änderte, 1.",,word,,hat geändert,Das Wetter hat sich geändert. || Ich habe meine Meinung inzwischen geändert.,18
b1_0097,B1,"die Änderung, -en","the change, -en","değişiklik, -tr",el cambio,"die Änderung, -en",die,noun,-en,,Es gibt eine Programmänderung.,18
b1_0098,B1,anders,different,farklı,diferente,anders 1.,,word,,,Anders geht das leider nicht. || Oliver ist anders als seine Freunde. || Ich würde das anders machen.,18
b1_0099,B1,"anerkennen, erkennt an,","acknowledge, acknowledge","kabul etmek, kabul etmek","reconocer, reconocer","anerkennen, erkennt an,",,word,,,Meine Ausbildung wird hier nicht,18
b1_0100,B1,"erkannte an,",acknowledged,kabul edildi,admitido,"erkannte an,",,word,,hat anerkannt,anerkannt.,18
b1_0101,B1,"anfangen, fängt an,","start, start","başla, başla","empezar, empezar","anfangen, fängt an, 1.",,word,,,Wann fängst du mit der Arbeit an?,18
b1_0102,B1,"fing an, hat angefangen","started, started","başladı, başladı","comenzó, comenzó","fing an, hat angefangen 2.",,word,,,Hier fängt die Bahnhofstraße an.,18
b1_0103,B1,"der Anfang, ¨-e1.","the beginning, ¨-e1.","başlangıç, ¨-e1.","el principio, ¨-e1.","der Anfang, ¨-e1.",der,noun,¨-e1.,,"Wie war der Film? || – Ich habe nur den Anfang gesehen. || Am Anfang habe ich bei der Arbeit viele Fragen gestellt. || Mein Chef ist Anfang fünfzig. || Meine Mutter war von Anfang an dagegen, dass ich nach Berlin ziehe. || Wir machen Anfang Juli Ferien. || Meine Freundin wohnt am Anfang der Straße.",18
b1_0104,B1,anfangs,initially,ilk olarak,inicialmente,anfangs,,word,,,Anfangs ging alles gut.,18
b1_0105,B1,"angeben, gibt an, gab an,","indicate, indicates, stated","belirtmek, belirtmek, belirtmek","indicar, indica, afirmado","angeben, gibt an, gab an,",,word,,hat angegeben,Bitte geben Sie Ihre genaue Adresse || an.,18
b1_0106,B1,"die Angabe,-n","the information,-n","bilgi, -n","la información,-n","die Angabe,-n",die,noun,-n,,"Wir brauchen von Ihnen folgende Angaben: Name, Adresse, Geburtsdatum.",18
b1_0107,B1,"der Angehörige, -n","the relative, -n","akraba, -n","el relativo, -n","der Angehörige, -n",der,noun,-n,,Der Arzt darf nur Familienangehörigen,18
b1_0108,B1,"die Angehörige, -n","the relatives, -n","akrabalar, -n","los familiares, -n","die Angehörige, -n",die,noun,-n,,Auskunft geben.,18
b1_0109,B1,angenehm,pleasant,güzel,agradable,angenehm,,word,,,Wir wünschen Ihnen eine angenehme Reise.,18
b1_0110,B1,"die Angst, “-e","die Angst, “-e","korku, “-e","el miedo, “-e","die Angst, “-e 1.",die,noun,“-e 1.,,"Du brauchst keine Angst zu haben. || Der Hund tut dir nichts. || Ich habe Angst, vielleicht ist etwas passiert.",18
b1_0111,B1,ängstlich,fearful,korkunç,temeroso,ängstlich,,adjective,,,Meine Mutter ist etwas ängstlich. || Sie geht nicht gern allein auf die Straße.,18
b1_0112,B1,"anhaben, hat an, hatte an,","have on, has on, had on","vardı, vardı, vardı","tener en, tiene en, tenía en","anhaben, hat an, hatte an,",,word,,hat angehabt,Gestern hatte Julia ein rotes Kleid an.,18
b1_0113,B1,"anklicken, klickt an,","click, click","tıklayın, tıklayın","haga clic, haga clic","anklicken, klickt an,",,word,,,Du musst das Bild anklicken. || Dann,18
b1_0114,B1,"klickte an, hat angeklickt","clicked, clicked","tıkladım, tıkladım","hizo clic, hizo clic","klickte an, hat angeklickt",,word,,,wird es größer.,18
b1_0115,B1,"ankommen, kommt an,","arrive, arrive","varmak, varmak","llegar, llegar","ankommen, kommt an, 1.",,word,,,Wann kommt der Zug in Hamburg an?,18
b1_0116,B1,"kam an, ist angekommen","arrived, has arrived","geldi, geldi","llegó, ha llegado","kam an, ist angekommen 2.",,word,,,"Bei dem Spiel kommt es darauf an, schneller zu laufen als die anderen.",18
b1_0117,B1,die Ankunft,the arrival,varış,La llegada,die Ankunft 1.,die,noun,,,"Die Abfahrt ist um 0.55 Uhr, die Ankunft um 8.07 Uhr. || Gleich nach der Ankunft habe ich meine Eltern angerufen.",18
b1_0118,B1,"ankündigen, kündigt an,","announce, announces","duyuruyor, duyuruyor","anunciar, anuncia","ankündigen, kündigt an,",,word,,,Wir sollten unseren Besuch,18
b1_0119,B1,"kündigte an,",announced,duyuruldu,anunciado,"kündigte an,",,word,,hat angekündigt,ankündigen.,18
b1_0120,B1,"die Anlage, -n","the facility, -n","tesis, -n","la instalación, -n","die Anlage, -n 1.",die,noun,-n 1.,,Meine Musikanlage ist kaputt. || In der Anlage der E-Mail finden Sie meinen Lebenslauf.,18
b1_0121,B1,"die Anleitung, -en","the instructions, -en","talimatlar, -tr","las instrucciones, -es","die Anleitung, -en",die,noun,-en,,"In der Anleitung steht, dass bei diesem Spiel der Älteste beginnt.",18
b1_0122,B1,"anmelden, meldet an,","anmelden, meldet an,","giriş yap, giriş yap","iniciar sesión, iniciar sesión","anmelden, meldet an,",,word,,,Für diesen Kurs müssen Sie sich,18
b1_0123,B1,"meldete an,",reported,rapor edildi,reportado,"meldete an,",,word,,hat angemeldet,unbedingt vorher anmelden.,18
b1_0124,B1,"die Anmeldung, -en1.","the registration, -en1.","kayıt, -en1.","el registro, -en1.","die Anmeldung, -en1.",die,noun,-en1.,,"Wo bekomme ich die Formulare für die Anmeldung? || Die Anmeldung ist im Erdgeschoss, Zimmer 55.",18
b1_0125,B1,"annehmen, nimmt an,","accept, accepts","kabul et, kabul eder","aceptar, acepta","annehmen, nimmt an, 1.",,word,,,Ich nehme Ihre Einladung gern an.,18
b1_0126,B1,"nahm an,",accepted,kabul edildi,aceptado,"nahm an, 2.",,word,,hat angenommen,"Ich nehme an, dass Sie mit dem || Vorschlag einverstanden sind.",18
b1_0127,B1,"die Annonce, -n","the advertisement, -n","reklam, -n","el anuncio, -n","die Annonce, -n",die,noun,-n,,"Ich habe alle Annoncen gelesen, aber die Wohnungen sind zu teuer.",18
b1_0128,B1,"die Anrede, -n","the salutation, -n","selamlama, -n","el saludo, -n","die Anrede, -n",die,noun,-n,,Du darfst im Brief die Anrede nicht vergessen.,18
b1_0129,B1,"anrufen, ruft an, rief an,","call, call, called","çağrı, çağrı, çağrıldı","llamar, llamar, llamar","anrufen, ruft an, rief an,",,word,,hat angerufen,Ich rufe Sie heute Abend an.,18
b1_0130,B1,"der Anruf, -e","the call, -e","çağrı, -e","la llamada, -e","der Anruf, -e",der,noun,-e,,Ich warte auf einen Anruf aus Berlin.,18
b1_0131,B1,"der Anrufbeantworter, -","the answering machine, -","telesekreter, -","el contestador automático, -","der Anrufbeantworter, -",der,noun,-,,Ich habe dir eine Nachricht auf den Anrufbeantworter gesprochen.,18
b1_0132,B1,"die Ansage, -n","the announcement, -n","duyuru, -n","el anuncio, -n","die Ansage, -n",die,noun,-n,,Achten Sie auf die Ansage am Bahnsteig.,18
b1_0133,B1,"anschaffen, schafft an,","acquire, acquire","edinmek, edinmek","adquirir, adquirir","anschaffen, schafft an,",,word,,,Wir haben uns neue Möbel,19
b1_0134,B1,"schaffte an,",managed,"schaffte an,",administrado,"schaffte an,",,word,,hat angeschafft,angeschafft.,19
b1_0135,B1,"anschließen, schließt an,","connect, connect","bağlanmak, bağlanmak","conectar, conectar","anschließen, schließt an,",,word,,,Wo kann ich den Computer,19
b1_0136,B1,"schloss an,",connected,"schloss an,",conectado,"schloss an,",,word,,hat angeschlossen,anschließen?,19
b1_0137,B1,"der Anschluss, ¨-e","the connection, ¨-e","bağlantı, ¨-e","la conexión, ¨-e","der Anschluss, ¨-e 1.",der,noun,¨-e 1.,,In Mannheim haben Sie Anschluss nach Saarbrücken. || Ich brauche in meiner Wohnung einen Telefonanschluss.,19
b1_0138,B1,"anschnallen, schnallt an,","buckle up, buckle up","tokalamak, tokalamak","abróchate el cinturón, abróchate el cinturón","anschnallen, schnallt an,",,word,,,"Vergiss nicht, dich anzuschnallen.",19
b1_0139,B1,"schnallte an,",buckled up,kemerli,abrochado,"schnallte an,",,word,,hat angeschnallt,,19
b1_0140,B1,"ansehen, sieht an, sah an,","look at, looks at, looked at","bak, baktı, baktı","mira, mira, mira","ansehen, sieht an, sah an, 1.",,word,,hat angesehen,Warum siehst du mich so erschrocken || an? || Darf ich eure Urlaubsfotos ansehen?,19
b1_0141,B1,"ansprechen, spricht an,","ansprechen, spricht an,","konuşmak, konuşmak","hablar con, hablar con","ansprechen, spricht an,",,word,,,Gestern hat mich unsere neue,19
b1_0142,B1,"sprach an,",spoke up,konuştu,habló,"sprach an,",,word,,hat angesprochen,Nachbarin im Treppenhaus || angesprochen.,19
b1_0143,B1,"der Anspruch, ¨-e","the claim, ¨-e","iddia, ¨-e","el reclamo, ¨-e","der Anspruch, ¨-e",der,noun,¨-e,,Sie wohnen im Stadtzentrum. || Deshalb haben Sie keinen Anspruch auf Fahrgeld.,19
b1_0144,B1,"anstellen, stellt an,","hire, hire","kiralamak, kiralamak","contratar, contratar","anstellen, stellt an, 1.",,word,,,Können Sie bitte die Heizung,19
b1_0145,B1,"stellte an, hat angestellt","hired, hired","işe alındı, işe alındı","contratado, contratado","stellte an, hat angestellt",,word,,,anstellen? || Mein Schwager ist bei einer Möbelfirma angestellt. || Da vorne ist die Kasse. || Du musst dich anstellen.,19
b1_0146,B1,"der Angestellte, -n","the employee, -n","çalışan, -n","el empleado, -n","der Angestellte, -n",der,noun,-n,,Björn ist Angestellter in einem,19
b1_0147,B1,"die Angestellte, -n","the employee, -n","çalışan, -n","el empleado, -n","die Angestellte, -n",die,noun,-n,,Reisebüro.,19
b1_0148,B1,sich anstrengen,make an effort,çaba göstermek,haz un esfuerzo,"sich anstrengen, strengt 1.",,verb,,strengt 1.,Diese Arbeit strengt mich sehr an.,19
b1_0149,B1,sich an,yourself,kendin,tú mismo,"sich an, strengte sich an, 2.",,verb,,"strengte sich an, 2., hat sich angestrengt","Wenn du die Prüfung schaffen willst, || musst du dich mehr anstrengen.",19
b1_0150,B1,anstrengend,stressful,stresli,lleno de tensión,anstrengend,,word,,,Ich finde diese Arbeit sehr anstrengend.,19
b1_0151,B1,"der Antrag, ¨-e","the application, ¨-e","uygulama, ¨-e","la aplicación, ¨-e","der Antrag, ¨-e",der,noun,¨-e,,Haben Sie schon einen Antrag für das Wohngeld ausgefüllt?,19
b1_0152,B1,"anwenden, wendet an,","apply, applies","uygulamak, uygulamak","aplicar, aplica","anwenden, wendet an,",,word,,,Diese Salbe muss man dreimal am Tag,19
b1_0153,B1,"wandte an, hat ange-","applied, applied","wandte an, hat ange-","aplicado, aplicado","wandte an, hat ange-",,word,,,anwenden.,19
b1_0154,B1,wandt/angewendet,applied/applied,uygulandı/uygulandı,aplicado/aplicado,wandt/angewendet,,word,,,,19
b1_0155,B1,anwesend,present,Sunmak,presente,anwesend,,word,,,Bei dem Treffen waren alle Mitglieder anwesend.,19
b1_0156,B1,"antworten, antwortet,","answer, answer","cevapla, cevapla","responder, responder","antworten, antwortet,",,word,,,Jorge hat seit drei Wochen nicht auf,19
b1_0157,B1,"antwortete, hat geant-","answered, answered","cevaplandı, cevaplandı","respondió, respondió","antwortete, hat geant-",,word,,,meinen Brief geantwortet.,19
b1_0158,B1,wortet,says,diyor,dice,wortet,,word,,,,19
b1_0159,B1,"die Antwort, -en",the answers,cevaplar,las respuestas,"die Antwort, -en",die,noun,-en,,Leider habe ich keine Antwort bekommen.,19
b1_0160,B1,"der Anwalt, ¨-e","the lawyer, ¨-e","avukat, ¨-e","el abogado, ¨-e","der Anwalt, ¨-e",der,noun,¨-e,,Ich werde das nicht bezahlen. || Ich,19
b1_0161,B1,"die Anwältin, -nen","the lawyer, -nen","avukat, -nen","el abogado, -nen","die Anwältin, -nen",die,noun,-nen,,möchte zuerst mit meinem Anwalt sprechen.,19
b1_0162,B1,"anzeigen, zeigt an,","show, shows","gösteri, gösteriler","espectáculo, espectáculos","anzeigen, zeigt an,",,word,,,"Wenn Sie hier parken, zeige ich Sie an.",19
b1_0163,B1,"zeigte an, hat angezeigt","indicated, has indicated","belirtti, belirtti","indicado, ha indicado","zeigte an, hat angezeigt",,word,,,,19
b1_0164,B1,"die Anzeige, -n1.","the display, -n1.","ekran, -n1.","la pantalla, -n1.","die Anzeige, -n1.",die,noun,-n1.,,"Ich habe alle Anzeigen gelesen, aber die Wohnungen sind zu teuer. || Hier dürfen Sie nicht parken, sonst bekommen Sie eine Anzeige.",19
b1_0165,B1,(sich) anziehen,(to get dressed,(giyinmek için,(vestirse,"(sich) anziehen, zieht an, 1.",,verb,,"zieht an, 1.","Du musst dich wärmer anziehen, sonst",19
b1_0166,B1,zog an,pulled on,çekildi,tirado,"zog an, hat angezogen",,verb,,hat angezogen,erkältest du dich. || Heute ziehe ich mein neues T-Shirt an.,19
b1_0167,B1,"der Anzug, ¨-e","the suit, ¨-e","takım elbise, ¨-e","el traje, ¨-e","der Anzug, ¨-e",der,noun,¨-e,,Mein Mann hat sich einen neuen Anzug gekauft.,19
b1_0168,B1,"das Apartment, -s","the apartment, -s","daire, -s","el apartamento, -s","das Apartment, -s",das,noun,-s,,Wir haben ein Ferienapartment gemietet.,19
b1_0169,B1,"der Apfel, ¨-",the Apple-,elma-,la manzana-,"der Apfel, ¨-",der,noun,¨-,,Zum Frühstück esse ich jeden Tag einen Apfel.,19
b1_0170,B1,"die Apotheke, -n","the pharmacy, -n","eczane, -n","la farmacia, -n","die Apotheke, -n",die,noun,-n,,Ist hier in der Nähe eine Apotheke?,19
b1_0171,B1,"der Apparat, -e","the apparatus, -e","aparat, -e","el aparato, -e","der Apparat, -e 1.",der,noun,-e 1.,,Können Sie den Apparat bitte etwas leiser stellen? || Wo ist mein Fotoapparat?,19
b1_0172,B1,der Appetit,the appetite,iştah,el apetito,der Appetit 1.,der,noun,,,Ich habe heute keinen Appetit. || Ich mag nichts essen. || Auf was hast du Appetit? || Vielleicht auf einen Salat? || Guten Appetit!,19
b1_0173,B1,"die Aprikose, -n (D, CH) → Schmecken","the apricot, -n (D, CH) → taste","kayısı, -n (D, CH) → tat","el albaricoque, -n (D, CH) → sabor","die Aprikose, -n (D, CH) → Schmecken",die,noun,"-n (D, CH) → Schmecken",,dir die Aprikosen?,19
b1_0174,B1,A: Marille,A: Apricot,C: Kayısı,R: albaricoque,A: Marille,,noun,,,,19
b1_0175,B1,"arbeiten, arbeitet,","work, works","iş, işler","trabajo, obras","arbeiten, arbeitet, 1.",,word,,,Er arbeitet heute bis 16 Uhr.,19
b1_0176,B1,"arbeitete, hat gearbeitet","worked, worked","çalıştı, çalıştı","trabajado, trabajado","arbeitete, hat gearbeitet 2.",,word,,,Arzu arbeitet als Krankenschwester im Krankenhaus.,19
b1_0177,B1,"die Arbeit, -en1.","the work, -en1.","iş, -en1.","la obra, -en1.","die Arbeit, -en1.",die,noun,-en1.,,Wie gefällt dir deine Arbeit? || Nach der Ausbildung hat Mohamed eine Arbeit gefunden.,19
b1_0178,B1,"der Arbeiter, -","the worker, -","işçi, -","el trabajador, -","der Arbeiter, -",der,noun,-,,Maria ist seit zwei Jahren Arbeiterin,19
b1_0179,B1,"die Arbeiterin, -nen","the worker, -nen","işçi, -nen","el trabajador, -nen","die Arbeiterin, -nen",die,noun,-nen,,bei Siemens.,19
b1_0180,B1,die Arbeitserlaubnis,the work permit,çalışma izni,el permiso de trabajo,die Arbeitserlaubnis,die,noun,,,Haben Sie eine Arbeitserlaubnis?,19
b1_0181,B1,arbeitslos,unemployed,arbeitslos,desempleados,arbeitslos,,word,,,Wie lange sind Sie schon arbeitslos?,19
b1_0182,B1,die Arbeitslosigkeit,the unemployment,işsizlik,el desempleo,die Arbeitslosigkeit,die,noun,,,Die Arbeitslosigkeit ist gesunken.,19
b1_0183,B1,"der Arbeitsplatz, ¨-e","the workplace, ¨-e","işyeri, ¨-e","el lugar de trabajo, ¨-e","der Arbeitsplatz, ¨-e",der,noun,¨-e,,In der Industrie gibt es immer weniger Arbeitsplätze.,19
b1_0184,B1,"die Arbeitsstelle, -n","the job, -n","iş, -n","el trabajo, -n","die Arbeitsstelle, -n",die,noun,-n,,Meine Frau hat eine neue Arbeitsstelle gefunden.,19
b1_0185,B1,"der Architekt, -en","the architect, -en","mimar, -tr","el arquitecto, -es","der Architekt, -en",der,noun,-en,,Dieses Haus hat eine berühmte,20
b1_0186,B1,"die Architektin, -nen","the architect, -nen","mimar, -nen","el arquitecto, -nen","die Architektin, -nen",die,noun,-nen,,Architektin gebaut.,20
b1_0187,B1,(sich) ärgern,(get angry,(sinirlenmek,(enojarse,"(sich) ärgern, ärgert, 1.",,verb,,"ärgert, 1.",Ärgern Sie sich nicht.,20
b1_0188,B1,"ärgerte, hat geärgert","annoyed, annoyed","sinirlenmiş, sinirlenmiş","molesto, molesto","ärgerte, hat geärgert 2.",,word,,,Mein Bruder hat mich schon als Kind immer geärgert.,20
b1_0189,B1,der Ärger,the anger,öfke,la ira,der Ärger,der,noun,,,Ich hatte heute Ärger im Büro. || Ich habe mich mit einem Kollegen gestritten.,20
b1_0190,B1,ärgerlich,annoying,sinir bozucu,irritante,ärgerlich,,adjective,,,Der Zug hat schon wieder Verspätung. || Das ist wirklich ärgerlich.,20
b1_0191,B1,arm,arm,kol,brazo,arm 1.,,adjective,,,Die Regierung hilft armen Nachbarländern. || Ich hätte gerne 200 g fettarmen Käse.,20
b1_0192,B1,"der Arm, -e",the poor,fakir,los pobres,"der Arm, -e",der,noun,-e,,Mein Freund hat sich den Arm gebrochen.,20
b1_0193,B1,"die Art, -en","the way, -en","yol, -tr",el camino,"die Art, -en 1.",die,noun,-en 1.,,Im Zoo haben sie 34 verschiedene Arten von Vögeln. || Seine Art gefällt mir nicht. || Man kann auf unterschiedliche Art und Weise ein Fest feiern.,20
b1_0194,B1,"der Artikel, -","the article, -","makale, -","el artículo, -","der Artikel, - 1.",der,noun,- 1.,,"Ich habe einen interessanten Artikel gelesen. || Im Deutschen gibt es drei Artikel: der, die, das.",20
b1_0195,B1,"der Arzt, ¨-e","the doctor, ¨-e","doktor, ¨-e","el doctor, ¨-e","der Arzt, ¨-e 1.",der,noun,¨-e 1.,,Ich muss heute zum Arzt.,20
b1_0196,B1,"die Ärztin, -nen","the doctor, -nen","doktor, -nen","el doctor, -nen","die Ärztin, -nen 2.",die,noun,-nen 2.,,Wann warst du beim Zahnarzt?,20
b1_0197,B1,das Asyl,the asylum,sığınma,el asilo,das Asyl,das,noun,,,Die Menschen sind auf der Flucht und bitten um Asyl.,20
b1_0198,B1,"atmen, atmet, atmete,","breathe, breathe, breathed","nefes al, nefes al, nefes al","respira, respira, respira","atmen, atmet, atmete,",,word,,hat geatmet,Er hat eine Erkältung und kann nicht || durch die Nase atmen.,20
b1_0199,B1,der Atem,der Atem,nefes,el aliento,der Atem,der,noun,,,Bitte den Atem anhalten.,20
b1_0200,B1,auch,also,Ayrıca,también,auch 1.,,word,,,"Ich muss leider gehen. || – Ich auch. || Ich arbeite die ganze Woche und muss auch am Wochenende arbeiten. || Wir fahren auf jeden Fall, auch wenn es regnet. || Der Zug ist gerade eben abgefahren. || Warum kommst du auch so spät!",20
b1_0201,B1,auf,on,Açık,en,auf 1.,,preposition,,,"Deine Brille liegt auf dem Schreibtisch. || Die Kinder spielen unten auf der Straße. || Meine Eltern leben auf dem Land. || Gestern waren wir auf einer Party. || Auf unsere Anzeige in der Abendzeitung hat sich noch niemand gemeldet. || Wie heißt das auf Deutsch? || Meine Tochter kommt nächstes Jahr aufs Gymnasium. (D) (A, CH: ins) || Im Mai war ich auf Urlaub. (A) (D: in) || Ich bin schon seit zwei Stunden auf.",20
b1_0202,B1,10.Komm,10.Come,10.Gel,10.Ven,10.Komm,,other,,,"herein, die Tür ist auf. (D) (A, CH: offen)",20
b1_0203,B1,"der Aufenthalt, -e","the stay, -e","konaklama, -e","la estancia, -e","der Aufenthalt, -e 1.",der,noun,-e 1.,,Der Zug hat in München nur 20 Minuten Aufenthalt. || Wir wünschen Ihnen einen angenehmen Aufenthalt.,20
b1_0204,B1,"auffallen, fällt auf,","stand out, stand out","öne çıkmak, öne çıkmak","destacar, destacar","auffallen, fällt auf,",,word,,,"Mir ist aufgefallen, dass Harriett ganz",20
b1_0205,B1,fiel auf,stood out,göze çarpıyordu,destacó,"fiel auf, ist aufgefallen",,verb,,ist aufgefallen,blass ist.,20
b1_0206,B1,"auffordern, fordert auf,","prompt, prompt","istem, istem","rápido, rápido","auffordern, fordert auf, 1.",,word,,,"Sie forderte mich auf, meine Meinung",20
b1_0207,B1,"forderte auf,",prompted,istendi,incitado,"forderte auf,",,word,,hat aufgefordert,zu sagen. || Er fordert sie zum Tanz auf.,20
b1_0208,B1,"die Aufforderung, -en","the request, -en","istek, -en","la solicitud, -es","die Aufforderung, -en",die,noun,-en,,"Sie erhalten eine Aufforderung, den Betrag bis Juni zu zahlen.",20
b1_0209,B1,"aufführen, führt auf,","perform, performs","gerçekleştirmek, gerçekleştirmek","realizar, realiza","aufführen, führt auf,",,word,,,Die Kinder führen zu Weihnachten ein,20
b1_0210,B1,"führte auf, hat aufgeführt","performed, has performed","gerçekleştirdi, gerçekleştirdi","realizado, ha realizado","führte auf, hat aufgeführt",,word,,,Theaterstück auf.,20
b1_0211,B1,"die Aufgabe, -n","the task, -n","görev, -n","la tarea, -n","die Aufgabe, -n 1.",die,noun,-n 1.,,Hast du deine Hausaufgaben für die Schule schon gemacht? || Das ist nicht meine Aufgabe.,20
b1_0212,B1,"aufgeben, gibt auf, gab","give up, gives up, gave up","vazgeçmek, vazgeçmek, vazgeçmek","rendirse, rendirse, rendirse","aufgeben, gibt auf, gab 1.",,word,,,Ich habe auf der Post ein Paket,20
b1_0213,B1,auf,on,Açık,en,"auf, hat aufgegeben",,verb,,hat aufgegeben,aufgegeben. || Man darf nie aufgeben. || Es gibt immer eine Hoffnung.,20
b1_0214,B1,"aufhalten, hält auf, hielt","stop, stops, stopped","dur, durur, durdu","para, se detiene, se detiene","aufhalten, hält auf, hielt 1.",,word,,,Wo hält er sich gerade auf? || – In,20
b1_0215,B1,auf,on,Açık,en,"auf, hat aufgehalten",,verb,,hat aufgehalten,"München. || Darf ich Ihnen die Tür aufhalten? || Entschuldigen Sie die Verspätung, ich wurde aufgehalten.",20
b1_0216,B1,"aufheben, hebt auf,","cancel, cancel","iptal etmek, iptal etmek","cancelar, cancelar","aufheben, hebt auf, 1.",,word,,,Lassen Sie die Papiere nur auf dem,20
b1_0217,B1,hob auf,picked up,aldı,recogido,"hob auf, hat aufgehoben",,verb,,hat aufgehoben,"Boden liegen, ich hebe sie schon auf. || Die Quittung müssen Sie gut aufheben.",20
b1_0218,B1,"aufhören, hört auf,","stop, stop","dur, dur","parar, parar","aufhören, hört auf, 1.",,word,,,Es hört nicht auf zu schneien.,20
b1_0219,B1,"hörte auf, hat aufgehört","stopped, has stopped","durdu, durdu","se detuvo, se ha detenido","hörte auf, hat aufgehört 2.",,word,,,Wann hört ihr mit der Arbeit auf? || Hier hört die Hauptstraße auf.,20
b1_0220,B1,"aufladen, lädt auf, lud auf,","charging, charging, charging","şarj etme, şarj etme, şarj etme","cargando, cargando, cargando","aufladen, lädt auf, lud auf,",,word,,hat aufgeladen,Ich muss mein Telefon aufladen. || Die || Batterie ist leer.,20
b1_0221,B1,"auflösen, löst auf,","dissolve, dissolve","eritmek, eritmek","disolver, disolver","auflösen, löst auf,",,word,,,Die Tablette bitte in Wasser auflösen.,20
b1_0222,B1,"löste auf, hat aufgelöst","dissolved, has dissolved","çözüldü, çözüldü","disuelto, se ha disuelto","löste auf, hat aufgelöst",,word,,,,20
b1_0223,B1,aufmerksam,attentive,özenli,atento,aufmerksam 1.,,adjective,,,"Die Schülerin hörte aufmerksam zu. || Ich mache Sie darauf aufmerksam, dass wir in einer halben Stunde schließen.",20
b1_0224,B1,"aufnehmen, nimmt auf,","record, records","kayıt, kayıtlar","registro, registros","aufnehmen, nimmt auf, 1.",,word,,,Wir haben Aneta in unseren Verein,20
b1_0225,B1,"nahm auf,",took up,aldı,tomó,"nahm auf,",,word,,hat aufgenommen,aufgenommen. || Ich habe den Film im Urlaub aufgenommen.,20
b1_0226,B1,"die Aufnahme, -n","the recording, -n","kayıt, -n","la grabación, -n","die Aufnahme, -n",die,noun,-n,,Bitte seid leise! || – Ich starte die Aufnahme.,20
b1_0227,B1,"aufpassen, passt auf,","watch out, watch out","dikkat et, dikkat et","cuidado, cuidado","aufpassen, passt auf, 1.",,word,,,Tut mir leid. || Da habe ich wohl nicht,21
b1_0228,B1,"passte auf,",paid attention,dikkat ettim,prestó atención,"passte auf,",,word,,hat aufgepasst,aufgepasst. || Ich muss zu Hause bleiben und auf die Kinder aufpassen.,21
b1_0229,B1,"aufräumen, räumt auf,","clean up, clean up","temizlemek, temizlemek","limpiar, limpiar","aufräumen, räumt auf,",,word,,,Vor meinem Urlaub muss ich unbed-,21
b1_0230,B1,"räumte auf,",cleaned up,temizlendi,limpiado,"räumte auf,",,word,,hat aufgeräumt,ingt noch meinen Schreibtisch || aufräumen.,21
b1_0231,B1,"aufregen, regt auf,","upset, upset","üzgün, üzgün","molesto, molesto","aufregen, regt auf, 1.",,word,,,"Es regt mich auf, dass ich schon wieder",21
b1_0232,B1,"regte auf,",got upset,"regte auf,",se molestó,"regte auf,",,word,,hat aufgeregt,Überstunden machen muss. || Ganz ruhig! || Bitte regen Sie sich nicht auf. || Heute hast du eine Prüfung. || Bist du schon aufgeregt? || Die Musikgruppe zu erleben war sehr aufregend.,21
b1_0233,B1,"aufstehen, steht auf,","get up, get up","kalk, kalk","levántate, levántate","aufstehen, steht auf, 1.",,word,,,Ich stehe jeden Morgen um sechs Uhr,21
b1_0234,B1,"stand auf,",stood up,ayağa kalktı,se puso de pie,"stand auf,",,word,,ist aufgestanden,auf. || Sie brauchen nicht aufzustehen. || Sie können sitzen bleiben.,21
b1_0235,B1,"der Auftrag, ¨-e","the order, ¨-e","sipariş, ¨-e","el orden, ¨-e","der Auftrag, ¨-e 1.",der,noun,¨-e 1.,,Ich komme im Auftrag von Frau Müller und soll Ihnen diesen Brief geben. || Im Moment hat die Firma besonders viele Aufträge.,21
b1_0236,B1,"auftreten, tritt auf,","occur, occurs","meydana gelir, meydana gelir","ocurre, ocurre","auftreten, tritt auf,",,word,,,Nächste Woche tritt in der Stadthalle,21
b1_0237,B1,trat auf,occurred,olmuş,ocurrió,"trat auf, ist aufgetreten",,verb,,ist aufgetreten,eine berühmte Musikgruppe auf.,21
b1_0238,B1,"der Auftritt, -e","the appearance, -e","görünüm, -e","la apariencia, -e","der Auftritt, -e",der,noun,-e,,Nach dem Auftritt feiern die Musiker.,21
b1_0239,B1,"aufwachen, wacht auf,","wake up, wake up","uyan, uyan","despierta, despierta","aufwachen, wacht auf,",,word,,,Von dem Lärm bin ich aufgewacht.,21
b1_0240,B1,"wachte auf,",woke up,uyandım,desperté,"wachte auf,",,word,,ist aufgewacht,,21
b1_0241,B1,aufwärts,upwards,yukarı,hacia arriba,aufwärts 1.,,word,,,Sie müssen gute Schuhe anziehen. || Der Weg geht immer aufwärts. || In letzter Zeit geht es wieder aufwärts mit der Wirtschaft.,21
b1_0242,B1,"→ der Aufzug, ¨-e (D, A)","→ the elevator, ¨-e (D, A)","→ asansör, ¨-e (D, A)","→ el ascensor, ¨-e (D,A)","→ der Aufzug, ¨-e (D, A)",,other,,,Im Büro ist leider der Aufzug kaputt.,21
b1_0243,B1,Lift,lift,kaldırmak,elevar,Lift,,noun,,,,21
b1_0244,B1,"das Auge, -n","the eye, -n","göz, ​​-n","el ojo, -n","das Auge, -n",das,noun,-n,,Meine beiden Kinder haben blaue Augen.,21
b1_0245,B1,"der Augenblick, -e","the moment, -e","an, -e","el momento, -e","der Augenblick, -e 1.",der,noun,-e 1.,,"Ich wollte gerade parken. || In dem Au- genblick ist ein Wagen aus der Ausfahrt gekommen. || Einen Augenblick, bitte! || Im Augenblick sind keine Plätze frei.",21
b1_0246,B1,aus,out of,dışında,fuera de,aus 1.,,preposition,,,Frau Müller geht jeden Morgen um 8 Uhr aus dem Haus. || Frau Özgen kommt aus der Türkei. || Die Möbel sind noch aus der Zeit um 1900. || Ich trage nur Pullover aus reiner Wolle. || Wir haben aus Liebe geheiratet. || Wann ist der Kurs aus? || Ich seh‘ nichts! || Das Licht ist aus!,21
b1_0247,B1,"die Ausbildung, -en","the training, -s","eğitim, -s","el entrenamiento, -s","die Ausbildung, -en 1.",die,noun,-en 1.,,Ich habe meine Ausbildung abgeschlossen. || Mit deiner guten Ausbildung findest du sicher eine Arbeit.,21
b1_0248,B1,ausgebildet,trained,eğitimli,entrenado,ausgebildet,,word,,,Für diesen Beruf müssen Sie gut ausgebildet sein.,21
b1_0249,B1,"ausdrucken, druckt aus,","print, prints out","yazdırmak, çıktısını almak","imprimir, imprime","ausdrucken, druckt aus,",,word,,,Kann ich das auf deinem Drucker,21
b1_0250,B1,"druckte aus,",printed out,çıktısı alındı,impreso,"druckte aus,",,word,,hat ausgedruckt,ausdrucken?,21
b1_0251,B1,"der Ausdruck, ¨-e1.","the expression, ¨-e1.","ifade, ¨-e1.","la expresión, ¨-e1.","der Ausdruck, ¨-e1.",der,noun,¨-e1.,,Diesen Ausdruck habe ich noch nie gehört.,21
b1_0252,B1,"der Ausdruck, -e2.","the expression, -e2.","ifade, -e2.","la expresión, -e2.","der Ausdruck, -e2.",der,noun,-e2.,,Machen Sie doch bitte einen Ausdruck von der E-Mail.,21
b1_0253,B1,auseinander,apart,ayrı,aparte,auseinander,,word,,,Wir wohnen nicht weit auseinander.,21
b1_0254,B1,"die Ausfahrt, -en","the exit, -en","çıkış, -en",la salida,"die Ausfahrt, -en 1.",die,noun,-en 1.,,"Hier ist eine Ausfahrt, da dürfen Sie nicht parken. || Wie weit ist es noch bis zur Ausfahrt Freiburg?",21
b1_0255,B1,"ausfallen, fällt aus,","fail, fail","başarısız olmak, başarısız olmak","fallar, fallar","ausfallen, fällt aus,",,word,,,Nächste Woche fällt der Kurs aus.,21
b1_0256,B1,fiel aus,fell out,düştü,se cayó,"fiel aus, ist ausgefallen",,verb,,ist ausgefallen,,21
b1_0257,B1,"der Ausflug, ¨-e","the excursion, ¨-e","gezi, ¨-e","la excursión, ¨-e","der Ausflug, ¨-e",der,noun,¨-e,,Am Wochenende machen wir mit Fre- unden einen Ausflug nach Heidelberg.,21
b1_0258,B1,ausfüllen,fill out,doldur,llenar,"ausfüllen, füllt aus, Füllen",,verb,,"füllt aus, Füllen",Sie bitte dieses Formular aus!,21
b1_0259,B1,"füllte aus, hat ausgefüllt","filled in, has filled in","doldurdu, doldurdu","ha llenado, ha llenado","füllte aus, hat ausgefüllt",,word,,,,21
b1_0260,B1,"die Ausgabe, -n","the output, -n","çıktı, -n","la salida, -n","die Ausgabe, -n 1.",die,noun,-n 1.,,Wie hoch sind Ihre Ausgaben in einem Monat? || Wo ist die Essensausgabe? || In welchem Buch hast du das gelesen? || In welcher Ausgabe?,21
b1_0261,B1,"der Ausgang, ¨-e","the output, ¨-e","çıktı, ¨-e","la salida, ¨-e","der Ausgang, ¨-e",der,noun,¨-e,,Wo ist der Ausgang bitte?,21
b1_0262,B1,"ausgeben, gibt aus,","output, outputs","çıktı, çıktılar","salida, salidas","ausgeben, gibt aus,",,word,,,Carola gibt viel Geld für ihr Hobby aus.,21
b1_0263,B1,gab aus,gave out,verdi,dio,"gab aus, hat ausgegeben",,verb,,hat ausgegeben,,21
b1_0264,B1,"ausgehen, geht aus,","go out, go out","dışarı çık, dışarı çık","salir, salir","ausgehen, geht aus, 1.",,word,,,Plötzlich ist das Licht ausgegangen.,21
b1_0265,B1,"ging aus,",went out,dışarı çıktı,salió,"ging aus, 2.",,word,,ist ausgegangen,Gehen wir heute Abend aus? || Wie ist das Spiel ausgegangen?,21
b1_0266,B1,ausgezeichnet,excellent,harika,excelente,ausgezeichnet,,word,,,Essen und Unterkunft waren ausgezeichnet.,21
b1_0267,B1,"die Aushilfe, -n","the temporary help, -n","geçici yardım, -n","la ayuda temporal, -n","die Aushilfe, -n",die,noun,-n,,Wir suchen eine freundliche Aushilfe für unser Geschäft.,21
b1_0268,B1,"die Auskunft, ¨-e","the information, ¨-e","bilgi, ¨-e","la información, ¨-e","die Auskunft, ¨-e 1.",die,noun,¨-e 1.,,"Ich hätte gern eine Auskunft. || Die Firma hat eine neue Nummer. || Bitte, rufen Sie die Auskunft an.",21
b1_0269,B1,das Ausland,the foreign country,yabancı ülke,el pais extranjero,das Ausland,das,noun,,,Wir fahren im Urlaub meistens ins Aus- land.,21
b1_0270,B1,"der Ausländer, -","the foreigner, -","yabancı, -","el extranjero, -","der Ausländer, -",der,noun,-,,Viele Ausländer und Ausländerinnen,22
b1_0271,B1,"die Ausländerin, -nen","the foreigner, -nen","yabancı, -nen","el extranjero, -nen","die Ausländerin, -nen",die,noun,-nen,,lernen in der Volkshochschule Deutsch.,22
b1_0272,B1,ausländisch,foreign,yabancı,extranjero,ausländisch,,adjective,,,Die ausländischen Studenten müssen zuerst einen Deutschkurs besuchen.,22
b1_0273,B1,"ausmachen, macht aus,","make up, makes up","makyaj yapmak, makyaj yapmak","maquillarse, maquillarse","ausmachen, macht aus, 1.",,word,,,Sie müssen leider warten. || – Kein,22
b1_0274,B1,"machte aus,",made out,yapılmış,hecho,"machte aus,",,word,,hat ausgemacht,"Problem. || Das macht mir nichts aus. || Machen Sie bitte das Licht aus! || Wir hatten doch ausgemacht, dass du die Getränke besorgst. || Haben Sie einen Termin ausgemacht?",22
b1_0275,B1,"die Ausnahme, -n","the exception, -n","istisna, -n","la excepción, -n","die Ausnahme, -n",die,noun,-n,,Normalerweise muss ich am Wochenende arbeiten. || Aber heute ist eine Ausnahme.,22
b1_0276,B1,"ausreichen, reicht aus, re-","suffice, suffices, re-","yeterli, yeterli, yeniden","basta, basta, re-","ausreichen, reicht aus, re- 1.",,word,,,Das Geld muss bis März ausreichen.,22
b1_0277,B1,"ichte aus,","ichte aus,",dışarı bakıyorum,miro hacia afuera,"ichte aus, 2.",,word,,hat ausgereicht,Seine Kenntnisse reichen für diese || Arbeit aus.,22
b1_0278,B1,ausreichend,sufficient,yeterli,suficiente,ausreichend,,word,,,Das Geld ist für die Reise ausreichend.,22
b1_0279,B1,"ausrichten, richtet aus,","align, align","hizalamak, hizalamak","alinear, alinear","ausrichten, richtet aus,",,word,,,Mein Mann ist nicht da. || Soll ich ihm,22
b1_0280,B1,"richtete aus,",aligned,hizalanmış,alineado,"richtete aus,",,word,,hat ausgerichtet,etwas ausrichten?,22
b1_0281,B1,(sich) ausruhen,(rest,(dinlenmek,(descansar,"(sich) ausruhen, ruht aus, 1.",,verb,,"ruht aus, 1.",Sie ruhen sich von der Arbeit aus.,22
b1_0282,B1,"ruhte aus, hat ausgeruht","rested, has rested","dinlendi, dinlendi","descansado, ha descansado","ruhte aus, hat ausgeruht 2.",,word,,,Bist du gut ausgeruht?,22
b1_0283,B1,"ausschließen, schließt aus,","exclude, excludes","hariç tutmak, hariç tutmak","excluir, excluye","ausschließen, schließt aus, 1.",,word,,,Das kann man nicht ganz ausschließen.,22
b1_0284,B1,"schloss aus,",ruled out,göz ardı edildi,descartado,"schloss aus, 2.",,word,,hat ausgeschlossen,So viel kann ich nicht bezahlen. || Das ist || völlig ausgeschlossen.,22
b1_0285,B1,ausschließlich,exclusively,münhasıran,exclusivamente,ausschließlich,,adjective,,,Tut mir leid. || Wir haben ausschließlich Nichtraucherzimmer.,22
b1_0286,B1,"aussehen, sieht aus,","look, looks","bak, görünüyor","mira, mira","aussehen, sieht aus, 1.",,word,,,Sie sehen wieder besser aus. || Sind Sie,22
b1_0287,B1,"sah aus,",looked,baktım,miró,"sah aus,",,word,,hat ausgesehen,"wieder gesund? || Er sieht genauso aus wie sein Vater. || Es sieht so aus, als ob es bald regnen würde.",22
b1_0288,B1,außen,outside,dıştan,afuera,außen 1.,,word,,,Wir haben das Schloss nur von außen gesehen. || Außen ist das Haus nicht sehr schön.,22
b1_0289,B1,außerhalb,outside,dıştan,afuera,außerhalb,,word,,,Wir wohnen außerhalb von Berlin.,22
b1_0290,B1,äußerlich,externally,dışarıdan,externamente,äußerlich,,adjective,,,Das Medikament dürfen Sie nur äußerlich anwenden.,22
b1_0291,B1,außer,except,hariç,excepto,außer 1.,,word,,,Außer Lisa hat sich niemand um die Stelle beworben. || Der Aufzug ist außer Betrieb. || Wir haben täglich außer Samstag geöffnet.,22
b1_0292,B1,außerdem,aside from that,bunun dışında,aparte de eso,außerdem 1.,,word,,,"Möchten Sie außerdem noch etwas? || Der Film war langweilig, und außerdem haben die Schauspieler schlecht gespielt.",22
b1_0293,B1,"die Aussicht, -en","the view, -en","görünüm, -tr","la vista, -es","die Aussicht, -en 1.",die,noun,-en 1.,,Von diesem Turm hat man eine tolle Aussicht. || Mit mehreren Fremdsprachen hat man gute Aussichten im Beruf.,22
b1_0294,B1,"aussprechen, spricht aus,","speak out, speak out","açık konuş, konuş","hablar, hablar","aussprechen, spricht aus,",,word,,,Wie spricht man dieses Wort aus?,22
b1_0295,B1,"sprach aus,",spoke out,konuştu,habló,"sprach aus,",,word,,hat ausgesprochen,,22
b1_0296,B1,die Aussprache,the pronunciation,die Aussprache,la pronunciación,die Aussprache,die,noun,,,Ali hat eine gute Aussprache.,22
b1_0297,B1,"ausstellen, stellt aus,","exhibit, exhibits","sergi, sergiler","exhibición, exhibiciones","ausstellen, stellt aus, 1.",,word,,,Im Schaufenster sind Winterschuhe,22
b1_0298,B1,"stellte aus,",exhibited,sergilendi,expuesto,"stellte aus,",,word,,hat ausgestellt,ausgestellt. || Das Zeugnis wird bis nächste Woche ausgestellt.,22
b1_0299,B1,"die Ausstellung, -en1.","the exhibition, -en1.","sergi, -en1.","la exposición, -en1.","die Ausstellung, -en1.",die,noun,-en1.,,Wir waren mit der Lehrerin in einer Ausstellung. || Die Ausstellung eines neuen Passes dauert zwei Wochen.,22
b1_0300,B1,"(sich etwas) aussuchen,",choose (something).,(bir şeyi) seç.,elegir (algo).,"(sich etwas) aussuchen,",,word,,,Such dir etwas Schönes aus! || Ich lade,22
b1_0301,B1,"sucht aus, suchte aus,","looks for, looked for","sucht aus, suchte aus,","busca, buscó","sucht aus, suchte aus,",,word,,hat ausgesucht,dich ein.,22
b1_0302,B1,"auswählen, wählt aus,","select, selects","seç, seçer","seleccionar, selecciona","auswählen, wählt aus,",,word,,,Für die Aufgabe können Sie aus drei,22
b1_0303,B1,"wählte aus,",chose,seçti,eligió,"wählte aus,",,word,,hat ausgewählt,Themen auswählen.,22
b1_0304,B1,"die Auswahl, -en1.","the selection, -en1.","seçim, -en1.","la selección, -en1.","die Auswahl, -en1.",die,noun,-en1.,,Wir müssen eine Auswahl aus den Büchern treffen. || Das Geschäft hat eine große Auswahl.,22
b1_0305,B1,"der Ausweis, -e","the ID, -e","der Ausweis, -e","la identificación, -e","der Ausweis, -e",der,noun,-e,,Darf ich mal Ihren Ausweis sehen?,22
b1_0306,B1,"ausziehen, zieht aus,","move out, move out","dışarı çıkmak, dışarı çıkmak","mudarse, mudarse","ausziehen, zieht aus, 1.",,word,,,Willst du den Mantel nicht ausziehen?,22
b1_0307,B1,"zog aus,",moved out,taşındı,se mudó,"zog aus, 2.",,word,,hat/ist ausgezogen,Müllers sind schon vor vier Wochen || ausgezogen.,22
b1_0308,B1,"das Auto, -s","the car, -s","araba, -s","el auto, -s","das Auto, -s",das,noun,-s,,Mario fährt mit dem Auto zur Arbeit.,22
b1_0309,B1,"die Autobahn, -en","the highway, -en","otoyol, -tr","la carretera, -es","die Autobahn, -en",die,noun,-en,,Das Dorf liegt direkt an der Autobahn.,22
b1_0310,B1,"der Automat, -en","the machine, -en","makine, -tr","la maquina, -es","der Automat, -en 1.",der,noun,-en 1.,,Zigaretten bekommst du am Automaten. || Der Fahrkartenautomat ist auf dem Bahnsteig.,22
b1_0311,B1,automatisch1.,automatically1.,otomatik olarak1.,automáticamente1.,automatisch1.,,word,,,Die Tür schließt automatisch. || Das Zeugnis bekommen Sie automatisch zugeschickt.,22
b1_0312,B1,"der Autor, -en","the author, -en","yazar, -tr","el autor, -es","der Autor, -en",der,noun,-en,,Diese Autorin hat in diesem Jahr schon,22
b1_0313,B1,"die Autorin, -nen","the author, -nen","yazar, -nen","el autor, -nen","die Autorin, -nen",die,noun,-nen,,zwei Bücher geschrieben.,22
b1_0314,B1,"backen, bäckt/backt,","bake, bakes/bakes",fırında pişirmek/pişirmek,"hornear, hornear/hornear","backen, bäckt/backt,",,word,,,"Wenn du kommst, backe ich einen",23
b1_0315,B1,backte,baked,pişmiş,horneado,"backte, hat gebacken",,verb,,hat gebacken,Kuchen.,23
b1_0316,B1,"die Bäckerei, -en","the bakery, -en","fırın, -tr","la panadería, -es","die Bäckerei, -en",die,noun,-en,,Wir kaufen unser Brot immer in der Bäckerei am Markt.,23
b1_0317,B1,"1. baden, badet, badete, hat","1. bathe, bathes, bathed, has","1. yıkanmak, yıkanmak, yıkanmak, yıkanmak","1. bañarse, bañarse, bañarse, tener","1. baden, badet, badete, hat",,other,,,Wenn du baden möchtest: Das,23
b1_0318,B1,gebadet,bathed,yıkanmış,bañado,gebadet,,word,,,Badezimmer ist dort hinten links. || Hier ist Baden verboten!,23
b1_0319,B1,"¨-er1. das Bad,",¨-er1. the bathroom,¨-er1. banyo,¨-er1. el baño,"¨-er1. das Bad,",,word,,,Nach einem warmen Bad fühlt man sich gleich viel besser. || Ich möchte ein Zimmer mit Bad.,23
b1_0320,B1,"die Badewanne, -n","the bathtub, -n","küvet, -n","la bañera, -n","die Badewanne, -n",die,noun,-n,,Nach einem langen Arbeitstag setzte sie sich in die Badewanne.,23
b1_0321,B1,"die Bahn, -en","the train, -en","tren, -tr",el tren,"die Bahn, -en",die,noun,-en,,Ich komme mit der Bahn.,23
b1_0322,B1,"S-Bahn, -en","S-Bahn, -en","S-Bahn, -tr","S-Bahn, -es","S-Bahn, -en",,noun,,,Die S-Bahn ist schneller als die Straßenbahn.,23
b1_0323,B1,"die Straßenbahn, -en","the tram, -en","tramvay, -tr","el tranvía, -es","die Straßenbahn, -en",die,noun,-en,,Nehmen Sie die Straßenbahn Nr. 16.,23
b1_0324,B1,"die U-Bahn, -en","the subway, -en","metro, -tr",el metro,"die U-Bahn, -en",die,noun,-en,,Die letzte U-Bahn geht um 23.15 Uhr.,23
b1_0325,B1,"der Bahnhof, ¨-e","the train station, ¨-e","tren istasyonu, ¨-e","la estacion de tren, ¨-e","der Bahnhof, ¨-e",der,noun,¨-e,,Ich bringe Sie zum Bahnhof.,23
b1_0326,B1,"der Bahnsteig, -e (D, A) →","the platform, -e (D, A) →","platform, -e (D, A) →","la plataforma, -e (D, A) →","der Bahnsteig, -e (D, A) →",der,noun,"-e (D, A) →",,Auf Hauptbahnhöfen gibt es meist,23
b1_0327,B1,CH: Perron,CH: Platform,CH: Platform,CH: Plataforma,CH: Perron,,noun,,,viele Bahnsteige.,23
b1_0328,B1,bald,soon,yakında,pronto,bald 1.,,adverb,,,"Besuchen Sie uns doch bald mal. || Geben Sie mir bitte so bald wie möglich Bescheid. || Auf Wiedersehen, bis bald!",23
b1_0329,B1,"der Balkon, -e","the balcony, -e","balkon, -e","el balcón, -e","der Balkon, -e",der,noun,-e,,Die Wohnung hat auch einen kleinen Balkon.,23
b1_0330,B1,"der Ball, ¨-e","the ball, ¨-e","top, ¨-e","la pelota, ¨-e","der Ball, ¨-e",der,noun,¨-e,,Ich spiele gern mit meinen Kindern Ball.,23
b1_0331,B1,"das Ballett, -e","the ballet, -e","bale, -e","el ballet, -e","das Ballett, -e",das,noun,-e,,Meine Tochter möchte gern Ballett tanzen.,23
b1_0332,B1,"die Banane, -n","the banana, -n","muz, -n","el plátano, -n","die Banane, -n",die,noun,-n,,"1 Kilo Bananen, bitte.",23
b1_0333,B1,"die Bank, ¨-e","the bank, ¨-e","banka, ¨-e","el banco, ¨-e","die Bank, ¨-e",die,noun,¨-e,,"Kommt, wir setzen uns auf die Bank da vorne.",23
b1_0334,B1,"die Bank, -en","the bank, -en","banka, -tr","el banco, -es","die Bank, -en",die,noun,-en,,Bei welcher Bank haben Sie Ihr Konto?,23
b1_0335,B1,"der Bancomat/Bankomat,",the ATM/ATM,ATM/ATM,el cajero automático/cajero automático,"der Bancomat/Bankomat,",der,noun,,,Ich hole noch schnell Geld vom,23
b1_0336,B1,"-en (A, CH) →D:","-en (A, CH) →D:","-en (A, CH) →D:","-en (A, CH) →D:","-en (A, CH) →D:",,word,,,Bankomaten.,23
b1_0337,B1,Geldautomat,ATM,ATM,cajero automático,Geldautomat,,noun,,,,23
b1_0338,B1,"die Bankleitzahl, -en","the bank sort number, -en","banka sıralama numarası, -en","el número de clasificación del banco, -en","die Bankleitzahl, -en",die,noun,-en,,Bitte geben Sie Ihre Bankleitzahl an.,23
b1_0339,B1,"die Bankomat-Karte, -n","the ATM card, -n","ATM kartı, -n","la tarjeta de cajero automático, -n","die Bankomat-Karte, -n",die,noun,-n,,Sie können auch mit Bankomat-Karte,23
b1_0340,B1,(A) →ec-Karte/EC-Karte,(A) →ec card/EC card,(A) →ec kartı/EC kartı,(A) →tarjeta EC/tarjeta EC,(A) →ec-Karte/EC-Karte,,other,,,zahlen.,23
b1_0341,B1,"die Bar, -s","the bar, -s","bar, -s","la barra, -s","die Bar, -s 1.",die,noun,-s 1.,,Setzen wir uns doch an die Bar! || Ich treffe meine Freundin in der Hotelbar.,23
b1_0342,B1,bar Zahlen,pay in cash,nakit ödeme,pagar en metálico,bar Zahlen,,verb,,,Sie bar?,23
b1_0343,B1,das BargeldIch,das BargeldIch,nakit,el efectivoyo,das BargeldIch,das,noun,,,habe kein Bargeld mehr.,23
b1_0344,B1,"der Bart, ¨-e John","the beard, ¨-e John","sakal, ¨-e John","la barba, ¨-e John","der Bart, ¨-e John",der,noun,¨-e John,,trägt jetzt einen Bart.,23
b1_0345,B1,"der Basketball, ¨-e","the basketball, ¨-e","basketbol, ​​¨-e","el baloncesto, ¨-e","der Basketball, ¨-e 1.",der,noun,¨-e 1.,,Sie spielt sehr gern Basketball. || Er hat zum Geburtstag einen neuen Basketball bekommen.,23
b1_0346,B1,"basteln, bastelt,","craft, craft","zanaat, zanaat","artesanía, artesanía","basteln, bastelt, 1.",,word,,,Die Kinder basteln ein Vogelhaus.,23
b1_0347,B1,"bastelte, hat gebastelt","tinkered, tinkered","tamir edilmiş, tamir edilmiş","retocado, retocado","bastelte, hat gebastelt 2.",,word,,,Ich arbeite gern mit natürlichen Bastelmaterialien.,23
b1_0348,B1,"die Batterie, -n","the battery, -n","pil, -n","la batería, -n","die Batterie, -n",die,noun,-n,,Bringst du bitte Batterien für die Kamera mit?,23
b1_0349,B1,"der Bauch, ¨-e","the stomach, ¨-e","mide, ¨-e","el estomago, ¨-e","der Bauch, ¨-e",der,noun,¨-e,,Mir tut der Bauch weh.,23
b1_0350,B1,"bauen, baut, baute,","build, build, built","inşa etmek, inşa etmek, inşa etmek","construir, construir, construido","bauen, baut, baute,",,word,,hat gebaut,Mein Nachbar hat ein Haus gebaut.,23
b1_0351,B1,"der Bau, Bauten1.","the construction, buildings1.","inşaat, binalar1.","la construcción, edificios1.","der Bau, Bauten1.",der,noun,Bauten1.,,Ich wohne in einer Neubauwohnung. || Unser Haus ist ein Altbau.,23
b1_0352,B1,"die Baustelle, -n","the construction site, -n","inşaat alanı, -n","el sitio de construcción, -n","die Baustelle, -n",die,noun,-n,,Wir müssen die Baustelle umfahren.,23
b1_0353,B1,"der Bauer, -n","the farmer, -n","çiftçi, -n","el granjero, -n","der Bauer, -n",der,noun,-n,,Wir kaufen unser Gemüse beim Bauern.,23
b1_0354,B1,"der Baum, ¨-e","the tree, ¨-e","ağaç, ¨-e","el árbol, ¨-e","der Baum, ¨-e",der,noun,¨-e,,Wir haben zwei Bäume im Garten.,23
b1_0355,B1,"beachten, beachtet,","pay attention, pay attention",dikkat et dikkat et,"presta atención, presta atención","beachten, beachtet,",,word,,,Bitte beachten Sie die Ansagen am,23
b1_0356,B1,"beachtete, hat beachtet","noticed, took notice","fark ettim, farkettim","notó, tomó nota","beachtete, hat beachtet",,word,,,Bahnsteig.,23
b1_0357,B1,"der Beamte, -n","the official, -n","resmi, -n","el funcionario, -n","der Beamte, -n",der,noun,-n,,Meine Frau ist Beamtin bei der Polizei.,23
b1_0358,B1,"die Beamtin, -nen","the officer, -nen","memur, -nen","el oficial, -nen","die Beamtin, -nen",die,noun,-nen,,,23
b1_0359,B1,"beantragen, beantragt,","apply, applied for","başvurmak, başvurmak","aplicar, solicitado","beantragen, beantragt,",,word,,,Hast du schon einen neuen Pass,23
b1_0360,B1,"beantragte, hat beantragt","requested, has requested","talep etti, talep etti","solicitado, ha solicitado","beantragte, hat beantragt",,word,,,beantragt?,23
b1_0361,B1,"beantworten, beant-","answer, answer","cevapla, cevapla","responder, responder","beantworten, beant-",,word,,,Sie haben meine Frage leider nicht,23
b1_0362,B1,"wortet, beantwortete,","said, answered","dedi, cevapladı","dijo, respondió","wortet, beantwortete,",,word,,hat beantwortet,beantwortet.,23
b1_0363,B1,sich bedanken,to thank,teşekkür etmek,agradecer,"sich bedanken, bedankt,",,verb,,"bedankt,",Ich möchte mich noch einmal sehr her-,23
b1_0364,B1,"bedankte, hat bedankt","thanked, thanked","teşekkür ettim, teşekkür ettim","agradecido, agradecido","bedankte, hat bedankt",,word,,,zlich für Ihre Hilfe bedanken.,23
b1_0365,B1,der Bedarf,the need,ihtiyaç,el cumquibus,der Bedarf,der,noun,,,An diesem Produkt besteht großer Bedarf.,23
b1_0366,B1,"bedeuten, bedeutet,","mean, means","demek, demek","significa, significa","bedeuten, bedeutet, 1.",,word,,,Was bedeutet dieses Wort?,23
b1_0367,B1,"bedeutete, hat bedeutet","meant, has meant","demek istedi, demek istedi","significó, ha significado","bedeutete, hat bedeutet 2.",,word,,,"Ich bin krank. || Das bedeutet, dass ich heute nicht arbeiten kann.",23
b1_0368,B1,"die Bedeutung, -en","the meaning, -en","anlamı, -tr","el significado, -en","die Bedeutung, -en",die,noun,-en,,Das Wort „Maus“ hat inzwischen zwei Bedeutungen.,23
b1_0369,B1,"bedienen, bedient,","serve, served","hizmet etmek, servis etmek","servir, servido","bedienen, bedient, 1.",,word,,,Werden Sie schon bedient?,24
b1_0370,B1,"bediente, hat bedient","served, served","servis edildi, servis edildi","servido, servido","bediente, hat bedient 2.",,word,,,Die Kaffeemaschine ist ganz leicht zu bedienen.,24
b1_0371,B1,"die Bedienungsanleitung,",the operating instructions,çalıştırma talimatları,las instrucciones de funcionamiento,"die Bedienungsanleitung,",die,noun,-en,,Die Bedienungsanleitung verstehe ich || nicht.,24
b1_0372,B1,"die Bedingung, -en","the condition, -en","koşul, -tr","la condición, -es","die Bedingung, -en 1.",die,noun,-en 1.,,"Wenn Sie unsere Bedingungen akzeptieren, können wir einen Vertrag machen. || Wir haben in unserem Betrieb sehr gute Arbeitsbedingungen.",24
b1_0373,B1,sich beeilen,hurry up,acele etmek,apresúrate,"sich beeilen, beeilt sich,",,verb,,"beeilt sich,",Wir müssen uns beeilen. || Sonst,24
b1_0374,B1,"beeilte sich,",hurried,aceleyle,apresurado,"beeilte sich,",,word,,hat sich beeilt,verpassen wir den Zug.,24
b1_0375,B1,"beenden, beendet,","finish, finished","bitirmek, bitti","terminar, terminado","beenden, beendet,",,word,,,Du musst deine Ausbildung auf jeden,24
b1_0376,B1,"beendete, hat beendet","finished, has finished","bitti, bitti","terminado, ha terminado","beendete, hat beendet",,word,,,Fall beenden.,24
b1_0377,B1,sich befinden,to find oneself,kendini bulmak,encontrarse a uno mismo,"sich befinden, befindet",,verb,,befindet,Das Bord-Bistro befindet sich in der,24
b1_0378,B1,"sich, befand sich,","was, was","öyleydi, öyleydi","era, era","sich, befand sich,",,word,,hat sich befunden,Mitte des Zuges.,24
b1_0379,B1,befreit,freed,serbest bırakıldı,liberado,befreit,,word,,,Studenten und Studentinnen sind von den Rundfunk-Gebühren befreit.,24
b1_0380,B1,befriedigend,satisfactory,tatmin edici,satisfactorio,befriedigend,,word,,,Das Ergebnis ist befriedigend.,24
b1_0381,B1,"begegnen, begegnet,","encounter, encountered","karşılaşmak, karşılaşılan","encuentro, encontrado","begegnen, begegnet,",,word,,,Sind wir uns nicht schon mal,24
b1_0382,B1,"begegnete, ist begegnet","met, has met","tanıştım, tanıştım","conoció, ha conocido","begegnete, ist begegnet",,word,,,irgendwann begegnet?,24
b1_0383,B1,begeistert,enthusiastic,hevesli,entusiasta,begeistert,,word,,,Es war ein tolles Konzert. || Ich bin begeistert.,24
b1_0384,B1,"beginnen, beginnt,","begin, begins","başla, başlıyor","comenzar, comienza","beginnen, beginnt,",,word,,,In zwei Wochen beginnen die,24
b1_0385,B1,begann,began,başlamak,comenzó,"begann, hat begonnen",,verb,,hat begonnen,Sommerferien.,24
b1_0386,B1,der Beginn,the beginning,başlangıç,el comienzo,der Beginn,der,noun,,,Zu Beginn der Stunde begrüßt die Lehrerin ihre Schüler.,24
b1_0387,B1,"begleiten, begleitet,","accompany, accompanied","eşlik etmek, eşlik etmek","acompañar, acompañado","begleiten, begleitet,",,word,,,Ich begleite dich ein Stück.,24
b1_0388,B1,"begleitete, hat begleitet","accompanied, accompanied","eşlik etti, eşlik etti","acompañado, acompañado","begleitete, hat begleitet",,word,,,,24
b1_0389,B1,begrenzt,limited,sınırlı,limitado,begrenzt,,word,,,Die Teilnehmerzahl ist auf 12 begrenzt.,24
b1_0390,B1,"begründen, begründet,","justify, justify","haklı çıkarmak, haklı çıkarmak","justificar, justificar","begründen, begründet,",,word,,,Bitte begründen Sie Ihre Meinung.,24
b1_0391,B1,"begründete,",justified,haklı,justificado,"begründete,",,word,,hat begründet,,24
b1_0392,B1,"die Begründung, -en","the reason, -en","nedeni, -tr","la razón, -es","die Begründung, -en",die,noun,-en,,Die Miete wurde ohne Begründung erhöht.,24
b1_0393,B1,"begrüßen, begrüßt,","welcome, welcomed","hoş geldiniz, hoş geldiniz","bienvenido, bienvenido","begrüßen, begrüßt,",,word,,,Der Gastgeber begrüßt seine Gäste.,24
b1_0394,B1,"begrüßte, hat begrüßt","welcomed, has welcomed","memnuniyetle karşıladı, memnuniyetle karşıladı","acogido, ha acogido","begrüßte, hat begrüßt",,word,,,,24
b1_0395,B1,"behalten, behält, behielt,","keep, keep, kept","tutmak, tutmak, tutmak","mantener, mantener, mantener","behalten, behält, behielt,",,word,,hat behalten,Darf ich die Zeitschrift behalten?,24
b1_0396,B1,"behandeln, behandelt,","behandeln, behandelt,","tedavi etmek, tedavi etmek","tratar, tratado","behandeln, behandelt, 1.",,word,,,Welcher Arzt hat Sie bis jetzt,24
b1_0397,B1,"behandelte,",treated,işlem görmüş,tratado,"behandelte,",,word,,hat behandelt,behandelt? || So lasse ich mich von Ihnen nicht länger behandeln.,24
b1_0398,B1,"behaupten, behauptet,","claim, claims","iddia, iddialar","reclamo, reclamos","behaupten, behauptet, 1.",,word,,,"Er behauptet, unsere Meinung sei nicht",24
b1_0399,B1,"behauptete,",claimed,talep edildi,reclamado,"behauptete,",,word,,hat behauptet,"wichtig. || Es ist schwer, sich gegen meinen Kollegen zu behaupten.",24
b1_0400,B1,"behindern, behindert,","hinder, hinder","engellemek, engellemek","obstaculizar, obstaculizar","behindern, behindert, 1.",,word,,,"Bitte parken Sie so, dass Sie nieman-",24
b1_0401,B1,"behinderte, hat behindert","disabled, has disabled","devre dışı bırakıldı, devre dışı bırakıldı","discapacitado, ha discapacitado","behinderte, hat behindert",,word,,,den behindern.,24
b1_0402,B1,behindert,disabled,engelli,desactivado,behindert 2.,,word,,,Seit dem Unfall ist das Kind unserer Freunde behindert.,24
b1_0403,B1,"die Behörde, -n","the authority, -n","otorite, -n","la autoridad, -n","die Behörde, -n",die,noun,-n,,Sie erhalten ein Schreiben von der zuständigen Behörde.,24
b1_0404,B1,bei,at,en,en,bei 1.,,preposition,,,Potsdam liegt bei Berlin. || Ich wohne bei meinen Eltern. || Bei uns ist das anders als bei euch. || Wir essen kein Fleisch. || Ich habe kein Geld bei mir. || Wir wollen euch nicht beim Essen stören.,24
b1_0405,B1,beid-,both-,ikisi birden-,ambos-,beid- 1.,,word,,,"Beide waren mit meinem Vorschlag einverstanden. || Welche Bluse nehmen Sie, die rote oder die grüne? || – Ich nehme beide.",24
b1_0406,B1,"das Bein, -e","the leg, -e","bacak, -e","la pierna, -e","das Bein, -e",das,noun,-e,,Andreas hat sich das Bein gebrochen.,24
b1_0407,B1,beinahe,almost,neredeyse,casi,beinahe,,word,,,Ich habe heute beinahe den Bus verpasst.,24
b1_0408,B1,"das Beispiel, -e","the example, -e","örnek, -e","el ejemplo, -e","das Beispiel, -e 1.",das,noun,-e 1.,,"Können Sie mir ein Beispiel sagen? || Mein Freund hat viele Hobbys wie zum Beispiel Kochen, Tanzen, Fußballspielen. || Hier gibt’s so viele Sachen: beispielsweise Wurst, Obst, Brot …",24
b1_0409,B1,"beißen, beißt, biss,","bite, bite, bite","ısırmak, ısırmak, ısırmak","muerde, muerde, muerde","beißen, beißt, biss,",,word,,hat gebissen,"Pass auf, dass dich der Hund nicht || beißt!",24
b1_0410,B1,"der Beitrag, ¨-e","the contribution, ¨-e","katkı, ¨-e","el aporte, ¨-e","der Beitrag, ¨-e 1.",der,noun,¨-e 1.,,Die Krankenkasse hat die Beiträge erhöht. || Der Mitgliedsbeitrag für den Sportverein beträgt 34 Euro pro Monat.,24
b1_0411,B1,bekannt,known,bilinen,conocido,bekannt 1.,,word,,,Ein Onkel von mir ist ein bekannter Politiker. || Dieses Lied ist sehr bekannt.,24
b1_0412,B1,"der Bekannte, -n","the acquaintance, -n","tanıdık, -n","el conocido, -n","der Bekannte, -n",der,noun,-n,,In Hannover wohnen Bekannte von,24
b1_0413,B1,"die Bekannte, -n","the acquaintance, -n","tanıdık, -n","el conocido, -n","die Bekannte, -n",die,noun,-n,,mir.,24
b1_0414,B1,"bekannt geben, gibt","announce, gives","duyurmak, vermek","anunciar, dar","bekannt geben, gibt",,word,,,Den Prüfungsort geben wir Ihnen noch,24
b1_0415,B1,"bekannt, gab bekannt, hat","announced, announced, has","bekannt, gab bekannt, hat","anunciado, anunciado, ha","bekannt, gab bekannt, hat",,word,,,rechtzeitig bekannt.,24
b1_0416,B1,bekannt gegeben,announced,duyuruldu,anunciado,bekannt gegeben,,verb,,,,24
b1_0417,B1,"bekommen, bekommt,","get, gets","al, alır","conseguir, consigue","bekommen, bekommt, 1.",,word,,,Haben Sie meinen Brief bekommen?,24
b1_0418,B1,"bekam, hat bekommen","got, got","aldım, aldım","tengo, tengo","bekam, hat bekommen 2.",,word,,,Ich bekomme jeden Tag eine Spritze. || Was bekommen Sie? || – 5 kg Kartoffeln. || Wir haben Besuch bekommen. || Laut Wetterbericht bekommen wir Regen. || Plötzlich bekam ich starke Kopfschmerzen.,24
b1_0419,B1,"der Beleg, -e","the receipt, -e","makbuz, -e","el recibo, -e","der Beleg, -e",der,noun,-e,,Brauchen Sie einen Beleg?,25
b1_0420,B1,"beleidigen, beleidigt,","insult, offend","hakaret etmek, gücendirmek","insultar, ofender","beleidigen, beleidigt, 1.",,word,,,Ich wollte Sie nicht beleidigen.,25
b1_0421,B1,"beleidigte, hat beleidigt","offended, offended","kırgın, kırgın","ofendido, ofendido","beleidigte, hat beleidigt 2.",,word,,,Sei doch nicht immer gleich beleidigt.,25
b1_0422,B1,beliebt,popular,popüler,popular,beliebt,,word,,,Dieses Spiel ist bei Jugendlichen sehr beliebt.,25
b1_0423,B1,"bemerken, bemerkt,","notice, noticed","dikkat, fark ettim","aviso, notado","bemerken, bemerkt,",,word,,,"Ich habe nicht bemerkt, dass das",25
b1_0424,B1,"bemerkte, hat bemerkt","noticed, noticed","fark ettim, farkettim","notado, notado","bemerkte, hat bemerkt",,word,,,Fenster offen ist.,25
b1_0425,B1,sich bemühen,make an effort,çaba göstermek,haz un esfuerzo,"sich bemühen, bemüht, 1.",,verb,,"bemüht, 1.","Er hat sich sehr bemüht, etwas Gutes",25
b1_0426,B1,"bemühte, hat bemüht","tried hard, tried hard","çok denedim, çok denedim","se esforzó mucho, se esforzó mucho","bemühte, hat bemüht",,word,,,zu kochen. || Ich werde mich um einen Termin bemühen.,25
b1_0427,B1,"benötigen, benötigt,","need, needed","ihtiyaç, ihtiyaç","necesidad, necesario","benötigen, benötigt,",,word,,,"Sagen Sie Bescheid, wenn Sie noch",25
b1_0428,B1,"benötigte, hat benötigt","needed, has needed","ihtiyaç vardı, ihtiyaç vardı","necesitaba, ha necesitado","benötigte, hat benötigt",,word,,,etwas benötigen.,25
b1_0429,B1,"benutzen, benutzt,","use, used","kullanım, kullanılmış","usar, usado","benutzen, benutzt,",,word,,,Benutzen Sie bitte die öffentlichen,25
b1_0430,B1,"benutzte, hat benutzt","used, has used","kullanılmış, kullanılmış","usado, ha usado","benutzte, hat benutzt",,word,,,Verkehrsmittel.,25
b1_0431,B1,das Benzin,the gasoline,benzin,la gasolina,das Benzin,das,noun,,,Das Benzin soll wieder teurer werden.,25
b1_0432,B1,"beobachten, beobachtet,","observe, observed","gözlemlemek, gözlemlemek","observar, observado","beobachten, beobachtet,",,word,,,Wer hat den Unfall beobachtet?,25
b1_0433,B1,"beobachtete,",observed,gözlemlendi,observado,"beobachtete,",,word,,hat beobachtet,,25
b1_0434,B1,bequem,comfortable,rahat,cómodo,bequem 1.,,word,,,Meine Kinder ziehen am liebsten bequeme Sachen an. || Im Supermarkt einkaufen ist sehr bequem. || Diesen Sessel finde ich sehr bequem.,25
b1_0435,B1,"beraten, berät, beriet,","advise, advise, advise","tavsiye etmek, tavsiye etmek, tavsiye etmek","aconsejar, aconsejar, aconsejar","beraten, berät, beriet,",,word,,hat beraten,"Unser Personal berät Sie gern, wenn || Sie Fragen haben.",25
b1_0436,B1,die Beratung,the advice,tavsiye,el consejo,die Beratung,die,noun,,,Beratungen für Familien gibt es jeden Dienstag zwischen 14 und 16 Uhr.,25
b1_0437,B1,"berechnen, berechnet,","calculate, calculated","hesaplamak, hesaplanmış","calcular, calculado","berechnen, berechnet,",,word,,,Die Kosten für die Fahrt müssen erst,25
b1_0438,B1,"berechnete, hat berechnet","calculated, has calculated","hesaplandı, hesaplandı","calculado, ha calculado","berechnete, hat berechnet",,word,,,berechnet werden.,25
b1_0439,B1,"der Bereich, -e","the area, -e","alan, -e","el área, -e","der Bereich, -e 1.",der,noun,-e 1.,,In welchem Bereich möchten Sie arbeiten? || Umfahren Sie den Baustellenbereich.,25
b1_0440,B1,bereit,ready,hazır,listo,bereit 1.,,word,,,"Ich bin jederzeit bereit, dir zu helfen. || Das Paket liegt auf der Post für Sie bereit.",25
b1_0441,B1,bereits,already,çoktan,ya,bereits,,word,,,Bitte melde dich bei Frau Kaiser. || Sie hat bereits dreimal angerufen.,25
b1_0442,B1,"der Berg, -e","the mountain, -e","dağ, -e","la montaña, -e","der Berg, -e 1.",der,noun,-e 1.,,Die Zugspitze ist der höchste Berg in Deutschland. || Wir fahren jeden Sonntag in die Berge. || Auf dem Berg haben wir ein Picknick gemacht.,25
b1_0443,B1,"berichten, berichtet,","report, report","rapor, rapor","informe, informe","berichten, berichtet,",,word,,,Alle Zeitungen haben über den Unfall,25
b1_0444,B1,"berichtete, hat berichtet","reported, has reported","bildirdi, bildirdi","reportado, ha reportado","berichtete, hat berichtet",,word,,,berichtet.,25
b1_0445,B1,"der Bericht, -e","the report, -e","rapor, -e","el informe, -e","der Bericht, -e",der,noun,-e,,Ich habe gestern einen interessanten Bericht gelesen.,25
b1_0446,B1,"der Beruf, -e","the profession, -e","meslek, -e","la profesión, -e","der Beruf, -e",der,noun,-e,,Was sind Sie von Beruf?,25
b1_0447,B1,beruflich,professionally,profesyonelce,profesionalmente,beruflich,,adjective,,,Was machen Sie beruflich?,25
b1_0448,B1,berufstätig,employed,çalışan,empleado,berufstätig,,adjective,,,Sind Sie berufstätig?,25
b1_0449,B1,"beruhigen, beruhigt,","calm down, calm down","sakin ol, sakin ol","cálmate, cálmate","beruhigen, beruhigt, 1.",,word,,,Beruhigen Sie sich bitte. || Es ist alles in,25
b1_0450,B1,"beruhigte, hat beruhigt","calmed down, calmed down","sakinleşti, sakinleşti","calmado, calmado","beruhigte, hat beruhigt",,word,,,Ordnung. || Ich kann Sie beruhigen. || Ihrem Sohn ist nichts passiert.,25
b1_0451,B1,berühmt,famous,ünlü,famoso,berühmt,,word,,,Michael Schumacher ist ein berühmter Rennfahrer.,25
b1_0452,B1,"beschädigen, beschädigt,","damage, damaged","hasar, hasarlı","daño, dañado","beschädigen, beschädigt,",,word,,,"Bitte machen Sie eine Liste davon, was",25
b1_0453,B1,"beschädigte,",damaged,hasarlı,dañado,"beschädigte,",,word,,hat beschädigt,die Einbrecher beschädigt haben.,25
b1_0454,B1,"beschäftigen, beschäftigt,","busy, busy","meşgul, meşgul","ocupado, ocupado","beschäftigen, beschäftigt, 1.",,word,,,Womit haben Sie sich bei Ihrer Arbeit,25
b1_0455,B1,"beschäftigte,",busy,Meşgul,ocupado,"beschäftigte,",,word,,hat beschäftigt,beschäftigt? || Seit wann sind Sie bei dieser Firma beschäftigt?,25
b1_0456,B1,die Beschäftigung,the employment,istihdam,el empleo,die Beschäftigung,die,noun,,,"Ich suche eine Halbtagsbeschäftigung, weil ich ein kleines Kind habe.",25
b1_0457,B1,"der Bescheid, -e","the notice, -e","bildirim, -e","el aviso, -e","der Bescheid, -e",der,noun,-e,,Den endgültigen Bescheid erhalten Sie in etwa vier Wochen.,25
b1_0458,B1,Bescheid sagen,let me know,bana bildirin,hágamelo saber,Bescheid sagen,,noun,,,Ich erkundige mich nach den Terminen und sage Ihnen dann Bescheid.,25
b1_0459,B1,Bescheid geben,Let me know,Bana bildirin,Hágamelo saber,Bescheid geben,,noun,,,Kannst du mir bis morgen Bescheid geben?,25
b1_0460,B1,"beschließen, beschließt,","decide, decide","beschließen, beschließt,","decidir, decidir","beschließen, beschließt,",,word,,,"Wir haben beschlossen, uns ein",25
b1_0461,B1,"beschloss,",decided,karar verilmiş,decidido,"beschloss,",,word,,hat beschlossen,kleineres Auto zu kaufen.,25
b1_0462,B1,beschränken,restrict,kısıtlamak,restringir,beschränken,,verb,,,Die Teilnehmerzahl für den Kurs ist beschränkt.,25
b1_0463,B1,"beschreiben, beschreibt,","describe, describes","tarif etmek, tarif etmek","describir, describe","beschreiben, beschreibt,",,word,,,Kannst du mir den Weg zum Flughafen,25
b1_0464,B1,"beschrieb,",described,tarif edildi,descrito,"beschrieb,",,word,,hat beschrieben,beschreiben?,25
b1_0465,B1,"die Beschreibung, -en","the description, -en","açıklama, -tr","la descripción, -es","die Beschreibung, -en",die,noun,-en,,Eine Beschreibung des Geräts liegt bei.,25
b1_0466,B1,sich beschweren,complain,şikayet etmek,quejarse,"sich beschweren,",,verb,,,Wo können wir uns beschweren?,25
b1_0467,B1,"beschwert sich,",complains,şikayet ediyor,se queja,"beschwert sich,",,word,,,,25
b1_0468,B1,"beschwerte sich,",complained,şikayet edildi,se quejó,"beschwerte sich,",,word,,hat sich beschwert,,25
b1_0469,B1,"besetzen, besetzt,","occupy, occupied","besetzen, besetzt,","ocupar, ocupado","besetzen, besetzt, 1.",,word,,,Dieser Platz ist besetzt.,26
b1_0470,B1,"besetzte, hat besetzt","occupied, has occupied","işgal etti, işgal etti","ocupado, ha ocupado","besetzte, hat besetzt 2.",,word,,,Ich habe drei Plätze besetzt. || Ich habe jetzt schon dreimal dort angerufen. || Es ist immer besetzt.,26
b1_0471,B1,"besichtigen, besichtigt,","visit, visited","ziyaret, ziyaret edildi","visita, visitado","besichtigen, besichtigt,",,word,,,Im Urlaub haben wir Schloss Schön-,26
b1_0472,B1,"besichtigte, hat besichtigt","visited, has visited","ziyaret etti, ziyaret etti","visitó, ha visitado","besichtigte, hat besichtigt",,word,,,brunn besichtigt.,26
b1_0473,B1,"besitzen, besitzt, besaß,","own, own, owned","kendi, sahip olunan, sahip olunan","propio, propio, poseído","besitzen, besitzt, besaß,",,word,,hat besessen,Besitzt Ihre Frau ein eigenes Auto?,26
b1_0474,B1,besonder-,special-,özel-,especial-,besonder-,,word,,,Meine Eltern wollten uns mit dieser Reise eine ganz besondere Freude machen.,26
b1_0475,B1,besonders1.,especially1.,özellikle1.,especialmente1.,besonders1.,,word,,,Ich habe heute ein besonders günstiges Angebot gesehen. || Durch den Sturm gab es besonders in Süddeutschland schwere Schäden. || Wie geht’s? || – Nicht besonders.,26
b1_0476,B1,"besorgen, besorgt,","get, worried","al, endişelen","ponerse, preocupado","besorgen, besorgt,",,word,,,Soll ich die Eintrittskarten besorgen?,26
b1_0477,B1,"besorgte, hat besorgt","worried, has worried","endişeli, endişelendi","preocupado, se ha preocupado","besorgte, hat besorgt",,word,,,,26
b1_0478,B1,"besprechen, bespricht,","discuss, discuss","tartışmak, tartışmak","discutir, discutir","besprechen, bespricht,",,word,,,"Wir müssen noch genau besprechen,",26
b1_0479,B1,"besprach,",discussed,tartışıldı,discutido,"besprach,",,word,,hat besprochen,wann wir losfahren und was wir || mitnehmen.,26
b1_0480,B1,"die Besprechung, -en","the meeting, -en","toplantı, -tr","la reunión, -es","die Besprechung, -en",die,noun,-en,,"Tut mir leid, Herr Schmidt ist noch in einer Besprechung.",26
b1_0481,B1,die Besserung,the improvement,iyileşme,la mejora,die Besserung,die,noun,,,Gute Besserung!,26
b1_0482,B1,"bestätigen, bestätigt,","confirm, confirmed","onaylamak, teyit etmek","confirmar, confirmado","bestätigen, bestätigt, 1.",,word,,,Die Firma hat mir den Termin,26
b1_0483,B1,"bestätigte,",confirmed,onaylandı,confirmado,"bestätigte,",,word,,hat bestätigt,"schriftlich bestätigt. || Ich kann bestätigen, dass er hier war.",26
b1_0484,B1,"die Bestätigung, -en","the confirmation, -en","onay, -tr","la confirmación, -es","die Bestätigung, -en",die,noun,-en,,Ich brauche eine schriftliche Bestätigung für das Amt.,26
b1_0485,B1,"bestehen, besteht,","exist, exists","var, var","existe, existe","bestehen, besteht, 1.",,word,,,Das Modul Lesen besteht aus fünf,26
b1_0486,B1,bestand,existed,mevcut,existió,"bestand, hat bestanden",,verb,,hat bestanden,Teilen. || Ich habe die Prüfung bestanden!,26
b1_0487,B1,"bestellen, bestellt,","order, ordered","sipariş, sipariş","orden, ordenado","bestellen, bestellt, 1.",,word,,,Wir haben Pizza bestellt.,26
b1_0488,B1,"bestellte, hat bestellt","ordered, has ordered","sipariş etti, sipariş etti","ordenado, ha ordenado","bestellte, hat bestellt 2.",,word,,,Ich bin für 16 Uhr zum Vorstellungs- gespräch bestellt. || Ich soll Ihnen Grüße von Frau Meier bestellen.,26
b1_0489,B1,bestimmt,certainly,kesinlikle,ciertamente,bestimmt 1.,,word,,,Das hat Nancy bestimmt nicht so gemeint. || Möchtest du ein bestimmtes Brot?,26
b1_0490,B1,"bestrafen, bestraft,","punish, punished","cezalandırmak, cezalandırmak","castigar, castigar","bestrafen, bestraft,",,word,,,Zu schnelles Fahren wird streng,26
b1_0491,B1,"bestrafte, hat bestraft","punished, has punished","cezalandırdı, cezalandırdı","castigado, ha castigado","bestrafte, hat bestraft",,word,,,bestraft.,26
b1_0492,B1,"besuchen, besucht,","visit, visited","ziyaret, ziyaret edildi","visita, visitado","besuchen, besucht, 1.",,word,,,Besuchen Sie uns doch mal.,26
b1_0493,B1,"besuchte, hat besucht","visited, has visited","ziyaret etti, ziyaret etti","visitó, ha visitado","besuchte, hat besucht 2.",,word,,,Sie müssen noch einen Kurs besuchen.,26
b1_0494,B1,"der Besuch, -e1.","the visit, -e1.","ziyaret, -e1.","la visita, -e1.","der Besuch, -e1.",der,noun,-e1.,,Wir bekommen Besuch. || Ich mache einen Besuch im Kranken- haus. || Ich bin hier nur zu Besuch.,26
b1_0495,B1,sich beteiligen,participate,katılmak,participar,"sich beteiligen, beteiligt",,verb,,beteiligt,Wir wollen unserer Lehrerin ein,26
b1_0496,B1,"sich, beteiligte sich,","himself, took part","sich, beteiligte sich,","él mismo, participó","sich, beteiligte sich,",,word,,hat sich beteiligt,Geschenk kaufen. || Wer möchte sich || beteiligen?,26
b1_0497,B1,"der Betrag, ¨-e","the amount, ¨-e","miktar, ¨-e","la cantidad, ¨-e","der Betrag, ¨-e",der,noun,¨-e,,Bitte überweisen Sie den Betrag auf unser Konto.,26
b1_0498,B1,"betreuen, betreut,","look after, looked after","bakmak, bakmak","cuidar, cuidar","betreuen, betreut,",,word,,,Wer betreut bei Ihnen die Kinder?,26
b1_0499,B1,"betreute, hat betreut","cared for, cared for","bakımlı, bakımlı","cuidado, cuidado","betreute, hat betreut",,word,,,,26
b1_0500,B1,"der Betreuer, -","the supervisor, -","gözetmen, -","el supervisor, -","der Betreuer, -",der,noun,-,,Die Betreuerin der Kinder ist sehr nett.,26
b1_0501,B1,"die Betreuerin, -nen","the carer, -nen","bakıcı, -nen","el cuidador, -nen","die Betreuerin, -nen",die,noun,-nen,,,26
b1_0502,B1,die Betreuung,the care,bakım,el cuidado,die Betreuung,die,noun,,,Haben Sie eine Betreuung für Ihre Kinder?,26
b1_0503,B1,"der Betrieb, -e","the company, -e","şirket, -e","la empresa, -e","der Betrieb, -e 1.",der,noun,-e 1.,,In diesem Betrieb arbeiten zehn Leute. || Kurz vor Weihnachten ist in den Kaufhäusern immer viel Betrieb. || Der Aufzug ist in Betrieb/außer Betrieb.,26
b1_0504,B1,"der Betriebsrat, ¨-e","the works council, ¨-e","iş konseyi, ¨-e","el comité de empresa, ¨-e","der Betriebsrat, ¨-e",der,noun,¨-e,,Der Betriebsrat wird Sie über die,26
b1_0505,B1,"die Betriebsrätin, -nen","the works councilor, -nen","iş konseyi üyesi, -nen","el concejal de empresa, -nen","die Betriebsrätin, -nen",die,noun,-nen,,neuen Arbeitszeiten informieren.,26
b1_0506,B1,"betrügen, betrügt, betrog,","cheat, cheat, cheated","hile, hile, hile","engañar, engañar, engañar","betrügen, betrügt, betrog, 1.",,word,,hat betrogen,Ich würde meine Familie niemals || betrügen. || Die Rechnung stimmt nicht. || Der Kellner hat mich betrogen.,26
b1_0507,B1,betrunken,drunk,sarhoş,ebrio,betrunken,,verb,,,"Wenn Sie betrunken Auto fahren, verlieren Sie Ihren Führerschein.",26
b1_0508,B1,"das Bett, -en","the bed, -en","yatak, -tr",la cama,"das Bett, -en 1.",das,noun,-en 1.,,"Wir wollten uns neue Betten kaufen. || Solange Sie Fieber haben, müssen Sie im Bett bleiben.",26
b1_0509,B1,die Bevölkerung,the population,nüfus,la población,die Bevölkerung,die,noun,,,11 % der Bevölkerung wurden nicht im Inland geboren.,26
b1_0510,B1,bevor,before,önce,antes,bevor,,word,,,"Bevor wir gehen, möchte ich noch etwas essen.",26
b1_0511,B1,"bewegen, bewegt,","move, moved","hareket et, taşındı","moverse, movido","bewegen, bewegt, 1.",,word,,,Ich kann mich vor Schmerzen kaum,26
b1_0512,B1,"bewegte, hat bewegt","moved, has moved","taşındı, taşındı","se ha movido, se ha movido","bewegte, hat bewegt",,word,,,noch bewegen. || Ich kann meinen Finger nicht mehr bewegen.,26
b1_0513,B1,"die Bewegung, -en","the movement, -en","die Bewegung, -en","el movimiento, -es","die Bewegung, -en",die,noun,-en,,Sie brauchen mehr Bewegung. || Sie müssen regelmäßig spazieren gehen.,26
b1_0514,B1,"beweisen, beweist,","prove, prove","kanıtlamak, kanıtlamak","probar, probar","beweisen, beweist,",,word,,,"Wir können beweisen, dass Sie bei Rot",26
b1_0515,B1,bewies,proved,kanıtlandı,probado,"bewies, hat bewiesen",,verb,,hat bewiesen,über die Ampel gefahren sind.,26
b1_0516,B1,"der Beweis, -e","the proof, -e","kanıt, -e","la prueba, -e","der Beweis, -e",der,noun,-e,,Haben Sie dafür Beweise?,26
b1_0517,B1,sich bewerben,apply,uygula,aplicar,"sich bewerben, bewirbt 1.",,verb,,bewirbt 1.,Ich habe mich um diese Stelle,26
b1_0518,B1,"sich, bewarb sich,","himself, applied",kendisi başvurdu,"él mismo, aplicado","sich, bewarb sich,",,word,,hat sich beworben,beworben. || Ich habe mich als Kellner beworben.,26
b1_0519,B1,"die Bewerbung, -en1.","the application, -en1.","uygulama, -en1.","la aplicación, -en1.","die Bewerbung, -en1.",die,noun,-en1.,,Wohin soll ich meine Bewerbung schicken? || Hilfst du mir bei meiner Bewerbung?,26
b1_0520,B1,"der Bewohner, -","the resident, -","sakini, -","el residente, -","der Bewohner, -",der,noun,-,,Ich kenne die anderen Hausbewohner,27
b1_0521,B1,"die Bewohnerin, -nen","the resident, -nen","sakini, -nen","el residente, -nen","die Bewohnerin, -nen",die,noun,-nen,,nicht.,27
b1_0522,B1,"bezahlen, bezahlt,","pay, paid","ödeme, ödenmiş","pagar, pagado","bezahlen, bezahlt,",,word,,,Hast du die Rechnung schon bezahlt?,27
b1_0523,B1,"bezahlte, hat bezahlt","paid, has paid","ödedi, ödedi","pagado, ha pagado","bezahlte, hat bezahlt",,word,,,,27
b1_0524,B1,"die Beziehung, -en","the relationship, -en","ilişki, -tr","la relación, -es","die Beziehung, -en",die,noun,-en,,Wir haben gute Beziehungen zu unseren Nachbarn.,27
b1_0525,B1,"die Bibliothek, -en","the library, -en","kütüphane, -tr","la biblioteca, -es","die Bibliothek, -en",die,noun,-en,,Die Stadtbibliothek hat bereits geschlossen.,27
b1_0526,B1,das Bier,the beer,bira,la cerveza,das Bier,das,noun,,,"Ein Bier, bitte!",27
b1_0527,B1,"bieten, bietet, bot,","offer, offers, bot","teklif, teklifler, bot","oferta, ofertas, bot","bieten, bietet, bot, 1.",,word,,hat geboten,"Er hat mir für den alten Wagen noch || 800 Euro geboten. || Die Firma bietet ihren Mitarbeitern die Möglichkeit, Sprachkurse zu besuchen.",27
b1_0528,B1,"das Bild, -er","the picture, -er","resim, -er","la foto, -eh","das Bild, -er",das,noun,-er,,Ein Bild von meinen Kindern hängt über meinem Schreibtisch.,27
b1_0529,B1,"der Bildschirm, -e","the screen, -e","ekran, -e","la pantalla, -e","der Bildschirm, -e 1.",der,noun,-e 1.,,Ich brauche einen größeren Bildschirm für meinen Computer. || Wir haben einen Fernsehapparat mit einem sehr großen Bildschirm.,27
b1_0530,B1,"das Billett, -e/-s →D, A:","the ticket, -e/-s →D, A:","bilet, -e/-s →D, A:","el billete, -e/-s →D, A:","das Billett, -e/-s →D, A:",das,noun,"-e/-s →D, A:",,Ein Billett können Sie am Schalter,27
b1_0531,B1,Fahrkarte,ticket,bilet,boleto,Fahrkarte,,noun,,,kaufen.,27
b1_0532,B1,billig,cheap,ucuz,barato,billig,,adjective,,,Dieses Buch ist nicht ganz billig.,27
b1_0533,B1,die Biologie,the biology,biyoloji,la biología,die Biologie,die,noun,,,Meine Freundin studiert Biologie.,27
b1_0534,B1,Bio-,organic,organik,orgánico,Bio-,,noun,,,Ich kaufe nur noch Biogemüse.,27
b1_0535,B1,bio(logisch),organic(logical),organik(mantıksal),orgánico (lógico),bio(logisch),,word,,,Biologische Lebensmittel gibt es jetzt auch im Supermarkt.,27
b1_0536,B1,"die Birne, -n","the pear, -n","armut, -n","la pera, -n","die Birne, -n",die,noun,-n,,Möchten Sie Obst? || Die Birnen sind heute besonders schön.,27
b1_0537,B1,bis,until,değin,hasta,bis 1.,,word,,,"Die Linie 8 fährt nur bis zum Hauptbahnhof. || Bis wann können Sie bleiben? || Tschüs. || Bis gleich! || Einige Züge hatten bis zu zwei Stunden Verspätung. || Für die Renovierung brauchen wir drei bis vier Tage. || Warte hier, bis ich zurückkomme.",27
b1_0538,B1,bisher,until now,şimdiye kadar,hasta ahora,bisher,,word,,,Bisher ist alles in Ordnung.,27
b1_0539,B1,ein bisschen,a little bit,bir nebze,un poco,ein bisschen 1.,,word,,,"Wenn Sie ein bisschen warten, können wir zusammen gehen. || Möchten Sie noch ein bisschen Reis? || Können Sie bitte ein bisschen lauter sprechen? || Sprechen Sie Englisch? || – Ein bisschen.",27
b1_0540,B1,"bitten, bittet, bat,","ask, beg, beg","sor, yalvar, yalvar","pedir, suplicar, suplicar","bitten, bittet, bat,",,word,,hat gebeten,"Darf ich Sie bitten, kurz zuzuhören?",27
b1_0541,B1,"die Bitte, -n","the request, -n","istek, -n","la solicitud, -n","die Bitte, -n",die,noun,-n,,Ich habe eine Bitte. || Kann ich mal Ihr Handy benutzen?,27
b1_0542,B1,bitte1.,please1.,lütfen1.,por favor1.,bitte1.,,word,,,"Eine Tasse Kaffee, bitte! || Bitte schön! || Wie bitte? || Was haben Sie gesagt? || Sprechen Sie bitte langsam.",27
b1_0543,B1,bitter,bitter,acı,amargo,bitter,,word,,,Hast du Zucker? || Der Tee ist sehr bitter.,27
b1_0544,B1,blass,pale,solgun,pálido,blass,,word,,,Du siehst ganz blass aus. || Bist du krank?,27
b1_0545,B1,"das Blatt, ¨-er","the leaf, ¨-er","yaprak, ¨-er","la hoja, ¨-er","das Blatt, ¨-er 1.",das,noun,¨-er 1.,,Die Bäume bekommen schon gelbe Blätter. || Haben Sie ein Blatt Papier für mich?,27
b1_0546,B1,"bleiben, bleibt, blieb,","stay, stay, stayed","kal, kal, kaldı","quédate, quédate, quédate","bleiben, bleibt, blieb, 1.",,word,,ist geblieben,Ich bleibe heute zu Hause. || Im Juni und Juli bleibt unser Geschäft samstags geschlossen. || Bleiben Sie bitte am Apparat. || Bleiben Sie doch sitzen! || Wir bleiben nur bis morgen.,27
b1_0547,B1,"der Bleistift, -e","the pencil, -e","kalem, -e","el lápiz, -e","der Bleistift, -e",der,noun,-e,,Hast du einen Bleistift für mich?,27
b1_0548,B1,"der Blick, -e","the look, -e","görünüş, -e","la mirada, -e","der Blick, -e",der,noun,-e,,Von hier hat man einen tollen Blick über die Stadt.,27
b1_0549,B1,blind,blind,kör,ciego,blind,,word,,,Er ist von Geburt an blind.,27
b1_0550,B1,"blitzen, blitzt, blitzte,","flash, flash, flash","flaş, flaş, flaş","destello, destello, destello","blitzen, blitzt, blitzte, 1.",,word,,hat geblitzt,Gestern Abend gab es ein Gewitter. || Es || hat furchtbar geblitzt und gedonnert. || Ihre Augen blitzen vor Freude.,27
b1_0551,B1,"der Blitz, -e1.","the lightning, -e1.","der Blitz, -e1.","el relámpago, -e1.","der Blitz, -e1.",der,noun,-e1.,,"Was für ein Gewitter, hast du den Blitz gesehen? || Hast du das Foto mit Blitz gemacht?",27
b1_0552,B1,blond,blond,sarışın,rubio,blond 1.,,word,,,Mein Sohn ist blond. || Nina hat lange blonde Haare.,27
b1_0553,B1,bloß,just,Sadece,justo,bloß 1.,,word,,,"Ich möchte nichts kaufen. || Ich möchte mich bloß umsehen. || Komm bloß nicht zu spät. || Wir müssen pünktlich am Bahnhof sein. || Ach, wenn ich bloß mehr verdienen würde!",27
b1_0554,B1,"blühen, blüht, blühte,","bloom, bloom, bloom","çiçek açmak, çiçek açmak, çiçek açmak","florecer, florecer, florecer","blühen, blüht, blühte,",,word,,hat geblüht,Die Bäume blühen schon. || Es ist || Frühling.,27
b1_0555,B1,"die Blume, -n","die Blume, -n","çiçek, -n","la flor, -n","die Blume, -n",die,noun,-n,,Wir haben meiner Mutter Blumen zum Geburtstag geschenkt.,27
b1_0556,B1,"die Bluse, -n","the blouse, -n","bluz, -n","la blusa, -n","die Bluse, -n",die,noun,-n,,Ich hätte gerne eine weiße Bluse.,27
b1_0557,B1,"bluten, blutet, blutete,","bluten, blutet, blutete,","kanamak, kanamak, kanamak","sangrar, sangrar, sangrar","bluten, blutet, blutete,",,word,,hat geblutet,Ich habe mich verletzt. || Meine Hand || blutet.,27
b1_0558,B1,das Blut,the blood,kan,la sangre,das Blut,das,noun,,,Der Verletzte hat viel Blut verloren.,27
b1_0559,B1,"der Boden, ¨-","the floor, ¨-","zemin, ¨-","el piso, ¨-","der Boden, ¨- 1.",der,noun,¨- 1.,,Die Bücher lagen alle auf dem Boden. || Auf diesem Boden wächst Gemüse besonders gut.,28
b1_0560,B1,"der Bogen, -/¨-","the bow, -/¨-","yay, -/¨-","el arco, -/¨-","der Bogen, -/¨-",der,noun,-/¨-,,Bitte schreiben Sie Ihren Namen auf den Antwortbogen.,28
b1_0561,B1,"die Bohne, -n","the bean, -n","fasulye, -n","el frijol, -n","die Bohne, -n",die,noun,-n,,Ich esse gern Bohnen.,28
b1_0562,B1,"das Boot, -e","the boat, -e","tekne, -e","el barco, -e","das Boot, -e",das,noun,-e,,An diesem See kann man Boote mieten.,28
b1_0563,B1,"die Botschaft, -en","the message, -en","mesaj, -tr","el mensaje, -es","die Botschaft, -en",die,noun,-en,,Das Visum habe ich von der Botschaft bekommen.,28
b1_0564,B1,böse,evil,fenalık,demonio,böse,,word,,,"Ich habe das Buch leider vergessen. || Hoffentlich bist du mir nicht böse. || Mach nicht so ein böses Gesicht! || Ich bin böse auf dich, du bist wieder nicht gekommen! || Zeig mal! || Du hast dich verletzt? || Das sieht aber böse aus.",28
b1_0565,B1,"braten, brät, briet,","fry, fry, fried","kızartmak, kızartmak, kızartmak","freír, freír, frito","braten, brät, briet,",,word,,hat gebraten,Das Fleisch muss zehn Minuten braten. || Heute gibt’s gebratenen Fisch.,28
b1_0566,B1,"der Braten, -","the roast, -","kızartma, -","el asado, -","der Braten, -",der,noun,-,,Nehmen Sie noch etwas Soße zum Braten?,28
b1_0567,B1,"brauchen, braucht,","need, needs","ihtiyaç, ihtiyaçlar","necesidad, necesidades","brauchen, braucht,",,word,,,,28
b1_0568,B1,"brauchte, hat gebraucht","needed, needed","gerekli, gerekli","necesario, necesario","brauchte, hat gebraucht 1.",,word,,,Ich brauche ein Auto. || Brauchst du die Zeitung noch? || Meine Großmutter ist krank. || Sie braucht viel Ruhe. || Ich habe für die Renovierung eine Woche gebraucht. || Sie brauchen morgen nicht zu kommen. || Ich schaffe das alleine.,28
b1_0569,B1,"brechen, bricht, brach,","break, breaks, broke","kırılmak, kırılmak, kırılmak","romper, romper, romper","brechen, bricht, brach,",,word,,hat gebrochen,"Er hat sich beim Skifahren verletzt, sein Bein ist gebrochen. || Ich habe mir im Urlaub das Bein gebrochen.",28
b1_0570,B1,breit,broad,geniş,amplio,breit,,word,,,Der Teppich ist zwei Meter lang und einen Meter breit.,28
b1_0571,B1,"die Breite, -n","the width, -n","genişlik, -n","el ancho, -n","die Breite, -n",die,noun,-n,,"Welche Maße hat der Tisch? || – Länge:1m,Breite:80cm,Höhe:1,20 m.",28
b1_0572,B1,"bremsen, bremst,","brake, brake","fren, fren","freno, freno","bremsen, bremst,",,word,,,,28
b1_0573,B1,"bremste, hat gebremst","braked, braked","frenlenmiş, frenlenmiş","frenado, frenado","bremste, hat gebremst",,word,,,Der Mann ist ganz plötzlich über die Straße gegangen. || Ich musste stark bremsen.,28
b1_0574,B1,"die Bremse, -n","the brake, -n","fren, -n","el freno, -n","die Bremse, -n",die,noun,-n,,Du musst unbedingt die Bremsen kontrollieren lassen.,28
b1_0575,B1,"brennen, brennt, brannte,","burn, burn, burnt","yanmak, yanmak, yanmak","quemar, quemar, quemar","brennen, brennt, brannte,",,word,,hat gebrannt,In diesem Haus hat es letztes Jahr gebrannt. || Die Kerze brennt noch. || Mach sie bitte aus. || In deinem Zimmer hat die ganze Nacht das Licht gebrannt.,28
b1_0576,B1,"der Brief, -e","the letter, -e","harf, -e","la letra, -e","der Brief, -e",der,noun,-e,,Ich schreibe nicht gern Briefe.,28
b1_0577,B1,"der Briefkasten, ¨-1.","the mailbox, ¨-1.","posta kutusu, ¨-1.","el buzón, ¨-1.","der Briefkasten, ¨-1.",der,noun,¨-1.,,Ist hier in der Nähe ein Briefkasten? || Hol bitte mal die Zeitung aus dem Briefkasten.,28
b1_0578,B1,"die Briefmarke, -n","the stamp, -n","damga, -n","el sello, -n","die Briefmarke, -n",die,noun,-n,,Briefmarken bekommen Sie am Schalter 7.,28
b1_0579,B1,"der Briefträger,",the postman,postacı,el cartero,"der Briefträger,",der,noun,,,War die Briefträgerin schon da?,28
b1_0580,B1,→CH:dieBriefträgerin,→CH: the postman,→CH: postacı,→CH: el cartero,"→CH:dieBriefträgerin,-nen",,verb,,-nen,,28
b1_0581,B1,Pöstler,Postman,Postacı,Cartero,Pöstler,,noun,,,,28
b1_0582,B1,"der Briefumschlag, ¨-e →","the envelope, ¨-e →","zarf, ¨-e →","el sobre, ¨-e →","der Briefumschlag, ¨-e →",der,noun,¨-e →,,Ich hätte gern 50 Briefumschläge und,28
b1_0583,B1,A: Kuvert; CH: Couvert,A: Envelope; CH: Envelope,C: Zarf; CH: Zarf,R: Sobre; CH: Sobre,A: Kuvert; CH: Couvert,,noun,,,Briefmarken dazu.,28
b1_0584,B1,"die Brieftasche, -n →D,","the wallet, -n →D","cüzdan, -n →D","la billetera, -n →D","die Brieftasche, -n →D,",die,noun,"-n →D,",,Ich habe nur Kleingeld in meiner,28
b1_0585,B1,CH: Portemonnaie/Port-,CH: wallet/port-,CH: cüzdan/port-,CH: billetera/puerto-,CH: Portemonnaie/Port-,,noun,,,Brieftasche.,28
b1_0586,B1,monee; A: Geldbörse,monee; A: Wallet,para; C: Cüzdan,dinero; R: billetera,monee; A: Geldbörse,,word,,,,28
b1_0587,B1,"die Brille, -n","the glasses, -n","gözlükler, -n","las gafas, -n","die Brille, -n",die,noun,-n,,Ich brauche eine neue Brille.,28
b1_0588,B1,"bringen, bringt, brachte,","bring, brings, brought","getir, getiriyor, getirdi","traer, trae, traído","bringen, bringt, brachte, 1.",,word,,hat gebracht,Bringen Sie mir bitte ein Glas Tee! || Ich bringe dich nach Hause. || Die Abendzeitung hat einen Bericht über den Unfall gebracht.,28
b1_0589,B1,"die Broschüre, -n","the brochure, -n","broşür, -n","el folleto, -n","die Broschüre, -n",die,noun,-n,,In der Broschüre finden Sie die neuesten Informationen.,28
b1_0590,B1,"das Brot, -e","the bread, -e","ekmek, -e","el pan, -e","das Brot, -e 1.",das,noun,-e 1.,,"Brot kaufe ich immer beim Bäcker, nicht im Supermarkt. || Was möchtest du aufs Brot haben? || Nimm noch ein paar belegte Brote für die Fahrt mit.",28
b1_0591,B1,"das Brötchen, - (D) →A:","the bun, - (D) →A:","çörek, - (D) →A:","el bollo, - (D) →A:","das Brötchen, - (D) →A:",das,noun,- (D) →A:,,Ich hole schnell ein paar Brötchen zum,28
b1_0592,B1,Semmel; CH: Brötli,bread roll; CH: Bread rolls,ekmek rulosu; CH: Ekmek ruloları,panecillo; CH: panecillos,Semmel; CH: Brötli,,noun,,,Frühstück.,28
b1_0593,B1,"das Brötli, - (CH) →D:","the bread roll, - (CH) →D:","ekmek rulosu, - (CH) →D:","el panecillo, - (CH) →D:","das Brötli, - (CH) →D:",das,noun,- (CH) →D:,,Ich hole schnell ein paar Brötli zum,28
b1_0594,B1,Brötchen; A: Semmel,Bread roll; A: Bread,Ekmek rulosu; C: Ekmek,Bollo de pan; R: pan,Brötchen; A: Semmel,,noun,,,Frühstück.,28
b1_0595,B1,"die Brücke, -n","the bridge, -n","köprü, -n","el puente, -n","die Brücke, -n",die,noun,-n,,Fahren Sie über die nächste Brücke und dann rechts.,28
b1_0596,B1,"der Bruder, ¨-","the brother, ¨-","erkek kardeş, ¨-","el hermano,¨-","der Bruder, ¨-",der,noun,¨-,,Mein jüngster Bruder geht noch zur Schule.,28
b1_0597,B1,die Brust,the chest,göğüs,el pecho,die Brust,die,noun,,,Ich habe Schmerzen in der Brust.,28
b1_0598,B1,"→D: der Bub, -en (A, CH)","→D: the boy, -en (A, CH)","→D: oğlan, -en (A, CH)","→D: el niño, -en (A, CH)","→D: der Bub, -en (A, CH)",,other,,,In der Schulklasse sind 15 Buben und,28
b1_0599,B1,Junge,Boy,Erkek çocuk,Chico,Junge,,noun,,,10 Mädchen.,28
b1_0600,B1,"das Buch, ¨-er","the book, ¨-er","kitap, ¨-er","el libro, ¨-er","das Buch, ¨-er",das,noun,¨-er,,Haben Sie ein Buch über die Geschichte von Berlin?,28
b1_0601,B1,"die Buchhandlung, -en","the bookstore, -en","kitapçı, -tr","la librería, -es","die Buchhandlung, -en",die,noun,-en,,In der Buchhandlung in der Stadt haben sie das Buch sicher.,28
b1_0602,B1,"buchen, bucht, buchte,","book, book, booked","kitap, kitap, ayırtılmış","libro, libro, reservado","buchen, bucht, buchte,",,word,,hat gebucht,Ich habe für morgen einen Flug nach || Rom gebucht.,28
b1_0603,B1,"buchstabieren, buchsta-","spell, letter-","büyü, mektup-","hechizo, letra-","buchstabieren, buchsta-",,word,,,Würden Sie Ihren Namen bitte,29
b1_0604,B1,"biert, buchstabierte,","beered, spelled","bira, yazıldığından","cerveza, espelta","biert, buchstabierte,",,word,,hat buchstabiert,buchstabieren?,29
b1_0605,B1,"der Buchstabe, -n1.","the letter, -n1.","harf, -n1.","la letra, -n1.","der Buchstabe, -n1.",der,noun,-n1.,,Gibt es diesen Buchstaben auch in deiner Muttersprache? || Ihr Name beginnt mit K. – Buchstabe K ist in Zimmer || Bitte warten Sie dort.,29
b1_0606,B1,"die Büchse, -n (D, CH) →","the box, -n (D, CH) →","kutu, -n (D, CH) →","la caja, -n (D, CH) →","die Büchse, -n (D, CH) →",die,noun,"-n (D, CH) →",,Ich habe noch eine Büchse Bohnen.,29
b1_0607,B1,A: Dose,A: Can,C: Yapabilir miyim,R: puede,A: Dose,,noun,,,,29
b1_0608,B1,"das Buffet, -s","the buffet, -s","büfe, -s","el buffet, -s","das Buffet, -s",das,noun,-s,,Das Buffet ist eröffnet!,29
b1_0609,B1,"die Bühne, -n","the stage, -n","sahne, -n","el escenario, -n","die Bühne, -n",die,noun,-n,,Er steht gern auf der Bühne.,29
b1_0610,B1,bunt,colorful,renkli,vistoso,bunt,,word,,,Das bunte Kleid gefällt mir gut.,29
b1_0611,B1,"die Burg, -en","the castle, -en","kale, -tr","el castillo, -es","die Burg, -en",die,noun,-en,,Von der Burg hat man eine schöne Aussicht.,29
b1_0612,B1,"der Bürger, -","the citizen, -","vatandaş, -","el ciudadano, -","der Bürger, -",der,noun,-,,EU-Bürgerinnen und Bürger können,29
b1_0613,B1,"die Bürgerin, -nen","the citizen, -nen","vatandaş, -nen","el ciudadano, -nen","die Bürgerin, -nen",die,noun,-nen,,überall in Europa arbeiten.,29
b1_0614,B1,"das Büro, -s","the office, -s","ofis, -s","la oficina, -s","das Büro, -s 1.",das,noun,-s 1.,,Unser Büro bleibt samstags geschlossen. || Ich möchte in einem Büro arbeiten.,29
b1_0615,B1,"die Bürste, -n","the brush, -n","fırça, -n","el cepillo, -n","die Bürste, -n 1.",die,noun,-n 1.,,Hast du eine Bürste? || Meine Schuhe sind so schmutzig. || Ich brauche eine Bürste für meine Haare.,29
b1_0616,B1,"die Zahnbürste, -n","the toothbrush, -n","diş fırçası, -n","el cepillo de dientes, -n","die Zahnbürste, -n",die,noun,-n,,Ich brauche eine neue Zahnbürste.,29
b1_0617,B1,"der Bus, -se","the bus, -se","otobüs, -se","el autobús, -se","der Bus, -se",der,noun,-se,,Ich fahre meistens mit dem Bus zur Arbeit.,29
b1_0618,B1,die Butter,the butter,tereyağı,la mantequilla,die Butter,die,noun,,,Ich möchte nur Butter aufs Brot.,29
b1_0619,B1,"das Café, -s","the cafe, -s","kafe, -s","el café, -s","das Café, -s",das,noun,-s,,Hier in der Nähe ist ein Café. || Lass uns einen Kaffee trinken.,29
b1_0620,B1,"die Cafeteria, -s","the cafeteria, -s","kafeterya, -s","la cafeteria, -s","die Cafeteria, -s",die,noun,-s,,Ich hole mir schnell etwas aus der Cafeteria.,29
b1_0621,B1,"die Chance, -n","the chance, -n","şans, -n","la oportunidad, -n","die Chance, -n",die,noun,-n,,"Mein Mann hat gute Chancen, die Stelle zu bekommen.",29
b1_0622,B1,"der Chef, -s","the boss, -s","patron, -s","el jefe, -s","der Chef, -s",der,noun,-s,,"Das kann ich nicht allein entscheiden,",29
b1_0623,B1,"die Chefin, -nen","the boss, -nen","patron, -nen","el jefe, -nen","die Chefin, -nen",die,noun,-nen,,da muss ich erst die Chefin fragen.,29
b1_0624,B1,chic/schick,chic/chic,şık/şık,elegante/elegante,chic/schick,,word,,,Ich finde dein Kleid sehr chick.,29
b1_0625,B1,"der Coiffeur, -e","the hairdresser, -e","kuaför, -e","el peluquero, -e","der Coiffeur, -e 1.",der,noun,-e 1.,,Du siehst toll aus! || Wer ist dein,29
b1_0626,B1,"die Coiffeuse, -n (CH)","the hairdresser, -n (CH)","kuaför, -n (CH)","el peluquero, -n (CH)","die Coiffeuse, -n (CH)",die,noun,-n (CH),,Coiffeur?,29
b1_0627,B1,"→D, A: Friseur","→D, A: Friseur","→D, A: kuaför","→D, A: peluquero","→D, A: Friseur 2.",,other,,,Meine Tochter will Coiffeuse werden.,29
b1_0628,B1,"die Couch, -s","the couch, -s","kanepe, -s","el sofá, -s","die Couch, -s",die,noun,-s,,Wir haben uns eine Couch und neue Sessel gekauft.,29
b1_0629,B1,"die Creme, -n/-s","the cream, -n/-s","krema, -n/-s","la crema, -n/-s","die Creme, -n/-s 1.",die,noun,-n/-s 1.,,Ich hätte gern eine Creme für die Hände. || Für die Creme habe ich Butter und Schokolade genommen.,29
b1_0630,B1,"der Cousin, -s","the cousin, -s","kuzen, -s","la prima, -s","der Cousin, -s",der,noun,-s,,Meine Cousine wohnt jetzt in Brasilien.,29
b1_0631,B1,"die Cousine, -n","the cousin, -n","kuzen, -n","la prima, -n","die Cousine, -n",die,noun,-n,,,29
b1_0632,B1,"das Couvert, -s (CH) →","the envelope, -s (CH) →","zarf, -s (CH) →","el sobre, -s (CH) →","das Couvert, -s (CH) →",das,noun,-s (CH) →,,Ich hätte gern 50 Couverts und,29
b1_0633,B1,Briefumschlag; A: Kuvert,envelope; A: Envelope,mektup; C: Zarf,sobre; R: sobre,Briefumschlag; A: Kuvert,,noun,,,Briefmarken dazu.,29
b1_0634,B1,da,there,Orası,allá,da 1.,,conjunction,,,"Da drüben ist ein Getränkeautomat. || Was Sie da sagen, ist richtig. || Ich wollte gerade einparken. || Da kam ein Wagen rückwärts aus der Einfahrt. || Wir haben schon geschlossen. || – Da kann man nichts machen. || Da Sie keinen Mitgliedsausweis haben, ist es etwas teurer. || Wir haben gerade über dich gesprochen. || Da bist du ja. || Welche Bluse nehmen Sie? || – Die da. || Ist Herr Klein schon da?",29
b1_0635,B1,dabei,included,dahil,incluido,dabei 1.,,word,,,"Was hast du dir dabei gedacht? || Schön, dass du da bist. || Ist deine Familie auch dabei? || Hast du einen Stift dabei?",29
b1_0636,B1,"das Dach, ¨-er","the roof, ¨-er","çatı, ¨-er","el techo, ¨-er","das Dach, ¨-er 1.",das,noun,¨-er 1.,,Wir müssen das Dach reparieren lassen. || Wir wohnen direkt unter dem Dach.,29
b1_0637,B1,dafür,for that,bunun için,por eso,dafür 1.,,word,,,"Meine Schwester interessiert sich für Politik. || Ich interessiere mich nicht dafür. || Ich bin dafür, dass wir möglichst früh losfahren.",29
b1_0638,B1,dagegen,against it,ona karşı,en contra,dagegen 1.,,word,,,"Vorsicht, da ist ein Baum! || Fahr nicht dagegen! || Sind Sie für oder gegen ein Rauchverbot? || - Ich bin dagegen. || Ich habe nichts dagegen, dass wir schon nach Hause gehen.",29
b1_0639,B1,daher,therefore,Öyleyse,por lo tanto,daher,,word,,,"Ich bin erkältet, daher kann ich heute nicht kommen.",29
b1_0640,B1,dahin,there,Orası,allá,dahin,,word,,,Der Zug kommt in 30 Minuten. || Bis dahin können wir einen Kaffee trinken.,29
b1_0641,B1,damals,at that time,o zaman,En ese tiempo,damals,,word,,,Mit 15 wollte ich gerne Klavier spielen lernen. || Aber damals hatte ich kein Geld dafür.,30
b1_0642,B1,"die Dame, -n","the lady, -n","bayan, -n","la dama, -n","die Dame, -n 1.",die,noun,-n 1.,,Sie ist eine nette alte Dame. || Meine Damen und Herren! || Sehr geehrte Damen und Herren.,30
b1_0643,B1,damit,with it,onunla,con eso,damit 1.,,word,,,"Mach schnell, damit wir nicht zu spät kommen. || Was macht man mit diesem Ding? || - Damit kann man Dosen aufmachen.",30
b1_0644,B1,danach,thereafter,bundan sonra,después de eso,danach,,word,,,"Zuerst gehen wir einkaufen, danach grillen wir auf unserem Balkon.",30
b1_0645,B1,daneben,next to it,onun yanında,al lado de él,daneben,,verb,,,"Du weißt doch, wo die Post ist. || Gleich daneben ist die Bank.",30
b1_0646,B1,"danken, dankt, dankte, Ich","thank, thanks, thanked, I","teşekkür ederim, teşekkürler, teşekkür ettim, ben","gracias, gracias, gracias, yo","danken, dankt, dankte, Ich",,word,,hat gedankt,danke dir für die Einladung.,30
b1_0647,B1,der Dank1.,the thanks1.,teşekkürler1.,el agradecimiento1.,der Dank1.,der,noun,,,Vielen Dank für Ihre Mühe. || Hier ist Ihr Kaffee. || – Vielen Dank! || Herzlichen Dank! || Gott sei Dank hat es nicht geregnet.,30
b1_0648,B1,dankbar,thankful,dankbar,agradecido,dankbar,,adjective,,,Ich bin Ihnen sehr dankbar für Ihre Hilfe.,30
b1_0649,B1,danke1.,thank you1.,teşekkür ederim1.,gracias1.,danke1.,,word,,,"Soll ich Ihnen helfen? || Nein, danke, nicht nötig. || Guten Appetit! || – Danke gleichfalls.",30
b1_0650,B1,dann,then,Daha sonra,entonces,dann 1.,,word,,,"Ich muss noch schnell zur Post, dann komme ich. || Wir waren pünktlich am Bahnhof. || Aber dann hatte der Zug Verspätung. || Ich habe im Moment sehr viel zu tun. || – Dann will ich nicht länger stören. || Wenn es nicht regnet, dann kommen wir.",30
b1_0651,B1,"darstellen, stellt dar,","represent, represents","temsil eder, temsil eder","representar, representa","darstellen, stellt dar,",,word,,,Er konnte das Problem sehr gut,30
b1_0652,B1,"stellte dar, hat dargestellt","represented, has represented","temsil etti, temsil etti","representado, ha representado","stellte dar, hat dargestellt",,word,,,darstellen.,30
b1_0653,B1,"die Darstellung, -en","the representation, -en","temsil, -en","la representación, -es","die Darstellung, -en",die,noun,-en,,Ihr Buch enthält eine klare Darstellung dieser Probleme.,30
b1_0654,B1,dass,that,O,eso,dass,,conjunction,,,"Rico hat mir gesagt, dass er auch zur Party kommt.",30
b1_0655,B1,"die Datei, -en","the file, -en","dosya, -en","el archivo, -en","die Datei, -en",die,noun,-en,,Wo hast du die Datei gespeichert?,30
b1_0656,B1,"das Datum, die Daten","the date, the data","tarih, veriler","la fecha, los datos","das Datum, die Daten 1.",das,noun,die Daten 1.,,Welches Datum haben wir heute? || Bitte Datum und Unterschrift nicht vergessen. || Ich brauche noch ein paar Daten von Ihnen.,30
b1_0657,B1,die Daten (Plural),the data (plural),veriler (çoğul),los datos (plural),die Daten (Plural),die,noun,,,Wir haben alle Ihre Daten im Computer.,30
b1_0658,B1,"dauern, dauert, dauerte,","last, lasts, lasted","son, sürer, sürdü","último, dura, duró","dauern, dauert, dauerte,",,word,,hat gedauert,Wie lange dauert die Pause? || – Eine || halbe Stunde.,30
b1_0659,B1,die Dauer1.,the duration1.,süre1.,la duración1.,die Dauer1.,die,noun,,,Sie können das Buch für die Dauer einer Woche ausleihen. || Auf Dauer ist die Arbeit nicht interessant.,30
b1_0660,B1,dauernd,constantly,sürekli,constantemente,dauernd 1.,,word,,,Das dauernde Klingeln des Telefons stört mich. || Er ist dauernd krank.,30
b1_0661,B1,"die Decke, -n","the ceiling, -n","tavan, -n","el techo, -n","die Decke, -n 1.",die,noun,-n 1.,,Im Wohnzimmer haben wir keine Lampe an der Decke. || Kann ich noch eine Decke bekommen? || Mir ist kalt.,30
b1_0662,B1,"dekorieren, dekoriert,","decorate, decorated","süslemek, dekore edilmiş","decorar, decorado","dekorieren, dekoriert,",,word,,,"Hilfst du mir, den Tisch für die Party",30
b1_0663,B1,"dekorierte, hat dekoriert","decorated, has decorated","dekore edilmiş, dekore edilmiş","decorado, ha decorado","dekorierte, hat dekoriert",,word,,,zu dekorieren?,30
b1_0664,B1,"denken, denkt, dachte,","think, think, thought","düşünüyorum, düşünüyorum, düşündüm","pensar, pensar, pensar","denken, denkt, dachte, 1.",,word,,hat gedacht,"Du lachst - was denkst du gerade? || Ich denke, dass du recht hast. || Wir diskutieren gerade über das Rauchen. || Wie denken Sie darüber? || Denk bitte daran, die Heizung auszumachen. || Es ist mir ganz egal, was die Leute von mir denken. || Ich denke oft an meine Familie. || Ich hatte mir gedacht, dass wir zusammen fahren könnten.",30
b1_0665,B1,"der Gedanke, -n1.","the thought, -n1.","düşünce, -n1.","el pensamiento, -n1.","der Gedanke, -n1.",der,noun,-n1.,,"Ich muss zuerst meine Gedanken sammeln. || Dein Hinweis bringt mich auf einen Gedanken. || Der Gedanke an das Unglück macht uns traurig. || Lass uns einen Ausflug machen, damit du auf andere Gedanken kommst. || Sie ist ganz in Gedanken versunken.",30
b1_0666,B1,"das Denkmal, ¨-er","the monument, ¨-er","anıt, ¨-er","el monumento, ¨-er","das Denkmal, ¨-er",das,noun,¨-er,,In dieser Stadt gibt es viele berühmte Denkmäler.,30
b1_0667,B1,denn,because,Çünkü,porque,denn 1.,,conjunction,,,"Ich lerne jetzt auch Portugiesisch, denn ich möchte nach Südamerika reisen. || Wie ist das Spiel denn ausgegangen?",30
b1_0668,B1,"derselbe, dieselbe,","same, same","aynı, aynı","lo mismo, lo mismo","derselbe, dieselbe,",,word,,,Mein Freund und ich gehen in dieselbe,30
b1_0669,B1,dasselbe,same,Aynı,mismo,dasselbe,,word,,,Schule.,30
b1_0670,B1,deshalb,for this reason,bu nedenle,Por esta razón,deshalb,,word,,,Ich war krank. || Deshalb war ich nicht im Büro.,30
b1_0671,B1,"das Dessert, -s →D, A:","the dessert, -s →D, A:","tatlı, -s →D, A:","el postre, -s →D, A:","das Dessert, -s →D, A:",das,noun,"-s →D, A:",,Nach dem Essen gab es noch ein,30
b1_0672,B1,Nachspeise,Dessert,Tatlı,Postre,Nachspeise,,noun,,,leckeres Dessert.,30
b1_0673,B1,deswegen,because of this,bu yüzden,Debido a esto,deswegen,,verb,,,Ich habe falsch geparkt. || Deswegen habe ich einen Strafzettel bekommen.,30
b1_0674,B1,"das Detail, -s","the detail, -s","detay, -s","el detalle, -s","das Detail, -s 1.",das,noun,-s 1.,,Dieses Detail ist unwichtig. || Ich habe alles bis ins kleinste Detail vorbereitet.,31
b1_0675,B1,deutlich,clearly,açıkça,claramente,deutlich,,adjective,,,Schreiben Sie bitte deutlich!,31
b1_0676,B1,die Diät,the diet,diyet,la dieta,die Diät,die,noun,,,Ich möchte abnehmen. || Deshalb mache ich eine Diät.,31
b1_0677,B1,"der Dialekt, -e","the dialect, -e","lehçe, -e","el dialecto, -e","der Dialekt, -e",der,noun,-e,,"Ich verstehe dich besser, wenn du nicht Dialekt sprichst.",31
b1_0678,B1,"der Dialog, -e","the dialogue, -e","diyalog, -e","el diálogo, -e","der Dialog, -e",der,noun,-e,,Sie hören jetzt einen Dialog.,31
b1_0679,B1,dicht,close,kapalı,cerca,dicht,,word,,,Unsere Fenster sind nicht dicht. || Es zieht immer.,31
b1_0680,B1,dick,thick,kalın,grueso,dick 1.,,word,,,Ich bin zu dick. || Ich muss weniger essen. || Die Wände sind hier sehr dick.,31
b1_0681,B1,"der Dieb, -e","the thief, -e","hırsız, -e","el ladrón, -e","der Dieb, -e",der,noun,-e,,Ein Dieb hat mir auf dem Markt die Tasche gestohlen.,31
b1_0682,B1,"dienen, dient, diente,","serve, serves, served","hizmet eder, hizmet eder, hizmet eder","servir, servir, servir","dienen, dient, diente, 1.",,word,,hat gedient,Solche Kontakte dienen der || Verbesserung der internationalen Beziehungen. || Dieser Raum dient als Aufenthaltsraum. || Er hat der Firma viele Jahre lang gedient.,31
b1_0683,B1,der Dienst,the service,hizmet,el servicio,der Dienst 1.,der,noun,,,Als Krankenschwester habe ich oft Frühdienst. || Morgen habe ich Dienst. || Deshalb kann ich nicht kommen.,31
b1_0684,B1,dies-,this-,Bu-,este-,dies- 1.,,word,,,Wohin fährst du dieses Jahr in Urlaub? || Welche Hose nehmen Sie? || – Diese hier.,31
b1_0685,B1,diesmal,this time,bu sefer,esta vez,diesmal,,word,,,Die letzten Spiele haben wir verloren. || Diesmal haben wir zum Glück gewonnen.,31
b1_0686,B1,digital,digital,digital,digital,digital,,word,,,Ich habe eine Digitaluhr gekauft. || Die geht genauer als meine alte Uhr.,31
b1_0687,B1,"das Ding, -e","the thing, -e","şey, -e","la cosa, -e","das Ding, -e",das,noun,-e,,Gib mir bitte mal das Ding da drüben.,31
b1_0688,B1,"das Diplom, -e","the diploma, -e","diploma, -e","el diploma, -e","das Diplom, -e",das,noun,-e,,Wo kann ich mein Diplom abholen?,31
b1_0689,B1,direkt,direct,direkt,directo,direkt 1.,,word,,,Wir liefern Ihnen die Waren direkt ins Haus. || Das Dorf liegt direkt an der Autobahn. || Gibt es keinen direkten Zug nach Hamburg? || Sie übertragen das Fußballspiel direkt.,31
b1_0690,B1,"der Direktor, -en","the director, -en","yönetmen, -tr","el director, -es","der Direktor, -en",der,noun,-en,,Ich möchte gern mit dem Direktor,31
b1_0691,B1,"die Direktorin, -nen","the director, -nen","yönetmen, -nen","el director, -nen","die Direktorin, -nen",die,noun,-nen,,sprechen.,31
b1_0692,B1,"die Diskothek, -en/Disko,",the discotheque/discotheque,diskotek / diskotek,la discoteca/discoteca,"die Diskothek, -en/Disko,",die,noun,-s,,Wir gehen heute Abend in die || Disko(thek).,31
b1_0693,B1,"diskutieren, diskutiert,","discuss, discussed","tartışmak, tartışılmak","discutir, discutido","diskutieren, diskutiert,",,word,,,"Wir haben lange diskutiert, wie wir das",31
b1_0694,B1,"diskutierte, hat diskutiert","discussed, has discussed","tartışıldı, tartışıldı","discutido, ha discutido","diskutierte, hat diskutiert",,word,,,Büro einrichten sollen.,31
b1_0695,B1,"die Diskussion, -en","the discussion, -en","tartışma, -tr","la discusión, -es","die Diskussion, -en",die,noun,-en,,Im Fernsehen gab es eine Diskussion zum Thema „Kinderbetreuung“.,31
b1_0696,B1,"die Distanz, -en","the distance, -en","mesafe, -tr","la distancia, -es","die Distanz, -en",die,noun,-en,,Diese Firma transportiert Waren auch über große Distanzen.,31
b1_0697,B1,doch,but,Ancak,pero,doch 1.,,word,,,"Isst du kein Fleisch? || – Doch, manchmal schon. || Ich habe es mir anders überlegt. || Ich komme doch mit in die Stadt. || Ihr kommt doch heute Abend? || Fragen Sie doch Herrn Müller, der ist Computerspezialist. || Ach, wenn doch schon Sonntag wäre!",31
b1_0698,B1,"der Doktor, -en","the doctor, -en","doktor, -tr","el doctor, -es","der Doktor, -en 1.",der,noun,-en 1.,,Ist Frau Dr. || Müller da?,31
b1_0699,B1,"die Doktorin, -nen","the doctor, -nen","doktor, -nen","el doctor, -nen","die Doktorin, -nen 2.",die,noun,-nen 2.,,Meine Tochter ist krank. || Wir gehen zum Doktor.,31
b1_0700,B1,"das Dokument, -e","the document, -e","belge, -e","el documento, -e","das Dokument, -e 1.",das,noun,-e 1.,,Hast du alle Dokumente für die Anmeldung dabei? || Dieser Stein ist ein wichtiges Dokument für die alte römische Kultur.,31
b1_0701,B1,"donnern, donnert,","thunder, thunder","gök gürültüsü, gök gürültüsü","trueno, trueno","donnern, donnert, 1.",,word,,,Hörst du es donnern? || Das Gewitter,31
b1_0702,B1,"donnerte, hat gedonnert","thundered, has thundered","gürledi, gürledi","tronó, ha tronado","donnerte, hat gedonnert",,word,,,kommt näher. || Der Lkw donnert über die Landstraße.,31
b1_0703,B1,"der Donner, -","the thunder, -","gök gürültüsü, -","el trueno, -","der Donner, -",der,noun,-,,Der Donner kam erst lange nach dem Blitz.,31
b1_0704,B1,doppelt,double,çift,doble,doppelt,,word,,,Das Buch habe ich doppelt.,31
b1_0705,B1,Doppel-1.,Double 1.,Çift 1.,Doble 1.,Doppel-1.,,noun,,,Wir hätten gern ein Doppelbett. || Wollen Sie ein Doppelzimmer oder ein Einzelzimmer?,31
b1_0706,B1,"das Dorf, ¨-er","the village, ¨-er","köy, ¨-er","el pueblo, ¨-er","das Dorf, ¨-er",das,noun,¨-er,,Unser Dorf liegt direkt an der Autobahn.,31
b1_0707,B1,dort,there,Orası,allá,dort 1.,,adverb,,,Dort drüben ist der Bahnhof. || Ich werde in fünf Minuten dort sein.,31
b1_0708,B1,dorthin,there,Orası,allá,dorthin,,word,,,Deine Tasche kannst du dorthin stellen.,31
b1_0709,B1,"die Dose, -n →D, CH:","the can, -n →D, CH:","kutu, -n →D, CH:","la lata, -n →D, CH:","die Dose, -n →D, CH:",die,noun,"-n →D, CH:",,Ich habe noch eine Dose Bohnen.,31
b1_0710,B1,Büchse,can,olabilmek,poder,Büchse,,noun,,,,31
b1_0711,B1,draußen,outside,dıştan,afuera,draußen 1.,,word,,,Es ist kalt draußen. || Wir müssen draußen warten.,31
b1_0712,B1,der Dreck,the dirt,kir,la suciedad,der Dreck 1.,der,noun,,,Iss den Apfel nicht! || Der lag im Dreck. || Ich konnte vor lauter Dreck auf dem Fenster nichts sehen. || Kümmere dich um deinen eigenen Dreck!,31
b1_0713,B1,"drehen, dreht, drehte,","rotate, rotate, rotate","döndürmek, döndürmek, döndürmek","girar, girar, girar","drehen, dreht, drehte, 1.",,word,,hat gedreht,Drehen Sie zum Einschalten den || Schalter nach rechts. || Die Kinder drehen sich zur Musik im Kreis. || Bei Familie Huber dreht sich jetzt alles um das Baby.,32
b1_0714,B1,dringend,urgent,acil,urgente,dringend 1.,,word,,,Ich muss dich dringend sprechen. || Ich erwarte einen dringenden Anruf. || Bitte kommen Sie schnell. || Es ist dringend.,32
b1_0715,B1,"drin, drinnen","inside, inside","içeride, içeride","dentro, dentro","drin, drinnen 1.",,word,,,Wo wollt ihr sitzen? || Draußen oder drinnen? || Bei der Hitze ist es drinnen viel angenehmer. || In der Packung ist nichts mehr drin.,32
b1_0716,B1,"die Droge, -n","the drug, -n","ilaç, -n","la droga, -n","die Droge, -n",die,noun,-n,,Nimmst du etwa Drogen?,32
b1_0717,B1,"die Drogerie, -n","the drugstore, -n","eczane, -n","la farmacia, -n","die Drogerie, -n",die,noun,-n,,Waschmittel bekommst du in der Drogerie.,32
b1_0718,B1,drüben,over,üzerinde,encima,drüben,,verb,,,Dort drüben ist die Haltestelle.,32
b1_0719,B1,"drucken, druckt, druckte,","print, prints, printed","baskı, baskılar, basılmış","imprimir, impresiones, impreso","drucken, druckt, druckte, 1.",,word,,hat gedruckt,Warum hast du den Brief noch nicht || ausgedruckt? || Bei welcher Firma haben Sie diese Prospekte drucken lassen? || Du gehst einfach auf „Datei drucken“!,32
b1_0720,B1,"der Drucker, -","the printer, -","yazıcı, -","la impresora, -","der Drucker, -",der,noun,-,,Ich brauche einen neuen Drucker für meinen Computer.,32
b1_0721,B1,"drücken, drückt, drückte,","press, press, press","basın, basın, basın","presionar, presionar, presionar","drücken, drückt, drückte, 1.",,word,,hat gedrückt,"Sie brauchen nur auf den Knopf zu || drücken. || Die neuen Schuhe drücken. || Wenn du hier drückst, geht die Tür auf.",32
b1_0722,B1,der Druck1.,the pressure1.,basınç1.,la presión1.,der Druck1.,der,noun,,,Mit einem Knopfdruck schaltet man das Gerät ein. || Wie hoch muss der Druck in den vorderen Reifen sein?,32
b1_0723,B1,dumm,dumb,sersem,mudo,dumm 1.,,word,,,"Entschuldigung, das war dumm von mir. || Mir ist etwas Dummes passiert. || Ich fand den Film wirklich sehr dumm.",32
b1_0724,B1,dunkel,dark,karanlık,oscuro,dunkel 1.,,word,,,Um sechs Uhr ist es schon dunkel. || Meine Schwester hat dunkle Haare. || Ich habe mir eine dunkelblaue Bluse gekauft.,32
b1_0725,B1,dünn,thin,ince,delgado,dünn 1.,,word,,,Mein Sohn ist sehr dünn. || Er isst zu wenig. || Warum ziehst du nur so einen dünnen Mantel an? || Es ist kalt draußen.,32
b1_0726,B1,durch,through,başından sonuna kadar,a través de,durch 1.,,preposition,,,"Wir sind mit dem Fahrrad durch den Wald gefahren. || Wenn Sie zum Bahnhof gehen, kom- men Sie durch die Goethestraße. || Wir haben den ganzen Mai durch geheizt. || Wir haben unsere Wohnung durch einen Freund bekommen.",32
b1_0727,B1,durcheinander,mixed up,karışık,mezclado,durcheinander 1.,,word,,,Alle meine Sachen sind durcheinander. || Ich finde nichts mehr. || Bitte redet nicht alle durcheinander. || Sonst verstehe ich nichts.,32
b1_0728,B1,"die Durchsage, -n","the announcement, -n","duyuru, -n","el anuncio, -n","die Durchsage, -n 1.",die,noun,-n 1.,,"Achtung, Achtung, eine wichtige Durchsage! || Ich habe die Durchsage nicht verstanden.",32
b1_0729,B1,"der Durchschnitt, -e","the average, -e","ortalama, -e","el promedio, -e","der Durchschnitt, -e 1.",der,noun,-e 1.,,Der Durchschnitt der Ausgaben liegt bei 150 Euro im Monat. || Im Durchschnitt brauchen wir täglich 20 Minuten zur Arbeit. || Die Studentin gehört zum Durchschnitt.,32
b1_0730,B1,durchschnittlich,average,ortalama,promedio,durchschnittlich,,adjective,,,Die Preise sind im letzten Jahr um durchschnittlich 6 % gestiegen.,32
b1_0731,B1,"dürfen, darf, durfte,","may, may, was allowed","mayıs, mayıs, izin verildi","mayo, mayo, estaba permitido","dürfen, darf, durfte, 1.",,word,,hat gedurft (hat dürfen,Dürfen wir heute länger fernsehen? || Sie dürfen hier nicht parken.,32
b1_0732,B1,als Modalverb),as a modal verb),modal fiil olarak),como verbo modal),als Modalverb) 3.,,conjunction,,,Das hätten Sie nicht machen dürfen! || Was darf ich Ihnen anbieten? || Ich suche ein gebrauchtes Auto. || Es darf nicht mehr als 1000 Euro kosten.,32
b1_0733,B1,der Durst,the thirst,susuzluk,la sed,der Durst,der,noun,,,Ich hole Ihnen etwas zu trinken. || Sie haben sicher Durst.,32
b1_0734,B1,durstig,thirsty,susuz,sediento,durstig,,adjective,,,Du bist sicher durstig. || Was möchtest du trinken?,32
b1_0735,B1,(sich) duschen,(take a shower,(duş al,(tomar una ducha,"(sich) duschen, duscht, 1.",,verb,,"duscht, 1.",Wenn Sie sich duschen wollen: Das,32
b1_0736,B1,"duschte, hat geduscht","duschte, hat geduscht","duschte, hat geduscht","se duchó, se duchó","duschte, hat geduscht",,word,,,"Badezimmer ist dort hinten links. || Ich bade nicht so gern, ich dusche lieber.",32
b1_0737,B1,"die Dusche, -n1.","the shower, -n1.","duş, -n1.","la ducha, -n1.","die Dusche, -n1.",die,noun,-n1.,,Wir haben leider nur noch ein Zimmer mit Dusche. || Unsere Wohnung hat nur eine Dusche.,32
b1_0738,B1,"duzen, duzt, duzte, hat","first name, first name, first name, has","ad, ad, ad, var","nombre, nombre, nombre, tiene","duzen, duzt, duzte, hat",,word,,,"Wollen wir Du zueinander sagen? || Ja,",32
b1_0739,B1,geduzt,on your terms,senin şartların doğrultusunda,en tus términos,geduzt,,word,,,wir können uns gern duzen?,32
b1_0740,B1,eben,even,eşit,incluso,eben 1.,,word,,,Ich bin eben erst angekommen. || Ich gebe auf. || Ich habe eben kein Glück!,32
b1_0741,B1,ebenfalls,also,Ayrıca,también,ebenfalls,,word,,,"Ich wünsche Ihnen ein schönes Wochenende. || – Danke, ebenfalls.",32
b1_0742,B1,ebenso,as well,ilave olarak,también,ebenso,,word,,,"Schöne Feiertage. || – Danke, ebenso.",32
b1_0743,B1,die e-card (A),the e-card (A),e-kart (A),la tarjeta electrónica (A),die e-card (A),die,noun,,,Haben Sie Ihre e-card dabei?,33
b1_0744,B1,→D:dieVersichertenkarte,→D:the insurance card,→D:sigorta kartı,→D:la tarjeta de seguro,→D:dieVersichertenkarte,,other,,,,33
b1_0745,B1,echt,real,gerçek,real,echt 1.,,word,,,Ich träume von einem echten Perserteppich. || Der Film war echt gut.,33
b1_0746,B1,die ec-Karte/EC-Karte →,the EC card/EC card →,EC kartı/EC kartı →,la tarjeta EC/tarjeta EC →,die ec-Karte/EC-Karte →,die,noun,,,Bezahlen Sie bar? || Sie können auch mit,33
b1_0747,B1,A: Bankomat-Karte,A: ATM card,Cevap: ATM kartı,R: tarjeta de cajero automático,A: Bankomat-Karte,,noun,,,der ec-Karte zahlen.,33
b1_0748,B1,"→A: die Ecke, -n (D, CH)","→A: the corner, -n (D, CH)","→A: köşe, -n (D, CH)","→A: la esquina, -n (D, CH)","→A: die Ecke, -n (D, CH) 1.",,other,,,Das Regal stellen wir hier in die Ecke.,33
b1_0749,B1,Eck,corner,köşe,esquina,Eck 2.,,noun,,,Das bekommen Sie im Kiosk an der Ecke. || Wo ist die Apotheke? − Gleich um die Ecke.,33
b1_0750,B1,"das Eck, -en (A) →D, CH:","the corner, -en (A) →D, CH:","köşe, -en (A) →D, CH:","la esquina, -en (A) →D, CH:","das Eck, -en (A) →D, CH: 1.",das,noun,"-en (A) →D, CH: 1.",,Das Regal stellen wir hier ins Eck.,33
b1_0751,B1,Ecke,Corner,Köşe,Esquina,Ecke 2.,,noun,,,Das bekommen Sie im Kiosk am Eck. || Wo ist die Apotheke? − Gleich ums Eck.,33
b1_0752,B1,eckig,square,kare,cuadrado,eckig,,adjective,,,"Ich möchte einen eckigen Tisch, keinen runden.",33
b1_0753,B1,egal,doesn't matter,önemli değil,no importa,egal 1.,,word,,,"Es ist mir ganz egal, was die Leute denken. || Egal, wie das Wetter ist, ich gehe schwimmen.",33
b1_0754,B1,"die Ehe, -n","die Ehe, -n","evlilik, -n","matrimonio, -n","die Ehe, -n",die,noun,-n,,Sie hat zwei Kinder aus erster Ehe.,33
b1_0755,B1,"die Ehefrau, -en/der","the wife, -en/the","karısı, -en/the","la esposa, -en/la","die Ehefrau, -en/der",die,noun,-en/der,,Wie heißt Ihre Ehefrau mit Vornamen?,33
b1_0756,B1,"Ehemann, ¨-er","Husband, ¨-er","Kocası, ¨-er","Esposo, ¨-er","Ehemann, ¨-er",,noun,,,,33
b1_0757,B1,"das Ehepaar, -e","the couple, -e","çift, -e","la pareja, -e","das Ehepaar, -e",das,noun,-e,,Das Ehepaar unter uns hat zwei Kinder.,33
b1_0758,B1,eher,rather,yerine,bastante,eher 1.,,word,,,"Ich stehe meist eher auf als mein Mann. || Michael sieht gerne Serien, ich mag eher Krimis.",33
b1_0759,B1,ehrlich,honest,dürüst,honesto,ehrlich 1.,,adjective,,,Sie ist ein ehrlicher Mensch. || Bitte sei in dieser Sache ehrlich. || Die Pause haben wir uns ehrlich verdient.,33
b1_0760,B1,"das Ei, -er Möchtest","the egg, -he would like","yumurta, -o ister","el huevo, -le gustaria","das Ei, -er Möchtest",das,noun,-er Möchtest,,du zum Frühstück ein Ei?,33
b1_0761,B1,eigen-,own,sahip olmak,propio,eigen- 1.,,word,,,Fast jedes Kind hat ein eigenes Zimmer. || Manche Leute haben keine eigene Meinung.,33
b1_0762,B1,eigentlich,actually,Aslında,de hecho,eigentlich 1.,,adjective,,,"Wir wollten eigentlich Freunde besuchen, aber dann sind wir doch zu Hause geblieben. || Die Sängerin nennt sich Arabella. || Aber eigentlich heißt sie Uschi Müller. || Was willst du eigentlich von mir?",33
b1_0763,B1,sich eignen,are suitable,uygun,son adecuados,"sich eignen, eignet sich,",,verb,,"eignet sich,",Dieses Hotel eignet sich besonders für,33
b1_0764,B1,"eignete sich,",was suitable,uygundu,era adecuado,"eignete sich,",,word,,hat sich geeignet,Familien mit Kindern.,33
b1_0765,B1,"eilen, eilt, eilte,","rush, rush, rushed","acele, acele, acele","apresurarse, apresurarse, apresurarse","eilen, eilt, eilte,",,word,,hat/ist geeilt,Es eilt sehr. || Bitte machen Sie schnell.,33
b1_0766,B1,die Eile1.,the rush1.,acele1.,la prisa1.,die Eile1.,die,noun,,,Ich bin sehr in Eile || Das hat keine Eile.,33
b1_0767,B1,eilig,hurry,acele etmek,apurarse,eilig,,adjective,,,Hast du es eilig?,33
b1_0768,B1,ein-,a-,A-,a-,ein- 1.,,word,,,Ich nehme ein Bier. || Willst du auch eins? || Wir haben zu wenig Mitspieler. || Wir brauchen noch einen.,33
b1_0769,B1,"die Einbahnstraße, -n","the one-way street, -n","tek yönlü sokak, -n","la calle de sentido único, -n","die Einbahnstraße, -n",die,noun,-n,,Die Goethestraße ist jetzt eine Einbahnstraße.,33
b1_0770,B1,"einbrechen, bricht ein,","break in, break in","zorla girmek, zorla girmek","irrumpir, irrumpir","einbrechen, bricht ein,",,word,,,Jemand ist in unsere Wohnung,33
b1_0771,B1,"brach ein,",broke in,içeri zorla girmek,irrumpió,"brach ein,",,word,,ist eingebrochen,eingebrochen.,33
b1_0772,B1,"der Einbrecher, -","the burglar, -","hırsız, -","el ladrón, -","der Einbrecher, -",der,noun,-,,Die Einbrecher haben nichts gestohlen.,33
b1_0773,B1,"die Einbrecherin, -nen","the burglar, -nen","hırsız, -nen","el ladrón, -nen","die Einbrecherin, -nen",die,noun,-nen,,,33
b1_0774,B1,"der Einbruch, ¨-e","the burglary, ¨-e","hırsızlık, ¨-e","el robo, ¨-e","der Einbruch, ¨-e",der,noun,¨-e,,In der Urlaubszeit gibt es viele Wohnungseinbrüche.,33
b1_0775,B1,eindeutig,clearly,açıkça,claramente,eindeutig 1.,,adjective,,,Das Ergebnis ist eindeutig. || Du hast gewonnen. || Du kannst eindeutig besser kochen als ich.,33
b1_0776,B1,"der Eindruck, ¨-e","the impression, ¨-e","izlenim, ¨-e","la impresion, ¨-e","der Eindruck, ¨-e 1.",der,noun,¨-e 1.,,"Ich finde die Leute auf der Straße ziemlich unfreundlich. || Wie ist dein Eindruck? || Ich glaube, ich habe bei dem Vorstellungsgespräch einen guten Eindruck gemacht.",33
b1_0777,B1,einerseits,on the one hand,bir taraftan,por un lado,einerseits,,word,,,"Einerseits möchte ich die Reise gern machen, andererseits ist sie zu teuer.",33
b1_0778,B1,einfach,simply,basitçe,simplemente,einfach 1.,,word,,,"Hin und zurück? || – Nein, bitte nur einfach. || Ich verstehe das nicht. || Kannst du das bitte einfacher sagen? || Wir haben am Wochenende einen Ausflug gemacht. || Es war einfach toll.",33
b1_0779,B1,"die Einfahrt, -en","the entrance, -en","giriş, -tr","la entrada, -es","die Einfahrt, -en 1.",die,noun,-en 1.,,Da parkt wieder jemand vor unserer Einfahrt. || Können Sie nicht lesen: Einfahrt freihalten!,33
b1_0780,B1,"einfallen, fällt ein, fiel ein,","occur, occur, occurred","meydana gelmek, meydana gelmek, meydana gelmek","ocurrir, ocurrir, ocurrió","einfallen, fällt ein, fiel ein,",,word,,ist eingefallen,"Mir ist wieder eingefallen, wie das || Buch heißt.",33
b1_0781,B1,"der Einfall, ¨-e","the idea, ¨-e","fikir, ¨-e","la idea, ¨-e","der Einfall, ¨-e",der,noun,¨-e,,Frag einfach meine Freundin. || Sie hat immer gute Einfälle.,33
b1_0782,B1,"der Einfluss, ¨-e","the influence, ¨-e","etki, ¨-e","la influencia, ¨-e","der Einfluss, ¨-e",der,noun,¨-e,,Das Wetter hat Einfluss auf die Gesundheit der Menschen.,33
b1_0783,B1,"beeinflussen, beeinflusst,","influence, influenced","etkilemek, etkilemek","influencia, influenciado","beeinflussen, beeinflusst,",,word,,,Dieses Ereignis hat die Wahlen,34
b1_0784,B1,"beeinflusste,",influenced,etkilendim,influenciado,"beeinflusste,",,word,,hat beeinflusst,beeinflusst.,34
b1_0785,B1,"einfügen, fügt ein,","insert, inserts","eklemek, ekler","insertar, insertos","einfügen, fügt ein,",,word,,,"Markieren Sie zuerst die Zeilen, dann",34
b1_0786,B1,"fügte ein, hat eingefügt","inserted, has inserted","eklendi, eklendi","insertado, ha insertado","fügte ein, hat eingefügt",,word,,,„kopieren“ drücken und dann einfügen.,34
b1_0787,B1,"einführen, führt ein,","introduce, introduces","tanıtmak, tanıştırmak","presentar, presenta","einführen, führt ein, 1.",,word,,,Dürfen wir diese Ware ins Land,34
b1_0788,B1,"führte ein, hat eingeführt","introduced, has introduced","tanıttı, tanıttı","introducido, ha introducido","führte ein, hat eingeführt",,word,,,einführen? || Wir haben letztes Jahr ein neues System eingeführt.,34
b1_0789,B1,"die Einführung, -en","the introduction, -en","giriş, -tr","la introducción, -es","die Einführung, -en",die,noun,-en,,Leider habe ich die Einführung des Kurses verpasst.,34
b1_0790,B1,"der Eingang, ¨-e","the entrance, ¨-e","giriş, ¨-e","la entrada, ¨-e","der Eingang, ¨-e 1.",der,noun,¨-e 1.,,Das Gebäude hat zwei Eingänge. || Der Eingang ist um die Ecke.,34
b1_0791,B1,einheitlich,uniform,üniforma,uniforme,einheitlich,,adjective,,,Die Schüler dieser Schule tragen einheitliche Kleidung.,34
b1_0792,B1,einig-,agree-,kabul etmek-,aceptar-,einig- 1.,,adjective,,,"In diesem Bericht sind einige Fehler. || Das wird noch einige Zeit dauern. || Einige Leute sind für das Gesetz, aber viele sind auch dagegen.",34
b1_0793,B1,sich einigen,agree,kabul etmek,aceptar,"sich einigen, einigt sich,",,verb,,"einigt sich,",Jeder hat einen anderen Vorschlag.,34
b1_0794,B1,"einigte sich,",agreed,anlaştık,acordado,"einigte sich,",,word,,hat sich geeinigt,Wir können uns leider nicht einigen.,34
b1_0795,B1,"einkaufen, kauft ein,","shopping, shopping","alışveriş, alışveriş","compras, compras","einkaufen, kauft ein,",,word,,,Wir gehen einmal pro Woche,34
b1_0796,B1,"kaufte ein, hat eingekauft","bought, bought","satın aldım, satın aldım","comprado, comprado","kaufte ein, hat eingekauft",,word,,,einkaufen.,34
b1_0797,B1,"der Einkauf, ¨-e1.","purchasing, ¨-e1.","satın alma, ¨-e1.","compras, ¨-e1.","der Einkauf, ¨-e1.",der,noun,¨-e1.,,Achten Sie beim Einkauf auf Sonderangebote. || Ich habe alle Einkäufe erledigt. || Jetzt können wir einen Kaffee trinken.,34
b1_0798,B1,"das Einkommen, -","the income, -","gelir, -","los ingresos, -","das Einkommen, -",das,noun,-,,Bei einem höheren Einkommen muss man mehr Steuern zahlen.,34
b1_0799,B1,"einladen, lädt ein, lud ein,","invite, invites, invited","davet etmek, davet etmek, davet etmek","invitar, invita, invitado","einladen, lädt ein, lud ein,",,word,,hat eingeladen,Darf ich Sie zum Essen einladen?,34
b1_0800,B1,"die Einladung, -en","the invitation, -en","davetiye, -tr","la invitación, -es","die Einladung, -en",die,noun,-en,,Danke für die Einladung.,34
b1_0801,B1,einmal,once,bir kere,una vez,einmal 1.,,word,,,Ich habe diese Oper leider nur einmal gesehen. || Bitte rufen Sie morgen noch einmal an. || Auf einmal ging das Licht aus. || Ich kann nicht alles auf einmal machen. || Sehen wir uns (ein)mal wieder? || Vor Jahren habe ich (ein)mal in Wien gewohnt. || Komm doch bitte (ein)mal her und hilf mir.,34
b1_0802,B1,"einnehmen, nimmt ein,","take, takes","Al, alır","tomar, toma","einnehmen, nimmt ein,",,word,,,Wie muss ich die Tropfen einnehmen?,34
b1_0803,B1,"nahm ein,",took one,birini aldım,tomó uno,"nahm ein,",,word,,hat eingenommen,,34
b1_0804,B1,"die Einnahme, -n","the taking, -n","alma, -n","la toma, -n","die Einnahme, -n",die,noun,-n,,Unser Geschäft läuft gut. || Unsere Einnahmen waren in diesem Monat höher als im letzten.,34
b1_0805,B1,"einpacken, packt ein,","pack up, pack up","toparlanmak, toparlanmak","empacar, empacar","einpacken, packt ein, 1.",,word,,,Hast du Handtücher eingepackt?,34
b1_0806,B1,"packte ein, hat eingepackt","packed up, packed up","paketlenmiş, paketlenmiş","empacado, empacado","packte ein, hat eingepackt 2.",,word,,,Soll ich Ihnen das als Geschenk einpacken?,34
b1_0807,B1,"einrichten, richtet ein,","set up, set up","kurmak, kurmak","configurar, configurar","einrichten, richtet ein, 1.",,word,,,Ich habe meine Wohnung selbst,34
b1_0808,B1,"richtete ein,",set up,kurmak,configuración,"richtete ein,",,word,,hat eingerichtet,"eingerichtet. || Wenn Sie Fragen haben, rufen Sie uns an. || Wir haben eine extra Telefon-num- mer eingerichtet.",34
b1_0809,B1,"die Einrichtung, -en","the facility, -en","die Einrichtung, -en","la instalación, -es","die Einrichtung, -en",die,noun,-en,,"Deine Wohnung ist sehr gemütlich, die Einrichtung gefällt mir sehr gut.",34
b1_0810,B1,einsam,lonely,yalnız,solitario,einsam,,adjective,,,Ohne meine Familie fühle ich mich ein bisschen einsam.,34
b1_0811,B1,"einschalten, schaltet ein,","turn on, turns on","aç, açılıyor","enciende, enciende","einschalten, schaltet ein,",,word,,,Können Sie bitte die Heizung,34
b1_0812,B1,"schaltete ein,",switched on,açık,encendido,"schaltete ein,",,word,,hat eingeschaltet,einschalten?,34
b1_0813,B1,einschließlich,including,içermek,incluido,einschließlich,,adjective,,,Alles zusammen kostet 200 Euro einschließlich Fahrtkosten.,34
b1_0814,B1,"das Einschreiben, -","the registered letter, -","taahhütlü mektup, -","la carta certificada, -","das Einschreiben, -",das,noun,-,,Ich habe den Brief als Einschreiben geschickt.,34
b1_0815,B1,"einsetzen, setzt ein,","insert, sets in","eklemek, yerleştirmek","insertar, se fija en","einsetzen, setzt ein, 1.",,word,,,"Ich glaube, wir müssen jemanden",34
b1_0816,B1,"setzte ein, hat eingesetzt","started, has started","başladı, başladı","comenzó, ha comenzado","setzte ein, hat eingesetzt",,word,,,"einsetzen, der sich um die Organisation kümmert. || Peter hat sich dafür eingesetzt, dass ich den Job bekomme.",34
b1_0817,B1,"einsteigen, steigt ein, stieg","get in, get in, got up","içeri gir, içeri gir, kalk","entrar, entrar, levantarse","einsteigen, steigt ein, stieg 1.",,word,,,Ab 20 Uhr vorne beim Fahrer,34
b1_0818,B1,ein,a,A,a,"ein, ist eingestiegen",,verb,,ist eingestiegen,einsteigen. || Steig ein. || Wir wollen losfahren.,34
b1_0819,B1,"einstellen, stellt ein,","adjust, adjust","ayarlamak, ayarlamak","ajustar, ajustar","einstellen, stellt ein, 1.",,word,,,Die Firma wird in diesem Jahr drei,34
b1_0820,B1,"stellte ein, hat eingestellt","hired, has hired","işe alındı, işe alındı","contratado, ha contratado","stellte ein, hat eingestellt",,word,,,neue Leute einstellen. || Das Gerät ist nicht richtig eingestellt.,34
b1_0821,B1,"eintragen, trägt ein,","enter, enter","girin, girin","entrar, entrar","eintragen, trägt ein,",,word,,,Tragen Sie sich bitte in die Liste ein.,34
b1_0822,B1,trug ein,contributed,katkıda bulundu,contribuido,"trug ein, hat eingetragen",,verb,,hat eingetragen,,34
b1_0823,B1,"eintreten, tritt ein, trat","enter, enter, entered","eintreten, tritt ein, trat","entrar, entrar, entrar","eintreten, tritt ein, trat",,word,,,Letztes Jahr bin ich in einen,34
b1_0824,B1,ein,a,A,a,"ein, ist eingetreten",,verb,,ist eingetreten,Sportverein eingetreten.,34
b1_0825,B1,der Eintritt1.,the entry1.,giriş1.,la entrada1.,der Eintritt1.,der,noun,,,Kinder über 10 Jahre zahlen den vollen Eintritt. || Der Eintritt ist frei.,34
b1_0826,B1,einverstanden,agreed,anlaştık,acordado,einverstanden 1.,,word,,,"Als Termin schlage ich den || Mai vor. – Gut, einverstanden! || Bist du einverstanden, wenn wir bald nach Hause gehen?",34
b1_0827,B1,"der Einwohner, -","the inhabitants, -","sakinler, -","los habitantes, -","der Einwohner, -",der,noun,-,,Berlin hat über drei Millionen,34
b1_0828,B1,"die Einwohnerin, -nen","the resident, -nen","sakini, -nen","el residente, -nen","die Einwohnerin, -nen",die,noun,-nen,,Einwohner.,34
b1_0829,B1,"einzahlen, zahlt ein,","pay in, pay in","ödemek, ödemek","pagar, pagar","einzahlen, zahlt ein,",,word,,,Ich habe gestern Geld auf mein,35
b1_0830,B1,"zahlte ein, hat eingezahlt","paid in, paid in","ödenmiş, ödenmiş","pagado, pagado","zahlte ein, hat eingezahlt",,word,,,Bankkonto eingezahlt.,35
b1_0831,B1,"die Einzahlung, -en","the deposit, -en","depozito, -en","el depósito, -es","die Einzahlung, -en",die,noun,-en,,Sie sollten die Einzahlung pünktlich machen.,35
b1_0832,B1,einzeln,individually,bireysel olarak,individualmente,einzeln 1.,,word,,,"Dieses Mineralwasser gibt es nur als Sechserpack, nicht einzeln. || Die Schüler mussten einzeln zum Schu- larzt kommen.",35
b1_0833,B1,Einzel-,single,Bekar,soltero,Einzel-,,noun,,,"z. || B. || Einzelkind, Einzelzimmer",35
b1_0834,B1,"die Einzelheit, -en","the detail, -en","ayrıntı, -tr",el detalle,"die Einzelheit, -en",die,noun,-en,,Du musst mir das in allen Einzelheiten erzählen.,35
b1_0835,B1,einzig-,only-,sadece-,solo-,einzig- 1.,,adjective,,,"Wir waren die einzigen Gäste. || Das war das einzige Mal, dass ich ihn gesehen habe.",35
b1_0836,B1,"einziehen, zieht ein,","move in, move in","taşınmak, taşınmak","mudarse, mudarse","einziehen, zieht ein,",,word,,,Die Wohnung ist fertig. || Wir können,35
b1_0837,B1,zog ein,moved in,taşındı,se mudó,"zog ein, ist eingezogen",,verb,,ist eingezogen,nächste Woche einziehen.,35
b1_0838,B1,das Eis,the ice cream,dondurma,el helado,das Eis 1.,das,noun,,,Im Winter gibt es Eis und Schnee. || Bitte eine Cola ohne Eis.,35
b1_0839,B1,"das Eis (D, A) →CH:","the ice (D, A) →CH:","buz (D, A) →CH:","el hielo (D, A) →CH:","das Eis (D, A) →CH:",das,noun,A) →CH:,,Zum Nachtisch gibt es Schokoladeneis.,35
b1_0840,B1,Glace/Glacé,Ice cream/ice cream,Dondurma/dondurma,helado/helado,Glace/Glacé,,noun,,,,35
b1_0841,B1,"die Eisenbahn, -en","the railway, -en","demiryolu, -tr","el ferrocarril, -es","die Eisenbahn, -en",die,noun,-en,,Die Kinder wünschen sich eine elektrische Eisenbahn.,35
b1_0842,B1,elegant,elegant,zarif,elegante,elegant,,word,,,Ich finde dein Kleid sehr elegant.,35
b1_0843,B1,elektrisch,electric,elektrik,eléctrico,elektrisch,,adjective,,,"Wir kochen nicht mit Gas, sondern elektrisch.",35
b1_0844,B1,Elektro-,electrical,elektrik,eléctrico,Elektro-,,noun,,,"z.B. || Elektrogeschäft, Elektroingenieur, Elektroherd",35
b1_0845,B1,elektronisch,electronically,elektronik olarak,electrónicamente,elektronisch,,adjective,,,"Wir sollten die Daten elektronisch bearbeiten, sonst dauert es zu lange.",35
b1_0846,B1,die Eltern (Pl.),the parents (pl.),ebeveynler (pl.),los padres (pl.),die Eltern (Pl.),die,noun,,,Ich wohne noch bei meinen Eltern.,35
b1_0847,B1,"empfangen, empfängt,","receive, receives","almak, alır","recibir, recibe","empfangen, empfängt, 1.",,word,,,Wir können mit unserem Fernseher,35
b1_0848,B1,empfing,received,kabul edilmiş,recibió,"empfing, hat empfangen",,verb,,hat empfangen,über 30 Programme empfangen. || Die Gäste wurden sehr herzlich empfangen.,35
b1_0849,B1,"der Empfang, ¨-e1.","the reception, ¨-e1.","alım, ¨-e1.","la recepción, ¨-e1.","der Empfang, ¨-e1.",der,noun,¨-e1.,,Bitte den Empfang bestätigen! || Ich bin mit dem Fernseher nicht zufrieden. || Der Empfang ist sehr schlecht. || Zur Firmeneröffnung bitten wir zu einem kleinen Empfang.,35
b1_0850,B1,"der Empfänger, -","the recipient, -","alıcı, -","el destinatario, -","der Empfänger, -",der,noun,-,,Es fehlt die genaue Adresse des Empfängers.,35
b1_0851,B1,"empfehlen, empfiehlt,","recommend, recommends","tavsiye ederim, tavsiye ederim","recomendar, recomienda","empfehlen, empfiehlt,",,word,,,Was können Sie mir denn empfehlen?,35
b1_0852,B1,empfahl,recommended,tavsiye edilen,recomendado,"empfahl, hat empfohlen",,verb,,hat empfohlen,,35
b1_0853,B1,"die Empfehlung, -en","the recommendation, -en","tavsiye, -tr","la recomendación, -es","die Empfehlung, -en",die,noun,-en,,Ich rufe auf Empfehlung von Herrn Weber an.,35
b1_0854,B1,"enden, endet, endete,","end, ends, ended","son, biter, bitti","fin, termina, terminó","enden, endet, endete, 1.",,word,,hat geendet,Die Straße endet hier. || Das Arbeitsverhältnis endet im Mai.,35
b1_0855,B1,das Ende1.,the end1.,son1.,el final1.,das Ende1.,das,noun,,,Ich wohne am Ende der Straße. || Die nächste Prüfung findet Ende August statt. || Rinaldo ist Ende fünfzig. || Am Dienstag gehen die Ferien zu Ende.,35
b1_0856,B1,endgültig1.,final1.,final1.,final1.,endgültig1.,,word,,,Damit ist das Problem endgültig gelöst. || Der endgültige Termin steht noch nicht fest. || Das Ergebnis ist noch nicht endgültig.,35
b1_0857,B1,endlich,finally,Sonunda,finalmente,endlich 1.,,adjective,,,Endlich haben wir eine schöne Wohnung gefunden. || Haben Sie sich nun endlich entschieden?,35
b1_0858,B1,"die Energie, -n","the energy, -n","enerji, -n","la energía, -n","die Energie, -n 1.",die,noun,-n 1.,,"Wir müssen Energie sparen. || Abends habe ich keine Energie mehr, um Sport zu machen.",35
b1_0859,B1,eng,closely,yakından,cercanamente,eng 1.,,word,,,Die Jacke ist mir zu eng. || Wir arbeiten mit dieser Firma eng zusammen.,35
b1_0860,B1,"der Enkel, -","the grandson, -","torunu, -","el nieto, -","der Enkel, -",der,noun,-,,Alle meine Enkel gehen schon zur,35
b1_0861,B1,"die Enkelin, -nen","the granddaughter, -nen","torunu, -nen","la nieta, -nen","die Enkelin, -nen",die,noun,-nen,,Schule.,35
b1_0862,B1,"entdecken, entdeckt,","discover, discovered","keşfetmek, keşfedildi","descubrir, descubierto","entdecken, entdeckt,",,word,,,Ich habe in deinem Brief noch ein paar,35
b1_0863,B1,"entdeckte, hat entdeckt","discovered, has discovered","keşfetti, keşfetti","descubierto, ha descubierto","entdeckte, hat entdeckt",,word,,,Fehler entdeckt.,35
b1_0864,B1,"entfernen, entfernt,","remove, removed","kaldır, kaldırıldı","quitar, quitar","entfernen, entfernt, 1.",,word,,,Der Müll muss dringend entfernt,35
b1_0865,B1,"entfernte, hat entfernt","removed, has removed","kaldırıldı, kaldırıldı","eliminado, ha eliminado","entfernte, hat entfernt",,word,,,werden. || Das Hotel liegt etwa 100 m vom Strand entfernt.,35
b1_0866,B1,"die Entfernung, -en","the distance, -en","mesafe, -tr","la distancia, -es","die Entfernung, -en",die,noun,-en,,Aus dieser Entfernung ist das nicht zu erkennen.,35
b1_0867,B1,entgegenkommen,accommodate,karşılamak,acomodar,entgegenkommen 1.,,word,,,Auf dem Weg nach Hause ist mir mein Nachbar entgegengekommen. || Können Sie mir mit dem Preis entgegenkommen?,35
b1_0868,B1,"enthalten, enthält, en-","contain, contains, en-","içerir, içerir, içerir","contener, contiene, en-","enthalten, enthält, en- 1.",,word,,,Diese Schokolade enthält nur sehr,35
b1_0869,B1,thielt,thalt,şey,eso,"thielt, hat enthalten",,verb,,hat enthalten,wenig Zucker. || Ist die Änderung im Preis enthalten?,35
b1_0870,B1,entlang,along,birlikte,a lo largo de,entlang,,word,,,Gehen Sie diese Straße entlang. || Dann kommen Sie direkt zum Bahnhof.,35
b1_0871,B1,"entlassen, entlässt,","dismissed, dismissed","görevden alındı, görevden alındı","despedido, despedido","entlassen, entlässt, 1.",,word,,,Die Operation ist gut gelaufen. || Wir,35
b1_0872,B1,entließ,dismissed,görevden alındı,despedido,"entließ, hat entlassen",,verb,,hat entlassen,können Sie nächste Woche aus dem Krankenhaus entlassen. || Die Firma hat viele Mitarbeiter entlassen.,35
b1_0873,B1,"die Entlassung, -en","the dismissal, -en","işten çıkarılma, -tr","el despido, -es","die Entlassung, -en",die,noun,-en,,Seine Entlassung aus der Firma kam überraschend.,35
b1_0874,B1,"entscheiden, entscheidet,","decide, decide","karar ver, karar ver","decidir, decidir","entscheiden, entscheidet, 1.",,word,,,"Das kann ich nicht allein entscheiden,",36
b1_0875,B1,"entschied,",decided,karar verilmiş,decidido,"entschied,",,word,,hat entschieden,da muss ich erst fragen. || Für welchen Anzug haben Sie sich entschieden?,36
b1_0876,B1,"die Entscheidung, -en","the decision, -en","karar, -tr","la decisión, -es","die Entscheidung, -en",die,noun,-en,,Diese wichtige Entscheidung möchte ich zuerst mit meinem Mann besprechen.,36
b1_0877,B1,unentschieden1.,undecided1.,kararsız1.,indeciso1.,unentschieden1.,,word,,,"Es steht unentschieden zwischen den beiden Mannschaften. || Ich bin noch immer unentschieden, was ich morgen tun soll.",36
b1_0878,B1,sich entschließen,decide,karar vermek,decidir,"sich entschließen,",,verb,,,Mein Nachbar hat sich nun doch,36
b1_0879,B1,"entschließt sich,",decides,karar verir,decide,"entschließt sich,",,word,,,"entschlossen, sein Auto zu verkaufen.",36
b1_0880,B1,"entschloss sich,",decided,karar verilmiş,decidido,"entschloss sich,",,word,,hat sich entschlossen,,36
b1_0881,B1,entschlossen,determined,azimli,determinado,entschlossen,,verb,,,"Ich bin fest entschlossen, diese Ausbildung fertigzumachen.",36
b1_0882,B1,"entschuldigen,",excuse,mazeret,disculpar,"entschuldigen, 1.",,word,,,"Entschuldigen Sie bitte, dass ich Sie",36
b1_0883,B1,"entschuldigt,",sorry,Üzgünüm,Lo siento,"entschuldigt,",,word,,,störe. || Aber es gibt ein Problem.,36
b1_0884,B1,"entschuldigte,",apologized,özür diledi,se disculpó,"entschuldigte, 2.",,word,,hat entschuldigt,"Herr Meier lässt sich entschuldigen, er || ist stark erkältet.",36
b1_0885,B1,"die Entschuldigung, -en","the apology, -en","özür, -tr","la disculpa, -es","die Entschuldigung, -en",die,noun,-en,,"Oh, Entschuldigung! || – Macht nichts. || Kein Problem.",36
b1_0886,B1,"entsorgen, entsorgt,","dispose of, dispose of","elden çıkarmak, elden çıkarmak","deshacerse de, deshacerse de","entsorgen, entsorgt,",,word,,,Wie kann ich meine alte,36
b1_0887,B1,"entsorgte, hat entsorgt","disposed of, has disposed of","bertaraf edildi, bertaraf edildi","desechado, se ha deshecho de","entsorgte, hat entsorgt",,word,,,Kaffeemaschine entsorgen?,36
b1_0888,B1,entspannend,relaxing,rahatlatıcı,relajante,entspannend,,word,,,Der Urlaub war sehr entspannend.,36
b1_0889,B1,"entstehen, entsteht,","arise, arise","ortaya çıkmak, ortaya çıkmak","surgir, surgir","entstehen, entsteht, 1.",,word,,,Hier entsteht ein neues Einkaufs-,36
b1_0890,B1,entstand,emerged,ortaya çıktı,surgió,"entstand, ist entstanden",,verb,,ist entstanden,zentrum. || Andere Kosten entstehen nicht.,36
b1_0891,B1,"enttäuschen, enttäuscht,","disappoint, disappointed","hayal kırıklığına uğratmak, hayal kırıklığına uğratmak","decepcionar, desilusionar","enttäuschen, enttäuscht, 1.",,word,,,Leider hat mich sein Verhalten,36
b1_0892,B1,"enttäuschte, hat ent-","disappointed, has disappointed","hayal kırıklığına uğrattı, hayal kırıklığına uğrattı","decepcionado, ha decepcionado","enttäuschte, hat ent-",,word,,,enttäuscht.,36
b1_0893,B1,täuscht,deceiving,aldatıcı,engañoso,täuscht 2.,,word,,,Wir waren von dem Konzert sehr enttäuscht. || Das Ergebnis war enttäuschend.,36
b1_0894,B1,"die Enttäuschung, -en","the disappointment, -en","hayal kırıklığı, -tr","la decepción, -es","die Enttäuschung, -en",die,noun,-en,,Das Endspiel war eine große Enttäuschung.,36
b1_0895,B1,entweder ... oder,either ... or,ya ... ya da,o... o,entweder ... oder,,word,,,"Nur einer kann gewinnen, entweder du oder ich.",36
b1_0896,B1,"entwickeln, entwickelt,","develop, developed","geliştirmek, geliştirmek","desarrollar, desarrollado","entwickeln, entwickelt, 1.",,word,,,Unser Sohn entwickelt sich gut in der,36
b1_0897,B1,"entwickelte,",developed,gelişmiş,desarrollado,"entwickelte,",,word,,hat entwickelt,Schule. || Die Firma hat ein neues Produkt entwickelt.,36
b1_0898,B1,"die Entwicklung, -en","the development, -s","gelişme, -s","el desarrollo, -s","die Entwicklung, -en",die,noun,-en,,Genug Schlaf ist wichtig für die Entwicklung Ihres Kindes.,36
b1_0899,B1,die Erde,the earth,dünya,la tierra,die Erde 1.,die,noun,,,Die Pflanzen brauchen neue Erde. || Mein Sohn hat das Glas auf die Erde fallen lassen. || An der Konferenz nehmen Vertreter aus fast allen Ländern der Erde teil.,36
b1_0900,B1,"der Erdapfel, ¨- (A) →","the potato, ¨- (A) →","patates, ¨- (A) →","la papa, ¨- (A) →","der Erdapfel, ¨- (A) →",der,noun,¨- (A) →,,Kann ich bitte noch Erdäpfel,36
b1_0901,B1,Kartoffel,Kartoffel,Patates,Papa,Kartoffel,,noun,,,bekommen?,36
b1_0902,B1,das Erdgeschoss/,the ground floor/,zemin kat /,la planta baja/,das Erdgeschoss/,das,noun,,,Unsere Wohnung befindet sich im,36
b1_0903,B1,"Ergeschoß, -e","shot, -e","atış, -e","tiro, -e","Ergeschoß, -e",,noun,,,Erdgeschoss.,36
b1_0904,B1,"das Ereignis, -se","the event, -se","olay, -se","el evento, -se","das Ereignis, -se 1.",das,noun,-se 1.,,Alle Zeitungen haben über diese Ereignisse berichtet. || Das Konzert war ein großes Ereignis.,36
b1_0905,B1,sich ereignen,sich ereignen,meydana gelmek,ocurrir,"sich ereignen,",,verb,,,Der Unfall ereignete sich am frühen,36
b1_0906,B1,"ereignet sich,",occurs,meydana gelmek,ocurre,"ereignet sich,",,word,,,Morgen.,36
b1_0907,B1,"ereignete sich,",occurred,olmuş,ocurrió,"ereignete sich,",,word,,hat sich ereignet,,36
b1_0908,B1,"erfahren, erfährt, erfuhr,","experienced, experienced, experienced","erfahren, erfährt, erfuhr,","experimentado, experimentado, experimentado","erfahren, erfährt, erfuhr,",,word,,hat erfahren,Wann erfahren wir das Ergebnis der || Prüfung?,36
b1_0909,B1,"die Erfahrung, -en1.","the experience, -en1.","deneyim, -en1.","la experiencia, -en1.","die Erfahrung, -en1.",die,noun,-en1.,,Ich habe zehn Jahre Erfahrung in diesem Beruf. || Mit diesem Gerät haben wir gute Erfahrungen gemacht.,36
b1_0910,B1,"erfinden, erfindet, erfand,","invent, invent, invent","icat etmek, icat etmek, icat etmek","inventar, inventar, inventar","erfinden, erfindet, erfand,",,word,,hat erfunden,Das Rad wurde vor ca. 6000 Jahren er- || funden.,36
b1_0911,B1,"die Erfindung, -en","the invention, -en","buluş, -tr","la invención, -es","die Erfindung, -en",die,noun,-en,,Die Erfindung des Buchdrucks war sehr wichtig für die Menschen.,36
b1_0912,B1,"der Erfolg, -e","the success, -e","başarı, -e","el éxito, -e","der Erfolg, -e 1.",der,noun,-e 1.,,Der Film war ein großer Erfolg. || Ich wünsche Ihnen viel Erfolg bei der Prüfung.,36
b1_0913,B1,erfolgreich,successful,başarılı,exitoso,erfolgreich,,word,,,Mein Großvater war ein erfolgreicher Geschäftsmann.,36
b1_0914,B1,erforderlich,necessary,gerekli,necesario,erforderlich 1.,,adjective,,,"Hier ist die Liste der erforderlichen Zu- taten für den Kuchen. || Es ist erforderlich, dass man den Pass persönlich abholt.",36
b1_0915,B1,"erfordern, erfordert,","require, requires","gerektirir, gerektirir","requiere, requiere","erfordern, erfordert,",,word,,,Dieser Job erfordert viel Kraft.,36
b1_0916,B1,"erforderte, hat erfordert","required, has required","gerekli, gerekliydi","requerido, ha requerido","erforderte, hat erfordert",,word,,,,36
b1_0917,B1,"erfüllen, erfüllt, erfüllte,","fulfill, fulfilled, fulfilled","yerine getirmek, yerine getirmek, yerine getirmek","cumplir, cumplido, cumplido","erfüllen, erfüllt, erfüllte, 1.",,word,,hat erfüllt,Sie müssen den Vertrag in allen || Punkten erfüllen. || Wir erfüllen Ihnen jeden Wunsch.,36
b1_0918,B1,"ergänzen, ergänzt,","supplement, supplement","ek, ek","suplemento, suplemento","ergänzen, ergänzt,",,word,,,Ergänzen Sie bitte die fehlenden,36
b1_0919,B1,"ergänzte, hat ergänzt","added, has added","ekledi, ekledi","añadido, ha añadido","ergänzte, hat ergänzt",,word,,,Angaben.,36
b1_0920,B1,"das Ergebnis, -se","the result, -se","sonuç, -se","el resultado, -se","das Ergebnis, -se",das,noun,-se,,Ein so gutes Ergebnis hat uns alle überrascht.,36
b1_0921,B1,"erhalten, erhält, erhielt,","received, received, received","alınan, alınan, alınan","recibido, recibido, recibido","erhalten, erhält, erhielt,",,word,,hat erhalten,Ihr Schreiben vom || Januar haben wir || erhalten.,36
b1_0922,B1,"erhöhen, erhöht, erhöhte,","increase, increased, increased","artış, arttı, arttı","aumentar, aumentar, aumentar","erhöhen, erhöht, erhöhte, 1.",,word,,hat erhöht,Die Regierung wird sicher bald wieder || die Steuern erhöhen. || Die Zahl der Unfälle hat sich stark erhöht.,36
b1_0923,B1,"die Erhöhung, -en","the increase, -en","artış, -tr","el aumento, -es","die Erhöhung, -en",die,noun,-en,,Wir streiken für eine Lohnerhöhung.,37
b1_0924,B1,sich erholen,to recover,iyileşmek,recuperarse,"sich erholen, 1.",,verb,,1.,Im Urlaub habe ich mich sehr gut,37
b1_0925,B1,"erholt sich,",recovers,iyileşir,se recupera,"erholt sich,",,word,,,erholt.,37
b1_0926,B1,"erholte sich,",recovered,kurtarıldı,recuperado,"erholte sich, 2.",,word,,hat sich erholt,Er hat sich nach dem Unfall sehr || schnell wieder erholt.,37
b1_0927,B1,"die Erholung, -en","the recovery, -en","iyileşme, -tr","la recuperación, -es","die Erholung, -en",die,noun,-en,,Ich habe zu viel gearbeitet. || Jetzt brauche ich etwas Erholung.,37
b1_0928,B1,"erinnern, erinnert,","remember, remembered","hatırladım, hatırladım","recuerda, recuerda","erinnern, erinnert, 1.",,word,,,"Bitte, erinnern Sie mich noch einmal an",37
b1_0929,B1,"erinnerte, hat erinnert","remembered, has remembered","hatırladım, hatırladım","recordado, ha recordado","erinnerte, hat erinnert",,word,,,den Termin || Ich erinnere mich noch genau an Francescos Vater.,37
b1_0930,B1,"die Erinnerung, -en","the memory, -en","hafıza, -tr","la memoria, -es","die Erinnerung, -en",die,noun,-en,,An diese Zeit habe ich viele schöne Erinnerungen.,37
b1_0931,B1,"sicherkälten,erkältetsich,","sure to get cold, catch a cold","mutlaka üşürsün, üşütürsün","seguro que te resfriarás, te resfriarás","sicherkälten,erkältetsich,",,word,,,Der Junge hat sich beim Baden,37
b1_0932,B1,"erkältete sich,",caught a cold,üşüttüm,cogí un resfriado,"erkältete sich,",,word,,hat sich erkältet,erkältet.,37
b1_0933,B1,erkältet,caught a cold,üşüttüm,cogí un resfriado,erkältet,,word,,,Ich bin stark erkältet.,37
b1_0934,B1,"die Erkältung, -en","the cold, -en","soğuk, -tr",el frio,"die Erkältung, -en",die,noun,-en,,Du hast eine schlimme Erkältung!,37
b1_0935,B1,"erkennen, erkennt,","recognize, recognize","tanımak, tanımak","reconocer, reconocer","erkennen, erkennt, 1.",,word,,,Ich habe Roberto gleich an seiner,37
b1_0936,B1,"erkannte, hat erkannt","recognized, has recognized","tanıdı, tanıdı","reconocido, ha reconocido","erkannte, hat erkannt",,word,,,"Stimme erkannt. || Auf dem Foto kann man kaum etwas erkennen. || Ich habe erkannt, dass es ein Fehler war, den Kurs nicht fertigzumachen.",37
b1_0937,B1,"erklären, erklärt, erklärte,","explain, explained, explained","açıklamak, açıkladı, açıkladı","explicar, explicar, explicar","erklären, erklärt, erklärte, 1.",,word,,hat erklärt,"Kannst du mir erklären, wie man || diesen Apparat bedient? || Ich kann mir nicht erklären, wie der Brief verschwinden konnte.",37
b1_0938,B1,"die Erklärung, -en1.","the explanation, -en1.","açıklama, -en1.","la explicación, -en1.","die Erklärung, -en1.",die,noun,-en1.,,Hast du schon die Steuererklärung gemacht? || Die Erklärung der Lehrerin ist besser als die Erklärung im Buch.,37
b1_0939,B1,sich erkundigen,inquire,araştırmak,preguntar,"sich erkundigen, 1.",,verb,,1.,Hast du dich schon nach einem Zug,37
b1_0940,B1,"erkundigt sich, erkundigte","inquired, inquired","sordu, sordu","preguntó, preguntó","erkundigt sich, erkundigte",,word,,,erkundigt?,37
b1_0941,B1,"sich, hat sich erkundigt","himself, inquired",kendisi sordu,"él mismo, preguntó","sich, hat sich erkundigt 2.",,word,,,"Ich möchte mich erkundigen, wie es Ihnen geht.",37
b1_0942,B1,"erlauben, erlaubt,","allow, permitted","izin vermek, izin vermek","permitir, permitido","erlauben, erlaubt, 1.",,word,,,"Ich erlaube meinen Kindern nicht, so",37
b1_0943,B1,"erlaubte, hat erlaubt","allowed, has allowed","izin verildi, izin verildi","permitido, ha permitido","erlaubte, hat erlaubt",,word,,,lange fernzusehen. || Parken ist hier nicht erlaubt.,37
b1_0944,B1,die Erlaubnis,the permission,izin,el permiso,die Erlaubnis,die,noun,,,Sie hätten ihn vorher um Erlaubnis bit- ten müssen.,37
b1_0945,B1,"erleben, erlebt, erlebte,","experience, experienced, experienced","deneyim, deneyimli, tecrübeli","experiencia, experimentado, experimentado","erleben, erlebt, erlebte,",,word,,hat erlebt,In unserem Urlaub haben wir viel || Schönes erlebt.,37
b1_0946,B1,"das Erlebnis, -se","the experience, -se","deneyim, -se","la experiencia, -se","das Erlebnis, -se",das,noun,-se,,Die Reise war ein tolles Erlebnis.,37
b1_0947,B1,"erledigen, erledigt,","do, done","yap, bitti","hacer, hecho","erledigen, erledigt,",,word,,,Diese zwei Pakete müssen zur Post.,37
b1_0948,B1,"erledigte, hat erledigt","done, has done","yapıldı, yapıldı","hecho, ha hecho","erledigte, hat erledigt",,word,,,Könntest du das für mich erledigen?,37
b1_0949,B1,"erleichtern, erleichtert,","facilitate, relieved","kolaylaştırmak, rahatlatmak","facilitar, aliviar","erleichtern, erleichtert, 1.",,word,,,"Ich bin erleichtert, dass alles so gut",37
b1_0950,B1,"erleichterte,",relieved,rahatlamak,aliviado,"erleichterte,",,word,,hat erleichtert,geklappt hat. || Das Internet erleichtert mir die Arbeit sehr.,37
b1_0951,B1,"die Ermäßigung, -en","the discount, -s","indirim, -s","el descuento, -s","die Ermäßigung, -en",die,noun,-en,,Es gibt eine Ermäßigung für Kinder und Senioren.,37
b1_0952,B1,"ernähren, ernährt,","feed, nourished","beslemek, beslemek","alimentar, nutrir","ernähren, ernährt, 1.",,word,,,Wie ernähre ich mich richtig?,37
b1_0953,B1,"ernährte, hat ernährt","fed, fed","beslenmiş, beslenmiş","alimentado, alimentado","ernährte, hat ernährt 2.",,word,,,"Meine Eltern müssen beide arbeiten, um die Familie zu ernähren.",37
b1_0954,B1,die Ernährung,die Ernährung,diyet,la dieta,die Ernährung,die,noun,,,Ich finde eine gesunde Ernährung wichtig.,37
b1_0955,B1,ernst,serious,cidden,grave,ernst,,word,,,Der starke Verkehr ist ein ernstes Problem.,37
b1_0956,B1,ernsthaft,seriously,Cidden,en serio,ernsthaft,,word,,,"Ich überlege ernsthaft, ob ich in eine andere Stadt ziehen soll.",37
b1_0957,B1,"die Ernte, -n","the harvest, -n","hasat, -n","la cosecha, -n","die Ernte, -n",die,noun,-n,,Die Ernte ist dieses Jahr gut.,37
b1_0958,B1,"eröffnen, eröffnet,","open, opened","açık, açıldı","abierto, abierto","eröffnen, eröffnet, 1.",,word,,,Mein Nachbar hat letzten Monat ein,37
b1_0959,B1,"eröffnete, hat eröffnet","opened, has opened","açıldı, açıldı","abierto, ha abierto","eröffnete, hat eröffnet",,word,,,Geschäft eröffnet. || Ich möchte ein Konto eröffnen.,37
b1_0960,B1,"die Eröffnung, -en","the opening, -en","açılış, -tr","la apertura, -es","die Eröffnung, -en",die,noun,-en,,Die Eröffnung der neuen Oper ist am || Juni.,37
b1_0961,B1,"erreichen, erreicht,","achieve, achieved","başarmak, başarmak","lograr, logrado","erreichen, erreicht, 1.",,word,,,"Wenn wir uns beeilen, erreichen wir",37
b1_0962,B1,"erreichte, hat erreicht","achieved, has achieved","başardı, başardı","logrado, ha logrado","erreichte, hat erreicht",,word,,,noch den 8-Uhr-Zug. || Bis 17 Uhr können Sie mich im Büro erreichen. || Auf diese Art erreichen Sie bei mir gar nichts. || Dieser Zug erreicht eine Geschwindigkeit von 200 km/h.,37
b1_0963,B1,erschöpft,exhausted,yorgun,exhausto,erschöpft,,word,,,Nach dem Sport bin ich immer sehr er- schöpft.,37
b1_0964,B1,"erschrecken, erschrickt,","frightened, frightened","korkmuş, korkmuş","asustado, asustado","erschrecken, erschrickt, 1.",,word,,,Du hast richtig krank ausgesehen. || Ich,37
b1_0965,B1,"erschrak, ist erschrocken/","frightened, is frightened/","korkuyor, korkuyor/","asustado, está asustado/","erschrak, ist erschrocken/",,word,,,war ganz erschrocken.,37
b1_0966,B1,"jdn. erschrecken,",sb. scare,sb. korkutmak,alguien susto,"jdn. erschrecken, 2.",,word,,,Hast du mich aber erschreckt!,37
b1_0967,B1,"erschreckt, erschreckte,","frightened, frightened","korkmuş, korkmuş","asustado, asustado","erschreckt, erschreckte, 3.",,word,,hat erschreckt,Entschuldigung. || Ich wollte Sie nicht er- || schrecken.,37
b1_0968,B1,"ersetzen, ersetzt, ersetzte,","replace, replaced, replaced","değiştirmek, değiştirmek, değiştirilmiş","reemplazar, reemplazado, reemplazado","ersetzen, ersetzt, ersetzte, 1.",,word,,hat ersetzt,Wir ersetzen Ihnen die Kosten. || Peter ist krank. || Jemand muss ihn ersetzen.,37
b1_0969,B1,der Ersatz,the replacement,değiştirme,el reemplazo,der Ersatz,der,noun,,,Sie bekommen von unserer Firma einen Ersatz für das kaputte Gerät.,37
b1_0970,B1,erst,first,erst,primero,erst 1.,,word,,,"Sofia ist erst 20 Jahre alt. || Ich habe das erst gestern erfahren. || Sprich erst mit dem Arzt. || Erst hat mir die Arbeit gar nicht gefallen, aber jetzt habe ich mich daran gewöhnt.",37
b1_0971,B1,erst-,first-,Birinci-,primero-,erst- 1.,,word,,,Ich war zum ersten Mal allein im Urlaub. || Ich wohne im ersten Stock. || An erster Stelle kommt die Schule.,38
b1_0972,B1,"erstellen, erstellt,","create, created","yaratmak, yaratılmış","crear, creado","erstellen, erstellt,",,word,,,Erstellen Sie bitte eine Liste mit allen,38
b1_0973,B1,"erstellte, hat erstellt","created, has created","yarattı, yarattı","creado, ha creado","erstellte, hat erstellt",,word,,,"Informationen, die Sie brauchen.",38
b1_0974,B1,erwachsen,adult,yetişkin,adulto,erwachsen 1.,,word,,,Die Kinder sind schon fast erwachsen. || Wir haben zwei erwachsene Töchter.,38
b1_0975,B1,"der Erwachsene, -n","the adult, -n","yetişkin, -n","el adulto, -n","der Erwachsene, -n 1.",der,noun,-n 1.,,"Erwachsene zahlen 5 Euro, für Kinder ist der Eintritt frei. || Dieser Film ist nur für Erwachsene.",38
b1_0976,B1,"erwarten, erwartet,","expect, expected","beklemek, beklenen","esperar, esperado","erwarten, erwartet, 1.",,word,,,Ich erwarte einen Anruf aus Berlin.,38
b1_0977,B1,"erwartete, hat erwartet","expected, expected","beklenen, beklenen","esperado, esperado","erwartete, hat erwartet 2.",,word,,,"Frau Müller erwartet ein Kind. || Wir hatten nichts anderes erwartet. || Ich kann es gar nicht erwarten, euch wieder zu sehen.",38
b1_0978,B1,"erzählen, erzählt,","tell, told","söyle, söyledim","decir, dicho","erzählen, erzählt, 1.",,word,,,Mein Mann hat mir schon viel von,38
b1_0979,B1,"erzählte, hat erzählt","told, told","söylendi, söylendi","dicho, dicho","erzählte, hat erzählt",,word,,,Ihnen erzählt. || Ich muss meinen Kindern abends immer eine Geschichte erzählen.,38
b1_0980,B1,"die Erzählung, -en","the story, -en","hikaye, -tr","la historia, -es","die Erzählung, -en",die,noun,-en,,Diese Erzählung ist sehr berühmt. || Du musst sie lesen.,38
b1_0981,B1,"erziehen, erzieht, erzog,","educate, educate, educated","eğitmek, eğitmek, eğitmek","educar, educar, educado","erziehen, erzieht, erzog,",,word,,hat erzogen,Kinder zu erziehen ist nicht leicht.,38
b1_0982,B1,die Erziehung,the education,eğitim,la educación,die Erziehung,die,noun,,,Heute kümmern sich auch viele Väter um die Erziehung der Kinder.,38
b1_0983,B1,es,it,BT,él,es 1.,,word,,,"Mein Auto muss in die Werkstatt. || Es ist kaputt. || Wissen Sie nicht, wo Herr Müller ist? || - Nein, ich weiß es nicht. || Es wurden bei der Diskussion viele Fragen gestellt. || Wer ist da? || – Ich bin’s. || Mir geht es gut. || Ich finde es sehr nett von Ihnen, dass Sie mich abholen. || Es macht Spaß, zusammen ein Picknick zu machen.",38
b1_0984,B1,"essen, isst, aß,","eat, eat, ate","yemek, yemek, yedim","comer, comer, comido","essen, isst, aß, 1.",,word,,hat gegessen,Haben Sie schon zu Mittag gegessen? || Ich esse gern Bananen. || Was gibt es heute zu essen?,38
b1_0985,B1,"das Essen, -1.","the food, -1.","yemek, -1.","la comida, -1.","das Essen, -1.",das,noun,-1.,,Darf ich Sie zum Essen einladen? || Das Essen ist kalt geworden.,38
b1_0986,B1,der Essig,the vinegar,sirke,el vinagre,der Essig,der,noun,,,Am Salat fehlt noch etwas Essig.,38
b1_0987,B1,"die Etage, -n (D, CH) →","the floor, -n (D, CH) →","kat, -n (D, CH) →","el suelo, -n (D, CH) →","die Etage, -n (D, CH) →",die,noun,"-n (D, CH) →",,"Das Büro ist in der || Etage,",38
b1_0988,B1,Stock,stock,stoklamak,existencias,Stock,,noun,,,Zimmer 305.,38
b1_0989,B1,etwa,approximately,yaklaşık olarak,aproximadamente,etwa 1.,,word,,,Von hier sind es etwa zwanzig Kilometer. || Von zu Hause brauche ich etwa 10 Minuten bis zur Arbeit. || Du bist doch nicht etwa krank?,38
b1_0990,B1,etwas,something,bir şey,algo,etwas 1.,,word,,,Ich muss dir etwas erzählen. || Ich habe nur Tee. || Etwas anderes kann ich Ihnen leider nicht anbieten. || Haben Sie etwas zum Schreiben? || Wollen wir mit dem Nachtisch noch etwas warten? || So etwas habe ich noch nie gehört. || Ich habe etwas Gutes für dich gekocht.,38
b1_0991,B1,eventuell,possibly,muhtemelen,probablemente,eventuell,,word,,,Ich komme eventuell etwas später.,38
b1_0992,B1,ewig,forever,ewig,para siempre,ewig,,adjective,,,Ich warte schon ewig auf mein neues Auto!,38
b1_0993,B1,"der Experte, -n","the expert, -n","uzman, -n","el experto, -n","der Experte, -n",der,noun,-n,,Ich verstehe ein bisschen was von Computern. || Aber ich bin kein Experte.,38
b1_0994,B1,"der Export, -e","the export, -e","dışa aktarma, -e","la exportación, -e","der Export, -e 1.",der,noun,-e 1.,,"Hier ist die Firma Schulz, Import und Export. || Sonja arbeitet in der Exportabteilung.",38
b1_0995,B1,extra,extra,ekstra,extra,extra 1.,,word,,,Die Getränke kosten extra. || Warum sind Sie nicht gekommen? || Ich habe extra auf Sie gewartet.,38
b1_0996,B1,extrem,extreme,aşırı,extremo,extrem,,word,,,Die Prüfung war extrem schwer.,38
b1_0997,B1,"die Fabrik, -en","the factory, -en","fabrika, -tr","la fábrica, -es","die Fabrik, -en",die,noun,-en,,Ich arbeite in einer Autofabrik.,38
b1_0998,B1,"das Fach, ¨-er","the subject, ¨-er","konu, ¨-er","el sujeto, ¨-er","das Fach, ¨-er 1.",das,noun,¨-er 1.,,Die Handtücher sind im obersten Fach links. || Welches Fach magst du in der Schule am liebsten?,38
b1_0999,B1,der Fachmann,the expert,uzman,el experto,der Fachmann,der,noun,,,Meine Schwester ist Computerfachfrau.,38
b1_1000,B1,"die Fachfrau, -en","the specialist, -en","uzman, -tr",el especialista,"die Fachfrau, -en",die,noun,-en,,,38
b1_1001,B1,die Fachleute (Pl.),the experts (pl.),uzmanlar (pl.),los expertos (pl.),die Fachleute (Pl.),die,noun,,,Die suchen Fachleute für dieses Computerprogramm.,38
b1_1002,B1,"die Fähigkeit, -en",the ability to -en,-en yeteneği,la capacidad de -en,"die Fähigkeit, -en 1.",die,noun,-en 1.,,"In seiner Position braucht man die Fähigkeit, andere zu überzeugen. || Ich glaube, sie hat die Fähigkeit dazu.",38
b1_1003,B1,"fahren, fährt, fuhr, ist/hat","drive, drives, drove, is/has","sürmek, sürmek, sürmek, var / var","conducir, conduce, conduce, es/tiene","fahren, fährt, fuhr, ist/hat 1.",,word,,,Wir sind mit dem Zug gefahren.,38
b1_1004,B1,gefahren,driven,tahrikli,conducido,gefahren 2.,,word,,,Fahr nicht so schnell. || Frau Koch fährt einen Mercedes. || Soll ich dich nach Hause fahren? || Er hat das Auto in die Garage gefahren.,38
b1_1005,B1,"die Fähre, -n","the ferry, -n","feribot, -n","el ferry, -n","die Fähre, -n",die,noun,-n,,Wir nehmen die Fähre über den Bodensee.,38
b1_1006,B1,"die Fahrbahn, -en","the road, -en","yol, -tr",el camino,"die Fahrbahn, -en",die,noun,-en,,Fahren Sie bitte vorsichtig. || Es sind Kühe auf der Fahrbahn.,39
b1_1007,B1,"der Fahrer, -1.","the driver, -1.","sürücü, -1.","el conductor, -1.","der Fahrer, -1.",der,noun,-1.,,Die Fahrerin des Wagens wurde nicht verletzt. || Leonid ist von Beruf Busfahrer. || Während der Fahrt bitte nicht mit dem Fahrer sprechen!,39
b1_1008,B1,"die Fahrkarte, -n","the ticket, -n","bilet, -n","el billete, -n","die Fahrkarte, -n",die,noun,-n,,Fahrkarten bekommt man am,39
b1_1009,B1,→CH: Billet,→CH: Billet,→CH: Kütük,→CH: billete,→CH: Billet,,other,,,Automaten.,39
b1_1010,B1,"der Fahrplan, ¨-e1.","the timetable, ¨-e1.","zaman çizelgesi, ¨-e1.","el horario, ¨-e1.","der Fahrplan, ¨-e1.",der,noun,¨-e1.,,Der Fahrplan hat sich geändert. || Haben Sie schon den neuen Sommerfahrplan?,39
b1_1011,B1,"das Fahrrad, ¨-er →D, A:","the bicycle, ¨-er →D, A:","bisiklet, ¨-er →D, A:","la bicicleta, ¨-er →D, A:","das Fahrrad, ¨-er →D, A:",das,noun,"¨-er →D, A:",,Sie fährt jeden Morgen mit dem,39
b1_1012,B1,Rad; CH: Velo,Wheel; CH: Bicycle,Teker; CH: Bisiklet,Rueda; CH: Bicicleta,Rad; CH: Velo,,noun,,,Fahrrad zur Arbeit.,39
b1_1013,B1,"das Fahrzeug, -e","the vehicle, -e","araç, -e","el vehículo, -e","das Fahrzeug, -e",das,noun,-e,,Wem gehört das Fahrzeug?,39
b1_1014,B1,fair,fair,adil,justo,fair,,word,,,"Ich finde, unsere Mannschaft hat sehr fair gespielt.",39
b1_1015,B1,"der Faktor, -en","the factor, -en","faktör, -tr","el factor, -es","der Faktor, -en",der,noun,-en,,Die Creme hat einen hohen Sonnen- schutzfaktor.,39
b1_1016,B1,"der Fall, ¨-e","the case, ¨-e","durum, ¨-e","el caso, ¨-e","der Fall, ¨-e 1.",der,noun,¨-e 1.,,"Was würden Sie in diesem Fall tun? || Rufen Sie auf jeden Fall vorher noch einmal an. || Für den Fall, dass meine Mutter aus dem Krankenhaus kommt, bleibe ich zu Hause.",39
b1_1017,B1,"fallen, fällt, fiel,","fall, falls, fell","düşmek, düşmek, düşmek","caer, caer, caer","fallen, fällt, fiel, 1.",,word,,ist gefallen,Das Glas ist auf den Boden gefallen. || In den Bergen ist schon Schnee gefallen. || Die Temperatur ist ganz plötzlich unter null gefallen.,39
b1_1018,B1,fällig,due,vadesi dolmuş,pendiente,fällig,,adjective,,,Die Rechnung ist Énde des Monats fällig.,39
b1_1019,B1,falls,if,eğer,si,falls,,word,,,"Falls es regnet, machen wir kein Picknick.",39
b1_1020,B1,falsch,incorrect,yanlış,incorrecto,falsch 1.,,word,,,"Tut mir leid, ich habe die falsche Nummer gewählt. || Meine Uhr geht falsch. || Was Sie da sagen, ist falsch.",39
b1_1021,B1,"die Familie, -n","the family, -n","aile, -n","la familia, -n","die Familie, -n",die,noun,-n,,Ich habe eine große Familie.,39
b1_1022,B1,"der Familienstand (D, A) →","the marital status (D, A) →","medeni durum (D, A) →","el estado civil (D, A) →","der Familienstand (D, A) →",der,noun,A) →,,Bei „Familienstand“ musst du „ledig“,39
b1_1023,B1,Personenstand;,civil status;,medeni durum;,estado civil;,Personenstand;,,noun,,,ankreuzen.,39
b1_1024,B1,CH: Zivilstand,CH: Marital status,CH: Medeni durum,CH: Estado civil,CH: Zivilstand,,noun,,,,39
b1_1025,B1,"fangen, fängt, fing,","catch, catch, caught","yakalamak, yakalamak, yakalandı","atrapar, atrapar, atrapado","fangen, fängt, fing, 1.",,word,,hat gefangen,Das Kind hat den Ball gefangen. || Unsere Katze hat eine Maus gefangen.,39
b1_1026,B1,"die Fantasie/Phantasie, -n","the fantasy/fantasy, -n","fantezi/fantezi, -n","la fantasía/fantasía, -n","die Fantasie/Phantasie, -n",die,noun,-n,,Mein Sohn malt sehr gut. || Er hat viel Fantasie.,39
b1_1027,B1,fantastisch,fantastisch,fantastik,fantástico,fantastisch,,adjective,,,Die Aussicht ist fantastisch!,39
b1_1028,B1,"die Farbe, -n","the color, -n","renk, -n","el color, -n","die Farbe, -n 1.",die,noun,-n 1.,,Welche Farbe magst du am liebsten? || Diese Farbe trocknet schnell.,39
b1_1029,B1,farbig,colored,renkli,de colores,farbig,,adjective,,,"Ich brauche kein weißes, sondern farbiges Papier.",39
b1_1030,B1,"das Faschierte (A) →D,",the minced meat (A) →D,kıyma (A) →D,la carne picada (A) →D,"das Faschierte (A) →D,",das,noun,,,Geben Sie mir bitte 500 g Faschiertes.,39
b1_1031,B1,CH: Hackfleisch,CH: Minced meat,CH: Kıyma,CH: carne picada,CH: Hackfleisch,,noun,,,,39
b1_1032,B1,"der Fasching, - (D, A) →D:","the carnival, - (D, A) →D:","karnaval, - (D, A) →D:","el carnaval, - (D, A) →D:","der Fasching, - (D, A) →D:",der,noun,"- (D, A) →D:",,Dort hängt mein Kostüm für den,39
b1_1033,B1,Karneval; CH: Fasnacht,Carnival; CH: Carnival,Karnaval; CH: Karnaval,Carnaval; CH: Carnaval,Karneval; CH: Fasnacht,,noun,,,Faschings(um)zug.,39
b1_1034,B1,"→D, die Fasnacht (CH) A:","→D, the carnival (CH) A:","→D, karnaval (CH) A:","→D, el carnaval (CH) A:","→D, die Fasnacht (CH) A:",,other,,,Dort hängt mein Kostüm für den,39
b1_1035,B1,Fasching; D: Karneval,Carnival; D: Carnival,Karnaval; D: Karnaval,Carnaval; D: Carnaval,Fasching; D: Karneval,,noun,,,Fasnachtsumzug.,39
b1_1036,B1,"fassen, fasst, fasste,","grasp, grasp, grasp","kavramak, kavramak, kavramak","agarrar, agarrar, agarrar","fassen, fasst, fasste, 1.",,word,,hat gefasst,"Sie haben den Dieb gefasst. || Ich habe den Entschluss gefasst, nach Wien zu ziehen.",39
b1_1037,B1,fast,almost,neredeyse,casi,fast 1.,,word,,,Das Konzent ist fast zu Ende. || Ich habe fast alles verstanden.,39
b1_1038,B1,faul,lazy,tembel,perezoso,faul 1.,,word,,,Mein Sohn war am Anfang in der Schule sehr faul. || Heute lernt er sehr fleißig. || Den Apfel kannst du nicht mehr essen. || Er ist faul.,39
b1_1039,B1,"faulenzen, faulenzt,","laze, laze","tembellik, tembellik","holgazanear, holgazanear","faulenzen, faulenzt,",,word,,,Am Wochenende können wir,39
b1_1040,B1,"faulenzte, hat gefaulenzt","lazed around, lazed around","tembellik ettim, tembellik ettim","holgazaneando, holgazaneando","faulenzte, hat gefaulenzt",,word,,,faulenzen.,39
b1_1041,B1,"der Fauteuil, -s (A, CH) →","the armchair, -s (A, CH) →","koltuk, -s (A, CH) →","el sillón, -s (A, CH) →","der Fauteuil, -s (A, CH) →",der,noun,"-s (A, CH) →",,Ich hätte gern einen bequemen,39
b1_1042,B1,"D, CH: Sessel","D, CH: armchair","D, CH: koltuk","D, CH: sillón","D, CH: Sessel",,noun,,,Fauteuil.,39
b1_1043,B1,"fehlen, fehlt, fehlte,","missing, missing, missing","eksik, eksik, eksik","desaparecido, desaparecido, desaparecido","fehlen, fehlt, fehlte, 1",,word,,hat gefehlt,"Auf dem Brief fehlt der Absender. || Hast du Kleingeld? || Mir fehlt ein Euro. || In der Kasse fehlen 20 Euro. || Antonio war nicht in der Schule, er fehlt schon seit drei Tagen. || Was fehlt Ihnen? || Haben Sie Schmerzen?",39
b1_1044,B1,"der Fehler, -","the error, -","hata, -","el error, -","der Fehler, - 1.",der,noun,- 1.,,"Ich glaube, da haben Sie einen Fehler gemacht. || Die Schülerin hat den Fehler sofort ge- funden.",39
b1_1045,B1,"feiern, feiert, feierte,","celebrate, celebrate, celebrated","kutlamak, kutlamak, kutlamak","celebrar, celebrar, celebrar","feiern, feiert, feierte,",,word,,hat gefeiert,Wir haben gestern Karls Geburtstag || gefeiert.,39
b1_1046,B1,"die Feier, -n","the celebration, -n","kutlama, -n","la celebración, -n","die Feier, -n",die,noun,-n,,Es war eine schöne Feier.,39
b1_1047,B1,der Feierabend,the end of the day,günün sonu,el final del dia,der Feierabend,der,noun,,,Einen schönen Feierabend.,39
b1_1048,B1,"der Feiertag, -e1.","the holiday, -e1.","tatil, -e1.","las vacaciones, -e1.","der Feiertag, -e1.",der,noun,-e1.,,Am Montag ist Feiertag. || Schöne Feiertage.,39
b1_1049,B1,"das Feld, -er","the field, -er","alan, -er","el campo, -er","das Feld, -er",das,noun,-er,,Auf diesem Feld wächst Gemüse.,39
b1_1050,B1,"das Fenster, -","the window, -","pencere, -","la ventana, -","das Fenster, -",das,noun,-,,Darf ich einen Moment das Fenster aufmachen?,39
b1_1051,B1,"die Ferien (Pl.) (CH) →D,",the holidays (pl.) (CH) →D,tatiller (pl.) (CH) →D,las vacaciones (pl.) (CH) →D,"die Ferien (Pl.) (CH) →D,",die,noun,,,Ich habe noch drei Tage Ferien.,40
b1_1052,B1,A: Urlaub,A: Vacation,C: Tatil,R: vacaciones,A: Urlaub,,noun,,,,40
b1_1053,B1,Ferien-,Holidays-,Tatiller-,Vacaciones-,Ferien-,,noun,,,Ich suche eine günstige Ferienwohnung.,40
b1_1054,B1,"die Fernbedienung, -en","the remote control, -en","uzaktan kumanda, -tr","el control remoto, -es","die Fernbedienung, -en",die,noun,-en,,Hast du die Fernbedienung gesehen?,40
b1_1055,B1,"fernsehen, sieht fern,","watch TV, watch TV","televizyon izle, televizyon izle","ver televisión, ver televisión","fernsehen, sieht fern,",,word,,,Meine Kinder dürfen abends nur eine,40
b1_1056,B1,sah fern,watched TV,televizyon izledim,vio televisión,"sah fern, hat ferngesehen",,verb,,hat ferngesehen,Stunde fernsehen.,40
b1_1057,B1,das Fernsehen,the television,televizyon,la television,das Fernsehen,das,noun,,,Was gibt es heute Abend im Fernsehen?,40
b1_1058,B1,"der Fernseher, -","the TV, -","televizyon, -","la televisión, -","der Fernseher, -",der,noun,-,,Der Fernseher ist schon wieder kaputt.,40
b1_1059,B1,fertig,complete,tamamlamak,completo,fertig 1.,,adjective,,,"Das Essen ist gleich fertig. || Wenn ich mit der Arbeit fertig bin, gehe ich nach Hause. || Bist du fertig? || Das war ein schlimmer Tag. || Ich bin total fertig.",40
b1_1060,B1,fest,firmly,sıkıca,firmemente,fest 1.,,word,,,"Mein Kollege glaubt fest daran, dass er die neue Stelle bekommt. || Als wir nach Hause kamen, haben die Kinder schon fest geschlafen. || Für die nächste Familienfeier gibt es noch keinen festen Termin.",40
b1_1061,B1,"das Fest, -e","the festival, -e","festival, -e","la fiesta, -e","das Fest, -e 1.",das,noun,-e 1.,,"Wenn ich 18 werde, feiern wir ein großes Fest. || Frohes Fest!",40
b1_1062,B1,"die Festplatte, -n","the hard drive, -n","sabit sürücü, -n","el disco duro, -n","die Festplatte, -n",die,noun,-n,,Mein Computer hat eine große Festplatte.,40
b1_1063,B1,"festhalten, hält fest,","hold on, hold on","bekle, bekle","espera, espera","festhalten, hält fest, 1.",,word,,,Halt dich gut fest.,40
b1_1064,B1,"hielt fest, hat festgehalten","held on, held on","tutuldu, tutuldu","aguantado, aguantado","hielt fest, hat festgehalten 2.",,word,,,Halt die Flasche gut fest.,40
b1_1065,B1,"festlegen, legt fest,","determine, determine","festlegen, legt fest,","determinar, determinar","festlegen, legt fest, 1.",,word,,,"Ich weiß noch nicht, ob ich das mache.",40
b1_1066,B1,"legte fest, hat festgelegt","laid down, has laid down","yatırdı, yatırdı","acostado, se ha acostado","legte fest, hat festgelegt",,word,,,Ich möchte mich noch nicht festlegen. || Habt ihr den Hochzeitstermin schon festgelegt?,40
b1_1067,B1,"festnehmen nimmt fest,",arrest arrests,tutuklama tutuklamalar,arrestos arrestos,"festnehmen nimmt fest,",,word,,,Die Polizei hat einen Mann,40
b1_1068,B1,"nahm fest,",arrested,tutuklanmış,detenido,"nahm fest,",,word,,hat festgenommen.,festgenommen.,40
b1_1069,B1,"festsetzen, setzt fest, set-","establish, establish, set-","kurmak, tesis etmek, kurmak-","establecer, establecer, establecer-","festsetzen, setzt fest, set-",,word,,,Die Schule hat den Termin für die,40
b1_1070,B1,"zte fest, hat festgesetzt","zte fixed, has fixed","zte düzeltildi, düzeltildi","zte arreglado, ha arreglado","zte fest, hat festgesetzt",,word,,,Prüfung festgesetzt.,40
b1_1071,B1,"feststehen, steht fest,","to be certain, it is certain","kesin olmak gerekirse, kesin","para estar seguro, es seguro","feststehen, steht fest,",,word,,,Der Termin steht seit Langem fest.,40
b1_1072,B1,"stand fest,",stood firm,sağlam durdu,se mantuvo firme,"stand fest,",,word,,ist festgestanden,,40
b1_1073,B1,"feststellen, stellt fest,","determine, determine","belirlemek, belirlemek","determinar, determinar","feststellen, stellt fest, 1.",,word,,,"Er hat festgestellt, dass der Absender",40
b1_1074,B1,"stellte fest,",stated,belirtilmiş,fijado,"stellte fest,",,word,,hat festgestellt,"des Briefes falsch war. || Der Arzt hat mich untersucht, konnte aber nichts feststellen.",40
b1_1075,B1,fett,fat,yağ,gordo,fett 1.,,word,,,Die Wurst ist mir zu fett. || Das ist aber eine fette Katze!,40
b1_1076,B1,das Fett,the fat,şişman,la grasa,das Fett,das,noun,,,Man soll nicht so viel Fett essen.,40
b1_1077,B1,feucht,moist,nemli,húmedo,feucht 1.,,word,,,Die Wäsche ist noch feucht. || Es ist heute feucht draußen.,40
b1_1078,B1,das Feuer,the fire,ateş,el fuego,das Feuer 1.,das,noun,,,Der Schaden durch das Feuer war sehr groß. || Haben Sie Feuer?,40
b1_1079,B1,"das Feuerzeug, -e","the lighter, -e","çakmak, -e","el encendedor, -e","das Feuerzeug, -e",das,noun,-e,,Ist das Feuerzeug neu?,40
b1_1080,B1,"die Feuerwehr, -en","the fire department, -en","itfaiye teşkilatı, -tr","el departamento de bomberos, -es","die Feuerwehr, -en",die,noun,-en,,Schnell! || Rufen Sie die Feuerwehr! || Die Nummer ist: 112.,40
b1_1081,B1,das Fieber,the fever,ateş,la fiebre,das Fieber,das,noun,,,Plötzlich habe ich hohes Fieber bekommen.,40
b1_1082,B1,"die Figur, -en","the figure, -en","şekil, -tr","la figura, -es","die Figur, -en 1.",die,noun,-en 1.,,Lars hat eine gute Figur. || Bei diesem Spiel hat jeder Spieler vier Figuren.,40
b1_1083,B1,"der Film, -e","the film, -e","film, -e","la película, -e","der Film, -e",der,noun,-e,,Den Film musst du dir unbedingt ansehen.,40
b1_1084,B1,"finanzieren, finanziert,","finance, financed","finans, finanse edilen","financiar, financiado","finanzieren, finanziert,",,word,,,"Ich weiß nicht, wie ich das Auto",40
b1_1085,B1,"finanzierte, hat finanziert","finanzierte, hat finanziert","finanse etti, finanse etti","financiado, ha financiado","finanzierte, hat finanziert",,word,,,finanzieren soll.,40
b1_1086,B1,finanziell,financially,finansal olarak,financialmente,finanziell,,word,,,Finanziell geht es meinem Neffen jetzt besser.,40
b1_1087,B1,"finden, findet, fand, hat","find, finds, found, has","bulmak, bulur, bulundu, var","encontrar, encuentra, encontró, tiene","finden, findet, fand, hat 1.",,word,,,Meine Tante hat eine gute Arbeit,40
b1_1088,B1,gefunden,found,kurmak,encontró,gefunden,,verb,,,gefunden. || Ich kann meinen Schlüssel nicht finden. || Luigi finde ich sehr nett.,40
b1_1089,B1,"der Finger, -","the finger, -","parmak, -","el dedo, -","der Finger, -",der,noun,-,,Alessandro hat sich in den Finger geschnitten.,40
b1_1090,B1,"die Firma, Firmen","the company, companies","şirket, şirketler","la empresa, empresas","die Firma, Firmen",die,noun,Firmen,,Seit wann arbeiten Sie bei dieser Firma?,40
b1_1091,B1,flach,flat,düz,departamento,flach 1.,,word,,,Für die Arbeit brauche ich flache Schuhe. || An dieser Stelle ist der See sehr flach.,40
b1_1092,B1,"die Fläche, -n","the area, -n","alan, -n","el área, -n","die Fläche, -n",die,noun,-n,,Unsere Wohnung hat eine Wohnfläche von 100 m².,40
b1_1093,B1,"die Flasche, -n","the bottle, -n","şişe, -n","la botella, -n","die Flasche, -n 1.",die,noun,-n 1.,,Wo kann man die leeren Flaschen zurückgeben? || Eine Flasche Bier bitte.,40
b1_1094,B1,"der Fleck, -en","the stain, -en","leke, -tr",la mancha,"der Fleck, -en",der,noun,-en,,Du hast einen Fleck auf der Bluse.,40
b1_1095,B1,das Fleisch,the meat,et,la carne,das Fleisch,das,noun,,,Fleisch mag ich nicht.,40
b1_1096,B1,"der Fleischhauer, -","the butcher, -","kasap, -","el carnicero, -","der Fleischhauer, -",der,noun,-,,Dieser Fleischhauer macht sehr gute,40
b1_1097,B1,"die Fleischhauerin, -nen","the butcher, -nen","kasap, -nen","el carnicero, -nen","die Fleischhauerin, -nen",die,noun,-nen,,Wurst.,40
b1_1098,B1,→Metzger (A),→Butcher (A),→Kasap (A),→Carnicero (A),→Metzger (A),,other,,,,40
b1_1099,B1,fleißig,diligent,gayretli,diligente,fleißig,,adjective,,,Pamela ist wirklich fleißig. || Sie macht immer ihre Hausaufgaben.,40
b1_1100,B1,flexibel,flexible,esnek,flexible,flexibel,,word,,,Meine Arbeitszeit ist flexibel.,41
b1_1101,B1,"fliegen, fliegt, flog,","fly, flies, flew","uçmak, uçmak, uçmak","volar, volar, volar","fliegen, fliegt, flog, 1.",,word,,ist geflogen,Der Vogel ist auf einen Baum geflogen. || Diese Maschine fliegt direkt nach New York. || Ich bin nach Berlin geflogen.,41
b1_1102,B1,"fliehen, flieht, floh,","flee, flee, fled","kaçmak, kaçmak, kaçtı","huir, huir, huir","fliehen, flieht, floh,",,word,,ist geflohen,Der Einbrecher ist sofort geflohen.,41
b1_1103,B1,die Flucht,the escape,kaçış,el escape,die Flucht,die,noun,,,Der Einbrecher war schon auf der Flucht.,41
b1_1104,B1,"fließen, fließt, floss, ist","flow, flows, flowed, is","akıyor, akıyor, akıyor, akıyor","fluir, fluir, fluir, es","fließen, fließt, floss, ist",,word,,,Dieser Fluss fließt in die Nordsee.,41
b1_1105,B1,geflossen,flowed,geflossen,fluyó,geflossen,,verb,,,,41
b1_1106,B1,fließend1.,fluent1.,akıcı1.,fluido1.,fließend1.,,word,,,Mein Kollege spricht fließend Deutsch. || Zimmer mit fließendem Wasser.,41
b1_1107,B1,"der Flohmarkt, ¨-e","the flea market, ¨-e","bit pazarı, ¨-e","el mercadillo, ¨-e","der Flohmarkt, ¨-e",der,noun,¨-e,,Diesen Hut habe ich am Flohmarkt gekauft.,41
b1_1108,B1,"die Flöte, -n","the flute, -n","flüt, -n","la flauta, -n","die Flöte, -n",die,noun,-n,,Sie spielt sehr schön Flöte.,41
b1_1109,B1,"der Flug, ¨-e","the flight, ¨-e","uçuş, ¨-e","el vuelo, ¨-e","der Flug, ¨-e",der,noun,¨-e,,Ich habe den Flug für Sie gebucht.,41
b1_1110,B1,"der Flughafen, ¨-",the airport-,havaalanı-,el aeropuerto-,"der Flughafen, ¨-",der,noun,¨-,,Der Flughafen liegt 30 km außerhalb der Stadt.,41
b1_1111,B1,"das Flugzeug, -e","the plane, -e","uçak, -e","el avión, -e","das Flugzeug, -e",das,noun,-e,,Das Flugzeug ist gerade gelandet.,41
b1_1112,B1,"→Gang; der Flur, -e D, CH:","→Gait; the hallway, -e D, CH:","→Yürüyüş; koridor, -e D, CH:","→Marcha; el pasillo, -e D, CH:","→Gang; der Flur, -e D, CH:",,other,,,Wir warten draußen im Flur.,41
b1_1113,B1,Korridor,corridor,koridor,corredor,Korridor,,noun,,,,41
b1_1114,B1,"der Fluss, ¨-e","der Fluss, ¨-e","nehir, ¨-e","el río, ¨-e","der Fluss, ¨-e",der,noun,¨-e,,Wie heißt dieser Fluss?,41
b1_1115,B1,"die Flüssigkeit, -en","the liquid, -en","sıvı, -tr","el liquido, -es","die Flüssigkeit, -en",die,noun,-en,,Dieses Medikament mit viel Flüssigkeit einnehmen.,41
b1_1116,B1,"folgen, folgt, folgte,","follow, follows, followed","takip ediyorum, takip ediyorum, takip ediyorum","seguir, sigue, seguido","folgen, folgt, folgte, 1.",,word,,ist gefolgt,Es folgen die Nachrichten. || Folgen Sie der Reiseleiterin.,41
b1_1117,B1,"die Folge, -n",the consequences,sonuçlar,las consecuencias,"die Folge, -n",die,noun,-n,,Die Folgen des Unfalls waren schlimm.,41
b1_1118,B1,folgend1.,following1.,takip1.,siguiente1.,folgend1.,,word,,,Mehr Informationen auf den folgenden Seiten. || Das Geschäft hat folgende Angebote: …,41
b1_1119,B1,"fordern, fordert, forderte,","demand, demands, demanded","talep, talepler, talep edilen","demanda, demandas, exigido","fordern, fordert, forderte,",,word,,hat gefordert,Die Arbeitnehmer fordern mehr Geld.,41
b1_1120,B1,"die Forderung, -en","the demand, -en","talep, -tr","la demanda, -es","die Forderung, -en",die,noun,-en,,Alle Forderungen der Arbeitnehmer kann man in dieser E-Mail lesen.,41
b1_1121,B1,"fördern, fördert, förderte,","promote, promote, promoted","teşvik etmek, teşvik etmek, terfi ettirmek","promover, promover, promocionar","fördern, fördert, förderte,",,word,,hat gefördert,Die Stadt fördert viele Sportprojekte.,41
b1_1122,B1,"die Förderung, -en","the promotion, -s","promosyon, -s","la promoción, -s","die Förderung, -en",die,noun,-en,,Für das Projekt bekommen wir eine Förderung von der Stadt.,41
b1_1123,B1,"die Form, -en","the form, -en","form, -en","la forma, -en","die Form, -en 1.",die,noun,-en 1.,,Diese Schuhe haben eine schöne Form. || Ich möchte für den Geburtstag einen Kuchen backen. || Kannst du mir eine Backform leihen?,41
b1_1124,B1,"das Formular, -e","the form, -e","form, -e","la forma, -e","das Formular, -e",das,noun,-e,,Füllen Sie bitte dieses Formular aus.,41
b1_1125,B1,"die Forschung, -en","the research, -s","araştırma, -s","la investigación, -s","die Forschung, -en",die,noun,-en,,Er arbeitet in der Forschung.,41
b1_1126,B1,"die Fortbildung, -en","the further training, -s","ileri eğitim, -s","la formación adicional, -s","die Fortbildung, -en",die,noun,-en,,"Die Fortbildung, die ich machen will, ist sehr teuer.",41
b1_1127,B1,"der Fortschritt, -e","the progress, -e","ilerleme, -e","el progreso, -e","der Fortschritt, -e",der,noun,-e,,Ich habe beim Deutschlernen große Fortschritte gemacht.,41
b1_1128,B1,"fortsetzen, setzt fort, set-","continue, continues, continues","devam ediyor, devam ediyor, devam ediyor","continúa, continúa, continúa","fortsetzen, setzt fort, set-",,word,,,Wir setzen die Behandlung am,41
b1_1129,B1,"zte fort, hat fortgesetzt","continued, continued","devam etti, devam etti","continuó, continuó","zte fort, hat fortgesetzt",,word,,,nächsten Donnerstag um 11 Uhr fort.,41
b1_1130,B1,"die Fortsetzung, -en","the sequel, -en","devamı, -tr","la secuela, -es","die Fortsetzung, -en",die,noun,-en,,Fortsetzung folgt.,41
b1_1131,B1,"das Forum, Foren","the forum, forums","forum, forumlar","el foro, foros","das Forum, Foren",das,noun,Foren,,Ich melde mich heute bei diesem,41
b1_1132,B1,(Internetforum),(Internet forum),(İnternet forumu),(Foro de Internet),(Internetforum),,other,,,Forum an.,41
b1_1133,B1,"fotografieren, fotografiert,","photograph, photographed","fotoğraf, fotoğraflandı","fotografía, fotografiado","fotografieren, fotografiert,",,word,,,Ich fotografiere gern.,41
b1_1134,B1,"fotografierte,",photographed,fotoğrafı çekildi,fotografiado,"fotografierte,",,word,,hat fotografiert,,41
b1_1135,B1,"das Foto, -s","the photo, -s","fotoğraf, -s","la foto, -s","das Foto, -s",das,noun,-s,,Können Sie dieses Foto vergrößern?,41
b1_1136,B1,"der Fotoapparat, -e","the camera, -e","kamera, -e","la cámara, -e","der Fotoapparat, -e",der,noun,-e,,Ich möchte mir einen Fotoapparat kaufen.,41
b1_1137,B1,"der Fotograf, -en","the photographer, -en","fotoğrafçı, -tr","el fotógrafo, -es","der Fotograf, -en",der,noun,-en,,Die Fotografin hat sehr schöne Fotos gemacht.,41
b1_1138,B1,"die Fotografie, -n","photography, -n","fotoğrafçılık, -n","fotografía, -n","die Fotografie, -n",die,noun,-n,,Ich interessiere mich für Fotografie.,41
b1_1139,B1,"fragen, fragt, fragte,","ask, ask, asked","sor, sor, sordu","preguntar, preguntar, preguntar","fragen, fragt, fragte, 1.",,word,,hat gefragt,"Darf ich Sie etwas fragen? || Hat jemand nach mir gefragt? || Ich frage mich, ob das richtig war.",41
b1_1140,B1,"die Frage, -n1.","the question, -n1.","soru, -n1.","la pregunta, -n1.","die Frage, -n1.",die,noun,-n1.,,Ich habe Ihre Frage leider nicht verstanden. || Das kommt gar nicht infrage!,41
b1_1141,B1,"die Frau, -en",the women,kadınlar,las mujeres,"die Frau, -en 1.",die,noun,-en 1.,,"In meinem Deutschkurs sind mehr Frauen als Männer. || Ist Ihre Frau berufstätig? || Guten Tag, Frau Müller!",41
b1_1142,B1,frech,cheeky,yüzsüz,fresco,frech,,word,,,Du darfst in der Schule nicht so frech sein.,41
b1_1143,B1,frei,free,özgür,gratis,frei 1.,,adjective,,,Ist dieser Platz noch frei? || Morgen haben wir frei. || Eintritt frei. || Ich trinke nur alkoholfreies Bier. || Dieses Medikament ist rezeptfrei. || Die Schüler können die Arbeitszeit frei wählen.,41
b1_1144,B1,im Freien,outdoors,açık havada,al aire libre,im Freien,,verb,,,Wir wollen heute im Freien übernachten.,41
b1_1145,B1,die Freiheit,the freedom,özgürlük,la libertad,die Freiheit,die,noun,,,"Wir wollen die Freiheit haben, unsere Meinung sagen zu können.",41
b1_1146,B1,die Freizeit,the free time,boş zaman,el tiempo libre,die Freizeit,die,noun,,,In meiner Freizeit höre ich gern Musik.,41
b1_1147,B1,freiwillig,voluntarily,gönüllü olarak,voluntariamente,freiwillig,,adjective,,,Manchmal bleibe ich freiwillig länger im Büro.,42
b1_1148,B1,fremd,foreign,yabancı,extranjero,fremd 1.,,word,,,Ich reise gern in fremde Länder. || Ich bin fremd hier.,42
b1_1149,B1,"fressen, frisst, fraß,","eat, eat, eat","ye, ye, ye","comer, comer, comer","fressen, frisst, fraß,",,word,,hat gefressen,Hat der Hund schon etwas zu fressen || bekommen?,42
b1_1150,B1,sich freuen,rejoice,sevinmek,alegrarse,"sich freuen, freut sich, 1.",,verb,,"freut sich, 1.","Es freut mich, dass alles so gut",42
b1_1151,B1,"freute sich,",was happy,mutluydu,estaba feliz,"freute sich,",,word,,hat sich gefreut,geklappt hat. || Ich habe mich über Ihr Geschenk sehr gefreut. || Ich freue mich schon auf meinen näch- sten Urlaub.,42
b1_1152,B1,die Freude,the joy,sevinç,la alegría,die Freude,die,noun,,,Diese Arbeit macht mir viel Freude.,42
b1_1153,B1,"der Freund, -e","the friend, -e","arkadaş, -e","el amigo, -e","der Freund, -e",der,noun,-e,,Ich sehe meine Freunde nur am Wochenende.,42
b1_1154,B1,freundlich1.,friendly1.,dost canlısı1.,amigable1.,freundlich1.,,word,,,Er hat uns sehr freundlich begrüßt. || Der Mann ist sehr freundlich zu mir. || Mit freundlichen Grüßen,42
b1_1155,B1,"die Freundschaft, -en","the friendship, -en","dostluk, -tr","la amistad, -es","die Freundschaft, -en",die,noun,-en,,Deine Freundschaft ist mir sehr wichtig.,42
b1_1156,B1,"der Friede, Frieden, -","peace, peace, -","barış, barış, -","paz, paz, -","der Friede, Frieden, -",der,noun,"Frieden, -",,Endlich ist hier Frieden!,42
b1_1157,B1,"frieren, friert, fror,","freeze, freeze, froze","dondurmak, dondurmak, donmak","congelar, congelar, congelar","frieren, friert, fror, 1.",,word,,hat gefroren,"Wenn Sie frieren, mache ich das || Fenster wieder zu. || Heute Nacht hat es gefroren.",42
b1_1158,B1,frisch,fresh,taze,fresco,frisch 1.,,adjective,,,Das Brot ist noch ganz frisch. || Die Handtücher sind frisch gewaschen. || Ich muss mal an die frische Luft.,42
b1_1159,B1,"der Friseur, -e","the hairdresser, -e","kuaför, -e","el peluquero, -e","der Friseur, -e 1.",der,noun,-e 1.,,Du siehst toll aus! || Wer ist dein Friseur?,42
b1_1160,B1,"die Friseurin, -nen (D, A)","the hairdresser, -nen (D, A)","kuaför, -nen (D, A)","el peluquero, -nen (D, A)","die Friseurin, -nen (D, A) 2.",die,noun,"-nen (D, A) 2.",,Meine Tochter will Friseurin werden.,42
b1_1161,B1,→CH: Coiffeur,→CH: Hairdresser,→CH: Kuaför,→CH: Peluquería,→CH: Coiffeur,,other,,,,42
b1_1162,B1,"die Frisur, -en","the hairstyle, -en","saç modeli, -tr","el peinado, -es","die Frisur, -en",die,noun,-en,,Du hast eine tolle Frisur! || Warst du beim Friseur?,42
b1_1163,B1,"die Frist, -en","the deadline, -en","son tarih, -en","la fecha límite, -es","die Frist, -en",die,noun,-en,,Die Frist für die Anmeldung zum Deutschkurs ist abgelaufen.,42
b1_1164,B1,froh,glad,memnun,contento,froh 1.,,word,,,"Ich bin froh, dass alles so gut geklappt hat. || Frohes Fest!",42
b1_1165,B1,fröhlich1.,happy1.,mutlu1.,feliz1.,fröhlich1.,,word,,,Die Musik klingt fröhlich. || Sie ist ein fröhlicher Mensch.,42
b1_1166,B1,"die Frucht, ¨-e","the fruit, ¨-e","meyve, ¨-e","el fruto, ¨-e","die Frucht, ¨-e",die,noun,¨-e,,Welche Früchte kann man essen?,42
b1_1167,B1,"Früchte (CH) →D, A: Obst","Fruits (CH) →D, A: Fruit","Meyveler (CH) →D, A: Meyve","Frutas (CH) →D, A: Fruta","Früchte (CH) →D, A: Obst",,noun,,,Früchte kaufe ich am liebsten auf dem Markt.,42
b1_1168,B1,früh,early,erken,temprano,früh 1.,,word,,,Hier ist schon am frühen Morgen starker Verkehr. || Mein Vater arbeitet von früh bis spät. || Ich bin heute sehr früh aufgestanden. || Wir sind eine halbe Stunde zu früh gekommen. || Wecken Sie mich bitte morgen früh um 6 Uhr.,42
b1_1169,B1,früher/früher-,earlier/earlier-,daha erken/daha önce-,antes/antes-,früher/früher- 1.,,word,,,Früher habe ich in Berlin gewohnt. || Wir nehmen den früheren Zug.,42
b1_1170,B1,"frühstücken, frühstückt,","have breakfast, have breakfast","kahvaltı yap, kahvaltı yap","desayunar, desayunar","frühstücken, frühstückt,",,word,,,Haben Sie schon gefrühstückt?,42
b1_1171,B1,"frühstückte,",had breakfast,kahvaltı yaptım,desayuné,"frühstückte,",,word,,hat gefrühstückt,,42
b1_1172,B1,das Frühstück1.,the breakfast1.,kahvaltı1.,el desayuno1.,das Frühstück1.,das,noun,,,Wir sitzen gerade beim Frühstück. || Sollen wir Ihnen das Frühstück aufs Zimmer bringen?,42
b1_1173,B1,"fühlen, fühlt, fühlte,","feel, feels, felt","hissediyorum, hissediyor, hissettim","sentir, sentir, sentir","fühlen, fühlt, fühlte, 1.",,word,,hat gefühlt,"Wie fühlen Sie sich? || - Danke, ich fühle || mich wohl. || Fühl mal, ob das Wasser nicht zu heiß ist.",42
b1_1174,B1,"führen, führt, führte,","lead, leads, led","kurşun, yol açar, önderlik etti","liderar, liderar, liderar","führen, führt, führte, 1.",,word,,hat geführt,Der Lehrer führt seine Schüler durch || das Museum. || Frau Meyer führt den Betrieb schon seit zehn Jahren. || Nach 20 Minuten führte unsere Mannschaft 2 : 0. || Die Straße führt direkt zum Bahnhof.,42
b1_1175,B1,"der Führerausweis, -e (CH)","the driving license, -e (CH)","ehliyet, -e (CH)","el permiso de conducir, -e (CH)","der Führerausweis, -e (CH)",der,noun,-e (CH),,Hast du einen Führerausweis?,42
b1_1176,B1,"→D, A: Führerschein","→D, A: Driving license","→D, A: Ehliyet","→D, A: Permiso de conducir","→D, A: Führerschein",,other,,,,42
b1_1177,B1,"der Führerschein, -e (D, A)1.","the driving license, -e (D, A)1.","ehliyet, -e (D, A)1.","el permiso de conducción, -e (D, A)1.","der Führerschein, -e (D, A)1.",der,noun,"-e (D, A)1.",,Hast du einen Führerschein?,42
b1_1178,B1,→CH: Führerausweis2.,→CH: Driving license2.,→CH: Ehliyet2.,→CH: Permiso de conducir2.,→CH: Führerausweis2.,,other,,,Ich habe vor einem halben Jahr den Führerschein gemacht.,42
b1_1179,B1,"die Führung, -en1.","the leadership, -en1.","liderlik, -en1.","el liderazgo, -en1.","die Führung, -en1.",die,noun,-en1.,,Die nächste Führung beginnt um 15 Uhr. || Bayern München liegt in Führung.,42
b1_1180,B1,"das Fundbüro, -s","the lost and found office, -s","kayıp eşya ofisi, -s","la oficina de objetos perdidos, -s","das Fundbüro, -s",das,noun,-s,,Sie haben Ihren Schirm verloren. || Da fragen Sie am besten im Fundbüro.,42
b1_1181,B1,"funktionieren, funktion-","function, function","işlev, işlev","función, función","funktionieren, funktion- 1.",,word,,,"Können Sie mir bitte mal zeigen, wie",42
b1_1182,B1,"iert, funktionierte,","ed, worked","Ed, çalıştı","ed, trabajado","iert, funktionierte,",,word,,hat funktioniert,der Automat funktioniert? || Unsere Ehe funktioniert nicht mehr.,42
b1_1183,B1,für,for,için,para,für 1.,,preposition,,,Ist Post für mich da? || Ich habe die Schlüssel für meine Wohnung verloren. || Gibt es hier einen Sportverein für Jugendliche? || Diese alten Möbel haben wir für 100 Euro bekommen. || Für einen Anfänger spielt er schon sehr gut Klavier. || Du kannst nicht einkaufen gehen? || Ich kann es für dich machen. || Für mich ist das ein schwerer Fehler. || Wir haben die Wohnung für ein Jahr gemietet.,42
b1_1184,B1,furchtbar,terrible,korkunç,horrible,furchtbar 1.,,adjective,,,Dennis hat furchtbare Schmerzen. || Das war mir furchtbar unangenehm.,43
b1_1185,B1,(sich) fürchten,(to be afraid,(korkmak,(tener miedo,"(sich) fürchten, fürchtet,",,verb,,"fürchtet,",Sie fürchtet sich vor Schlangen.,43
b1_1186,B1,"fürchtete, hat gefürchtet","feared, feared","korkulan, korkulan","temido, temido","fürchtete, hat gefürchtet",,word,,,,43
b1_1187,B1,"der Fuß, ¨-e","der Fuß, ¨-e","ayak, ¨-e","el pie, ¨-e","der Fuß, ¨-e 1.",der,noun,¨-e 1.,,Er hat sich den linken Fuß gebrochen. || Sind Sie zu Fuß gekommen?,43
b1_1188,B1,"der Fußball, ¨-e1.","the football, ¨-e1.","futbol, ​​¨-e1.","el fútbol, ​​¨-e1.","der Fußball, ¨-e1.",der,noun,¨-e1.,,Spielt ihr gerne Fußball? || Jonas wünscht sich zu Weihnachten einen neuen Fußball.,43
b1_1189,B1,"der Fußgänger, -","the pedestrian, -","yaya, -","el peatón, -","der Fußgänger, -",der,noun,-,,Dieser Weg ist nur für Fußgänger.,43
b1_1190,B1,"die Fußgängerin, -nen","the pedestrian, -nen","yaya, -nen","el peatón, -nen","die Fußgängerin, -nen",die,noun,-nen,,,43
b1_1191,B1,"die Fußgängerzone, -n","the pedestrian zone, -n","yaya bölgesi, -n","la zona peatonal, -n","die Fußgängerzone, -n",die,noun,-n,,Wir treffen uns um 15 Uhr in der Fußgängerzone.,43
b1_1192,B1,"füttern, füttert, fütterte,","feed, feed, fed","beslemek, beslemek, beslemek","alimentar, alimentar, alimentar","füttern, füttert, fütterte,",,word,,hat gefüttert,"Es ist im Zoo nicht erlaubt, die Tiere zu || füttern.",43
b1_1193,B1,"die Gabel, -n","the fork, -n","çatal, -n","el tenedor, -n","die Gabel, -n",die,noun,-n,,Wir brauchen bitte noch eine Gabel.,43
b1_1194,B1,"die Galerie, -n","the gallery, -n","galeri, -n","la galería, -n","die Galerie, -n",die,noun,-n,,Diese Galerie ist sehr interessant.,43
b1_1195,B1,"der Gang, ¨-e","the passage, ¨-e","pasaj, ¨-e","el pasaje, ¨-e","der Gang, ¨-e 1.",der,noun,¨-e 1.,,"Wir warten draußen im Gang. ( →D, CH: Korridor; D: Flur) || Schalten Sie bitte jetzt in den dritten Gang. || Was möchten Sie als ersten Gang? || Suppe oder Salat?",43
b1_1196,B1,ganz,quite,epeyce,bastante,ganz 1.,,word,,,Ich habe den ganzen Tag noch nichts gegessen. || Den Zahnarzttermin habe ich ganz vergessen. || Ich finde Janis ganz nett. || Am Montag ist hier Ruhetag. || Das weiß ich ganz sicher. || Gott sei Dank ist meine Brille noch ganz.,43
b1_1197,B1,gar,even,eşit,incluso,gar 1.,,word,,,Die Kartoffeln sind noch nicht gar. || Du räumst nie dein Zimmer auf. || – Das ist gar nicht wahr.,43
b1_1198,B1,"die Garage, -n","the garage, -n","garaj, -n","el garaje, -n","die Garage, -n",die,noun,-n,,Hier ist eine Garage zu vermieten.,43
b1_1199,B1,"garantieren, garantiert,","guarantee, guaranteed","garantieren, garantiert,","garantía, garantizado","garantieren, garantiert,",,word,,,"Ich kann Ihnen nicht garantieren, dass",43
b1_1200,B1,"garantierte, hat garantiert","guaranteed, has guaranteed","garantili, garantili","garantizado, tiene garantizado","garantierte, hat garantiert",,word,,,das Gerät nächste Woche fertig ist.,43
b1_1201,B1,die Garantie,the guarantee,garanti,la garantia,die Garantie,die,noun,,,Auf die Waschmaschine haben Sie ein Jahr Garantie.,43
b1_1202,B1,"die Garderobe, -n","the wardrobe, -n","gardırop, -n","el armario, -n","die Garderobe, -n 1.",die,noun,-n 1.,,"Die Mäntel bitte an der Garderobe abgeben. || Bitte, achten Sie auf Ihre Garderobe.",43
b1_1203,B1,"der Garten, ¨-",the garden-,bahçe-,el jardin-,"der Garten, ¨-",der,noun,¨-,,Wir haben einen schönen großen Garten.,43
b1_1204,B1,das Gas,the gas,gaz,el gas,das Gas 1.,das,noun,,,Wir kochen mit Gas. || Gib Gas! || Die Ampel ist grün.,43
b1_1205,B1,"der Gast, ¨-e","the guest, ¨-e","misafir, ¨-e","el invitado, ¨-e","der Gast, ¨-e 1.",der,noun,¨-e 1.,,Wir haben heute Abend Gäste. || Der Gast hat sich über das Essen beschwert.,43
b1_1206,B1,"das Gasthaus, ¨-er (A)","the inn, ¨-er (A)","Han, ¨-er (A)","la posada, ¨-er (A)","das Gasthaus, ¨-er (A)",das,noun,¨-er (A),,Gehen wir noch in ein Gasthaus ein Bier trinken?,43
b1_1207,B1,"die Gaststätte, -n (D)","the restaurant, -n (D)","restoran, -n (D)","el restaurante, -n (D)","die Gaststätte, -n (D)",die,noun,-n (D),,Ich arbeite seit einem Monat in einer Gaststätte.,43
b1_1208,B1,"das Gebäude, -","the building, -","bina, -","el edificio, -","das Gebäude, -",das,noun,-,,In diesem Gebäude sind nur Büros.,43
b1_1209,B1,"geben, gibt, gab,","give, gives, gave","ver, verir, verdi","dar, dar, dar","geben, gibt, gab, 1.",,word,,hat gegeben,Geben Sie mir bitte eine Quittung! || Können Sie mir etwas zum Schreiben geben? || Der Arzt hat mir eine Spritze gegeben. || Was gibt es im Fernsehen? || Es gibt bald Regen.,43
b1_1210,B1,das Gebäck,the pastries,hamur işleri,los pasteles,das Gebäck,das,noun,,,Das Gebäck ist ganz frisch.,43
b1_1211,B1,"das Gebiet, -e","the area, -e","alan, -e","el área, -e","das Gebiet, -e 1.",das,noun,-e 1.,,In diesem Gebiet gibt es kaum Industrie. || Die Zeitschrift berichtet regelmäßig über Fortschritte auf dem Gebiet der Medizin.,43
b1_1212,B1,das Gebirge,the mountains,dağlar,las montañas,das Gebirge,das,noun,,,Wir haben unseren Urlaub im Gebirge verbracht.,43
b1_1213,B1,"geboren werden, wird","be born, will","doğacak, olacak","nacer, voluntad","geboren werden, wird",,word,,,Wann und wo sind Sie geboren?,43
b1_1214,B1,"geboren, wurde geboren,","born, was born","doğdu, doğdu","nació, nació","geboren, wurde geboren,",,word,,ist geboren worden,,43
b1_1215,B1,"gebrauchen, gebraucht,","use, used","kullanım, kullanılmış","usar, usado","gebrauchen, gebraucht, 1.",,word,,,Wir können diese Möbel gut,43
b1_1216,B1,"gebrauchte, hat gebraucht","used, used","kullanılmış, kullanılmış","usado, usado","gebrauchte, hat gebraucht",,word,,,gebrauchen. || Ich habe den Wagen gebraucht gekauft. || Ich suche eine gebrauchte Waschmaschine.,43
b1_1217,B1,"die Gebrauchsanweisung,",the instructions for use,kullanım talimatları,las instrucciones de uso,"die Gebrauchsanweisung,",die,noun,-en,,Lesen Sie bitte zuerst die || Gebrauchsanweisung.,43
b1_1218,B1,"die Gebühr, -en","the fee, -en","ücret, -tr","la tarifa, -es","die Gebühr, -en",die,noun,-en,,Die Gebühr liegt bei 60 Euro.,43
b1_1219,B1,"die Geburt, -en","the birth, -en","doğum, -tr","el nacimiento, -es","die Geburt, -en",die,noun,-en,,Wir gratulieren zur Geburt eures Kindes!,43
b1_1220,B1,"der Geburtstag, -e","the birthday, -e","doğum günü, -e","el cumpleaños, -e","der Geburtstag, -e",der,noun,-e,,Herzlichen Glückwunsch zum Geburtstag!,43
b1_1221,B1,"das Gedicht, -e","the poem, -e","şiir, -e","el poema, -e","das Gedicht, -e",das,noun,-e,,Kennst du ein schönes Gedicht?,43
b1_1222,B1,die Geduld,the patience,sabır,la paciencia,die Geduld,die,noun,,,Bitte haben Sie etwas Geduld.,43
b1_1223,B1,geehrt,honored,onur,honrado,geehrt,,word,,,"Sehr geehrte Damen und Herren, …",44
b1_1224,B1,geeignet,suitable,uygun,adecuado,geeignet,,word,,,Dieses Spiel ist nicht für Kinder unter drei Jahren geeignet.,44
b1_1225,B1,"die Gefahr, -en","the danger, -en","tehlike, -tr","el peligro, -es","die Gefahr, -en",die,noun,-en,,Betreten der Baustelle auf eigene Gefahr.,44
b1_1226,B1,gefährlich1.,dangerous1.,tehlikeli1.,peligroso1.,gefährlich1.,,word,,,"Achtung, hier ist eine gefährliche Kurve! || Du darfst nicht bei Rot über die Straße gehen. || Das ist gefährlich.",44
b1_1227,B1,"gefallen, gefällt, gefiel,","liked, liked, liked","beğendim, beğendim, beğendim","me gustó, me gustó, me gustó","gefallen, gefällt, gefiel, 1.",,word,,hat gefallen,Wie gefällt es Ihnen hier? || Der Pullover gefällt mir gut.,44
b1_1228,B1,sich etwas gefallen lassen,to put up with something,bir şeye katlanmak,aguantar algo,"sich etwas gefallen lassen,",,verb,,,Das würde ich mir nicht gefallen,44
b1_1229,B1,"lässt sich etwas gefallen,",puts up with something,bir şeye katlanır,aguanta algo,"lässt sich etwas gefallen,",,word,,,lassen.,44
b1_1230,B1,"ließ sich etwas gefallen,",put up with something,bir şeye katlanmak,aguantar algo,"ließ sich etwas gefallen,",,word,,hat sich etwas gefallen,,44
b1_1231,B1,lassen,let,izin vermek,dejar,lassen,,verb,,,,44
b1_1232,B1,"das Gefängnis, -se","das Gefängnis, -se","hapishane, -se","la prisión, -se","das Gefängnis, -se",das,noun,-se,,Er wurde zu fünf Jahren Gefängnis verurteilt.,44
b1_1233,B1,"das Gefühl, -e","the feeling, -e","duygu, -e","el sentimiento, -e","das Gefühl, -e",das,noun,-e,,"Ich glaube, ich schaffe die Prüfung. || Ich habe ein gutes Gefühl.",44
b1_1234,B1,gegen,against,aykırı,contra,gegen 1.,,preposition,,,Ich bin gegen einen Baum gefahren. || Das ist gegen die Vorschrift. || Haben Sie ein Mittel gegen Grippe? || Wir liefern nur gegen bar. || Ich bin gegen 14 Uhr wieder da. || Ich bin gegen diesen Vorschlag. || Wer spielt gegen wen?,44
b1_1235,B1,"der Gegner, -1.","the opponent, -1.","rakip, -1.","el oponente, -1.","der Gegner, -1.",der,noun,-1.,,Sie ist eine Gegnerin von Tierversuchen. || Die Mannschaft aus Frankreich war ein sehr starker Gegner.,44
b1_1236,B1,"die Gegend, -en","the area, -en","alan, -tr","la zona, -es","die Gegend, -en 1.",die,noun,-en 1.,,Der Schwarzwald ist eine sehr schöne Gegend. || Die Schule muss hier in der Gegend sein.,44
b1_1237,B1,"der Gegensatz, ¨-e","the opposite, ¨-e","tam tersi, ¨-e","lo contrario, ¨-e","der Gegensatz, ¨-e 1.",der,noun,¨-e 1.,,Diese beiden Meinungen stehen in starkem Gegensatz zueinander. || Im Gegensatz zu ihm ist sein Vater ziemlich klein.,44
b1_1238,B1,"der Gegenstand, ¨-e","the object, ¨-e","nesne, ¨-e","el objeto, ¨-e","der Gegenstand, ¨-e 1.",der,noun,¨-e 1.,,Ich schließe meine persönlichen Gegenstände im Schwimmbad lieber in ein Fach ein. || Eine Durchsage der Polizei: Auf der A8 liegen Gegenstände auf der Fahrbahn.,44
b1_1239,B1,"das Gegenteil, -e","the opposite, -e","tam tersi, -e","lo contrario, -e","das Gegenteil, -e 1.",das,noun,-e 1.,,"Das Gegenteil von „klein“ ist „groß“. || Sie ist das genaue Gegenteil von ihrem Bruder. || Du bist sicher müde. || – Nein, ganz im Gegenteil!",44
b1_1240,B1,gegenüber,opposite,zıt,opuesto,gegenüber 1.,,word,,,Das Geschäft liegt direkt gegenüber der Post. || Dem Gast gegenüber ist das Rauchen nicht höflich. || Das Café liegt gegenüber vom Bahnhof.,44
b1_1241,B1,"das Gehalt, ¨-er","the salary, ¨-er","maaş, ¨-er","el salario, ¨-er","das Gehalt, ¨-er",das,noun,¨-er,,Ich bin mit meinem Gehalt zufrieden.,44
b1_1242,B1,"das Geheimnis, -se","the secret, -se","sır, -se","el secreto, -se","das Geheimnis, -se",das,noun,-se,,Das kann ich dir nicht sagen. || Das ist ein Geheimnis.,44
b1_1243,B1,geheim,secret,gizli,secreto,geheim,,word,,,Das ist geheim. || Du darfst es niemandem sagen.,44
b1_1244,B1,"gehen, geht, ging,","go, go, went","git, git, gitti","ir, ir, ir","gehen, geht, ging, 1.",,word,,ist gegangen,"Ich gehe jeden Morgen zu Fuß zur || Arbeit. || Meine Tochter geht noch aufs Gymnasium. || Ich muss jetzt leider gehen. || Ein Freund von mir geht ins Ausland. || Der nächste Zug geht erst in zwei Stunden. || Am Anfang ging alles ganz gut. || Geht Ihre Uhr richtig? || Geht das bis morgen? || – Nein, das geht nicht. || Ich brauche mehr Zeit. || Der Mantel geht nicht mehr in den Koffer.",44
b1_1245,B1,10.Das,10.This,10.Bu,10.Esto,10.Das,,other,,,Fenster geht auf die Straße.,44
b1_1246,B1,11.Geht,11.Goes,11.Gitiyor,11.va,11.Geht,,other,,,es hier zum Zentrum?,44
b1_1247,B1,12.Wie,12.How,12.Nasıl,12.Cómo,12.Wie,,other,,,geht es Ihnen heute?,44
b1_1248,B1,13.Ist,13.Is,13.Is,13.Es,13.Ist,,other,,,das sehr teuer? || – Es geht.,44
b1_1249,B1,14.Um,14.Um,14.Hım,14.Um,14.Um,,other,,,was geht es denn?,44
b1_1250,B1,15.Warum,15.Why,15.Neden,15.Por qué,15.Warum,,other,,,geht das Licht nicht?,44
b1_1251,B1,16.Ich,16.I,16.I,16.yo,16.Ich,,other,,,"weiß nicht, wie das geht.",44
b1_1252,B1,"gehören, gehört, gehörte,","belong, heard, heard","ait, duydum, duydum","pertenecer, oído, oído","gehören, gehört, gehörte,",,word,,hat gehört,Gehört Ihnen das Haus?,44
b1_1253,B1,"der Gehsteig (D, A) →CH:","the sidewalk (D, A) →CH:","kaldırım (D, A) →CH:","la acera (D, A) →CH:","der Gehsteig (D, A) →CH:",der,noun,A) →CH:,,Das Fahrradfahren auf dem Gehsteig,44
b1_1254,B1,Trottoir,pavement,kaldırım,acera,Trottoir,,noun,,,ist nicht erlaubt.,44
b1_1255,B1,das Geld,the money,para,el dinero,das Geld 1.,das,noun,,,Ich habe nicht genug Geld dabei. || Sie haben mir zu viel Wechselgeld gegeben.,44
b1_1256,B1,"der Geldautomat, -en (D)","the ATM, -en (D)","ATM, -tr (D)","el cajero automático, -en (D)","der Geldautomat, -en (D)",der,noun,-en (D),,IchholenochGeldvomGeldautomaten.,44
b1_1257,B1,"→A, CH:","→A, CH:","→A, CH:","→A, CH:","→A, CH:",,other,,,,44
b1_1258,B1,Bancomat/Bankomat,ATM/ATM,Bankamatik/ATM,Cajero automático/Cajero automático,Bancomat/Bankomat,,noun,,,,44
b1_1259,B1,"die Geldbörse, -n (A) →","the purse, -n (A) →","çanta, -n (A) →","el bolso, -n (A) →","die Geldbörse, -n (A) →",die,noun,-n (A) →,,Ich habe nur Kleingeld in meiner,44
b1_1260,B1,"Brieftasche; D, CH: Porte-","wallet; D, CH: Porte","cüzdan; D, CH: Babıali","billetera; D, CH: Puerta","Brieftasche; D, CH: Porte-",,noun,,,Geldbörse.,44
b1_1261,B1,monnaie/Portmonee,monnaie/wallet,monnaie/cüzdan,monnaie/billetera,monnaie/Portmonee,,other,,,,44
b1_1262,B1,"die Gelegenheit, -en","the opportunity, -en","fırsat, -tr","la oportunidad, -es","die Gelegenheit, -en",die,noun,-en,,"Das Fest ist eine gute Gelegenheit, unsere Freunde zu sehen.",44
b1_1263,B1,"gelingen, gelingt, gelang,","succeed, succeed, succeeded","başarılı olmak, başarılı olmak, başarılı olmak","triunfar, triunfar, triunfar","gelingen, gelingt, gelang,",,word,,ist gelungen,"Es ist mir gelungen, meinen Chef zu || überzeugen.",44
b1_1264,B1,"gelten, gilt, galt,","apply, applies, applied","uygulamak, uygulamak, uygulamak","aplicar, aplica, aplicado","gelten, gilt, galt, 1.",,word,,hat gegolten,Mein Pass gilt noch ein Jahr. || Bitte diesen Zettel gut aufheben: Er gilt als Garantie.,45
b1_1265,B1,gemeinsam,together,birlikte,juntos,gemeinsam 1.,,adjective,,,Du musst die Wohnung renovieren? || Ich helfe dir. || Wir können das gemeinsam machen. || Wir benutzen die Garage gemeinsam mit dem Nachbarn.,45
b1_1266,B1,"die Gemeinschaft, -en","the community, -en","topluluk, -tr","la comunidad, -es","die Gemeinschaft, -en",die,noun,-en,,Rauchen ist in den Gemeinschafts-räu- men nicht erlaubt.,45
b1_1267,B1,das Gemüse,the vegetable,sebze,la verdura,das Gemüse,das,noun,,,Wir kaufen das Gemüse direkt beim Bauern.,45
b1_1268,B1,gemütlich,cozy,samimi,acogedor,gemütlich 1.,,adjective,,,Wir haben eine sehr gemütliche Wohnung. || Es ist sehr gemütlich bei dir.,45
b1_1269,B1,genau,Exactly,Kesinlikle,Exactamente,genau 1.,,word,,,"Haben Sie die genaue Zeit? || Sind Sie sicher, dass heute Ruhetag ist? || – Ja, das weiß ich genau. || Die Uhr geht genau. || Es ist genau acht Uhr.",45
b1_1270,B1,genauso,just as,tıpkı,precisamente como,genauso,,word,,,Katarina sieht genauso aus wie ihre Schwester.,45
b1_1271,B1,"genehmigen, genehmigt,","approve, approved","onaylamak, onaylanmak","aprobar, aprobado","genehmigen, genehmigt,",,word,,,Mein Chef hat mir sechs Wochen,45
b1_1272,B1,"genehmigte,",approved,onaylı,aprobado,"genehmigte,",,word,,hat genehmigt,Urlaub genehmigt.,45
b1_1273,B1,"die Generation, -en","the generation, -en","nesil, -tr","la generación, -es","die Generation, -en",die,noun,-en,,In diesem Haus wohnen drei Generationen zusammen.,45
b1_1274,B1,"genießen, genießt, genoss,","enjoy, enjoy, enjoyed","tadını çıkarın, keyfini çıkarın, keyif aldım","disfrutar, disfrutar, disfrutar","genießen, genießt, genoss, 1.",,word,,hat genossen,"Er kann das Essen leider nicht || genießen, weil es zu scharf ist. || Sie hat eine gute Ausbildung genossen.",45
b1_1275,B1,genug,enough,yeterli,suficiente,genug 1.,,word,,,Es ist noch genug Suppe da. || Ich habe jetzt lange genug gewartet. || Ich verdiene nicht genug.,45
b1_1276,B1,"genügen, genügt, genügte,","suffice, suffices, suffices","yeterli, yeterli, yeterli","basta, basta, basta","genügen, genügt, genügte,",,word,,hat genügt,Wie viele Zimmer brauchen Sie? || – Mir || genügt eine 2-Zimmer-Wohnung.,45
b1_1277,B1,das Gepäck,the luggage,bagaj,el equipaje,das Gepäck,das,noun,,,Ich habe mein Gepäck am Bahnhof gelassen.,45
b1_1278,B1,gerade,straight,dümdüz,derecho,gerade 1.,,word,,,Das Bild hängt nicht gerade. || Kannst du später noch mal anrufen? || Wir sind gerade beim Essen.,45
b1_1279,B1,geradeaus,straight ahead,dümdüz ileri,todo derecho,geradeaus,,word,,,Fahren Sie geradeaus bis zur nächsten Kreuzung.,45
b1_1280,B1,"das Gerät, -e","the device, -e","cihaz, -e","el dispositivo, -e","das Gerät, -e",das,noun,-e,,Ich kaufe meine Elektrogeräte immer gebraucht. || Das ist viel billiger.,45
b1_1281,B1,gerecht,just,Sadece,justo,gerecht,,word,,,Lass uns den Kuchen gerecht verteilen.,45
b1_1282,B1,"das Gericht, -e","the court, -e","mahkeme, -e","la corte, -e","das Gericht, -e 1.",das,noun,-e 1.,,Ich habe heute Vormittag einen Termin beim Gericht. || Mein Lieblingsgericht ist Pizza.,45
b1_1283,B1,gering,small amount,az miktar,pequeña cantidad,gering 1.,,word,,,"Unsere Mannschaft hatte nur eine geringe Chance. || Wenn Sie ein geringes Einkommen haben, zahlen Sie nur wenig Steuern.",45
b1_1284,B1,gern/gerne,gladly/gladly,memnuniyetle/memnuniyetle,con mucho gusto/con mucho gusto,gern/gerne 1.,,word,,,Ich helfe Ihnen gern. || Kaffee oder Tee? || – Ich möchte lieber einen Tee. || Am liebsten trinke ich Kaffee.,45
b1_1285,B1,gesamt-/Gesamt-,total/total,toplam/toplam,total/total,gesamt-/Gesamt- 1.,,other,,,"Ich habe meine gesamten Bücher verschenkt. || z. || B. || Gesamtgewicht, Gesamtsumme",45
b1_1286,B1,"das Geschäft, -e","the business, -e","iş, -e","el negocio, -e","das Geschäft, -e 1.",das,noun,-e 1.,,"Die Geschäfte schließen um 18.30 Uhr. || Wissen Sie, wo hier ein Schuhgeschäft ist?",45
b1_1287,B1,"geschehen, geschieht,","happen, happens","olur, olur","sucede, sucede","geschehen, geschieht,",,word,,,Vielen Dank für Ihre Hilfe. || – Gern,45
b1_1288,B1,geschah,happened,olmuş,sucedió,"geschah, ist geschehen",,verb,,ist geschehen,geschehen.,45
b1_1289,B1,"das Geschenk, -e","the gift, -e","hediye, -e","el regalo, -e","das Geschenk, -e",das,noun,-e,,Vielen Dank für das Geschenk.,45
b1_1290,B1,"die Geschichte, -n","the story, -n","hikaye, -n","la historia, -n","die Geschichte, -n 1.",die,noun,-n 1.,,Ich interessiere mich nicht für Geschichte. || Abends erzähle ich meinen Kindern immer eine Geschichte.,45
b1_1291,B1,geschieden,divorced,boşanmış,divorciado,geschieden,,verb,,,Ich bin seit drei Jahren geschieden.,45
b1_1292,B1,das Geschirr,the dishes,bulaşıklar,los platos,das Geschirr,das,noun,,,Für die Geburtstagsfeier brauche ich Geschirr für zwölf Personen.,45
b1_1293,B1,"das Geschlecht, -er","the gender, -he","cinsiyet, -o","el género, -él","das Geschlecht, -er",das,noun,-er,,Bitte kreuzen Sie an: „Geschlecht: weiblich/männlich“.,45
b1_1294,B1,der Geschmack,the taste,tat,el sabor,der Geschmack,der,noun,,,Ich möchte bitte Kaugummi mit Erdbeergeschmack.,45
b1_1295,B1,"die Geschwindigkeit, -en","the speed, -en","hız, -tr","la velocidad, -es","die Geschwindigkeit, -en",die,noun,-en,,Das Auto fuhr mit zu hoher Geschwindigkeit.,45
b1_1296,B1,die Geschwindigkeits-,the speed,hız,la velocidad,die Geschwindigkeits-,die,noun,,,Bitte beachten Sie die,45
b1_1297,B1,beschränkung,restriction,kısıtlama,restricción,"beschränkung, -en",,verb,,-en,Geschwindigkeitsbeschränkungen.,45
b1_1298,B1,die Geschwister (Pl.),the siblings (pl.),kardeşler (pl.),los hermanos (pl.),die Geschwister (Pl.),die,noun,,,Die Geschwister sehen sich nur selten.,45
b1_1299,B1,"die Gesellschaft, -en","the society, -en","toplum, -tr","la sociedad, -es","die Gesellschaft, -en 1.",die,noun,-en 1.,,Er will die Gesellschaft verändern. || Meine Frau arbeitet bei einer Versicherungsgesellschaft. || Ich fühle mich in großer Gesellschaft wohl.,45
b1_1300,B1,"das Gesetz, -e","the law, -e","kanun, -e","la ley, -e","das Gesetz, -e",das,noun,-e,,Das Parlament hat ein neues Gesetz beschlossen.,45
b1_1301,B1,"das Gesicht, -er","the face, -he","yüz, -o","la cara, -él","das Gesicht, -er 1.",das,noun,-er 1.,,Wasch dir bitte das Gesicht. || Mach doch kein so trauriges Gesicht!,45
b1_1302,B1,gespannt,tense,gergin,tenso,gespannt,,word,,,"Ich bin gespannt, wer bei diesem Spiel gewinnt.",46
b1_1303,B1,"das Gespräch, -e","the conversation, -e","konuşma, -e","la conversación, -e","das Gespräch, -e 1.",das,noun,-e 1.,,Herr Müller ist gerade in einem Gespräch. || Ich erwarte ein Gespräch aus Berlin.,46
b1_1304,B1,gestern,yesterday,Dün,ayer,gestern,,verb,,,Ich bin erst gestern zurückgekommen.,46
b1_1305,B1,gesund,healthy,sağlıklı,saludable,gesund 1.,,word,,,Ich hatte Grippe. || Jetzt bin ich wieder gesund. || Zu viel Zucker ist nicht gesund.,46
b1_1306,B1,die Gesundheit1.,health1.,sağlık1.,salud1.,die Gesundheit1.,die,noun,,,Sie müssen mehr auf Ihre Gesundheit achten. || Gesundheit! || Sind Sie erkältet?,46
b1_1307,B1,"das Getränk, -e","the drink, -e","içki, -e","la bebida, -e","das Getränk, -e 1.",das,noun,-e 1.,,Besorgst du bitte die Getränke? || Bitte die Getränkekarte! || Mein Lieblingsgetränk ist Tomatensaft.,46
b1_1308,B1,"die Gewalt, -en","the violence, -en","şiddet, -tr","la violencia, -es","die Gewalt, -en 1.",die,noun,-en 1.,,"Ich mag keine Filme, in denen Gewalt vorkommt. || Die Tür ließ sich nur mit Gewalt öffnen.",46
b1_1309,B1,"die Gewerkschaft, -en","the union, -en","sendika, -tr","la unión, -es","die Gewerkschaft, -en",die,noun,-en,,Die Gewerkschaft vertritt die Interessen der Arbeitnehmer.,46
b1_1310,B1,"das Gewicht, -e","the weight, -e","ağırlık, -e","el peso, -e","das Gewicht, -e 1.",das,noun,-e 1.,,Wie teuer ist das Päckchen? || – Das hängt vom Gewicht ab. || Sie dürfen Gepäck bis zu einem Gewicht von 15 kg mitnehmen.,46
b1_1311,B1,"gewinnen, gewinnt,","win, wins","kazanmak, kazanmak","ganar, gana","gewinnen, gewinnt, 1.",,word,,,Ich möchte so gern einmal im Lotto,46
b1_1312,B1,gewann,won,kazanmak,ganado,"gewann, hat gewonnen",,verb,,hat gewonnen,gewinnen. || Unsere Mannschaft hat gewonnen.,46
b1_1313,B1,"der Gewinn, -e","der Gewinn, -e","kâr, -e","la ganancia, -e","der Gewinn, -e",der,noun,-e,,Ich habe bei einem Ratespiel mitge - macht. || Der Hauptgewinn ist ein Auto.,46
b1_1314,B1,das Gewissen,the conscience,vicdan,la conciencia,das Gewissen,das,noun,,,Ich habe deinen Geburtstag vergessen. || Ich habe ein ganz schlechtes Gewissen.,46
b1_1315,B1,"das Gewitter, -","the thunderstorm, -","fırtına, -","la tormenta, -","das Gewitter, -",das,noun,-,,Es wird gleich ein Gewitter geben.,46
b1_1316,B1,"gewöhnen, gewöhnt,","get used to, used to","alışmak, alışmak","acostumbrarse a, acostumbrarse a","gewöhnen, gewöhnt, 1.",,word,,,Wir haben uns an das Leben hier,46
b1_1317,B1,"gewöhnte, hat","used to, has",eskiden vardı,"solía, tiene","gewöhnte, hat",,word,,,gewöhnt.,46
b1_1318,B1,gewöhnt/ist gewöhnt,used/is used to,kullanılmış/alışılmış,usado/está acostumbrado a,gewöhnt/ist gewöhnt 2.,,word,,,"Ich bin daran gewöhnt, früh aufzustehen.",46
b1_1319,B1,"die Gewohnheit, -en","the habit, -en","alışkanlık, -tr",el hábito,"die Gewohnheit, -en 1.",die,noun,-en 1.,,"Er hat die Gewohnheit, morgens zuerst die Post zu erledigen. || Aus alter Gewohnheit treffen wir uns jeden Samstagabend.",46
b1_1320,B1,gewohnt,used,kullanılmış,usado,gewohnt,,word,,,"Ich bin gewohnt, früh ins Bett zu gehen.",46
b1_1321,B1,gewöhnlich,usually,genellikle,generalmente,gewöhnlich,,adjective,,,Um die Zeit ist er gewöhnlich zu Hause.,46
b1_1322,B1,"das Gewürz, -e","the spice, -e","baharat, -e","la especia, -e","das Gewürz, -e",das,noun,-e,,Von den scharfen Gewürzen bekommt man Durst.,46
b1_1323,B1,"gießen, gießt, goss,","pour, pour, pour","dökün, dökün, dökün","verter, verter, verter","gießen, gießt, goss,",,word,,,Es hat nicht geregnet. || Ich muss meine,46
b1_1324,B1,gegossen,poured,Dökülmüş,vertido,gegossen,,verb,,,Blumen gießen.,46
b1_1325,B1,"das Gift, -e","the poison, -e","zehir, -e","el veneno, -e","das Gift, -e",das,noun,-e,,"Vorsicht, das Gift dieser Pflanze ist für Menschen gefährlich!",46
b1_1326,B1,giftig,poisonous,zehirli,venenoso,giftig,,adjective,,,"Vorsicht, das ist giftig!",46
b1_1327,B1,"die Gitarre, -n","the guitar, -n","gitar, -n","la guitarra, -n","die Gitarre, -n",die,noun,-n,,Ich spiele seit drei Jahren Gitarre.,46
b1_1328,B1,"die/das Glace/Glacé, -n","the ice cream/glacé, -n","dondurma/glace, -n","el helado/glacé, -n","die/das Glace/Glacé, -n",,word,,,Zum Dessert gibt es Schokoladenglace.,46
b1_1329,B1,"→D, (CH) A: Eis","→D, (CH) A: Ice","→D, (CH) A: Eis","→D, (CH) A: Hielo","→D, (CH) A: Eis",,other,,,,46
b1_1330,B1,"das Glas, ¨-er","the glass, ¨-er","cam, ¨-er","el vaso, ¨-er","das Glas, ¨-er 1.",das,noun,¨-er 1.,,"Vorsicht, die Kanne ist aus Glas! || Eine Flasche Mineralwasser und zwei Gläser bitte! || Ein Glas Bier bitte.",46
b1_1331,B1,glatt,smooth,düz,liso,glatt,,word,,,Fahr vorsichtig! || Es ist glatt.,46
b1_1332,B1,"glauben, glaubt, glaubte,","believe, believe, believed","inanıyorum, inanıyorum, inandım","creer, creer, creer","glauben, glaubt, glaubte, 1.",,word,,hat geglaubt,"Ich glaube, der Chef ist heute nicht im || Büro. || Er glaubt mir nicht, dass ich schon um 8 Uhr hier war. || Glaubst du an Zufälle?",46
b1_1333,B1,gleich,even,eşit,incluso,gleich 1.,,word,,,"Ich komme gleich. || Wir sind gleich alt. || Es ist mir ganz gleich, was Sie von mir denken. || Wir haben das gleiche Hemd an.",46
b1_1334,B1,gleichfalls,same to you,Aynen,lo mismo para ti,gleichfalls,,word,,,"Schöne Feiertage! || – Danke, gleichfalls.",46
b1_1335,B1,gleichberechtigt,equal,eşit,igual,gleichberechtigt,,word,,,Mann und Frau sind gleichberechtigt.,46
b1_1336,B1,gleichzeitig,at the same time,aynı zamanda,al mismo tiempo,gleichzeitig,,adjective,,,Ich kann nicht alles gleichzeitig machen.,46
b1_1337,B1,"das Gleis, -e","the track, -e","parça, -e","la pista, -e","das Gleis, -e",das,noun,-e,,Der Zug fährt heute von Gleis 7 ab.,46
b1_1338,B1,das Glück,the happiness,mutluluk,la felicidad,das Glück 1.,das,noun,,,Du hast dich nicht verletzt. || Da hast du Glück gehabt. || Viel Glück bei der Prüfung! || Es hat geregnet. || Zum Glück hatte ich einen Regenschirm dabei.,46
b1_1339,B1,glücklich1.,happy1.,mutlu1.,feliz1.,glücklich1.,,word,,,Meine Schwester hat geheiratet und ist sehr glücklich. || Ich wünsche Ihnen ein glückliches neues Jahr. || Ich bin glücklich verheiratet.,46
b1_1340,B1,"der Glückwunsch, ¨-e","congratulations, ¨-e","tebrikler, ¨-e","felicidades, ¨-e","der Glückwunsch, ¨-e",der,noun,¨-e,,Herzlichen Glückwunsch zum Geburtstag!,46
b1_1341,B1,das Gold,the gold,altın,el oro,das Gold,das,noun,,,"Ist der Ring aus Gold? || Nein, der sieht nur so aus.",46
b1_1342,B1,"Golf, das Golfspiel","Golf, the game of golf","Golf, golf oyunu","Golf, el juego del golf","Golf, das Golfspiel",,noun,,,Kannst du Golf spielen?,46
b1_1343,B1,"der Gott, ¨-er","the god, ¨-er","tanrı, ¨-er","el dios, ¨-er","der Gott, ¨-er 1.",der,noun,¨-er 1.,,Glaubst du an Gott? || Gott sei Dank ist ihm nichts passiert.,47
b1_1344,B1,"die Grafik, -en","the graphics, -en","grafikler, -tr","los gráficos, -es","die Grafik, -en",die,noun,-en,,Die Grafik zeigt die Temperaturen im letzten Jahr.,47
b1_1345,B1,das Gras,the grass,çimen,la hierba,das Gras,das,noun,,,Wir lagen den ganzen Tag im Gras.,47
b1_1346,B1,"gratulieren, gratuliert,","congratulate, congratulate","tebrik etmek, tebrik etmek","felicitar, felicitar","gratulieren, gratuliert,",,word,,,Ich gratuliere euch zur Geburt eurer,47
b1_1347,B1,"gratulierte, hat gratuliert","congratulated, congratulated","tebrik ettim, tebrik ettim","felicitado, felicitado","gratulierte, hat gratuliert",,word,,,Tochter.,47
b1_1348,B1,"die Gratulation, -en","congratulations, -en","tebrikler, -tr","felicidades, -es","die Gratulation, -en",die,noun,-en,,Herzliche Gratulation! || Sie haben gewonnen!,47
b1_1349,B1,gratis,free,özgür,gratis,gratis,,word,,,"Diese Reparatur kostet Sie gar nichts, wir machen das gratis für Sie.",47
b1_1350,B1,"greifen, greift, griff,","grab, grab, grab","kapmak, kapmak, kapmak","agarrar, agarrar, agarrar","greifen, greift, griff,",,word,,hat gegriffen,Greifen Sie doch zu!,47
b1_1351,B1,"die Grenze, -n","the border, -n","sınır, -n","la frontera, -n","die Grenze, -n",die,noun,-n,,An der Grenze musst du deinen Ausweis zeigen.,47
b1_1352,B1,"grillen, grillt, grillte,","grill, grill, grill","ızgara, ızgara, ızgara","parrilla, parrilla, parrilla","grillen, grillt, grillte,",,word,,"hat gegrillt (D, A)",Heute wollen wir im Garten grillen.,47
b1_1353,B1,→CH: grillieren,→CH: grill,→CH: ızgara,→CH: parrilla,→CH: grillieren,,verb,,,,47
b1_1354,B1,"grillieren, grilliert,","grill, grilled","ızgara, ızgara","parrilla, asado","grillieren, grilliert,",,word,,,Heute wollen wir im Garten grillieren.,47
b1_1355,B1,"grillierte, hat grilliert (CH)","grilled, grilled (CH)","ızgara, ızgara (CH)","a la parrilla, a la parrilla (CH)","grillierte, hat grilliert (CH)",,word,,,,47
b1_1356,B1,→D,→D,→D,→D,"→D, A: grillen",,verb,,A: grillen,,47
b1_1357,B1,der Grill,the grill,ızgara,la parrilla,der Grill,der,noun,,,Kannst du mir deinen Grill leihen? || Wir wollen am Wochenende ein Picknick machen.,47
b1_1358,B1,die Grippe,the flu,grip,la gripe,die Grippe,die,noun,,,Ich habe eine Grippe und kann leider nicht kommen.,47
b1_1359,B1,groß,large,büyük,grande,groß 1.,,word,,,"Wir haben einen großen Garten. || Wie groß sind Sie? || Die Jacke ist mir zu groß. || Wenn die Kinder groß sind, haben wir wieder mehr Zeit. || Ich habe keinen großen Hunger.",47
b1_1360,B1,Groß-,Large-,Büyük-,Grande-,Groß-,,noun,,,"z.B. die Großeltern, die Großmutter, der Großvater",47
b1_1361,B1,"die Größe, -n1.","the size, -n1.","boyut, -n1.","el tamaño, -n1.","die Größe, -n1.",die,noun,-n1.,,Welche Größe haben Sie? || Größe: 170 cm || Haben Sie das Hemd auch in Größe 40?,47
b1_1362,B1,"gründen, gründet,","establishes, establishes","kurar, kurar","establece, establece","gründen, gründet,",,word,,,Frau Bauer hat eine eigene Firma,47
b1_1363,B1,"gründete, hat gegründet","founded, has founded","kurdu, kurdu","fundó, ha fundado","gründete, hat gegründet",,word,,,gegründet.,47
b1_1364,B1,"der Grund, ¨-e","the reason, ¨-e","nedeni, ¨-e","la razón, ¨-e","der Grund, ¨-e 1.",der,noun,¨-e 1.,,"Sie haben Ihre Stelle gekündigt. || Aus welchem Grund? || Sie haben keinen Grund, sich zu beschweren.",47
b1_1365,B1,gründlich,thorough,kapsamlı,exhaustivo,gründlich 1.,,adjective,,,"Ich möchte die Wohnung gründlich reinigen, bevor der Besuch kommt. || Waschen Sie sich gründlich die Hände.",47
b1_1366,B1,"das Grundstück, -e","the property, -e","özellik, -e","la propiedad, -e","das Grundstück, -e",das,noun,-e,,Wir wollen ein Haus bauen und suchen ein günstiges Grundstück.,47
b1_1367,B1,"die Gruppe, -n","the group, -n","grup, -n","el grupo, -n","die Gruppe, -n",die,noun,-n,,Für Gruppen gibt es eine Ermäßigung.,47
b1_1368,B1,"grüßen, grüßt, grüßte,","greet, greet, greeted","selamlamak, selamlamak, selamlamak","saludar, saludar, saludar","grüßen, grüßt, grüßte, 1.",,word,,hat gegrüßt,"Wer war die Frau, die du eben gegrüßt || hast? || Ich soll Sie von Frau Meier grüßen.",47
b1_1369,B1,"der Gruß, ¨-e1.","the greeting, ¨-e1.","selamlama, ¨-e1.","el saludo, ¨-e1.","der Gruß, ¨-e1.",der,noun,¨-e1.,,Schönen Gruß an Ihren Mann. || Viele Grüße an Ihre Frau. || Mit freundlichen Grüßen,47
b1_1370,B1,"gucken, guckt, guckte,","look, look, looked","bak, bak, baktım","mira, mira, mira","gucken, guckt, guckte, 1.",,word,,hat geguckt,Guck doch mal! || Es schneit. || Was bedeutet dieses Wort? || – Guck doch im Wörterbuch nach.,47
b1_1371,B1,gültig,valid,geçerli,válido,gültig,,adjective,,,Mein Pass ist nur noch zwei Monate gültig.,47
b1_1372,B1,günstig,cheap,ucuz,barato,günstig,,adjective,,,Ich suche eine günstige Ferien- wohnung.,47
b1_1373,B1,gut,good,iyi,bien,gut 1.,,word,,,"Ich kenne ein gutes Lokal. || Maria kann gut tanzen. || Ich glaube, die Wurst ist nicht mehr gut. || Mir ist heute gar nicht gut. || Wir hatten im Urlaub gutes Wetter. || Heute ist das Wetter wieder besser. || Christine ist meine beste Freundin. || Ich komme um 13 Uhr. || – Gut! || Guten Morgen!",47
b1_1374,B1,10.Ein,10.A,10.A,10.A,10.Ein,,other,,,gutes neues Jahr!,47
b1_1375,B1,11.Guten,11.Good,11.iyi,11.bueno,11.Guten,,verb,,,Appetit!,47
b1_1376,B1,die Gymnastik,the gymnastics,jimnastik,la gimnasia,die Gymnastik,die,noun,,,Ich mache jeden Morgen Gymnastik.,47
b1_1377,B1,"das Haar, -e","the hair, -e","saç, -e","el pelo, -e","das Haar, -e 1.",das,noun,-e 1.,,Meine Freundin hat langes schwarzes Haar. || Die Haare unseres Hundes liegen überall in der Wohnung.,47
b1_1378,B1,"haben, hat, hatte,","have, has, had","vardı, vardı, vardı","tener, tiene, tuvo","haben, hat, hatte, 1.",,word,,hat gehabt,Wir haben Hunger. || Heute habe ich keine Zeit. || Wir haben ein neues Auto. || Kann ich bitte eine Suppe haben? || Unsere Wohnung hat vier Zimmer. || Ich habe heute viel zu tun. || Du hast es gut. || Du kannst in Urlaub fahren.,47
b1_1379,B1,"das Hackfleisch (D, CH) →","the minced meat (D, CH) →","kıyma (D, CH) →","la carne picada (D, CH) →","das Hackfleisch (D, CH) →",das,noun,CH) →,,Geben Sie mir bitte 500g Hackfleisch.,48
b1_1380,B1,A: Faschierte,A: Minced meat,Cevap: Kıyma,R: carne picada,A: Faschierte,,noun,,,,48
b1_1381,B1,"der Hafen, ¨-",the port-,liman-,el puerto-,"der Hafen, ¨-",der,noun,¨-,,"Wenn du in Hamburg bist, musst du dir unbedingt den Hafen ansehen.",48
b1_1382,B1,"hageln, hagelt, hagelte,","hail, hail, hail","dolu, dolu, dolu","granizo, granizo, granizo","hageln, hagelt, hagelte,",,word,,hat gehagelt,Bei Gewitter kann es auch hageln.,48
b1_1383,B1,"das Hähnchen/Hühnchen,",the chicken/chicken,tavuk/tavuk,el pollo/pollo,"das Hähnchen/Hühnchen,",das,noun,,,Zum Mittagessen gibt es Hühnchen mit,48
b1_1384,B1,→A: - (D) Hend(e)l;,→A: - (D) Hend(e)l;,→A: - (D) Hend(e)l;,→A: - (D) Hend(e)l;,→A: - (D) Hend(e)l;,,other,,,Reis.,48
b1_1385,B1,"Poulet, -s (CH)","Chicken, -s (CH)","Tavuk, -s (CH)","Pollo, -s (CH)","Poulet, -s (CH)",,noun,,,,48
b1_1386,B1,halb,half,yarım,medio,halb 1.,,word,,,Treffen wir uns um halb neun? || Bei dieser Firma habe ich ein halbes Jahr gearbeitet. || Ich gebe Ihnen die Tomaten zum halben Preis. || Die Flasche ist ja noch halb voll.,48
b1_1387,B1,die Halbpension,the half board,yarım pansiyon,la media pensión,die Halbpension,die,noun,,,Wir möchten ein Hotel mit Halbpension.,48
b1_1388,B1,halbtags,half day,yarım gün,medio dia,halbtags,,word,,,Ich habe ein kleines Kind und kann nicht acht Stunden am Tag arbeiten. || Deshalb möchte ich halbtags arbeiten.,48
b1_1389,B1,"die Hälfte, -n","half, -n","yarım, -n","la mitad, -n","die Hälfte, -n 1.",die,noun,-n 1.,,Bitte teilt euch die Schokolade. || Jeder bekommt die Hälfte. || Die Hälfte vom Urlaub ist schon vorbei. || Was hat der Mann gesagt? || Ich habe nur die Hälfte verstanden.,48
b1_1390,B1,"die Halle, -n","the hall, -n","salon, -n","el pasillo, -n","die Halle, -n",die,noun,-n,,Die Stadt baut eine neue Sporthalle.,48
b1_1391,B1,"das Hallenbad, ¨-er","the indoor swimming pool, ¨-er","kapalı yüzme havuzu, ¨-er","la piscina cubierta, ¨-er","das Hallenbad, ¨-er",das,noun,¨-er,,Sie geht jeden Tag zum Schwimmen ins Hallenbad.,48
b1_1392,B1,hallo,Hello,Merhaba,Hola,hallo,,word,,,"Hallo, wie geht’s? − Danke, gut, und dir?",48
b1_1393,B1,"der Hals, ¨-e","the neck, ¨-e","boyun, ¨-e","el cuello, ¨-e","der Hals, ¨-e 1.",der,noun,¨-e 1.,,Mir tut der Hals weh. || Ich habe seit gestern Halsschmerzen.,48
b1_1394,B1,halt,stop,durmak,detener,halt,,word,,,Es gibt leider keine Karten mehr. || – Schade. || Da kann man nichts machen. || Das ist halt so.,48
b1_1395,B1,haltbar,durable,dayanıklı,durable,haltbar,,adjective,,,Diese Tomaten sind mindestens 2 Wochen haltbar.,48
b1_1396,B1,"halten, hält, hielt,","hold, holds, held","tutmak, tutmak, tutmak","sostener, sostener, sostener","halten, hält, hielt, 1.",,word,,hat gehalten,"Kannst du mal kurz meine Handtasche || halten? || Entschuldigung, hält dieser Zug auch in Darmstadt? || Halten Sie bitte im Keller die Fenster geschlossen. || Alle Mieter müssen sich an die Hausordnung halten. || Die Stadt will einen neuen Flughafen bauen. || Was halten Sie davon? || Halt, Polizei! || Fahren Sie bitte an den Straßenrand. || Die Wurst hält sich noch ein paar Tage.",48
b1_1397,B1,der Halt,the stop,durak,la parada,der Halt,der,noun,,,Nächster Halt ist am Südbahnhof.,48
b1_1398,B1,"die Haltestelle, -n","the stop, -n","durak, -n","la parada, -n","die Haltestelle, -n",die,noun,-n,,An der nächsten Haltestelle müssen wir aussteigen.,48
b1_1399,B1,"der Hammer, ¨-","the hammer, ¨-","çekiç, ¨-","el martillo, ¨-","der Hammer, ¨-",der,noun,¨-,,Ich möchte ein Bild aufhängen. || Hast du einen Hammer für mich?,48
b1_1400,B1,"die Hand, ¨-e","the hand, ¨-e","el, ¨-e","la mano, ¨-e","die Hand, ¨-e 1.",die,noun,¨-e 1.,,Wasch dir bitte die Hände vor dem Essen. || Gib mir bitte deine Hand. || Wir gehen jetzt über die Straße.,48
b1_1401,B1,"der Handwerker, -","the craftsman, -","zanaatkar, -","el artesano, -","der Handwerker, -",der,noun,-,,Morgen sind bei uns die Handwerker.,48
b1_1402,B1,"die Handwerkerin, -nen","the craftswoman, -nen","zanaatkâr, -nen","la artesana, -nen","die Handwerkerin, -nen",die,noun,-nen,,Wir bekommen eine neue Badewanne.,48
b1_1403,B1,"handeln, handelt,","act, act","hareket etmek, davranmak","actuar, actuar","handeln, handelt, 1.",,word,,,Herr Huber hat ein kleines Geschäft. || Er,48
b1_1404,B1,"handelte, hat gehandelt","handelte, hat gehandelt","hareket etti, harekete geçti","actuó, actuó","handelte, hat gehandelt",,word,,,handelt mit Obst und Gemüse. || Kann ich Sie bitte mal sprechen? || – Worum handelt es sich denn? || Auf diesem Markt kannst du handeln und bekommst die Sachen billiger.,48
b1_1405,B1,der Handel,the trade,ticaret,el comercio,der Handel,der,noun,,,Der Handel mit Computern ist ein gutes Geschäft.,48
b1_1406,B1,"der Händler, -","the dealer, -","satıcı, -","el comerciante, -","der Händler, -",der,noun,-,,"Ich gehe zum Gemüsehändler, soll ich",48
b1_1407,B1,"die Händlerin, -nen","the dealer, -nen","satıcı, -nen","el comerciante, -nen","die Händlerin, -nen",die,noun,-nen,,dir etwas mitbringen?,48
b1_1408,B1,"das Handy, -s","the cell phone, -s","cep telefonu, -s","el celular, -s","das Handy, -s 1.",das,noun,-s 1.,,"Ich habe kein Festnetztelefon, aber ein Handy. || Soll ich Ihnen meine Handynummer geben?",48
b1_1409,B1,"hängen, hängt,","hang, hang","asmak, asmak","colgar, colgar","hängen, hängt, 1.",,word,,,Das Bild hängt schief.,48
b1_1410,B1,"hing/hängte,",hung/hung,asılı / asılı,colgado/colgado,"hing/hängte, 2.",,word,,hat gehangen/gehängt,Hast du den Anzug wieder in den || Schrank gehängt?,48
b1_1411,B1,hart,hard,zor,duro,hart 1.,,word,,,"Das Bett im Hotel war mir zu hart. || Die Brötchen sind ja ganz hart. || Ich habe eine harte Woche vor mir. || Ich muss jeden Tag Überstunden machen. || Wir haben hart gearbeitet, um die Wohnung zu bezahlen.",48
b1_1412,B1,"hassen, hasst, hasste,","hate, hates, hated","nefret ediyorum, nefret ediyorum, nefret ediyorum","odio, odia, odiado","hassen, hasst, hasste, 1.",,word,,hat gehasst,"Ich hasse Autofahren. || Ich hasse es, zu spät zu kommen.",48
b1_1413,B1,hässlich,ugly,çirkin,feo,hässlich 1.,,adjective,,,Das ist aber eine hässliche Lampe! || Dieses Kleid finde ich hässlich.,48
b1_1414,B1,häufig,frequently,sıklıkla,frecuentemente,häufig,,adjective,,,Haben Sie häufig Kopfschmerzen? || Dann sollten Sie nicht so lange am Computer sitzen.,48
b1_1415,B1,Haupt-,Main-,Haupt-,Principal-,Haupt-,,noun,,,,48
b1_1416,B1,"die Hauptstadt, ¨-e","the capital, ¨-e","başkent, ¨-e","la capital, ¨-e","die Hauptstadt, ¨-e",die,noun,¨-e,,Berlin ist die Hauptstadt von Deutschland.,48
b1_1417,B1,"der Hauptbahnhof, ¨-e","the main station, ¨-e","ana istasyon, ¨-e","la estación principal, ¨-e","der Hauptbahnhof, ¨-e",der,noun,¨-e,,Treffen wir uns am Hauptbahnhof?,49
b1_1418,B1,"das Haus, ¨-er","the house, ¨-er","ev, ¨-er","la casa, ¨-er","das Haus, ¨-er 1.",das,noun,¨-er 1.,,Wir haben ein Haus gemietet. || Ich komme gerade von zu Hause. || Ich muss jetzt nach Hause. || Paul ist nicht zu Hause.,49
b1_1419,B1,"die Hausaufgabe, -n","the homework, -n","ödev, -n","la tarea, -n","die Hausaufgabe, -n",die,noun,-n,,Kannst du mir bei den Hausaufgaben helfen?,49
b1_1420,B1,die Hausfrau/der Haus-,the housewife/housekeeper,ev hanımı / hizmetçi,el ama de casa/ama de casa,die Hausfrau/der Haus-,die,noun,,,Meine Frau ist Hausfrau und kümmert,49
b1_1421,B1,mann,man,Adam,hombre,mann,,word,,,sich um die Kinder./Mein Mann ist Hausmann und kümmert sich um die Kinder.,49
b1_1422,B1,"der Haushalt, -e","the household, -e","ev, -e","el hogar, -e","der Haushalt, -e",der,noun,-e,,"Ich kümmere mich um den Haushalt, d. h. ich putze, wasche, koche etc.",49
b1_1423,B1,"der Hausmeister, -","the caretaker, -","bakıcı, -","el cuidador, -","der Hausmeister, -",der,noun,-,,"Der Hausmeister hat mir geholfen, den",49
b1_1424,B1,"die Hausmeisterin, -nen","the caretaker, -nen","bekçi, -nen","el cuidador, -nen","die Hausmeisterin, -nen",die,noun,-nen,,Schrank in die Wohnung zu tragen.,49
b1_1425,B1,"(D, A) →CH: Abwart","(D, A) →CH: Wait","(D, A) →CH: Bekle","(D, A) →CH: Esperar","(D, A) →CH: Abwart",,other,,,,49
b1_1426,B1,die Haut,the skin,cilt,la piel,die Haut,die,noun,,,Haben Sie eine Creme für trockene Haut?,49
b1_1427,B1,"heben, hebt, hob,","lift, lift, lift","kaldır, kaldır, kaldır","levantar, levantar, levantar","heben, hebt, hob, 1.",,word,,hat gehoben,"Kannst du mir helfen? || Das Paket kann || ich allein nicht heben. || Wenn Sie für diesen Vorschlag sind, heben Sie bitte die Hand!",49
b1_1428,B1,"das Heft, -e","the booklet, -e","kitapçık, -e","el folleto, -e","das Heft, -e",das,noun,-e,,Ich hätte gern ein Schreibheft.,49
b1_1429,B1,heim,home,Ev,hogar,heim,,word,,,Ich will jetzt heim.,49
b1_1430,B1,"das Heim, -e","the home, -e","ev, -e","el hogar, -e","das Heim, -e",das,noun,-e,,Meine Oma wohnt in einem Seniorenheim.,49
b1_1431,B1,die Heimat,the homeland,vatan,la patria,die Heimat,die,noun,,,Ich lebe jetzt hier in Deutschland. || Das ist meine neue Heimat.,49
b1_1432,B1,heimlich,secretly,gizlice,secretamente,heimlich,,adjective,,,"Gestern habe ich gehört, dass mein Sohn heimlich raucht.",49
b1_1433,B1,das Heimweh,the homesickness,vatan hasreti,la nostalgia,das Heimweh,das,noun,,,Ich habe oft Heimweh nach meiner Familie.,49
b1_1434,B1,"heiraten, heiratet,","get married, get married","evlenmek, evlenmek","casarse, casarse","heiraten, heiratet, 1.",,word,,,Unsere Freunde heiraten nächsten,49
b1_1435,B1,"heiratete, hat geheiratet","married, got married","evlendi, evlendi","casado, se casó","heiratete, hat geheiratet",,word,,,Monat in Italien. || Wir haben 1980 geheiratet. || Meine Schwester heiratet einen Japaner.,49
b1_1436,B1,heiß,hot,sıcak,caliente,heiß 1.,,word,,,Für die Jahreszeit ist es zu heiß. || Ich mache dir einen heißen Tee.,49
b1_1437,B1,"heißen, heißt, hieß,","called, called, called","aradım, aradım, aradım","llamado, llamado, llamado","heißen, heißt, hieß, 1.",,word,,hat geheißen,Wie heißen Sie? || Wie heißt das auf Deutsch? || Die Erklärung verstehe ich nicht. || Was heißt das?,49
b1_1438,B1,"heizen, heizt, heizte,","heat, heat, heated","ısı, ısı, ısıtılmış","calor, calor, calentado","heizen, heizt, heizte, 1.",,word,,hat geheizt,Wir heizen mit Öl. || Ziehen Sie sich warm an. || In der Halle ist nicht geheizt.,49
b1_1439,B1,"die Heizung, -en","the heating, -en","ısıtma, -tr","la calefacción, -es","die Heizung, -en",die,noun,-en,,Es ist kalt. || Ist die Heizung kaputt?,49
b1_1440,B1,"der Held, -en","the hero, -en","kahraman, -tr","el héroe, -es","der Held, -en 1.",der,noun,-en 1.,,Er spielt gern den Helden.,49
b1_1441,B1,"die Heldin, -nen","the heroine, -nen","kahraman, -nen","la heroína, -nen","die Heldin, -nen 2.",die,noun,-nen 2.,,Sie ist die Heldin des Tages.,49
b1_1442,B1,"helfen, hilft, half,","help, helps, helped","yardım, yardım eder, yardım etti","ayuda, ayuda, ayudado","helfen, hilft, half, 1.",,word,,hat geholfen,Kannst du mir helfen? || Ich muss || nächsten Monat umziehen. || Die Tabletten haben mir gut geholfen.,49
b1_1443,B1,die Hilfe1.,the help1.,yardım1.,la ayuda1.,die Hilfe1.,die,noun,,,"Vielen Dank für Ihre Hilfe. || Haben Sie einen Kurs für Erste Hilfe gemacht? || Das müssen Sie, wenn Sie den Führerschein machen wollen. || Hilfe! || Jemand hat mir die Handtasche gestohlen. || Bitte helfen Sie mir!",49
b1_1444,B1,hell,bright,parlak,brillante,hell 1.,,word,,,Im Sommer wird es um 5 Uhr schon hell. || Mein Zimmer ist schön hell. || Ich habe mir einen hellblauen Pullover gekauft.,49
b1_1445,B1,"das Hemd, -en","the shirt, -en","gömlek, -tr","la camisa, -es","das Hemd, -en",das,noun,-en,,Nikos trägt heute ein weißes Hemd.,49
b1_1446,B1,"das Hend(e)l, - (A) →D:","the chicken, - (A) →D:","tavuk, - (A) →D:","el pollo, - (A) →D:","das Hend(e)l, - (A) →D:",das,noun,- (A) →D:,,Zum Mittagessen gibt es Hendl mit,49
b1_1447,B1,Hähnchen/Hühnchen; CH:,chicken/chicken; CH:,tavuk/tavuk; :,pollo/pollo; CH:,Hähnchen/Hühnchen; CH:,,noun,,,Reis.,49
b1_1448,B1,Poulet,Chicken,Tavuk,Pollo,Poulet,,noun,,,,49
b1_1449,B1,her/her-,her/her-,onu-,ella/ella-,her/her- 1.,,word,,,"Wir haben uns lange nicht gesehen. || – Ja, das ist wirklich lange her. || Komm her zu mir!",49
b1_1450,B1,"heraus-, raus-","out, out-","dışarı, dışarı-","fuera, fuera-","heraus-, raus-",,word,,,"Hast du schon rausgefunden, wann und",49
b1_1451,B1,"(heraus-) finden, findet","(heraus-) finden, findet","(to) öğrenmek, bulur","(para) descubrir, encuentra","(heraus-) finden, findet",,word,,,wo man sich für den Kurs anmelden,49
b1_1452,B1,"heraus, fand heraus,","found out, found out","öğrendim, öğrendim","descubrí, descubrí","heraus, fand heraus,",,word,,hat herausgefunden,muss?,49
b1_1453,B1,"die Herausforderung, -en","the challenge, -en","meydan okuma, -tr","el desafío, -es","die Herausforderung, -en",die,noun,-en,,Das Spiel ist eine Herausforderung.,49
b1_1454,B1,"der Herd, -e","the stove, -e","soba, -e","la estufa, -e","der Herd, -e",der,noun,-e,,In der neuen Küche fehlt noch der Herd.,49
b1_1455,B1,"herein-, rein-","in, in-","içinde, içinde-","en, en-","herein-, rein-",,word,,,Kommt doch herein!,49
b1_1456,B1,die Herkunft,the origin,köken,el origen,die Herkunft,die,noun,,,Viele Leute fragen mich nach meiner Herkunft.,49
b1_1457,B1,"der Herr, -en","the gentleman, -en","beyefendi, -tr","el caballero, -es","der Herr, -en 1.",der,noun,-en 1.,,"Da ist ein Herr, der möchte Sie sprechen. || Guten Tag, Herr Müller!",49
b1_1458,B1,"herstellen, stellt her,","produce, manufactures","üretmek, üretir","producir, fabrica","herstellen, stellt her,",,word,,,In unserer Firma stellen wir,49
b1_1459,B1,"stellte her, hat hergestellt","made, has made","stellte her, hat hergestellt","hecho, ha hecho","stellte her, hat hergestellt",,word,,,Schokolade her.,49
b1_1460,B1,"der Hersteller, -","the manufacturer, -","üretici, -","el fabricante, -","der Hersteller, -",der,noun,-,,Ihr Handy ist kaputt? || Wir schicken es an den Hersteller zurück und lassen es reparieren.,49
b1_1461,B1,"herunter-, runter-","down, down-","aşağı, aşağı-","abajo, abajo-","herunter-, runter-",,word,,,,49
b1_1462,B1,"(herunter-)laden, lädt","(down)load, loads","(aşağı)yükleme, yükler","(abajo)cargar, cargas","(herunter-)laden, lädt",,word,,,Ich habe mir Musik aus dem Internet,49
b1_1463,B1,"herunter, lud herunter,","downloaded, downloaded","indirildi, indirildi","descargado, descargado","herunter, lud herunter,",,word,,hat heruntergeladen,(he)runtergeladen.,49
b1_1464,B1,"(herunter-)fahren, fährt","(herunter-)fahren, fährt","(kapat), sürücüler","(apagado), unidades","(herunter-)fahren, fährt",,word,,,Zum Schluss musst du den Computer,50
b1_1465,B1,"herunter, fuhr herunter,","down, shut down","Kapat, kapat","abajo, apagar","herunter, fuhr herunter,",,word,,hat heruntergefahren,herunterfahren.,50
b1_1466,B1,"das Herz, -en","the heart, -en","kalp, -tr","el corazón, -es","das Herz, -en 1.",das,noun,-en 1.,,Ich bin ganz nervös. || Mir klopft das Herz. || Wir müssen Ihr Herz untersuchen.,50
b1_1467,B1,herzlich,herzlich,yürekten,sentido,herzlich,,adjective,,,Herzlichen Glückwunsch!,50
b1_1468,B1,heute,today,Bugün,hoy,heute,,adverb,,,Heute kann ich etwas früher nach Hause gehen. || Ab heute bleibt unser Büro nachmittags geschlossen. || Frau Müller kommt heute in acht Tagen zurück. || Heute kann man sich eine Welt ohne Internet nicht mehr vorstellen.,50
b1_1469,B1,heutig-,today-,Bugün-,hoy-,heutig-,,adjective,,,Die heutigen Computer können viel mehr als noch vor ein paar Jahren.,50
b1_1470,B1,hier/hier-,here/here-,burada/burada-,aquí/aquí-,hier/hier- 1.,,word,,,Hier wohne ich. || Von hier hat man eine herrliche Aussicht. || Hier sind die Schlüssel für meine Woh- nung. || Kannst Du meine Blumen gießen? || Hier ist Pamela Linke. || Bitte hinterlassen Sie eine Nachricht.,50
b1_1471,B1,hierher,here,Burada,aquí,hierher,,word,,,Ich komme oft hierher. || In diesem Café gibt es guten Kuchen.,50
b1_1472,B1,der Himmel,the sky,gökyüzü,el cielo,der Himmel,der,noun,,,Wir hatten im Urlaub so tolles Wetter. || Immer Sonne und blauer Himmel.,50
b1_1473,B1,"(hinunter) runterwerfen,",to throw down (down).,(aşağıya) atmak.,tirar hacia abajo (hacia abajo).,"(hinunter) runterwerfen,",,word,,,Kannst du mir bitte den Schlüssel,50
b1_1474,B1,"wirft runter, warf runter,","throws down, threw down","aşağı attı, attı","tira hacia abajo, tira hacia abajo","wirft runter, warf runter,",,word,,hat runtergeworfen,runterwerfen? || Ich habe meinen || vergessen.,50
b1_1475,B1,hinten,rear,arka,trasero,hinten 1.,,word,,,Wo möchtest du sitzen? || Hinten oder vorne? || Bitte hinten aussteigen!,50
b1_1476,B1,hinter/hinter-,behind/behind-,arkasında/arkasında-,detrás/detrás-,hinter/hinter- 1.,,word,,,Hinter dem Haus haben wir einen Garten. || Fahren Sie Ihren Wagen bitte hinter das Haus. || Auf den hinteren Plätzen kann man nicht sehr viel sehen.,50
b1_1477,B1,"hinterlassen, hinterlässt,","leave, leaves behind","ayrılmak, geride bırakmak","dejar, dejar atrás","hinterlassen, hinterlässt,",,word,,,Möchten Sie eine Nachricht,50
b1_1478,B1,"hinterließ,",left behind,geride kaldı,dejado atrás,"hinterließ,",,word,,hat hinterlassen,hinterlassen?,50
b1_1479,B1,hinterher,afterwards,daha sonrasında,después,hinterher,,word,,,Vor der Prüfung habe ich so viel gelernt. || Hinterher habe ich vieles wieder vergessen.,50
b1_1480,B1,"hinweisen, weist hin,","point out, point out","belirtmek, belirtmek","señalar, señalar","hinweisen, weist hin,",,word,,,"Wir möchten Sie darauf hinweisen,",50
b1_1481,B1,wies hin,pointed out,işaret etti,señaló,"wies hin, hat hingewiesen",,verb,,hat hingewiesen,dass das Rauchen am Bahnsteig nicht gestattet ist.,50
b1_1482,B1,"der Hinweise, -e","of clues, -e","ipuçları, -e","de pistas, -e","der Hinweise, -e",der,noun,-e,,Die Polizei hat viele Hinweise zum Unfall bekommen.,50
b1_1483,B1,historisch,historical,tarihi,histórico,historisch,,adjective,,,Wir waren mit unserer Klasse im Historischen Museum.,50
b1_1484,B1,die Hitze,the heat,ısı,el calor,die Hitze,die,noun,,,Gestern war eine schreckliche Hitze!,50
b1_1485,B1,"das Hobby, -s","the hobby, -s","hobi, -s","el hobby, -s","das Hobby, -s",das,noun,-s,,Ich habe keine Zeit mehr für meine Hobbys.,50
b1_1486,B1,hoch,high,yüksek,alto,hoch 1.,,word,,,Der Berg ist fast 3000 m hoch. || Das Hotel liegt hoch über dem See. || Die Benzinpreise sind sehr hoch.,50
b1_1487,B1,die Höhe,the height,yükseklik,la altura,die Höhe 1.,die,noun,,,"Mein Tisch hat folgende Maße: Länge: 1,20 m, Breite: 0,60 m, Höhe: 0,80 m. || Wir fliegen jetzt in 6000 m Höhe.",50
b1_1488,B1,"hochladen, lädt hoch,","upload, uploads","yükleme, yüklemeler","subir, subir","hochladen, lädt hoch,",,word,,,Kannst du bitte die Datei für die,50
b1_1489,B1,lud hoch,uploaded,yüklendi,subido,"lud hoch, hat hochgeladen",,verb,,hat hochgeladen,Hausaufgabe hochladen?,50
b1_1490,B1,höchstens,at most,en fazla,a lo sumo,höchstens,,word,,,Ich habe wenig Zeit. || Ich kann höchstens eine Viertelstunde bleiben.,50
b1_1491,B1,"die Hochzeit, -en","the wedding, -en","düğün, -tr","la boda, -es","die Hochzeit, -en 1.",die,noun,-en 1.,,Claudia und Peter wollen ihre Hochzeit groß feiern. || Zu dieser Hochzeit kommen mehr als fünfzig Gäste.,50
b1_1492,B1,"der Hof, ¨-e","the yard, ¨-e","avlu, ¨-e","el patio, ¨-e","der Hof, ¨-e",der,noun,¨-e,,Die Kinder spielen am liebsten im Hof.,50
b1_1493,B1,"der Bauernhof, ¨-e","the farm, ¨-e","çiftlik, ¨-e","la finca, ¨-e","der Bauernhof, ¨-e",der,noun,¨-e,,Meine Großeltern hatten einen Bauernhof.,50
b1_1494,B1,"hoffen, hofft, hoffte,","hope, hopes, hoped","umut, umutlar, umut","esperanza, esperanzas, esperado","hoffen, hofft, hoffte, 1.",,word,,hat gehofft,"Ich hoffe, dass ihr zu meinem || Geburtstag kommen könnt. || Wir alle hoffen auf besseres Wetter.",50
b1_1495,B1,hoffentlich,hopefully,umutla,con un poco de suerte,hoffentlich,,adjective,,,Hoffentlich hat unser Zug keine Verspätung.,50
b1_1496,B1,"die Hoffnung, -en","the hope, -en","umut, -tr","la esperanza, -es","die Hoffnung, -en",die,noun,-en,,Man darf die Hoffnung nicht verlieren.,50
b1_1497,B1,höflich,polite,kibar,educado,höflich,,adjective,,,Unser Nachbar ist sehr höflich. || Er sagt immer als Erster Guten Tag.,50
b1_1498,B1,"holen, holt, holte,","fetch, fetch, fetch","getir, getir, getir","buscar, buscar, buscar","holen, holt, holte, 1.",,word,,hat geholt,Soll ich uns was zu trinken holen? || Warum haben Sie nicht sofort einen Arzt geholt?,50
b1_1499,B1,das Holz,the wood,ahşap,la madera,das Holz,das,noun,,,Möchten Sie ein Regal aus Holz oder aus Metall?,50
b1_1500,B1,der Honig,the honey,bal,la miel,der Honig,der,noun,,,Ich esse gern Brötchen mit Honig und Butter zum Frühstück.,50
b1_1501,B1,"hören, hört, hörte,","hear, hear, heard","duydum, duydum, duydum","escuchar, escuchar, escuchar","hören, hört, hörte, 1.",,word,,hat gehört,"Ich kann nicht mehr so gut hören. || Ich höre jeden Tag die Nachrichten. || Dieses Wort habe ich noch nie gehört. || Ich habe gehört, dass Herr Müller im Krankenhaus liegt.",50
b1_1502,B1,"der Hörer, -;","the listener, -;","dinleyici, -;","el oyente, -;","der Hörer, -;",der,noun,-;,,Die Sendung hat viele Hörer und,51
b1_1503,B1,"die Hörerin, -nen","the listener, -nen","dinleyici, -nen","el oyente, -nen","die Hörerin, -nen",die,noun,-nen,,Hörerinnen.,51
b1_1504,B1,der Zuhörer,the listener,dinleyici,el oyente,der Zuhörer,der,noun,,,,51
b1_1505,B1,"die Hose, -n","the pants, -n","pantolon, -n","los pantalones, -n","die Hose, -n",die,noun,-n,,Können Sie die Hose etwas kürzer machen?,51
b1_1506,B1,"das Hotel, -s","the hotel, -s","otel, -s","el hotel, -s","das Hotel, -s",das,noun,-s,,Im Urlaub sind wir in einem Hotel am Meer.,51
b1_1507,B1,hübsch,pretty,tatlı,bonito,hübsch 1.,,word,,,Wir haben eine hübsche Wohnung gefunden. || Dietmars neue Freundin ist sehr hüb- sch.,51
b1_1508,B1,"der Hügel, -","the hill, -","tepe, -","la colina, -","der Hügel, -",der,noun,-,,Auf diesem Hügel machen wir eine Pause.,51
b1_1509,B1,der Humor,the humor,mizah,el humor,der Humor 1.,der,noun,,,"Wir mögen Paul, weil er so viel Humor hat. || Den Humor des Komikers verstehe ich nicht.",51
b1_1510,B1,der Hunger,the hunger,açlık,el hambre,der Hunger,der,noun,,,"Möchtest du Suppe? || – Nein danke, ich habe keinen Hunger.",51
b1_1511,B1,hungrig,hungry,aç,hambriento,hungrig,,adjective,,,Ich bin sehr hungrig.,51
b1_1512,B1,"hupen, hupt, hupte,","honk, honk, honk","korna, korna, korna","bocina, bocina, bocina","hupen, hupt, hupte,",,word,,hat gehupt,Hier ist ein Krankenhaus. || Hier darfst || du nicht hupen.,51
b1_1513,B1,"husten, hustet, hustete,","cough, cough, cough","husten, hustet, hustete,","tos, tos, tos","husten, hustet, hustete,",,word,,hat gehustet,Der Junge hat die ganze Nacht || gehustet.,51
b1_1514,B1,der Husten,the cough,öksürük,la tos,der Husten,der,noun,,,Haben Sie ein Medikament gegen Husten?,51
b1_1515,B1,"der Hut, ¨-e","the hat, ¨-e","şapka, ¨-e","el sombrero, ¨-e","der Hut, ¨-e",der,noun,¨-e,,Sie sollten im Sommer nicht ohne Hut in die Sonne gehen.,51
b1_1516,B1,"die Hütte, -n","the hut, -n","kulübe, -n","la cabaña, -n","die Hütte, -n",die,noun,-n,,Wir übernachten in der Hütte auf dem Berg.,51
b1_1517,B1,ideal,ideal,ideal,ideal,ideal,,word,,,Eine Wohnung mit Garten wäre für uns ideal.,51
b1_1518,B1,"die Idee, -n","the idea, -n","fikir, -n","la idea, -n","die Idee, -n",die,noun,-n,,Du willst ein Picknick machen? || Ich finde die Idee toll.,51
b1_1519,B1,illegal,illegal,yasa dışı,ilegal,illegal,,word,,,"Ohne Steuerkarte zu arbeiten ist illegal. || Wenn es herauskommt, musst du Strafe zahlen.",51
b1_1520,B1,"der Imbiss, -e (D) →A:","the snack, -e (D) →A:","atıştırmalık, -e (D) →A:","la merienda, -e (D) →A:","der Imbiss, -e (D) →A:",der,noun,-e (D) →A:,,Es ist Zeit für einen kleinen Imbiss.,51
b1_1521,B1,"Jause, CH: Znüni/Zvieri","Jause, CH: snack/breakfast","Jause, CH: atıştırmalık/kahvaltı","Jause, CH: merienda/desayuno","Jause, CH: Znüni/Zvieri",,noun,,,,51
b1_1522,B1,immer,always,Her zaman,siempre,immer 1.,,adverb,,,Frau Bast kommt immer zu spät. || Mein Kollege liegt immer noch im Krankenhaus. || Die Schmerzen werden immer schlimmer.,51
b1_1523,B1,"der Import, -e","the import, -e","içe aktarma, -e","la importación, -e","der Import, -e 1.",der,noun,-e 1.,,"Im dritten Stock ist die Firma Schmidt & Co, Import und Export. || Der Import von Zigaretten ist nur bis zu einer bestimmten Menge erlaubt.",51
b1_1524,B1,in,in,içinde,en,in 1.,,preposition,,,Ich wohne in Frankfurt. || Meine Wohnung ist im dritten Stock. || Wollen wir heute ins Einkaufszentrum gehen? || Rufen Sie bitte in fünf Minuten noch einmal an. || Im Mai war ich in Urlaub. (D) (A: auf) || Wir sind in einer schwierigen Lage. || Meine Tochter kommt nächstes Jahr ins Gymnasium. (A) (D: aufs),51
b1_1525,B1,indem,by,ile,por,indem,,word,,,"Du kannst die Datei öffnen, indem du hier klickst.",51
b1_1526,B1,individuell,individually,bireysel olarak,individualmente,individuell,,word,,,"Die Lehrerin versucht, jedes Kind individuell zu fördern.",51
b1_1527,B1,"die Industrie, -n","the industry, -n","endüstri, -n","la industria, -n","die Industrie, -n",die,noun,-n,,In dieser Gegend gibt es viel Industrie.,51
b1_1528,B1,"die Infektion, -en","the infection, -en","enfeksiyon, -tr","la infección, -es","die Infektion, -en",die,noun,-en,,Sie haben eine Infektion. || Sie müssen Tabletten nehmen.,51
b1_1529,B1,"informieren, informiert,","inform, informed","bilgilendirmek, bilgilendirilmiş","informar, informado","informieren, informiert, 1.",,word,,,Wir informieren Sie rechtzeitig über,51
b1_1530,B1,"informierte,",informed,bilgilendirilmiş,informado,"informierte,",,word,,hat informiert,die neuen Prüfungstermine. || Du musst dich vor der Reise genau über die Bedingungen informieren.,51
b1_1531,B1,"die Information, -en1.","the information, -en1.","bilgi, -en1.","la información, -en1.","die Information, -en1.",die,noun,-en1.,,"Bitte lesen Sie diese Informationen genau. || Wenn Sie Fragen haben, gehen Sie zur Information.",51
b1_1532,B1,"der Ingenieur, -e","the engineer, -e","mühendis, -e","el ingeniero, -e","der Ingenieur, -e",der,noun,-e,,Hans will Bauingenieur werden.,51
b1_1533,B1,"der Inhalt, -e","the content, -e","içerik, -e","el contenido, -e","der Inhalt, -e",der,noun,-e,,Geben Sie den Inhalt der Packung in einen Liter kochendes Wasser.,51
b1_1534,B1,inklusive,including,içermek,incluido,inklusive,,word,,,Der Zimmerpreis ist inklusive Frühstück.,51
b1_1535,B1,innen,inside,içeri,adentro,innen,,verb,,,Der Lichtschalter ist innen links.,51
b1_1536,B1,inner-,within,içinde,dentro,inner-,,word,,,"Wir müssen Sie untersuchen. || Es kann sein, dass Sie innere Verletzungen haben.",51
b1_1537,B1,innerhalb1.,within1.,içinde1.,dentro de 1.,innerhalb1.,,word,,,Diese Fahrkarte gilt nur innerhalb der Stadt. || Nach dem Umzug müssen Sie sich innerhalb einer Woche ummelden.,51
b1_1538,B1,"die Insel, -n","the island, -n","ada, -n","la isla, -n","die Insel, -n",die,noun,-n,,Ich würde dieses Mal gern auf einer Insel Ferien machen.,52
b1_1539,B1,"das Inserat, -e","the advertisement, -e","reklam, -e","el anuncio, -e","das Inserat, -e",das,noun,-e,,Was kostet ein Inserat in der Zeitung?,52
b1_1540,B1,insgesamt,in total,toplamda,en total,insgesamt,,word,,,Insgesamt haben sich 20 Teilnehmer für die Prüfung angemeldet.,52
b1_1541,B1,"installieren, installiert,","install, installed","yüklemek, yüklü","instalar, instalado","installieren, installiert,",,word,,,"Können Sie mir helfen, meinen",52
b1_1542,B1,"installierte, hat installiert","installed, has installed","kuruldu, kuruldu","instalado, ha instalado","installierte, hat installiert",,word,,,Computer zu installieren?,52
b1_1543,B1,"das Institut, -e","the institute, -e","enstitü, -e","el instituto, -e","das Institut, -e",das,noun,-e,,Ich besuche einen Sprachkurs in einem kleinen Sprachinstitut.,52
b1_1544,B1,"das Instrument, -e","the instrument, -e","enstrüman, -e","el instrumento, -e","das Instrument, -e",das,noun,-e,,Ich spiele Klavier. || Spielen Sie auch ein Musikinstrument?,52
b1_1545,B1,"integrieren, integriert, in-","integrate, integrated, in-","entegre, entegre, entegre","integrar, integrado, en-","integrieren, integriert, in- 1.",,word,,,Sie ist schon sehr gut im Team,52
b1_1546,B1,"tegrierte, hat integriert","integrated, has integrated","bütünleşmiş, entegre olmuş","integrado, ha integrado","tegrierte, hat integriert",,word,,,integriert. || Die Leute aus dem Ausland sollen besser integriert werden.,52
b1_1547,B1,"die Integration, -en","the integration, -en","entegrasyon, -tr","la integración, -es","die Integration, -en",die,noun,-en,,Gute Deutschkenntnisse sollen bei der Integration helfen.,52
b1_1548,B1,intelligent,intelligent,zeki,inteligente,intelligent,,word,,,Maria ist sehr intelligent. || Sie kann sehr gut rechnen.,52
b1_1549,B1,die Intelligenz,the intelligence,istihbarat,la inteligencia,die Intelligenz,die,noun,,,Meine Kinder haben in der Schule einen Intelligenztest gemacht.,52
b1_1550,B1,intensiv,intensive,yoğun,intensivo,intensiv,,word,,,Ich möchte intensiv Deutsch lernen.,52
b1_1551,B1,"der Intensivkurs, -e","the intensive course, -e","yoğun kurs, -e","el curso intensivo, -e","der Intensivkurs, -e",der,noun,-e,,Der Intensivkurs findet täglich von 9 bis 12 Uhr statt.,52
b1_1552,B1,"interessieren, interessiert,","interested, interested","ilgilenen, ilgilenen","interesado, interesado","interessieren, interessiert, 1.",,word,,,Das Thema Kindererziehung,52
b1_1553,B1,"interessierte,",interested,ilgili,interesado,"interessierte,",,word,,hat interessiert,interessiert mich sehr. || Ich interessiere mich sehr für Fußball.,52
b1_1554,B1,interessant1.,interesting1.,ilginç1.,interesante1.,interessant1.,,word,,,Ich habe einen interessanten Bericht gelesen. || Den Artikel über Brasilien finde ich sehr interessant.,52
b1_1555,B1,"das Interesse, -n","the interest, -n","faiz, -n","el interés, -n","das Interesse, -n",das,noun,-n,,"Ich habe viele Interessen: Sport, Lesen, Handarbeit, Tanzen",52
b1_1556,B1,interessiert,interested,ilgili,interesado,interessiert,,word,,,Mein Nachbar zieht nächsten Monat aus. || Sind Sie noch an der Wohnung in- teressiert?,52
b1_1557,B1,interkulturell,intercultural,kültürlerarası,intercultural,interkulturell,,word,,,Wir haben in der Sprachschule ein interkulturelles Fest gefeiert.,52
b1_1558,B1,international,international,uluslararası,internacional,international 1.,,word,,,"Die Teilnehmenden in unserem Kurs sind ganz international: Silvana kommt aus Italien, Conchi aus Spanien, Yin aus China … || Der Professor war international bekannt.",52
b1_1559,B1,"das Interview, -s","the interview, -p","röportaj, -p","la entrevista, -p","das Interview, -s",das,noun,-s,,Ich habe im Fernsehen ein interes- santes Interview mit zwei Schauspiel- ern gesehen.,52
b1_1560,B1,inzwischen,in the meantime,bu arada,mientras tanto,inzwischen,,verb,,,Herr Müller kommt gleich zurück. || Sie können inzwischen in seinem Büro warten.,52
b1_1561,B1,irgend-,somehow-,bir şekilde-,de alguna manera-,irgend-,,word,,,,52
b1_1562,B1,irgendein,any,herhangi,cualquier,irgendein,,word,,,"Was für einen Saft möchten Sie? || – Ganz egal, irgendeinen.",52
b1_1563,B1,irgendwann,sometime,bazen,a veces,irgendwann,,word,,,Ich habe Sie irgendwann schon mal gesehen.,52
b1_1564,B1,sich irren,sich irren,yanılmak,engañarse,"sich irren, irrt sich, 1.",,verb,,"irrt sich, 1.","Du irrst dich. || Das Auto war nicht grün,",52
b1_1565,B1,"irrte sich, hat sich geirrt","was wrong, was wrong","yanlıştı, yanlıştı","estaba mal, estaba mal","irrte sich, hat sich geirrt",,word,,,sondern rot. || Ich habe mich in der Hausnummer geirrt.,52
b1_1566,B1,ja,Yes,Evet,Sí,ja 1.,,word,,,"Sind Sie verheiratet? || – Ja. || Hallo? || – Ja, bitte? || Wer spricht denn da? || Denk bitte daran, die Tür abzuschließen. || – Ja, ja, mach´ ich. || Heute Morgen um fünf hat es geschneit. || – Ja, wirklich? || Ich würde ja gern kommen, aber es geht wirklich nicht. || Du weißt ja, dass ich kein Bier trinke. || Gib mir bitte einen Tee. || Du bist hier in Berlin? || – Das ist ja eine Überraschung. || Steige bitte ja nicht auf den Stuhl!",52
b1_1567,B1,"die Jacke, -n","the jacket, -n","ceket, -n","la chaqueta, -n","die Jacke, -n",die,noun,-n,,Zieh dir eine Jacke an. || Es ist kalt.,52
b1_1568,B1,"die Jause, -n (A) →D: Im-","the snack, -n (A) →D: Im-","atıştırmalık, -n (A) →D: Im-","la merienda, -n (A) →D: Im-","die Jause, -n (A) →D: Im-",die,noun,-n (A) →D: Im-,,Es ist Zeit für eine kleine Jause.,52
b1_1569,B1,biss; CH: Znüni/Zvieri,bite; CH: Lunch/breakfast,ısırmak; CH: Öğle yemeği/kahvaltı,morder; CH: Almuerzo/desayuno,biss; CH: Znüni/Zvieri,,word,,,,52
b1_1570,B1,je,ever,durmadan,alguna vez,je 1.,,word,,,"Die Pullover kosten je nach Qualität zwischen 40 und 60 Euro. || Fahren Sie im Juni oder im Juli? || – Je nachdem, wann mein Mann Urlaub bekommt.",52
b1_1571,B1,je … desto …,the ... the …,... ...,el... el...,je … desto …,,word,,,"Je länger ich Deutsch lerne, desto besser kann ich es verstehen.",52
b1_1572,B1,die Jeans (Pl.),the jeans (pl.),kot pantolon (pl.),los vaqueros (pl.),die Jeans (Pl.),die,noun,,,Nicht nur junge Leute tragen Jeans.,52
b1_1573,B1,"jeder, jedes, jede","everyone, everyone, everyone","herkes, herkes, herkes","todos, todos, todos","jeder, jedes, jede 1.",,word,,,Das Restaurant hat jeden Tag geöffnet. || Jedes Kind bekommt ein Spiel. || Die Prospekte bekommen Sie in jedem Reisebüro. || Im Supermarkt gibt es keine Schmerztabletten. || Das weiß doch jeder.,52
b1_1574,B1,jederzeit,at any time,herhangi bir zamanda,en cualquier momento,jederzeit,,word,,,Sie können mich jederzeit anrufen.,53
b1_1575,B1,jedes Mal,jedes Mal,her zaman,cada vez,jedes Mal,,word,,,Inge erzählt die Geschichte jedes Mal anders.,53
b1_1576,B1,jedoch,however,Yine de,sin embargo,jedoch,,word,,,"Sie ruft immer wieder an, jedoch ohne Erfolg.",53
b1_1577,B1,jemals,ever,durmadan,alguna vez,jemals,,word,,,"Hast du jemals von dem Problem gehört? || – Nein, nie.",53
b1_1578,B1,jemand,someone,birisi,alguien,jemand 1.,,word,,,"Hat jemand einen Bleistift für mich? || Kennst du jemand, der mir ein Fahrrad leihen kann?",53
b1_1579,B1,jetzt,now,Şimdi,ahora,jetzt 1.,,adverb,,,Ich muss jetzt gehen. || Bis jetzt hat alles gut geklappt. || Ab jetzt werde ich wieder öfter ins Fit- ness-Studio gehen. || Ich habe jetzt schon dreimal bei meinem Bruder angerufen. || Aber er ist nie da. || Über viele Dinge denke ich jetzt anders als früher.,53
b1_1580,B1,jeweils,respectively,sırasıyla,respectivamente,jeweils,,word,,,Der Kurs findet jeweils montags und donnerstags um 18 Uhr statt.,53
b1_1581,B1,"der Journalist, -en","the journalist, -en","gazeteci, -tr","el periodista, -es","der Journalist, -en",der,noun,-en,,Meine Tochter möchte Journalistin,53
b1_1582,B1,"die Journalistin, -nen","the journalist, -nen","gazeteci, -nen","el periodista, -nen","die Journalistin, -nen",die,noun,-nen,,werden.,53
b1_1583,B1,die Jugend,die Jugend,gençlik,la juventud,die Jugend,die,noun,,,In meiner Jugend habe ich mich sehr für Musik interessiert.,53
b1_1584,B1,"der Jugendliche, -n","the young person, -n","genç kişi, -n","el joven, -n","der Jugendliche, -n 1.",der,noun,-n 1.,,Die Jugendlichen gehen gerne in die,53
b1_1585,B1,"die Jugendliche, -nen","the young people, -nen","gençler, -nen","los jóvenes, -nen","die Jugendliche, -nen",die,noun,-nen,,Disko. || Der Eintritt ist für Kinder und Jugendliche bis 16 Jahre frei.,53
b1_1586,B1,"die Jugendherberge, -n","the youth hostel, -n","gençlik yurdu, -n","el albergue juvenil, -n","die Jugendherberge, -n",die,noun,-n,,Wo habt ihr übernachtet? || – In einer Jugendherberge.,53
b1_1587,B1,jung,young,genç,joven,jung 1.,,word,,,Für diesen Film bist du noch zu jung. || Meine Mutter ist jung geblieben. || Claudia ist 21. || – Was? || Noch so jung? || Ich habe sehr jung geheiratet. || Bei uns im Haus wohnen viele junge Leute. || Mein Bruder ist zehn Jahre jünger als ich. || Ich bin in unserer Familie die Jüngste.,53
b1_1588,B1,"der Junge, -n (D) →A, CH:","the boy, -n (D) →A, CH:","oğlan, -n (D) →A, CH:","el niño, -n (D) →A, CH:","der Junge, -n (D) →A, CH:",der,noun,"-n (D) →A, CH:",,In der Schulklasse sind 15 Jungen und,53
b1_1589,B1,Bub,boy,erkek çocuk,chico,Bub,,noun,,,10 Mädchen.,53
b1_1590,B1,"das Kabel, -","the cable, -","kablo, -","el cable, -","das Kabel, - 1.",das,noun,- 1.,,Wo ist das Kabel für das Aufnahme- gerät? || Mit Kabel bekommen Sie über 30 Fernsehkanäle.,53
b1_1591,B1,"die Kabine, -n","the cabin, -n","kabin, -n","la cabaña, -n","die Kabine, -n",die,noun,-n,,"Um zu wählen, gehen Sie bitte in diese Kabine.",53
b1_1592,B1,der Kaffee,the coffee,kahve,el cafe,der Kaffee 1.,der,noun,,,"Bring bitte noch eine Packung Kaffee mit. || Zum Frühstück trinke ich gerne Kaffee. || Wir sind bei Müllers zum Kaffee einge- laden. || Einen Kaffee, bitte.",53
b1_1593,B1,"das Kaffeehaus, ¨-er (A)","the coffee house, ¨-er (A)","kahvehane, ¨-er (A)","la cafeteria, ¨-er (A)","das Kaffeehaus, ¨-er (A)",das,noun,¨-er (A),,Hier in der Nähe ist ein Kaffeehaus. || Lass uns einen Kaffee trinken.,53
b1_1594,B1,"der Kakao, -s","the cocoa, -s","kakao, -s","el cacao, -s","der Kakao, -s",der,noun,-s,,Zum Frühstück trinke ich immer einen Kakao.,53
b1_1595,B1,"1. der Kalender, -","1. the calendar, -","1. takvim, -","1. el calendario, -","1. der Kalender, -",,other,,,Ich habe den Termin in meinem Kalender notiert. || Haben Sie am Montag Zeit? || – Moment. || Ich muss erst in meinem Terminkalen- der nachschauen.,53
b1_1596,B1,kalt,cold,soğuk,frío,kalt 1.,,word,,,Es ist kalt heute. || Du hast ja ganz kalte Hände. || Das Mittagessen ist kalt geworden. || Abends essen wir immer kalt. || Wir hatten einen kalten Winter. || Mir ist kalt. || Mach bitte die Heizung an.,53
b1_1597,B1,die Kälte,the cold,soğuk,el frio,die Kälte,die,noun,,,Bei dieser Kälte fahre ich nicht mit dem Fahrrad.,53
b1_1598,B1,"die Kamera, -s","the camera, -s","kamera, -s","la cámara, -s","die Kamera, -s",die,noun,-s,,Ich habe eine ganz neue Kamera.,53
b1_1599,B1,"kämpfen, kämpft,","fight, fight","dövüş, dövüş","pelear, pelear","kämpfen, kämpft,",,word,,,Die Frauen kämpfen für mehr Rechte.,53
b1_1600,B1,"kämpfte, hat gekämpft","fought, fought","savaştı, savaştı","peleó, peleó","kämpfte, hat gekämpft",,word,,,,53
b1_1601,B1,"der Kampf, ¨-e","the fight, ¨-e","kavga, ¨-e","la pelea, ¨-e","der Kampf, ¨-e",der,noun,¨-e,,Im Schulbus gibt es immer einen Kampf um die Sitzplätze.,53
b1_1602,B1,"der Kanal, ¨-e","the channel, ¨-e","kanal, ¨-e","el canal, ¨-e","der Kanal, ¨-e",der,noun,¨-e,,Mit Kabel bekommen Sie über 30 Fernsehkanäle.,53
b1_1603,B1,"der Kandidat, -en","the candidate, -en","aday, -tr","el candidato, -es","der Kandidat, -en",der,noun,-en,,Wie viele Kandidaten kommen zur Prüfung?,53
b1_1604,B1,"die Kanne, -n","the pot, -n","tencere, -n","la olla, -n","die Kanne, -n 1.",die,noun,-n 1.,,"Das ist aber eine schöne Teekanne. || – Ja, die ist aus China. || Bitte einen Kaffee! || – Eine Tasse oder ein Kännchen?",53
b1_1605,B1,"die Kantine, -n","the canteen, -n","kantin, -n","la cantina, -n","die Kantine, -n",die,noun,-n,,In unserer Kantine kann man günstig essen.,53
b1_1606,B1,"das Kapitel, -","the chapter, -","bölüm, -","el capítulo, -","das Kapitel, -",das,noun,-,,"Die Lehrerin hat gesagt, wir sollen zwei Kapitel im Buch wiederholen.",53
b1_1607,B1,kaputt,broken,kırık,roto,kaputt 1.,,word,,,Unsere Waschmaschine ist kaputt. || Ich bin noch ganz kaputt von der Reise.,54
b1_1608,B1,kaputtgehen1.,break1.,mola1.,descanso1.,kaputtgehen1.,,word,,,Pass bitte mit diesem Glas auf. || Es geht leicht kaputt. || Der Fernseher ist gestern kaputt- gegangen.,54
b1_1609,B1,kaputtmachen,break something,bir şeyi kırmak,romper algo,kaputtmachen,,verb,,,Wer hat die Lampe kaputtgemacht?,54
b1_1610,B1,"der Karneval, -s/-e (D) →","the carnival, -s/-e (D) →","karnaval, -s/-e (D) →","el carnaval, -s/-e (D) →","der Karneval, -s/-e (D) →",der,noun,-s/-e (D) →,,Dort hängt mein Kostüm für den,54
b1_1611,B1,"D, A: Fasching; CH: Fas-","D, A: Carnival; CH: Fas-","D, A: Karnaval; CH: Fas-","D, A: Carnaval; CH: Fas-","D, A: Fasching; CH: Fas-",,noun,,,Karnevals(um)zug.,54
b1_1612,B1,nacht,night,gece,noche,nacht,,word,,,,54
b1_1613,B1,"die Karotte, -n →D:","the carrot, -n →D:","havuç, -n →D:","la zanahoria, -n →D:","die Karotte, -n →D:",die,noun,-n →D:,,Hasen fressen gern Karotten.,54
b1_1614,B1,Möhre; CH: Rüebli,Carrot; CH: Carrots,Möhre; CH: Rüebli,Zanahoria; CH: Zanahorias,Möhre; CH: Rüebli,,noun,,,,54
b1_1615,B1,"die Karriere, -n","the career, -n","kariyer, -n","la carrera, -n","die Karriere, -n",die,noun,-n,,Mein Bruder hat große Pläne. || Er will Karriere machen.,54
b1_1616,B1,"die Karte, -n","the card, -n","kart, -n","la tarjeta, -n","die Karte, -n 1.",die,noun,-n 1.,,"Schreibst du mir eine Karte aus dem Urlaub? || Diese Karte gilt nur für die || Klasse. || Hast du schon die Karten für das Konzert abgeholt? || Haben Sie eine Karte von Nord- deutschland? || Herr Ober, bitte die Speisekarte. || Spielen Sie Karten?",54
b1_1617,B1,"die Chipkarte, -n","the chip card, -n","çip kartı, -n","la tarjeta con chip, -n","die Chipkarte, -n",die,noun,-n,,Ich habe eine Chipkarte für diesen Automaten.,54
b1_1618,B1,"→CH: die Fahrkarte, -n","→CH: the ticket, -n","→CH: bilet, -n","→CH: el billete, -n","→CH: die Fahrkarte, -n",,other,,,Fahrkarten können Sie am Schalter,54
b1_1619,B1,Billett,Ticket,Bilet,Boleto,Billett,,noun,,,kaufen.,54
b1_1620,B1,"die Kartoffel, -n →A: Er-","the potato, -n →A: Er-","patates, -n →A: Er-","la papa, -n →A: Er-","die Kartoffel, -n →A: Er-",die,noun,-n →A: Er-,,Kann ich bitte noch Kartoffeln,54
b1_1621,B1,dapfel,apple,elma,manzana,dapfel,,word,,,bekommen?,54
b1_1622,B1,der Käse,the cheese,peynir,el queso,der Käse,der,noun,,,Möchtest du Käse aufs Brot?,54
b1_1623,B1,"die Kasse, -n","the cash register, -n","yazarkasa, -n","la caja registradora, -n","die Kasse, -n",die,noun,-n,,Zahlen Sie bitte an der Kasse.,54
b1_1624,B1,"die Kassette, -n","the cassette, -n","kaset, -n","el casete, -n","die Kassette, -n",die,noun,-n,,Meine Eltern besitzen noch viele Musikkassetten.,54
b1_1625,B1,"der Kasten, ¨- (D) →Kiste","the box, ¨- (D) → box","kutu, ¨- (D) → kutu","la caja, ¨- (D) → caja","der Kasten, ¨- (D) →Kiste",der,noun,¨- (D) →Kiste,,Ich habe zwei Kästen Bier gekauft.,54
b1_1626,B1,"(A, D)","(A, D)","(A,D)","(A,D)","(A, D)",,other,,,,54
b1_1627,B1,"der Kasten, ¨- (A, CH) →D,","the box, ¨- (A, CH) →D","kutu, ¨- (A, CH) →D","la caja, ¨- (A, CH) →D","der Kasten, ¨- (A, CH) →D,",der,noun,"¨- (A, CH) →D,",,Die Handtücher liegen im Kasten.,54
b1_1628,B1,CH: Schrank,CH: Closet,CH: Dolap,CH: Armario,CH: Schrank,,noun,,,,54
b1_1629,B1,"der Katalog, -e","the catalogue, -e","katalog, -e","el catálogo, -e","der Katalog, -e",der,noun,-e,,Ich habe mir ein Kleid aus dem Katalog bestellt.,54
b1_1630,B1,"die Katastrophe, -n","the catastrophe, -n","felaket, -n","la catástrofe, -n","die Katastrophe, -n",die,noun,-n,,Der Urlaub war eine Katastrophe. || Es hat nur geregnet.,54
b1_1631,B1,"(sich etwas) kaufen, kauft,","buy (something), buys","(bir şey) satın almak, satın almak","comprar (algo), compra","(sich etwas) kaufen, kauft, 1.",,word,,,Im Supermarkt kauft man sehr günstig,54
b1_1632,B1,"kaufte, hat gekauft","bought, bought","satın aldım, satın aldım","comprado, comprado","kaufte, hat gekauft",,word,,,ein. || Ich habe mir einen Pullover gekauft.,54
b1_1633,B1,der Kauf,the purchase,satın alma,la compra,der Kauf,der,noun,,,Der neue Esstisch war ein guter Kauf.,54
b1_1634,B1,"der Käufer, -","the buyer, -","alıcı, -","el comprador, -","der Käufer, -",der,noun,-,,Ich habe schon einen Käufer für den,54
b1_1635,B1,"die Käuferin, -nen","the buyer, -nen","alıcı, -nen","el comprador, -nen","die Käuferin, -nen",die,noun,-nen,,alten Tisch.,54
b1_1636,B1,kaum,barely,neredeyse,apenas,kaum 1.,,word,,,Ich kann Sie kaum verstehen. || Bitte sprechen Sie lauter. || Es hat letzte Woche kaum geregnet. || Die Fahrt hat nicht lange gedauert. || Kaum 20 Minuten.,54
b1_1637,B1,kein-,no-,kein-,No-,kein- 1.,,word,,,Ich habe leider heute keine Zeit. || Jetzt habe ich noch keinen Hunger. || Ich habe keine Kinder. || Was für ein Auto haben Sie? || – Ich habe keins.,54
b1_1638,B1,"der Keller, -","the cellar, -","kiler, -","el sótano, -","der Keller, -",der,noun,-,,Unser Keller ist nicht besonders groß.,54
b1_1639,B1,"der Kellner,-","the waiter,-","garson,-","el camarero,-","der Kellner,-",der,noun,-,,Ich bin Kellnerin von Beruf.,54
b1_1640,B1,"die Kellnerin, -nen","the waitress, -nen","garson, -nen","la camarera, -nen","die Kellnerin, -nen",die,noun,-nen,,,54
b1_1641,B1,"→D, A: Ober;","→D, A: Upper;","→D, A: Ober;","→D, A: Superior;","→D, A: Ober;",,other,,,,54
b1_1642,B1,CH: Serviceangestellter,CH: Service employee,CH: Servis çalışanı,CH: empleado de servicio,CH: Serviceangestellter,,noun,,,,54
b1_1643,B1,"kennen, kennt, kannte,","know, know, knew","biliyorum, biliyorum, biliyordum","saber, saber, saber","kennen, kennt, kannte, 1.",,word,,hat gekannt,"Kennen Sie hier in der Nähe ein || gemütliches Café? || Kennen Sie diese Frau? || – Nein, leider nicht. || Kennen Sie Berlin? || – Ja, eine tolle Stadt.",54
b1_1644,B1,"kennenlernen, lernt","get to know, learn","tanımak, öğrenmek","conocer, aprender","kennenlernen, lernt 1.",,word,,,Wo habt ihr euch kennengelernt?,54
b1_1645,B1,"kennen, lernte kennen,","got to know, got to know","tanıdım, tanıdım","tengo que saber, tengo que saber","kennen, lernte kennen, 2.",,word,,hat kennengelernt,Ich möchte gern reisen und andere || Länder kennenlernen.,54
b1_1646,B1,die Kenntnisse (Pl.),the knowledge (pl.),bilgi (pl.),el conocimiento (pl.),die Kenntnisse (Pl.) 1.,die,noun,,,In vielen Berufen braucht man heute Sprachkenntnisse. || Ich möchte meine Deutschkenntnisse verbessern.,54
b1_1647,B1,"das Kennzeichen, -","the license plate, -","plaka, -","la matrícula, -","das Kennzeichen, -",das,noun,-,,Das Auto hat ein Schweizer Kennzeichen.,54
b1_1648,B1,"die Kerze, -n","the candle, -n","mum, -n","la vela, -n","die Kerze, -n",die,noun,-n,,Für den Geburtstagstisch brauchen wir viele Blumen und Kerzen.,54
b1_1649,B1,"die Kette, -n","the chain, -n","zincir, -n","la cadena, -n","die Kette, -n",die,noun,-n,,Ich habe zum Geburtstag eine goldene Kette bekommen.,54
b1_1650,B1,"das Kind, -er","the child, -he","çocuk, -o","el niño, -él","das Kind, -er 1.",das,noun,-er 1.,,Mein Bruder hat zwei Kinder. || Wir haben ein Kind bekommen. || Die Kinder spielen Fußball.,54
b1_1651,B1,"der Kindergarten, ¨-","the kindergarten, ¨-","anaokulu, ¨-","el jardín de infantes, ¨-","der Kindergarten, ¨-",der,noun,¨-,,Morgens bringe ich meinen Sohn in den Kindergarten.,54
b1_1652,B1,die Kindheit,childhood,çocukluk,infancia,die Kindheit,die,noun,,,In meiner Kindheit war ich oft auf dem Land bei meinen Großeltern.,54
b1_1653,B1,"das Kino, -s","the cinema, -s","sinema, -s","el cine, -s","das Kino, -s",das,noun,-s,,Wollen wir ins Kino gehen?,54
b1_1654,B1,"der Kiosk, -e","the kiosk, -e","kiosk, -e","el quiosco, -e","der Kiosk, -e",der,noun,-e,,Zeitungen bekommst du am Kiosk.,54
b1_1655,B1,"die Kirche, -n","the church, -n","kilise, -n","la iglesia, -n","die Kirche, -n",die,noun,-n,,Diese Kirche ist aus dem 12. || Jahrhun- dert.,54
b1_1656,B1,"die Kiste, -n (A, D) →D:","the box, -n (A, D) →D:","kutu, -n (A, D) →D:","la caja, -n (A, D) →D:","die Kiste, -n (A, D) →D:",die,noun,"-n (A, D) →D:",,Ich habe zwei Kisten Bier gekauft.,55
b1_1657,B1,Kasten,Crate,Sandık,Caja,Kasten,,noun,,,,55
b1_1658,B1,"das Kissen, -","the pillow, -","yastık, -","la almohada, -","das Kissen, -",das,noun,-,,Ohne Kopfkissen kann ich nicht schlafen.,55
b1_1659,B1,"klagen, klagt, klagte,","complain, complain, complain","şikayet, şikayet, şikayet","quejarse, quejarse, quejarse","klagen, klagt, klagte,",,word,,hat geklagt,Sie klagt über Kopfschmerzen.,55
b1_1660,B1,"klappen, klappt, klappte,","work, work, work","iş, iş, iş","trabajo, trabajo, trabajo","klappen, klappt, klappte,",,word,,hat geklappt,Wie war die Reise? || – Gut. || Es hat alles || prima geklappt.,55
b1_1661,B1,klar,clear,temizlemek,claro,klar 1.,,word,,,"Sie müssen noch mehr Deutsch lernen. || – Ja, das ist mir klar. || Kommst du mit? || – Klar! || Ich komme zu deinem Geburtstag, das ist doch klar. || Leider haben wir bei der Bahn keine klare Auskunft bekommen.",55
b1_1662,B1,"klären, klärt, klärte,","clarify, clarify, clarified","açıklığa kavuşturmak, açıklığa kavuşturmak, açıklığa kavuşturmak","aclarar, aclarar, aclarar","klären, klärt, klärte,",,word,,hat geklärt,"Ich hoffe, wir können dieses Problem || bald klären.",55
b1_1663,B1,klasse,class,sınıf,clase,klasse,,word,,,Ich finde unseren Lehrer klasse.,55
b1_1664,B1,"die Klasse, -n","the class, -n","sınıf, -n","la clase, -n","die Klasse, -n 1.",die,noun,-n 1.,,"In der Klasse sind 24 Schülerinnen und Schüler. || Im Herbst komme ich in die || Klasse. || Einmal nach Frankfurt, || Klasse, bitte.",55
b1_1665,B1,"die Klassenarbeit, -en (D)","the class work, -s (D)","sınıf çalışması, -s (D)","el trabajo de clase, -s (D)","die Klassenarbeit, -en (D)",die,noun,-en (D),,Mein Sohn schreibt bei Klassenar-,55
b1_1666,B1,→A: Schularbeit,→A: School work,→A: Okul işi,→A: Trabajo escolar,→A: Schularbeit,,other,,,beiten immer gute Noten.,55
b1_1667,B1,"das Klavier, -e","the piano, -e","piyano, -e","el piano, -e","das Klavier, -e",das,noun,-e,,Meine Tochter möchte Klavier spielen lernen.,55
b1_1668,B1,"kleben, klebt, klebte,","stick, stick, stick","sopa, sopa, sopa","palo, palo, palo","kleben, klebt, klebte, 1.",,word,,hat geklebt,Die Briefmarke klebt nicht mehr. || Ich klebe Ihnen ein Pflaster darauf.,55
b1_1669,B1,"das Kleid, -er","the dress, -er","elbise, -er","el vestido, -er","das Kleid, -er",das,noun,-er,,Ich habe mir ein neues Kleid gekauft.,55
b1_1670,B1,die Kleidung,the clothing,giyim,la ropa,die Kleidung,die,noun,,,Hier brauchen Sie auch im Sommer warme Kleidung.,55
b1_1671,B1,klein,small,küçük,pequeño,klein 1.,,word,,,Unsere Wohnung ist klein. || Unser Kind ist noch klein. || Wir machen am Sonntag einen kleinen Ausflug.,55
b1_1672,B1,"klettern, klettert,","climb, climbs","tırmanmak, tırmanıyor","subir, sube","klettern, klettert,",,word,,,Die Kinder sind auf den Baum,55
b1_1673,B1,"kletterte, ist geklettert","climbed, has climbed","tırmandı, tırmandı","subió, ha subido","kletterte, ist geklettert",,word,,,geklettert.,55
b1_1674,B1,"klicken, klickt, klickte,","click, click, click","tıklayın, tıklayın, tıklayın","haga clic, haga clic, haga clic","klicken, klickt, klickte,",,word,,hat geklickt,"Wenn du die Datei öffnen willst, musst || du mit der Maus zweimal klicken.",55
b1_1675,B1,"der Klick, - s","the click, - s","tıklama, -s","el clic, - s","der Klick, - s",der,noun,- s,,"Um das Wort zu markieren, genügt ein Doppelklick mit der linken Maustaste.",55
b1_1676,B1,das Klima,the climate,iklim,el clima,das Klima,das,noun,,,"Alle sagen, dass sich das Klima ändert.",55
b1_1677,B1,"die Klimaanlage, -n","the air conditioning, -n","klima, -n","el aire acondicionado, -n","die Klimaanlage, -n",die,noun,-n,,Im Sommer brauchen wir eine Klimaanlage.,55
b1_1678,B1,"klingeln, klingelt,","ring, ring","yüzük, yüzük","anillo, anillo","klingeln, klingelt, 1.",,word,,,"Ich glaube, es hat an der Tür geklingelt.",55
b1_1679,B1,"klingelte, hat geklingelt","rang, rang","çaldı, çaldı","sonó, sonó","klingelte, hat geklingelt 2.",,word,,,Das Telefon klingelt.,55
b1_1680,B1,"die Klingel, -n","the bell, -n","zil, -n","la campana, -n","die Klingel, -n",die,noun,-n,,Drück bitte auf die Klingel!,55
b1_1681,B1,"klingen, klingt, klang,","sound, sound, sound","ses, ses, ses","sonido, sonido, sonido","klingen, klingt, klang,",,word,,hat geklungen,"Wollen wir einkaufen gehen und || danach zusammen kochen? || – Ja, das klingt gut.",55
b1_1682,B1,"die Klinik, -en","the clinic, -en","klinik, -tr","la clínica, -es","die Klinik, -en",die,noun,-en,,"Ich muss in die Klinik, um meinen kranken Onkel zu besuchen.",55
b1_1683,B1,"klopfen, klopft, klopfte,","knock, knock, knock","vur, vur, vur","toca, toca, toca","klopfen, klopft, klopfte, 1.",,word,,hat geklopft,Da klopft jemand ans Fenster. || Hat es nicht eben geklopft? || Bitte klopfen Sie an.,55
b1_1684,B1,"der Kloß, ¨-e (D) →D, A:","the dumpling, ¨-e (D) →D, A:","hamur tatlısı, ¨-e (D) →D, A:","la bola de masa, ¨-e (D) →D, A:","der Kloß, ¨-e (D) →D, A:",der,noun,"¨-e (D) →D, A:",,Möchten Sie zum Fleisch Kartoffeln,55
b1_1685,B1,Knödel,dumplings,köfte,empanadillas,Knödel,,noun,,,"oder Klöße? || – Klöße, bitte.",55
b1_1686,B1,klug,smart,akıllı,elegante,klug 1.,,word,,,Ich halte sie für klug. || Er hat sich in der Diskussion nicht besonders klug verhalten. || Das ist ein kluger Hund.,55
b1_1687,B1,knapp,meager,yetersiz,pobre,knapp 1.,,word,,,Mach schnell. || Die Zeit ist knapp. || Unser Geld wird knapp. || Wir müssen sparen. || Die Fahrt war kurz. || Nur knapp eine Stunde. || Die Wohnung hat nur knapp 30 m². || Der Tisch hat nur knapp 50 Euro gekostet.,55
b1_1688,B1,"die Kneipe, -n (D)","the pub, -n (D)","bar, -n (D)","el pub, -n (D)","die Kneipe, -n (D)",die,noun,-n (D),,Gehen wir noch in eine Kneipe ein Bier trinken?,55
b1_1689,B1,"das Knie, -","the knee, -","diz, -","la rodilla, -","das Knie, -",das,noun,-,,Ich habe mich am Knie verletzt. || Jetzt kann ich nicht laufen.,55
b1_1690,B1,"der Knochen, -","the bone, -","kemik, -","el hueso, -","der Knochen, -",der,noun,-,,Ich bin hingefallen. || Jetzt tun mir alle Knochen weh.,55
b1_1691,B1,"→D: der Knödel, - (D, A)","→D: the dumpling, - (D, A)","→D: hamur tatlısı, - (D, A)","→D: la bola de masa, - (D, A)","→D: der Knödel, - (D, A)",,other,,,Möchten Sie zum Fleisch Erdäpfel oder,55
b1_1692,B1,Kloß,Dumpling,Mantı,Bola de masa hervida,Kloß,,noun,,,Knödel? || – Knödel bitte.,55
b1_1693,B1,"der Knopf, ¨-e","the button, ¨-e","düğme, ¨-e","el botón, ¨-e","der Knopf, ¨-e 1.",der,noun,¨-e 1.,,An meiner Jacke fehlt ein Knopf. || Der Fahrstuhl kommt nicht. || – Sie müssen auf den Knopf drücken.,55
b1_1694,B1,"kochen, kocht, kochte,","cook, cook, cook","pişirmek, pişirmek, pişirmek","cocinar, cocinar, cocinar","kochen, kocht, kochte, 1.",,word,,hat gekocht,Ich koche gern. || Das Wasser kocht. || Der Reis muss etwa 20 Minuten kochen.,55
b1_1695,B1,"der Koch, ¨-e","the cook, ¨-e","aşçı, ¨-e","el cocinero, ¨-e","der Koch, ¨-e",der,noun,¨-e,,Ein Freund von mir ist Koch in einem,55
b1_1696,B1,"die Köchin, -nen","the cook, -nen","aşçı, -nen","el cocinero, -nen","die Köchin, -nen",die,noun,-nen,,teuren Restaurant.,55
b1_1697,B1,"der Koffer, -","the suitcase, -","bavul, -","la maleta, -","der Koffer, -",der,noun,-,,Ich habe den Koffer schon gepackt.,55
b1_1698,B1,"der Kollege, -n","the colleague, -n","meslektaşım, -n","el colega, -n","der Kollege, -n 1.",der,noun,-n 1.,,Ich habe guten Kontakt zu meinen,55
b1_1699,B1,"die Kollegin, -nen","the colleague, -nen","meslektaşım, -nen","el colega, -nen","die Kollegin, -nen",die,noun,-nen,,Kollegen. || Mein neuer Kollege ist sehr nett.,55
b1_1700,B1,komisch,funny,eğlenceli,divertido,komisch 1.,,adjective,,,Das Essen schmeckt komisch. || Probier mal. || Der Film war sehr komisch. || Wir haben viel gelacht. || Eine grüne Hose und gelbe Schuhe? || Das sieht komisch aus.,56
b1_1701,B1,"kommen, kommt, kam,","come, come, came","gel, gel, geldi","ven, ven, vino","kommen, kommt, kam, 1.",,word,,ist gekommen,"Woher kommen Sie? || – Aus Frankreich. || Wir gehen heute Abend ins Konzert. || Kommen Sie auch? || Kommen Sie doch mal wieder zu uns. || Wenn Sie mal nach Köln kommen, be- suchen Sie uns. || Steffi kommt im Herbst in die Schule. || Die Straßenbahn muss gleich kommen. || Wer kommt als Nächster dran? || Die Handtücher kommen in den Schrank. || Wie sind Sie denn auf diese Idee gekommen?",56
b1_1702,B1,die Kommunikation,the communication,iletişim,la comunicacion,die Kommunikation,die,noun,,,Die Kommunikation zwischen den Abteilungen ist gut.,56
b1_1703,B1,komplett,completely,tamamen,completamente,komplett 1.,,word,,,Ich habe den Termin komplett vergessen. || Die Wohnung ist jetzt komplett eingerichtet.,56
b1_1704,B1,kompliziert,complicated,karmaşık,complicado,kompliziert,,word,,,Er schreibt viel zu kompliziert.,56
b1_1705,B1,"der Kompromiss, -e","the compromise, -e","uzlaşma, -e","el compromiso, -e","der Kompromiss, -e",der,noun,-e,,Alle wollen etwas anderes. || Wir müssen einen Kompromiss finden.,56
b1_1706,B1,"die Konferenz, -en","the conference, -en","konferans, -tr","la conferencia, -es","die Konferenz, -en",die,noun,-en,,Die Konferenz findet in Raum 19 statt.,56
b1_1707,B1,"die Konfitüre, -n (CH)","the jam, -n (CH)","reçel, -n (CH)","la mermelada, -n (CH)","die Konfitüre, -n (CH)",die,noun,-n (CH),,Bring bitte noch ein Glas Konfitüre mit.,56
b1_1708,B1,"der Konflikt, -e","the conflict, -e","çatışma, -e","el conflicto, -e","der Konflikt, -e 1.",der,noun,-e 1.,,Das ist ein alter Konflikt. || Ich habe einen Konflikt mit meinen El- tern.,56
b1_1709,B1,"der König, -e","the king, -e","kral, -e","el rey, -e","der König, -e",der,noun,-e,,Der spanische König ist in Deutschland zu Besuch.,56
b1_1710,B1,die Konkurrenz,the competition,rekabet,la competencia,die Konkurrenz 1.,die,noun,,,"Die Reparatur ist mir hier zu teuer. || Bei der Konkurrenz bekomme ich sie für die Hälfte. || Es ist schwer, ein Geschäft aufzu- machen. || Die Konkurrenz ist groß.",56
b1_1711,B1,"können, kann, konnte,","can, can, could","yapabilir, yapabilir, yapabilir","puede, puede, podría","können, kann, konnte, 1.",,word,,hat gekonnt (hat können,Ich kann den schweren Koffer nicht || tragen.,56
b1_1712,B1,als Modalverb),as a modal verb),modal fiil olarak),como verbo modal),als Modalverb) 2.,,conjunction,,,"Sie können mit dem Bus zum Bahnhof fahren. || Kann ich jetzt nach Hause gehen? || Können Sie mir helfen? || Ich kann sehr gut Englisch und Deutsch. || Es kann sein, dass es heute noch regnet.",56
b1_1713,B1,"das Konsulat, -e","the consulate, -e","konsolosluk, -e","el consulado, -e","das Konsulat, -e",das,noun,-e,,Ein Visum bekommst du auch im Konsulat.,56
b1_1714,B1,"konsumieren, konsumiert,","consume, consumed","tüketmek, tüketilen","consumir, consumido","konsumieren, konsumiert,",,word,,,Die Europäer haben im letzten Jahr,56
b1_1715,B1,"konsumierte,",consumed,tüketilen,consumado,"konsumierte,",,word,,hat konsumiert,mehr Fleisch konsumiert.,56
b1_1716,B1,der Konsum,the consumption,tüketim,el consumo,der Konsum,der,noun,,,Der Konsum von Lebensmitteln steigt.,56
b1_1717,B1,"der Kontakt, -e","the contact, -e","kişi, -e","el contacto, -e","der Kontakt, -e",der,noun,-e,,Ich habe wenig Kontakt zu meinen Kollegen.,56
b1_1718,B1,"das Konto, Konten","the account, accounts","hesap, hesaplar","la cuenta, cuentas","das Konto, Konten 1.",das,noun,Konten 1.,,Ich möchte ein Konto eröffnen. || Das Geld überweisen wir am || März auf Ihr Konto.,56
b1_1719,B1,"das Girokonto, -en","the checking account, -en","çek hesabı, -en","la cuenta corriente, -es","das Girokonto, -en",das,noun,-en,,Mein Girokonto kostet gar nichts.,56
b1_1720,B1,"kontrollieren, kontrolliert,","control, controlled","kontrol, kontrollü","controlar, controlado","kontrollieren, kontrolliert,",,word,,,Beim Auto müssen Sie regelmäßig das,56
b1_1721,B1,"kontrollierte,",controlled,kontrollü,revisado,"kontrollierte,",,word,,hat kontrolliert,Öl kontrollieren.,56
b1_1722,B1,"die Kontrolle, -n1.","the control, -n1.","kontrol, -n1.","el control, -n1.","die Kontrolle, -n1.",die,noun,-n1.,,An den Grenzen gibt es kaum noch Kontrollen. || Fahrkartenkontrolle! || Bitte Ihre Fahrkarten!,56
b1_1723,B1,sich konzentrieren,to concentrate,konsantre olmak,concentrarse,"sich konzentrieren,",,verb,,,Bitte stör mich jetzt nicht. || Ich muss,56
b1_1724,B1,"konzentriert sich,",concentrates,konsantreler,concentrados,"konzentriert sich,",,word,,,mich auf meine Arbeit konzentrieren.,56
b1_1725,B1,"konzentrierte sich,",concentrated,konsantre,concentrado,"konzentrierte sich,",,word,,hat sich konzentriert,,56
b1_1726,B1,"das Konzert, -e","the concert, -e","konser, -e","el concierto, -e","das Konzert, -e",das,noun,-e,,Für das Konzert am Sonntag gibt es noch Karten.,56
b1_1727,B1,"der Kopf, ¨-e","the head, ¨-e","kafa, ¨-e","la cabeza, ¨-e","der Kopf, ¨-e 1.",der,noun,¨-e 1.,,Ich habe Kopfschmerzen. || Michael kann gut im Kopf rechnen.,56
b1_1728,B1,kopieren,copy,kopyala,Copiar,kopieren 1.,,word,,,Kann ich mir diesen Artikel kopieren? || Ich kopiere dir die Datei auf die Speicherkarte. || Ich kann dir die CD kopieren.,56
b1_1729,B1,"die Kopie, -n","the copy, -n","kopya, -n","la copia, -n","die Kopie, -n",die,noun,-n,,Machst du mir bitte eine Kopie?,56
b1_1730,B1,"der Kopierer, -","the copier, -","fotokopi makinesi, -","la fotocopiadora, -","der Kopierer, -",der,noun,-,,Der Kopierer ist schon wieder kaputt.,56
b1_1731,B1,"der Körper, -","the body, -","vücut, -","el cuerpo, -","der Körper, -",der,noun,-,,"Der Arzt sagt, ich muss etwas für meinen Körper tun, z. || B. schwimmen oder Fahrrad fahren.",56
b1_1732,B1,körperlich,physically,fiziksel olarak,físicamente,körperlich,,adjective,,,Körperliche Arbeit macht mir nichts aus.,56
b1_1733,B1,korrekt,correctly,doğru şekilde,correctamente,korrekt,,word,,,Ich habe die Rechnung geprüft. || Alles ist korrekt.,56
b1_1734,B1,"der Korridor, -e (D, CH) →","the corridor, -e (D, CH) →","koridor, -e (D, CH) →","el corredor, -e (D, CH) →","der Korridor, -e (D, CH) →",der,noun,"-e (D, CH) →",,Wir warten draußen im Korridor.,56
b1_1735,B1,Gang; D: Flur,gear; D: Hallway,vites; D: Koridor,engranaje; D: pasillo,Gang; D: Flur,,noun,,,,56
b1_1736,B1,"korrigieren, korrigiert, ko-","correct, corrected, co-","doğru, düzeltilmiş, ortak","correcto, corregido, co-","korrigieren, korrigiert, ko- 1.",,word,,,Können Sie bitte meinen Brief,56
b1_1737,B1,"rrigierte, hat korrigiert","corrected, corrected","düzeltildi, düzeltildi","corregido, corregido","rrigierte, hat korrigiert",,word,,,korrigieren? || Der Lehrer hat meine Fehler korrigiert.,56
b1_1738,B1,"kosten, kostet, kostete,","cost, cost, cost","maliyet, maliyet, maliyet","costo, costo, costo","kosten, kostet, kostete, 1.",,word,,hat gekostet,"Wie viel kostet das T-Shirt? || – 15 Euro. || Eine Wohnung zu finden, kostet viel Zeit.",57
b1_1739,B1,die Kosten (Pl.),the costs (pl.),maliyetler (pl.),los costos (pl.),die Kosten (Pl.),die,noun,,,Die Kosten für die Reise bekomme ich von der Firma.,57
b1_1740,B1,kostenlos,for free,ücretsiz,gratis,kostenlos,,word,,,Diese Zeitschrift kostet nichts. || Sie ist kostenlos.,57
b1_1741,B1,"kosten, kostet, kostete,","cost, cost, cost","maliyet, maliyet, maliyet","costo, costo, costo","kosten, kostet, kostete,",,word,,"hat gekostet (A) →D, CH:",Möchten Sie den Käse mal kosten?,57
b1_1742,B1,probieren,try out,probieren,probar,probieren,,verb,,,,57
b1_1743,B1,"das Kostüm, -e","the costume, -e","kostüm, -e","el disfraz, -e","das Kostüm, -e",das,noun,-e,,In dem Film tragen die Leute bunte Kostüme.,57
b1_1744,B1,"die Kraft, ¨-e","the power, ¨-e","güç, ¨-e","el poder, ¨-e","die Kraft, ¨-e",die,noun,¨-e,,Für diese Arbeit braucht man viel Kraft.,57
b1_1745,B1,kräftig1.,strong1.,güçlü1.,fuerte1.,kräftig1.,,word,,,Der Mann ist kräftig. || Er macht viel Sport und isst viel. || Die Suppe musst du kräftig würzen.,57
b1_1746,B1,"das Kraftfahrzeug, -e","the motor vehicle, -e","motorlu taşıt, -e","el vehículo de motor, -e","das Kraftfahrzeug, -e",das,noun,-e,,Auf dieser Straße sind Kraftfahrzeuge nicht erlaubt.,57
b1_1747,B1,"das Kraftwerk, -e","das Kraftwerk, -e","enerji santrali, -e","la central eléctrica, -e","das Kraftwerk, -e",das,noun,-e,,Die Menschen protestieren gegen das Kraftwerk.,57
b1_1748,B1,krank,sick,hasta,enfermo,krank 1.,,word,,,Ich war zwei Wochen krank. || Ich muss mich um meine kranke Großmutter kümmern.,57
b1_1749,B1,"der Kranke, -n","the sick person, -n","hasta kişi, -n","la persona enferma, -n","der Kranke, -n",der,noun,-n,,Kranke brauchen viel Ruhe.,57
b1_1750,B1,"die Kranke, -n","the sick, -n","hasta, -n","los enfermos, -n","die Kranke, -n",die,noun,-n,,,57
b1_1751,B1,"das Krankenhaus, ¨-er","the hospital, ¨-er","hastane, ¨-er","el hospital, ¨-er","das Krankenhaus, ¨-er",das,noun,¨-er,,Er hat sich verletzt und musste ins Krankenhaus.,57
b1_1752,B1,"die Krankenkasse, -n","the health insurance company, -n","sağlık sigortası şirketi, -n","la compañía de seguros de salud, -n","die Krankenkasse, -n",die,noun,-n,,Die Krankenkasse bezahlt die Medikamente.,57
b1_1753,B1,"der Krankenpfleger, -","the nurse, -","hemşire, -","la enfermera, -","der Krankenpfleger, -",der,noun,-,,Mein Bruder arbeitet als Krankenpfleger im Krankenhaus.,57
b1_1754,B1,"die Krankenschwester, -n","the nurse, -n","hemşire, -n","la enfermera, -n","die Krankenschwester, -n",die,noun,-n,,Meine Cousine möchte gern Kranken- schwester werden.,57
b1_1755,B1,"der Krankenwagen, -","the ambulance, -","ambulans, -","la ambulancia, -","der Krankenwagen, -",der,noun,-,,Wir mussten einen Krankenwagen rufen.,57
b1_1756,B1,"die Krankheit, -en1.","the disease, -en1.","hastalık, -en1.","la enfermedad, -en1.","die Krankheit, -en1.",die,noun,-en1.,,Gegen welche Krankheiten sollte ich mich impfen lassen? || Was für eine Krankheit hat Herr Brandner?,57
b1_1757,B1,kreativ,creative,yaratıcı,creativo,kreativ 1.,,word,,,Die Kinder sind beim Basteln sehr kreativ. || Wir brauchen eine kreative Lösung für dieses Problem.,57
b1_1758,B1,"der Kredit, -e","the credit, -e","kredi, -e","el crédito, -e","der Kredit, -e 1.",der,noun,-e 1.,,Ich habe den Wagen auf Kredit gekauft. || Wir haben von der Bank einen Kredit bekommen.,57
b1_1759,B1,"die Kreditkarte, -n","the credit card, -n","kredi kartı, -n","la tarjeta de crédito, -n","die Kreditkarte, -n",die,noun,-n,,Kann ich mit Kreditkarte zahlen?,57
b1_1760,B1,"der Kreis, -e","the circle, -e","daire, -e","el círculo, -e","der Kreis, -e 1.",der,noun,-e 1.,,Die Kinder sitzen im Kindergarten im Kreis. || Bitte malt jetzt alle einen Kreis in euer Heft. || Unser Ort gehört zum Kreis Neuss.,57
b1_1761,B1,"das Kreuz, -e","the cross, -e","haç, -e","la cruz, -e","das Kreuz, -e",das,noun,-e,,Was bedeutet dieses Kreuz hier?,57
b1_1762,B1,"die Kreuzung, -en","the intersection, -en","kavşak, -en","la intersección, -es","die Kreuzung, -en",die,noun,-en,,Fahren Sie an der nächsten Kreuzung rechts.,57
b1_1763,B1,"der Krieg, -e","the war, -e","savaş, -e","la guerra, -e","der Krieg, -e 1.",der,noun,-e 1.,,Es herrscht noch immer Krieg in diesem Land. || Der Lehrer spricht über den Zweiten Weltkrieg.,57
b1_1764,B1,"kriegen, kriegt, kriegte,","get, get, got","al, al, aldım","conseguir, conseguir, tener","kriegen, kriegt, kriegte, 1.",,word,,hat gekriegt,"Haben Sie meinen Brief gekriegt? || Was kriegen Sie? || – Ein Schwarzbrot, bitte.",57
b1_1765,B1,Kriminal-,criminal,suçlu,criminal,Kriminal-,,noun,,,Ein Nachbar von uns arbeitet bei der,57
b1_1766,B1,die Kriminalpolizei,the criminal police,kriminal polis,la policia criminal,die Kriminalpolizei,die,noun,,,Kriminalpolizei.,57
b1_1767,B1,"der Krimi, -s","the crime thriller, -s","suç gerilim filmi, -s","el thriller criminal, -s","der Krimi, -s",der,noun,-s,,Heute Abend kommt ein spannender Krimi im Fernsehen.,57
b1_1768,B1,"die Krise, -n","the crisis, -n","kriz, -n","la crisis, -n","die Krise, -n",die,noun,-n,,Die Wirtschaft steckt in einer schweren Krise.,57
b1_1769,B1,"kritisieren, kritisiert,","criticize, criticized","eleştirmek, eleştirmek","criticar, criticar","kritisieren, kritisiert,",,word,,,Kritisiere mich nicht so oft.,57
b1_1770,B1,"kritisierte, hat kritisiert","criticized, has criticized","eleştirdi, eleştirdi","criticado, ha criticado","kritisierte, hat kritisiert",,word,,,,57
b1_1771,B1,"die Kritik, -en1.","the criticism, -en1.","eleştiri, -en1.","la crítica, -en1.","die Kritik, -en1.",die,noun,-en1.,,Es gibt viel Kritik an der Politik der Regierung. || Dieser Film hat sehr gute Kritiken bekommen.,57
b1_1772,B1,kritisch,critical,kritik,crítico,kritisch,,adjective,,,Es gab eine Diskussion über die Lebensmittelpreise. || Ein Journalist hat kritische Fragen gestellt.,57
b1_1773,B1,"die Küche, -n","the kitchen, -n","mutfak, -n","la cocina, -n","die Küche, -n 1.",die,noun,-n 1.,,"Ich suche eine Wohnung mit drei Zimmern, Küche und Bad. || Ich mag die deutsche Küche.",57
b1_1774,B1,"der Kuchen, -","the cake, -","pasta, -","el pastel, -","der Kuchen, -",der,noun,-,,Ich habe einen Kuchen gebacken.,57
b1_1775,B1,"der Kugelschreiber, -","the ballpoint pen, -","tükenmez kalem, -","el bolígrafo, -","der Kugelschreiber, -",der,noun,-,,Mein Kugelschreiber ist weg.,57
b1_1776,B1,"der Kuli, -s","the coolie, -s","hamal, -s","el culi, -s","der Kuli, -s",der,noun,-s,,Hast du einen Kuli für mich?,57
b1_1777,B1,kühl,cool,Serin,Frío,kühl,,word,,,Es ist kühl draußen. || Zieh dir eine Jacke an.,57
b1_1778,B1,"der Kühlschrank, ¨-e","the refrigerator, ¨-e","buzdolabı, ¨-e","el refrigerador, ¨-e","der Kühlschrank, ¨-e",der,noun,¨-e,,Stell die Milch in den Kühlschrank!,57
b1_1779,B1,"die Kultur, -en","the culture, -en","kültür, -tr","la cultura, -es","die Kultur, -en",die,noun,-en,,Ich interessiere mich für andere Länder und Kulturen.,58
b1_1780,B1,kulturell,cultural,kültürel,cultural,kulturell,,word,,,Es gibt große kulturelle Unterschiede zwischen den Ländern.,58
b1_1781,B1,sich kümmern,take care,Dikkatli ol,cuidarse,"sich kümmern, kümmert 1.",,verb,,kümmert 1.,Ich kann nicht arbeiten. || Ich muss mich,58
b1_1782,B1,"sich, kümmerte sich,","cared, cared","önemsedi, önemsedi","cuidado, cuidado","sich, kümmerte sich,",,word,,hat sich gekümmert,um die Kinder kümmern. || Ich habe keine Zeit. || Ich muss mich um das Essen kümmern.,58
b1_1783,B1,"der Kunde, -n","the customer, -n","müşteri, -n","el cliente, -n","der Kunde, -n 1.",der,noun,-n 1.,,Sie ist schon lange bei mir Kundin. || Ich,58
b1_1784,B1,"die Kundin, -nen","the customer, -nen","müşteri, -nen","el cliente, -nen","die Kundin, -nen",die,noun,-nen,,"habe ihr einen Sonderpreis gegeben. || Einen Augenblick, bitte. || Ich habe einen Kunden.",58
b1_1785,B1,"kündigen, kündigt,","quit, quit","bırak, bırak","dejar, dejar","kündigen, kündigt, 1.",,word,,,Ich war mit meiner Stelle nicht,58
b1_1786,B1,"kündigte, hat gekündigt","quit, quit","bırak, bırak","dejar, dejar","kündigte, hat gekündigt",,word,,,zufrieden und habe gekündigt. || Hast du deine Wohnung schon gekündigt? || Ich möchte die Zeitschrift nicht mehr. || – Dann musst du schriftlich kündigen.,58
b1_1787,B1,"die Kündigung, -en","the termination, -en","sonlandırma, -en","la terminación, -es","die Kündigung, -en",die,noun,-en,,Ich habe die Kündigung bekommen. || Jetzt bin ich arbeitslos.,58
b1_1788,B1,"die Kunst, ¨-e","the art, ¨-e","sanat, ¨-e","el arte, ¨-e","die Kunst, ¨-e",die,noun,¨-e,,Ich verstehe nichts von moderner Kunst.,58
b1_1789,B1,"der Künstler, -","the artist, -","sanatçı, -","el artista, -","der Künstler, -",der,noun,-,,In diesem Stadtteil wohnen viele Kün-,58
b1_1790,B1,"die Künstlerin, -nen","the artist, -nen","sanatçı, -nen","el artista, -nen","die Künstlerin, -nen",die,noun,-nen,,stlerinnen. || Neben uns wohnt eine Musikerin.,58
b1_1791,B1,künstlich,artificially,yapay olarak,artificialmente,künstlich,,adjective,,,Ich mag kein künstliches Licht.,58
b1_1792,B1,"der Kunststoff, -e","the plastic, -e","plastik, -e","el plastico, -e","der Kunststoff, -e",der,noun,-e,,Der Stuhl ist aus Kunststoff.,58
b1_1793,B1,"der Kurs, -e","the course, -e","kurs, -e","el curso, -e","der Kurs, -e",der,noun,-e,,Ich besuche regelmäßig einen Deutschkurs.,58
b1_1794,B1,"der Kursleiter, -","the course leader, -","kurs lideri, -","el líder del curso, -","der Kursleiter, -",der,noun,-,,Die Kursleiterin ist mit unserer,58
b1_1795,B1,"die Kursleiter, -nen","the course leaders, -nen","kurs liderleri, -nen","los líderes del curso, -nen","die Kursleiter, -nen",die,noun,-nen,,Kursgruppe manchmal in den Computerraum gegangen.,58
b1_1796,B1,"die Kurve, -n","the curve, -n","eğri, -n","la curva, -n","die Kurve, -n 1.",die,noun,-n 1.,,Fahr bitte nicht so schnell in die Kurven. || Achtung. || Das Stauende ist gleich hinter einer Kurve.,58
b1_1797,B1,kurz,short,kısa,corto,kurz 1.,,word,,,Ricardo hat kurze Haare. || Kann ich Sie kurz sprechen? || Kurz vor 8 Uhr hat das Telefon geklingelt. || Mein Mann ist kurz nach mir gekommen. || Ich bin vor Kurzem nach München gezogen. || Ich wohne seit Kurzem in München. || Ich habe das Kleid kürzer machen lassen.,58
b1_1798,B1,kürzlich,recently,son zamanlarda,recientemente,kürzlich,,adjective,,,"Wir haben doch kürzlich darüber gesprochen, dass wir am Wochenende wegfahren wollen.",58
b1_1799,B1,"küssen, küsst, küsste,","kiss, kiss, kissed","öp, öp, öptüm","beso, beso, besado","küssen, küsst, küsste, 1.",,word,,hat geküsst,Er nahm sie in die Arme und küsste || sie. || Beim Verabschieden haben wir uns alle geküsst.,58
b1_1800,B1,"der Kuss, ¨-e","the kiss, ¨-e","öpücük, ¨-e","el beso, ¨-e","der Kuss, ¨-e",der,noun,¨-e,,Gib der Mama einen Kuss!,58
b1_1801,B1,"die Küste, -n","the coast, -n","sahil, -n","la costa, -n","die Küste, -n",die,noun,-n,,Unser Dorf liegt direkt an der Küste.,58
b1_1802,B1,"das Kuvert, -s (A) →der","the envelope, -s (A) →der","zarf, -s (A) →der","el sobre, -s (A) →der","das Kuvert, -s (A) →der",das,noun,-s (A) →der,,Ich hätte gern 50 Kuverts und,58
b1_1803,B1,Briefumschlag; CH: Cou-,envelope; CH: Cou-,mektup; CH: Ku...,sobre; CH: Cou-,Briefumschlag; CH: Cou-,,noun,,,Briefmarken dazu.,58
b1_1804,B1,vert,vert,dikey,verde,vert,,word,,,,58
b1_1805,B1,"lächeln, lächelt, lächelte,","smile, smile, smiled","gülümse, gülümse, gülümsedi","sonríe, sonríe, sonríe","lächeln, lächelt, lächelte,",,word,,hat gelächelt,Schauen Sie in die Kamera. || Bitte || lächeln!,58
b1_1806,B1,"lachen, lacht, lachte, hat","laugh, laughs, laughed, has","güldüm, güldüm, güldüm, var","ríe, ríe, ríe, tiene","lachen, lacht, lachte, hat 1.",,word,,,Lachen ist gesund.,58
b1_1807,B1,gelacht,laughed,güldü,se rio,gelacht 2.,,word,,,Wir haben viel gelacht. || Die Kinder haben über den Witz gelacht.,58
b1_1808,B1,"der Laden, ¨-",the store-,mağaza-,la tienda-,"der Laden, ¨- 1.",der,noun,¨- 1.,,Dieses Kleid habe ich in einem Laden im Zentrum gekauft. || Ich kaufe meine Zeitung immer beim Zeitungsladen am Eck.,58
b1_1809,B1,die Lage,the location,konum,la ubicación,die Lage,die,noun,,,Wir suchen eine Wohnung an/in zentraler Lage.,58
b1_1810,B1,"das Lager, -","the warehouse, -","depo, -","el almacén, -","das Lager, - 1.",das,noun,- 1.,,"Ich weiß nicht, ob wir diesen Schuh in Ihrer Größe haben. || Ich sehe mal im Lager nach. || Unsere Kinder fahren im Sommer ins Zeltlager.",58
b1_1811,B1,"die Lampe, -n","the lamp, -n","lamba, -n","la lámpara, -n","die Lampe, -n 1.",die,noun,-n 1.,,Ich habe mir eine neue Lampe gekauft. || Mach doch bitte die Lampe an. || Es ist so dunkel hier.,58
b1_1812,B1,"das Land, ¨-er","the country, ¨-er","ülke, ¨-er","el pais, ¨-er","das Land, ¨-er 1.",das,noun,¨-er 1.,,Deutschland ist ein schönes Land. || Möchten Sie lieber auf dem Land oder in der Stadt wohnen? || Wir haben ein Stück Land gekauft und wollen dort bauen. || In welchen Ländern warst du schon?,58
b1_1813,B1,die Landwirtschaft,agriculture,tarım,agricultura,die Landwirtschaft,die,noun,,,Auf dem Land arbeiten die meisten Leute in der Landwirtschaft.,58
b1_1814,B1,"die Landschaft, -en","the landscape, -en","manzara, -tr","el paisaje, -es","die Landschaft, -en",die,noun,-en,,Die Landschaft ist sehr hügelig.,58
b1_1815,B1,"landen, landet, landete, ist","land, lands, landed, is","arazi, araziler, indi,","tierra, tierras, aterrizado, es","landen, landet, landete, ist 1.",,word,,,Wir sind erst um 20 Uhr in München,58
b1_1816,B1,gelandet,landed,indi,aterrizado,gelandet,,word,,,gelandet. || Wegen starken Nebels konnte die Maschine nicht in Frankfurt landen.,58
b1_1817,B1,"die Landung, -en","the landing, -en","iniş, -tr","el rellano, -es","die Landung, -en",die,noun,-en,,Bei der Landung müssen Sie sich anschnallen.,59
b1_1818,B1,lang,long,uzun,largo,lang 1.,,word,,,Der Teppich ist 3 m lang und 2 m breit. || Meine Schwester hat mir einen langen Brief geschrieben. || Die Hose ist zu lang. || Können Sie sie kürzer machen?,59
b1_1819,B1,die Länge,the length,uzunluk,la longitud,die Länge,die,noun,,,"Mein Schreibtisch hat folgende Maße: Länge 1.20 m, Breite: 0,85 m, Höhe: 0,75 m.",59
b1_1820,B1,"lange, lang","long, long","uzun, uzun","largo, largo","lange, lang 1.",,word,,,Wie lange dauert die Fahrt von Hamburg nach Berlin? || Wie lange bist du schon in Deutschland? || Wartest du schon lange? || Wir sind noch lange nicht fertig mit der Arbeit. || Wir haben lange gefrühstückt. || Beim Arzt muss man oft lange warten. || Ich komme gleich. || Es dauert nicht lange.,59
b1_1821,B1,langsam,slow,yavaş,lento,langsam 1.,,adjective,,,Könnten Sie bitte etwas langsamer sprechen? || Es wird langsam kalt. || Es wird Herbst.,59
b1_1822,B1,längst,long ago,uzun zaman önce,hace mucho tiempo,längst,,word,,,Wann reparierst du die Heizung. || – Die habe ich schon längst repariert.,59
b1_1823,B1,langweilig,boring,sıkıcı,aburrido,langweilig,,adjective,,,Der Film war sehr langweilig.,59
b1_1824,B1,sich langweilen,be bored,sıkılmak,aburrirse,"sich langweilen, langweilt,",,verb,,"langweilt,",Langweilst du dich?,59
b1_1825,B1,"langweilte,",bored,sıkılmış,aburrido,"langweilte,",,word,,hat gelangweilt,,59
b1_1826,B1,die Langeweile,the boredom,can sıkıntısı,el aburrimiento,die Langeweile,die,noun,,,Es ist aus Langeweile eingeschlafen.,59
b1_1827,B1,der Lärm,the noise,gürültü,el ruido,der Lärm,der,noun,,,Die Flugzeuge machen einen schrecklichen Lärm.,59
b1_1828,B1,"lassen, lässt, ließ,","let, let, let","izin ver, izin ver","deja, deja, deja","lassen, lässt, ließ, 1.",,word,,hat gelassen,Ich habe mein Gepäck am Bahnhof || gelassen. || Am Samstag lasse ich mir die Haare schneiden. || Ich lasse meine Kinder abends nur eine Stunde fernsehen. || Kann ich mein Auto hier stehen lassen? || Wo habe ich nur meine Brille gelassen? || Ich habe meinen Anzug reinigen lassen. || Ich kann meine kleine Tochter noch nicht allein lassen. || Lass mich in Ruhe. || Ich muss arbeiten.,59
b1_1829,B1,"der Laster, -","the vice, -","mengene, -","el vicio, -","der Laster, -",der,noun,-,,Auf der Autobahn waren so viele Laster. || Deshalb hat es so lange gedauert.,59
b1_1830,B1,"laufen, läuft, lief,","run, run, ran","koş, koş, koştu","corre, corre, corre","laufen, läuft, lief, 1.",,word,,ist gelaufen,"Ich bin gestern 100 m in 10,4 Sekunden || gelaufen. || Bist du mit dem Auto hier? || – Nein, ich bin gelaufen. || Jeden Morgen gehe ich eine halbe Stunde laufen. || Wann läuft der Film? || Wie geht´s beruflich? || – Danke, das Geschäft läuft gut.",59
b1_1831,B1,"das Laufwerk, -e","the drive, -e","sürücü, -e","el disco, -e","das Laufwerk, -e",das,noun,-e,,Für meinen Computer habe ich mir ein neues Laufwerk gekauft.,59
b1_1832,B1,"die Laune, -n","the mood, -n","ruh hali, -n","el estado de ánimo, -n","die Laune, -n",die,noun,-n,,"Heute geht es mir besser, aber gestern hatte ich richtig schlechte Laune.",59
b1_1833,B1,laut,loud,yüksek sesle,alto,laut 1.,,word,,,Lass uns gehen. || Hier ist es mir zu laut. || Können Sie bitte etwas lauter sprechen? || Laut Wetterbericht gibt es morgen Regen.,59
b1_1834,B1,"der Lautsprecher, -","the speaker, -","konuşmacı, -","el orador, -","der Lautsprecher, -",der,noun,-,,Bitte achten Sie auch auf die Lautsprecher-Ansagen am Bahnhof.,59
b1_1835,B1,lecker,yummy,lezzetli,delicioso,lecker,,word,,,Das Essen war sehr lecker.,59
b1_1836,B1,"leben, lebt, lebte, hat","live, lives, lived, has","yaşıyor, yaşıyor, yaşadı, yaşadı","vive, vive, vivió, tiene","leben, lebt, lebte, hat 1.",,word,,,Leben Ihre Großeltern noch?,59
b1_1837,B1,gelebt,lived,yaşadı,vivido,gelebt 2.,,word,,,Herr Müller hat lange im Ausland gelebt. || Von der Rente allein kann meine Tante nicht leben. || Ich lebe noch bei meinen Eltern.,59
b1_1838,B1,das Leben1.,life1.,hayat1.,vida1.,das Leben1.,das,noun,,,Ich habe mich an das Leben auf dem Land gewöhnt. || Hier ist das Leben teuer.,59
b1_1839,B1,"der Lebenslauf, ¨-e","the CV, ¨-e","CV, ¨-e","el CV, ¨-e","der Lebenslauf, ¨-e",der,noun,¨-e,,Hast du den Lebenslauf für die Bewerbung schon geschrieben?,59
b1_1840,B1,die Lebensmittel (Pl.)1.,the food (pl.)1.,yiyecek (pl.)1.,la comida (pl.)1.,die Lebensmittel (Pl.)1.,die,noun,,,Lebensmittel werden immer teurer. || Meine Lebensmittel kaufe ich im Supermarkt.,59
b1_1841,B1,das Leder,the leather,deri,el cuero,das Leder,das,noun,,,Ist die Tasche aus Leder?,59
b1_1842,B1,ledig,single,Bekar,soltero,ledig,,adjective,,,Wie ist Ihr Familienstand? || – Ledig.,59
b1_1843,B1,leer,empty,boş,vacío,leer 1.,,word,,,Das Restaurant war fast leer. || Die Kanne ist fast leer. || Ich mache uns neuen Tee.,59
b1_1844,B1,"legen, legt, legte, hat","lay, lays, laid, has","yatıyordu, yatıyordu, yatıyordu, vardı","poner, pone, pone, tiene","legen, legt, legte, hat 1.",,word,,,Ich habe Ihnen die Briefe auf den,59
b1_1845,B1,gelegt,placed,gelegt,metido,gelegt,,word,,,Schreibtisch gelegt. || Legen Sie die Zeitungen bitte dort ins Regal.,59
b1_1846,B1,die Lehre,the teaching,öğretim,la enseñanza,die Lehre,die,noun,,,Mein Cousin will eine dreijährige Lehre machen.,59
b1_1847,B1,"die Lehrstelle, -n","the apprenticeship, -n","çıraklık, -n","el aprendizaje, -n","die Lehrstelle, -n",die,noun,-n,,Es sind noch viele Lehrstellen frei.,59
b1_1848,B1,"der Lehrer, -","the teacher, -","öğretmen, -","el maestro, -","der Lehrer, -",der,noun,-,,Die Lehrerin hat heute viele Hausauf-,60
b1_1849,B1,"die Lehrerin, -nen","the teacher, -nen","öğretmen, -nen","el maestro, -nen","die Lehrerin, -nen",die,noun,-nen,,gaben gegeben.,60
b1_1850,B1,"der Lehrling, -e","the apprentice, -e","çırak, -e","el aprendiz, -e","der Lehrling, -e",der,noun,-e,,Als Lehrling verdient man nicht sehr viel Geld.,60
b1_1851,B1,leicht,light,ışık,luz,leicht 1.,,word,,,"Der Koffer ist ganz leicht. || Ich kann ihn allein tragen. || Es ist nicht leicht, bei diesem Arzt einen Termin zu bekommen.",60
b1_1852,B1,"leid tun, tut leid, tat leid,","sorry, sorry, sorry","üzgünüm, üzgünüm, üzgünüm","lo siento, lo siento, lo siento","leid tun, tut leid, tat leid, 1.",,word,,hat leidgetan,"Die Frau tut mir leid. || Wie komme ich zum Bahnhof? || - Tut mir leid, das weiß ich nicht. || Es tut mir leid, dass ich Ihnen nicht helfen kann.",60
b1_1853,B1,"leiden, leidet, litt,","suffer, suffer, suffered","acı çekmek, acı çekmek, acı çekmek","sufrir, sufrir, sufrir","leiden, leidet, litt, 1.",,word,,hat gelitten,Er leidet an einer schweren Krankheit. || Sie leidet sehr unter den Verhältnissen.,60
b1_1854,B1,leider,unfortunately,Ne yazık ki,desafortunadamente,leider 1.,,adverb,,,Da kann ich Ihnen leider nicht helfen. || Hast du schon eine Antwort auf deinen Brief? || – Leider nicht. || Leider kann ich nicht kommen. || Ich muss zum Arzt.,60
b1_1855,B1,"leihen, leiht, lieh,","leihen, leiht, lieh,","ödünç almak, ödünç almak, ödünç almak","pedir prestado, pedir prestado, pedir prestado","leihen, leiht, lieh, 1.",,word,,hat geliehen,Ich habe mir von meinem Bruder 50 || Euro geliehen. || Ich kann dir mein Fahrrad leihen. || Sie können das Buch in der Bibliothek ausleihen.,60
b1_1856,B1,leise,quiet,sessizlik,tranquilo,leise 1.,,word,,,Seid leise. || Die anderen schlafen schon. || Könntest du das Radio bitte etwas leiser stellen?,60
b1_1857,B1,"leisten, leistet, leistete,","perform, perform, performed","gerçekleştirmek, gerçekleştirmek, gerçekleştirmek","realizar, realizar, realizar","leisten, leistet, leistete, 1.",,word,,hat geleistet,So ein teures Auto kann ich mir leider || nicht leisten. || Bei einem Unfall muss jeder Erste Hilfe leisten.,60
b1_1858,B1,"die Leistung, -en","the performance, -en","performans, -tr","la actuación, -es","die Leistung, -en",die,noun,-en,,Meine Leistungen in der Schule sind ganz gut.,60
b1_1859,B1,"leiten, leitet, leitete,","lead, directs, directed","liderlik etmek, yönlendirmek, yönlendirmek","dirigir, dirigir, dirigir","leiten, leitet, leitete,",,word,,hat geleitet,Wer leitet den Kurs?,60
b1_1860,B1,"der Leiter, -","the leader, -","lider, -","el líder, -","der Leiter, -",der,noun,-,,Wie heißt die Leiterin der Schule?,60
b1_1861,B1,"die Leiterin, -nen","the leader, -nen","lider, -nen","el líder, -nen","die Leiterin, -nen",die,noun,-nen,,,60
b1_1862,B1,"die Leitung, -en1.","the line, -en1.","satır, -en1.","la línea, -en1.","die Leitung, -en1.",die,noun,-en1.,,"Ab || Juli übernimmt Herr Meier die Leitung der Abteilung. || Tut mir leid, alle Leitungen sind besetzt. || Wir müssen eine neue Leitung legen lassen.",60
b1_1863,B1,"die Leiter, -n","the ladder, -n","merdiven, -n","la escalera, -n","die Leiter, -n",die,noun,-n,,Haben Sie eine Leiter für mich? || Ich will die Fenster putzen.,60
b1_1864,B1,"lernen, lernt, lernte, hat","learn, learns, learned, has","öğren, öğrenir, öğrenmiş, öğrenmiş","aprender, aprende, aprendido, tiene","lernen, lernt, lernte, hat",,word,,,Wie lange lernen Sie schon Deutsch?,60
b1_1865,B1,gelernt,learned,öğrenildi,aprendió,gelernt,,word,,,,60
b1_1866,B1,"der Lerner, -","the learner, -","der Lerner, -","el alumno, -","der Lerner, -",der,noun,-,,Sie ist eine fleißige Lernerin.,60
b1_1867,B1,"die Lernerin, -nen","the learner, -nen","öğrenci, -nen","el alumno, -nen","die Lernerin, -nen",die,noun,-nen,,,60
b1_1868,B1,"lesen, liest, las,","read, read, read","oku, oku, oku","leer, leer, leer","lesen, liest, las, 1.",,word,,hat gelesen,"Ich habe gelesen, dass es ab heute || Sonderangebote gibt. || Deine Schrift kann ich nicht gut lesen. || In der Schule lesen wir ein Buch von Goethe.",60
b1_1869,B1,"der Leser, -1.","the reader, -1.","okuyucu, -1.","el lector, -1.","der Leser, -1.",der,noun,-1.,,Die Leserinnen und Leser sind mit der,60
b1_1870,B1,"die Leserin, -nen","the reader, -nen","okuyucu, -nen","el lector, -nen","die Leserin, -nen",die,noun,-nen,,Zeitung zufrieden. || Ich werde einen Leserbrief schreiben.,60
b1_1871,B1,letzt-,last-,son-,último-,letzt- 1.,,word,,,Was hast du letzte Woche gemacht? || Ich wohne im letzten Haus auf der rechten Seite. || Wann haben Sie Ihre Familie das letzte Mal gesehen?,60
b1_1872,B1,die Leute (Pl.),the people (pl.),insanlar (pl.),el pueblo (pl.),die Leute (Pl.),die,noun,,,Auf der Party waren viele Leute.,60
b1_1873,B1,"das Lexikon, -Lexika","the lexicon, lexicons","sözlük, sözlükler","el léxico, léxicos","das Lexikon, -Lexika",das,noun,-Lexika,,Wir könnten im Lexikon nachsehen.,60
b1_1874,B1,"das Licht, -er","the light, -er","ışık, -er","la luz, -eh","das Licht, -er 1.",das,noun,-er 1.,,Kannst du bitte Licht machen? || Ich kann so nichts sehen. || Es ist so dunkel. || Wo macht man hier das Licht an?,60
b1_1875,B1,"lieben, liebt, liebte,","love, loves, loved","aşk, seviyor, sevilen","amor, amores, amado","lieben, liebt, liebte, 1.",,word,,hat geliebt,"Ich liebe meine Familie. || Meine Frau liebt ihren Beruf. || Wir sind schon lange verheiratet, aber wir lieben uns immer noch.",60
b1_1876,B1,lieb,dear,Sayın,estimado,lieb 1.,,word,,,Die Kinder waren heute sehr lieb. || Vielen Dank für deine Hilfe. || Das ist sehr lieb von dir. || Liebe Frau Meier!,60
b1_1877,B1,die Liebe1.,love1.,aşk1.,amor1.,die Liebe1.,die,noun,,,Wir haben aus Liebe geheiratet. || Für mich ist das Wichtigste die Liebe zu meiner Familie und zu meinen Kindern. || Die Kinder haben die Geschenke mit viel Liebe gemacht.,60
b1_1878,B1,Lieblings-,Favorite-,Favori-,Favorito-,Lieblings-,,noun,,,"z. || B. || Lieblingsfarbe, Lieblingsfilm, Lieblingsessen Mein Lieblingsessen ist Pizza.",60
b1_1879,B1,"das Lied, -er","the song, -er","şarkı, -er","la canción, -eh","das Lied, -er",das,noun,-er,,Zu deinem Geburtstag singen wir dir ein Lied.,60
b1_1880,B1,"liefern, liefert, lieferte, hat","deliver, delivers, delivered, has","teslim etmek, teslim etmek, teslim etmek, teslim etmek","entregar, entrega, entregado, tiene","liefern, liefert, lieferte, hat",,word,,,Wir liefern Ihnen das Regal direkt ins,60
b1_1881,B1,geliefert,delivered,teslim edilmiş,entregado,geliefert,,word,,,Haus.,60
b1_1882,B1,"die Lieferung, -en","the delivery, -en","teslimat, -tr","la entrega, -es","die Lieferung, -en",die,noun,-en,,Sie bezahlen erst bei der Lieferung.,60
b1_1883,B1,"liegen, liegt, lag,","lie, lie, lay","yalan söyle, yalan söyle, yat","mentir, mentir, mentir","liegen, liegt, lag, 1.",,word,,hat/ist gelegen,Der Brief liegt schon auf Ihrem || Schreibtisch. || Judith liegt noch im Bett. || Er liegt schon seit drei Wochen im Krankenhaus. || Frankfurt liegt am Main. || In den Bergen liegt schon Schnee.,60
b1_1884,B1,"→D, der Lift, -e A: Aufzug","→D, the elevator, -e A: elevator","→D, asansör, -e A: asansör","→D, el ascensor, -e A: ascensor","→D, der Lift, -e A: Aufzug",,other,,,Im Büro ist leider der Lift kaputt.,61
b1_1885,B1,"die Limonade, -n","the lemonade, -n","limonata, -n","la limonada, -n","die Limonade, -n",die,noun,-n,,Die Limonade ist sehr süß.,61
b1_1886,B1,"die Linie, -n","the line, -n","satır, -n","la línea, -n","die Linie, -n",die,noun,-n,,Zum Hauptbahnhof können Sie mit der Linie 8 fahren.,61
b1_1887,B1,links,left,sol,izquierda,links 1.,,word,,,An der Kreuzung müssen Sie nach links abbiegen. || Gehen Sie die nächste Straße links.,61
b1_1888,B1,link-,link-,bağlantı-,enlace-,link- 1.,,word,,,Er hat sich das linke Bein gebrochen. || Das Haus ist auf der linken Seite.,61
b1_1889,B1,"die Lippe, -n","the lip, -n","dudak, -n","el labio, -n","die Lippe, -n",die,noun,-n,,Es ist sehr kalt. || Meine Lippen sind ganz trocken.,61
b1_1890,B1,"die Liste, -n","the list, -n","liste, -n","la lista, -n","die Liste, -n",die,noun,-n,,Was brauchen wir für die Party? || – Mach doch eine Einkaufsliste.,61
b1_1891,B1,die Literatur,the literature,edebiyat,la literatura,die Literatur,die,noun,,,Ich interessiere mich für Literatur.,61
b1_1892,B1,"loben, lobt, lobte,","praise, praise, praise","övgü, övgü, övgü","alabanza, alabanza, alabanza","loben, lobt, lobte,",,word,,hat gelobt,Ich habe alle Hausaufgaben gemacht. || Der Lehrer hat mich heute gelobt.,61
b1_1893,B1,"das Loch, ¨-er","the hole, ¨-er","das Loch, ¨-er","el agujero, ¨-er","das Loch, ¨-er 1.",das,noun,¨-er 1.,,"Ich habe ein Loch im Zahn. || Ich muss zum Zahnarzt. || Deine Hose hat ein Loch. || – Ich weiß, sie ist schon alt.",61
b1_1894,B1,locker,loose,gevşetmek,perder,locker,,word,,,Lassen Sie bitte die Arme ganz locker und atmen Sie tief ein.,61
b1_1895,B1,"der Löffel, -","the spoon, -","kaşık, -","la cuchara, -","der Löffel, -",der,noun,-,,"Bitte, bringen Sie mir einen Löffel.",61
b1_1896,B1,"der Lohn, ¨-e","the wages, ¨-e","ücretler, ¨-e","los salarios, ¨-e","der Lohn, ¨-e 1.",der,noun,¨-e 1.,,Sie bekommen Ihren Lohn immer am Ende des Monats. || Die Löhne sind hier sehr niedrig.,61
b1_1897,B1,sich lohnen,be worthwhile,değerli olmak,valga la pena,"sich lohnen, lohnt sich,",,verb,,"lohnt sich,",Für drei Tage zu meinen Eltern fahren,61
b1_1898,B1,"lohnte sich,",was worth it,buna değdi,valió la pena,"lohnte sich,",,word,,hat sich gelohnt,lohnt sich nicht. || Es ist zu weit.,61
b1_1899,B1,"das Lokal, -e","the restaurant, -e","restoran, -e","el restaurante, -e","das Lokal, -e",das,noun,-e,,Gibt es hier in der Nähe ein gemütliches Lokal?,61
b1_1900,B1,los/los-,go Go-,git git-,ir ir-,los/los- 1.,,word,,,Los! || Beeilt euch! || Gibt es ein Problem? || Was ist denn los? || Achtung – fertig – los!,61
b1_1901,B1,"losfahren, fährt los,","drive off, drive off","yola çıkmak, yola çıkmak","marcharse, marcharse","losfahren, fährt los,",,word,,,Wir fahren um 8 Uhr los. || Sei bitte,61
b1_1902,B1,fuhr los,drove off,yola çıktı,se fue,"fuhr los, ist losgefahren",,verb,,ist losgefahren,pünktlich.,61
b1_1903,B1,"löschen, löscht, löschte,","delete, deletes, deleted","sil, siler, silindi","eliminar, elimina, eliminado","löschen, löscht, löschte, 1.",,word,,hat gelöscht,Du kannst die Datei löschen. || Ich || brauche sie nicht mehr. || Das Feuer wurde schnell gelöscht.,61
b1_1904,B1,"lösen, löst, löste,","solve, solve, solve","çözmek, çözmek, çözmek","resolver, resolver, resolver","lösen, löst, löste, 1.",,word,,hat gelöst,Wir müssen dieses Problem lösen. || Sie können die Fahrkarten auch am Automaten lösen.,61
b1_1905,B1,"die Lösung, -en","the solution, -en","çözüm, -en","la solución, -es","die Lösung, -en 1.",die,noun,-en 1.,,Wir fahren alle zusammen mit dem Zug. || Das ist die beste Lösung. || Die Aufgabe ist nicht schwer. || Die Lösung ist ganz einfach.,61
b1_1906,B1,die Luft,the air,hava,el aire,die Luft 1.,die,noun,,,"Oh, hier ist aber schlechte Luft. || Die Seeluft tut mir gut. || Bitte mach das Fenster auf. || Ich brauche frische Luft.",61
b1_1907,B1,"lügen, lügt, log,","lie, lies, lied","yalan, yalan, yalan","mentira, mentiras, mintió","lügen, lügt, log, 1.",,word,,hat gelogen,"Du sollst nicht lügen. || Glaube nicht alles, was man dir sagt. || Es ist oft gelogen.",61
b1_1908,B1,"die Lüge, -n","the lie, -n","yalan, -n","la mentira, -n","die Lüge, -n",die,noun,-n,,Das ist eine Lüge!,61
b1_1909,B1,die Lust,the lust,şehvet,la lujuria,die Lust 1.,die,noun,,,Ich habe keine Lust zu grillen. || Hast du Lust auf einen Tee?,61
b1_1910,B1,lustig,funny,eğlenceli,divertido,lustig 1.,,adjective,,,Ich habe einen lustigen Film gesehen. || Mir ist heute etwas Lustiges passiert.,61
b1_1911,B1,"machen, macht, machte,","make, makes, made","yapmak, yapar, yapılmış","hacer, hace, hecho","machen, macht, machte, 1.",,word,,hat gemacht,Was machst du am Wochenende? || Ich muss jetzt das Essen machen. || Ich habe die Betten noch nicht gemacht. || Soll ich dir die Suppe noch einmal warm machen? || Meine Arbeit macht mir viel Spaß. || Mach dir bitte keine Sorgen. || Was würden Sie an meiner Stelle machen? || Tut mir leid. || Die Küche hat schon geschlossen. || – Da kann man nichts machen. || Entschuldigung! || – Das macht doch nichts.,61
b1_1912,B1,10.Das,10.This,10.Bu,10.Esto,10.Das,,other,,,macht zusammen 20 Euro.,61
b1_1913,B1,"das Mädchen, -","the girl, -","kız, -","la chica, -","das Mädchen, -",das,noun,-,,Familie Kurz hat zwei Mädchen und einen Jungen.,61
b1_1914,B1,"das Magazin, -e","the magazine, -e","dergi, -e","la revista, -e","das Magazin, -e",das,noun,-e,,Jugendliche lesen dieses Magazin gern.,61
b1_1915,B1,"der Magen, ¨-","the stomach, ¨-","der Magen, ¨-","el estomago, ¨-","der Magen, ¨-",der,noun,¨-,,Mit tut der Magen weh. || Ich habe Magenschmerzen.,61
b1_1916,B1,mager,lean,eğilmek,inclinarse,mager,,word,,,Bitte 1 kg mageres Fleisch.,61
b1_1917,B1,"die Mahlzeit, -en","the meal, -en","yemek, -tr","la comida, -es","die Mahlzeit, -en 1.",die,noun,-en 1.,,Die Tropfen bitte immer nach den Mahlzeiten einnehmen. || In Deutschland gibt es meist nur einmal am Tag eine warme Mahlzeit.,61
b1_1918,B1,"die Mahnung, -en","the reminder, -en","die Mahnung, -en","el recordatorio, -es","die Mahnung, -en",die,noun,-en,,"Wenn du die Rechnung nicht pünktlich bezahlst, bekommst du eine Mahnung.",61
b1_1919,B1,mal,just,Sadece,justo,mal,,word,,,(siehe einmal),62
b1_1920,B1,"das Mal, -e","the mark, -e","işaret, -e","la marca, -e","das Mal, -e 1.",das,noun,-e 1.,,Das machen wir nächstes Mal. || Das erste Mal war ich vor fünf Jahren in England. || Bis zum nächsten Mal.,62
b1_1921,B1,"malen, malt, malte,","paint, paint, paint","boya, boya, boya","pintar, pintar, pintar","malen, malt, malte,",,word,,hat gemalt,Das Bild hat mein Vater gemalt.,62
b1_1922,B1,"der Maler, -1.","the painter, -1.","ressam, -1.","el pintor, -1.","der Maler, -1.",der,noun,-1.,,Wir haben die Maler im Haus. || Wir,62
b1_1923,B1,"die Malerin, -nen","the painter, -nen","ressam, -nen","el pintor, -nen","die Malerin, -nen",die,noun,-nen,,lassen die Wände neu streichen. || Picasso ist vielleicht der bekannteste Maler der Welt.,62
b1_1924,B1,man,man,Adam,hombre,man 1.,,word,,,Wie schreibt man das? || Hier darf man nicht parken.,62
b1_1925,B1,manch-,some-,bazı-,alguno-,manch- 1.,,word,,,Manche Nachbarn sind unfreundlich. || An manchen Tagen ist das Zugfahren billiger.,62
b1_1926,B1,manchmal,sometimes,Bazen,a veces,manchmal 1.,,word,,,Manchmal gehe ich mit meiner Frau ins Café. || Rauchen Sie? || – Manchmal.,62
b1_1927,B1,"der Mangel, ¨-","the lack, ¨-","eksiklik, ¨-","la falta, ¨-","der Mangel, ¨- 1.",der,noun,¨- 1.,,In dieser Stadt gibt es einen großen Mangel an Wohnungen. || Die Maschine hat technische Mängel.,62
b1_1928,B1,"der Mann, ¨-er","the man, ¨-er","adam, ¨-er","el hombre, ¨-er","der Mann, ¨-er 1.",der,noun,¨-er 1.,,In unserer Firma arbeiten fast nur Männer. || Mein Mann arbeitet bei der Post.,62
b1_1929,B1,männlich,masculine,eril,masculino,männlich,,adjective,,,Kreuzen Sie bitte an: „weiblich“ oder „männlich“.,62
b1_1930,B1,"die Mannschaft, -en","the team, -en","takım, -tr","el equipo, -es","die Mannschaft, -en",die,noun,-en,,Unsere Mannschaft hat 0:1 verloren.,62
b1_1931,B1,"der Mantel, ¨-","the coat, ¨-","ceket, ¨-","el abrigo, ¨-","der Mantel, ¨-",der,noun,¨-,,Es ist sehr kalt. || Zieh deinen Mantel an.,62
b1_1932,B1,"die Mappe, -n","the folder, -n","klasör, -n","la carpeta, -n","die Mappe, -n",die,noun,-n,,Mein Pass ist in dieser Mappe.,62
b1_1933,B1,"das Märchen, -","the fairy tale, -","peri masalı, -","el cuento de hadas, -","das Märchen, -",das,noun,-,,Meine Großmutter hat uns viele Märchen erzählt.,62
b1_1934,B1,die Margarine,the margarine,margarin,la margarina,die Margarine,die,noun,,,Meine Frau isst nur Margarine und keine Butter.,62
b1_1935,B1,"die Marille, -n (A) →D, CH:","the apricot, -n (A) →D, CH:","kayısı, -n (A) →D, CH:","el albaricoque, -n (A) →D, CH:","die Marille, -n (A) →D, CH:",die,noun,"-n (A) →D, CH:",,Schmecken dir die Marillen?,62
b1_1936,B1,Aprikose,apricot,kayısı,albaricoque,Aprikose,,noun,,,,62
b1_1937,B1,"die Marke, -n","the brand, -n","marka, -n","la marca, -n","die Marke, -n 1.",die,noun,-n 1.,,Ich brauche bitte fünf Briefmarken zu 1 Euro. || Markenschuhe sind mir zu teuer.,62
b1_1938,B1,"markieren, markiert,","mark, marked","işaret, işaretlenmiş","marca, marcado","markieren, markiert,",,word,,,Hier ist unser Hotel. || Ich markiere,62
b1_1939,B1,"markierte, hat markiert","marked, has marked","işaretlendi, işaretlendi","marcado, ha marcado","markierte, hat markiert",,word,,,Ihnen auf dem Plan den Weg zum Bahnhof.,62
b1_1940,B1,"der Markt, ¨-e","the market, ¨-e","piyasa, ¨-e","el mercado, ¨-e","der Markt, ¨-e 1.",der,noun,¨-e 1.,,Ich gehe heute auf den Markt. || Mittwochs und samstags ist bei uns Markt.,62
b1_1941,B1,"die Marmelade, -n (D, A)","the jam, -n (D, A)","sıkışma, -n (D, A)","la mermelada, -n (D, A)","die Marmelade, -n (D, A)",die,noun,"-n (D, A)",,Bring bitte noch ein Glas Marmelade mit.,62
b1_1942,B1,"die Maschine, -n","the machine, -n","makine, -n","la máquina, -n","die Maschine, -n 1.",die,noun,-n 1.,,Ich habe eine neue Kaffeemaschine. || Unsere Maschine soll um 7 Uhr 10 starten.,62
b1_1943,B1,das Material,the material,malzeme,la materia,das Material,das,noun,,,Aus welchem Material ist der Schrank? || – Aus Holz.,62
b1_1944,B1,"→D: die Matura (A, CH)","→D: the Matura (A, CH)","→D: Matura (A, CH)","→D: la Matura (A,CH)","→D: die Matura (A, CH)",,other,,,Meine Tocher hat gerade die Matura,62
b1_1945,B1,Abitur,high school diploma,lise diploması,diploma de escuela secundaria,Abitur,,noun,,,gemacht.,62
b1_1946,B1,"die Mauer, -n","the wall, -n","duvar, -n","la pared, -n","die Mauer, -n",die,noun,-n,,Die Kinder sind über die Mauer geklettert.,62
b1_1947,B1,maximal,maximum,maksimum,máximo,maximal 1.,,word,,,Wie lange braucht ein Brief? || – Maximal zwei Tage. || Wie schwer darf der Brief sein? || – Maximal 20 g.,62
b1_1948,B1,"der Mechaniker, -","the mechanic, -","tamirci, -","el mecánico, -","der Mechaniker, - 1.",der,noun,- 1.,,Das kann nur ein Mechaniker,62
b1_1949,B1,"die Mechanikerin, -nen","the mechanic, -nen","tamirci, -nen","el mecanico, -nen","die Mechanikerin, -nen",die,noun,-nen,,reparieren. || Karim ist Automechaniker. || Er arbeitet bei Opel.,62
b1_1950,B1,die Medien (Pl.),the media (pl.),medya (pl.),los medios (pl.),die Medien (Pl.),die,noun,,,Umweltschutz ist in den Medien ein großes Thema.,62
b1_1951,B1,"das Medikament, -e","the medication, -e","ilaç, -e","la medicación, -e","das Medikament, -e 1.",das,noun,-e 1.,,Dieses Medikament gibt es nur auf Rezept. || Der Arzt hat mir ein Medikament verschrieben. || Für dieses Medikament müssen Sie fünf Euro dazu zahlen. || Dieses Medikament hat mir sehr gut geholfen.,62
b1_1952,B1,die Medizin,the medicine,ilaç,la medicina,die Medizin 1.,die,noun,,,Du musst noch deine Medizin nehmen. || Mein Sohn will Medizin studieren.,62
b1_1953,B1,"das Meer, -e","the sea, -e","deniz, -e","el mar, -e","das Meer, -e",das,noun,-e,,Wir machen immer Urlaub am Meer.,62
b1_1954,B1,das Mehl,the flour,un,la harina,das Mehl,das,noun,,,Ich möchte einen Kuchen backen. || Ist noch genug Mehl da?,62
b1_1955,B1,mehr (siehe auch viel),more (see also a lot),daha fazlası (ayrıca bkz. çok),más (ver también mucho),mehr (siehe auch viel) 1.,,word,,,Ich habe diesmal mehr gelernt als bei der letzten Prüfung. || Mehr kann ich nicht essen!,62
b1_1956,B1,mehrere1.,several1.,birkaç1.,varios1.,mehrere1.,,word,,,Ich habe mehrere Leute gefragt. || Aber niemand konnte mir helfen. || Viele Wörter haben mehrere Bedeutungen.,62
b1_1957,B1,"die Mehrheit, -en","the majority, -en","çoğunluk, -en","la mayoría, -es","die Mehrheit, -en",die,noun,-en,,Die Mehrheit der Menschen in Deutschland besitzt ein Handy.,62
b1_1958,B1,die Mehrwertsteuer,the VAT,KDV,el IVA,die Mehrwertsteuer,die,noun,,,Die Mehrwertsteuer bei diesem Produkt beträgt 20 %.,62
b1_1959,B1,"meinen, meint, meinte,","mean, means, meant","demek, demek, kastedilen","significa, significa, significa","meinen, meint, meinte, 1.",,word,,hat gemeint,"Dieser Film ist gut. || Was meinst du? || Ich meine, du solltest weniger rauchen.",62
b1_1960,B1,meinetwegen,for my sake,benim hatırım için,por mi bien,meinetwegen,,verb,,,Meinetwegen kannst du heute das Auto haben.,63
b1_1961,B1,"die Meinung, -en","the opinion, -en","görüş, -tr","la opinión, -es","die Meinung, -en 1.",die,noun,-en 1.,,"Ich bin der Meinung, dass du recht hast. || Ich habe meine Meinung geändert. || Meiner Meinung nach gibt es hier zu viele Autos.",63
b1_1962,B1,"meist-, die meisten","mostly-, most","çoğunlukla-, çoğu","en su mayoría-, la mayoría","meist-, die meisten 1.",,word,,,Wie gut kannst du Deutsch? || – Das Meiste verstehe ich. || Ich bin neu im Haus. || Die meisten Nachbarn kenne ich noch nicht.,63
b1_1963,B1,meist(ens),mostly),çoğunlukla),principalmente),meist(ens) 1.,,word,,,"Meistens trinke ich zum Frühstück nur einen Kaffee. || Seid ihr am Wochenende zu Hause? || – Ja, meistens.",63
b1_1964,B1,"der Meister, -","the master, -","usta, -","el maestro, -","der Meister, - 1.",der,noun,- 1.,,"Ich weiß nicht, wie man das macht. || – Dann frag doch den Meister. || Unsere Mannschaft ist deutscher Meister geworden.",63
b1_1965,B1,"melden, meldet, meldete,","report, report, report","rapor, rapor, rapor","informe, informe, informe","melden, meldet, meldete, 1.",,word,,hat gemeldet,Ich habe schon zweimal angerufen. || Aber es meldet sich niemand. || Den Unfall müssen Sie der Versicherung melden. || Warum hast du dich so lange nicht gemeldet? || Warst du krank?,63
b1_1966,B1,"die Meldung, -en","the message, -en","mesaj, -tr","el mensaje, -es","die Meldung, -en",die,noun,-en,,Hast du die Meldung im Radio gehört? || Es wird starken Sturm geben.,63
b1_1967,B1,"die Menge, -n","the quantity, -n","miktar, -n","la cantidad, -n","die Menge, -n 1.",die,noun,-n 1.,,"Diesen Preis gibt es nur, wenn Sie große Mengen kaufen. || Wir haben noch eine Menge Zeit. || Ich kenne schon eine Menge Leute in der Stadt. || Das Auto hat bestimmt eine Menge Geld gekostet.",63
b1_1968,B1,"die Mensa, -s/-en","the cafeteria, -s/-en","kafeterya, -s/-en","la cafetería, -s/-es","die Mensa, -s/-en",die,noun,-s/-en,,Ich esse fast jeden Tag in der Mensa.,63
b1_1969,B1,"der Mensch, -en","the human being, -en","insan, -tr","el ser humano, -es","der Mensch, -en",der,noun,-en,,Die Menschen sind hier ein bisschen anders als im Süden.,63
b1_1970,B1,menschlich,human,insan,humano,menschlich,,adjective,,,Fehler zu machen ist menschlich.,63
b1_1971,B1,"das Menü, -s","the menu, -s","menü, -s","el menú, -s","das Menü, -s",das,noun,-s,,"Nimm doch das Menü, das sieht gut aus.",63
b1_1972,B1,"merken, merkt, merkte,","notice, notice, noticed","dikkat, dikkat, fark ettim","notar, notar, notar","merken, merkt, merkte, 1.",,word,,hat gemerkt,"Ich habe nicht gemerkt, dass es schon || so spät ist. || Ich muss gehen. || Ich kann mir keine Zahlen merken. || Ich vergesse sie sofort wieder.",63
b1_1973,B1,merkwürdig,unusual,olağan dışı,inusual,merkwürdig,,adjective,,,Das ist eine merkwürdige Geschichte.,63
b1_1974,B1,"die Messe, -n","the fair, -n","fuar, -n","la feria, -n","die Messe, -n 1.",die,noun,-n 1.,,Kommst du mit zur Automobilmesse? || Vielleicht kann ich auf der Messe einen Job bekommen.,63
b1_1975,B1,"messen, misst, maß,","measure, measures, measure","ölçü, ölçü, ölçü","medida, medidas, medida","messen, misst, maß, 1.",,word,,hat gemessen,Haben Sie schon Fieber gemessen? || Ich habe das Zimmer ausgemessen. || Es sind genau 20 m².,63
b1_1976,B1,"das Messer, -","the knife, -","bıçak, -","el cuchillo, -","das Messer, -",das,noun,-,,Das Messer schneidet nicht gut.,63
b1_1977,B1,"das Metall, -e","the metal, -e","metal, -e","el metal, -e","das Metall, -e",das,noun,-e,,Dieser Tisch hier ist ganz aus Metall.,63
b1_1978,B1,"die Methode, -n","the method, -n","yöntem, -n","el método, -n","die Methode, -n",die,noun,-n,,"Weißt du eine gute Methode, um schnell gut Deutsch zu lernen?",63
b1_1979,B1,"die Metropole, -n","the metropolis, -n","metropol, -n","la metrópoli, -n","die Metropole, -n",die,noun,-n,,Berlin und Wien sind Metropolen.,63
b1_1980,B1,"der Metzger, - →A: Fleis-","the butcher, - →A: meat-","kasap, - →A: et-","el carnicero, - →A: carne-","der Metzger, - →A: Fleis-",der,noun,- →A: Fleis-,,Dieser Metzger hat sehr gute Wurst.,63
b1_1981,B1,chhauer,chhauer,Chhauer,chauer,chhauer,,word,,,,63
b1_1982,B1,"mieten, mietet, mietete,","rent, rents, rented","kira, kiralar, kiralık","alquiler, alquileres, alquilado","mieten, mietet, mietete, 1.",,word,,hat gemietet,Wir haben die Wohnung für drei Jahre || gemietet. || Im Urlaub haben wir ein Auto gemietet.,63
b1_1983,B1,"die Miete, -n1.","the rent, -n1.","kira, -n1.","el alquiler, -n1.","die Miete, -n1.",die,noun,-n1.,,Unsere Miete ist sehr hoch. || Wie viel Miete bezahlst du?,63
b1_1984,B1,"der Mieter, -","the tenant, -","kiracı, -","el inquilino, -","der Mieter, -",der,noun,-,,Sie hat heute neue Mieter für die,63
b1_1985,B1,"die Mieterin, -nen","the tenant, -nen","kiracı, -nen","el inquilino, -nen","die Mieterin, -nen",die,noun,-nen,,Wohnung gefunden.,63
b1_1986,B1,"der Migrant, -en","the migrant, -en","der Migrant, -en","el migrante, -es","der Migrant, -en",der,noun,-en,,Viele Migranten kommen aus,63
b1_1987,B1,"die Migrantin, -nen","the migrant, -nen","die Migrantin, -nen","el migrante, -nen","die Migrantin, -nen",die,noun,-nen,,Osteuropa.,63
b1_1988,B1,die Migration,the migration,göç,la migracion,die Migration,die,noun,,,Gestern gab es im Fernsehen eine Diskussion zum Thema Migration.,63
b1_1989,B1,die Milch,the milk,süt,la leche,die Milch,die,noun,,,Stellst du bitte die Milch in den Kühlschrank?,63
b1_1990,B1,mild,mild,mild,leve,mild,,word,,,"Möchten Sie die Soße scharf? || – Nein, bitte ganz mild. || Wie wird das Wetter? || – Es soll etwas milder werden.",63
b1_1991,B1,"die Minderheit, -en","the minority, -en","azınlık, -tr","la minoría, -es","die Minderheit, -en",die,noun,-en,,Frauen sind in unserer Firma in der Minderheit.,63
b1_1992,B1,mindestens,at least,en azından,al menos,mindestens 1.,,word,,,Ein guter Fernsehapparat kostet mindestens 500 Euro. || Bitte kommen Sie mindestens eine Stunde vor Abflug zum Flughafen.,63
b1_1993,B1,das Mineralwasser,the mineral water,maden suyu,el agua mineral,das Mineralwasser,das,noun,,,Kann ich bitte ein Mineralwasser haben?,63
b1_1994,B1,minimal,minimal,asgari,mínimo,minimal,,word,,,Da ist nur ein minimaler Unterschied.,63
b1_1995,B1,"mischen, mischt, mischte,","mix, mixes, mixed","karıştırmak, karıştırmak, karıştırmak","mezclar, mezclas, mezclado","mischen, mischt, mischte, 1.",,word,,hat gemischt,"Ich möchte ein gemischtes Eis mit || Sahne. || Wie möchten Sie das Geld? || – Bitte gemischt, große und kleine Scheine.",63
b1_1996,B1,miss-,mis-,miss-,mal-,miss- 1.,,word,,,Die Konferenz war ein Misserfolg. || Das Misstrauen zwischen den beiden Parteien ist weiterhin groß. || Sie haben mich missverstanden. || Das ist ein Missverständnis. || Das habe ich nicht gesagt.,63
b1_1997,B1,mit,with,ile,con,mit 1.,,preposition,,,Ich gehe heute Abend mit Maria aus. || Wir suchen eine Dreizimmerwohnung mit Küche und Bad. || Ich hätte gern einen Tee mit Zitrone. || Mit meiner Mutter sind wir acht Personen. || Ich bin mit dem Fahrrad gekommen.,64
b1_1998,B1,"der Mitarbeiter, -","the employee, -","çalışan, -","el empleado, -","der Mitarbeiter, -",der,noun,-,,Unsere Firma hat sieben Mitarbeiter.,64
b1_1999,B1,"die Mitarbeiterin, -nen","the employee, -nen","çalışan, -nen","el empleado, -nen","die Mitarbeiterin, -nen",die,noun,-nen,,,64
b1_2000,B1,miteinander,each other,birbirine göre,entre sí,miteinander,,word,,,Sprechen Sie bitte miteinander.,64
b1_2001,B1,"das Mitglied, -er","the member, -he","üye, -o","el miembro, -él","das Mitglied, -er",das,noun,-er,,Für Mitglieder ist der Eintritt zum Konzert gratis.,64
b1_2002,B1,die Mitte,the middle,orta,el medio,die Mitte 1.,die,noun,,,"Wo möchten Sie sitzen? || – In der Mitte. || Bis Mitte der Woche bin ich fertig. || Ich habe Urlaub bis Mitte August. || Den Schrank stellen wir ans Fenster, den Tisch in die Mitte.",64
b1_2003,B1,"mitteilen, teilt mit,","communicate, communicate","iletişim kurmak, iletişim kurmak","comunicar, comunicar","mitteilen, teilt mit,",,word,,,Den Prüfungstermin teilen wir Ihnen,64
b1_2004,B1,"teilte mit, hat mitgeteilt","communicated, has communicated","iletişim kurdu, iletişim kurdu","comunicado, ha comunicado","teilte mit, hat mitgeteilt",,word,,,noch mit.,64
b1_2005,B1,"das Mittel, -","the means, -","araç, -","los medios, -","das Mittel, - 1.",das,noun,- 1.,,Haben Sie ein Mittel gegen Magen- schmerzen? || Der Arzt hat mir ein Mittel gegen Grippe verschrieben. || Das neue Waschmittel ist sehr gut.,64
b1_2006,B1,mitten,middle,orta,medio,mitten 1.,,word,,,Wir haben eine Wohnung mitten in der Stadt. || Das Flugzeug hatte Verspätung. || Wir sind erst mitten in der Nacht angekommen.,64
b1_2007,B1,mittler-,medium,orta,medio,mittler-,,word,,,In den mittleren Reihen sind noch Plätze frei.,64
b1_2008,B1,mittlerweile,in the meantime,bu arada,mientras tanto,mittlerweile,,word,,,Am Anfang war die Arbeit schwer. || Mit- tlerweile habe ich mich daran gewöhnt.,64
b1_2009,B1,"das Möbel, -","the furniture, -","mobilyalar, -","los muebles, -","das Möbel, -",das,noun,-,,Wir haben uns neue Möbel gekauft.,64
b1_2010,B1,möbliert,furnished,mobilyalı,amueblado,möbliert,,word,,,Ich suche ein möbliertes Zimmer.,64
b1_2011,B1,"möchten, möchte, mochte,","would like, would like, liked","isterim, isterim, beğendim","quisiera, quisiera, quisiera","möchten, möchte, mochte, 1.",,word,,hat gemocht,Möchtest du auch einen Kaffee? || Im Sommer möchten wir gern ans Meer fahren.,64
b1_2012,B1,mobil/mobil-,mobile/mobile,mobil/mobil,móvil/móvil,mobil/mobil-,,word,,,Mit dem Fahrrad bin ich in der Stadt sehr mobil.,64
b1_2013,B1,"die Mobilbox, -en","the mobile box, -en","mobil kutu, -tr","la caja del móvil, -es","die Mobilbox, -en",die,noun,-en,,Ich habe zwei Nachrichten auf meiner Mobilbox.,64
b1_2014,B1,"die Mobilität, -en","mobility, -en","hareketlilik, -tr","movilidad, -es","die Mobilität, -en",die,noun,-en,,Sprachen zu lernen fördert die Mobilität.,64
b1_2015,B1,"das Mobiltelefon, -e","the cell phone, -e","cep telefonu, -e","el celular, -e","das Mobiltelefon, -e",das,noun,-e,,Wie kann ich Sie erreichen? || Haben Sie ein Mobiltelefon?,64
b1_2016,B1,"die Mode, -n","the fashion, -n","moda, -n","la moda, -n","die Mode, -n 1.",die,noun,-n 1.,,Wie findest du die neue Mode? || Welche Farbe ist denn jetzt gerade in Mode?,64
b1_2017,B1,"das Modell, -e","the model, -e","model, -e","el modelo, -e","das Modell, -e",das,noun,-e,,Wie findest du dieses Auto? || – Dieses Modell gefällt mir nicht.,64
b1_2018,B1,modern,modern,modern,moderno,modern 1.,,word,,,Die Wohnung ist modern eingerichtet. || Das Stadtzentrum von Frankfurt ist ganz modern.,64
b1_2019,B1,"mögen, mag, mochte,","like, like, liked","beğen, beğen, beğen","me gusta, me gusta, me gusta","mögen, mag, mochte, 1.",,word,,hat gemocht,"Ich mag keinen Reis. || Möchtest du noch ein Stück Kuchen? || Ich möchte gern Herrn Schmidt sprechen. || Herr Müller, Sie möchten bitte sofort zum Chef kommen.",64
b1_2020,B1,möglich,possible,olası,posible,möglich,,adjective,,,Kann ich bitte sofort einen Termin haben? || – Das ist leider nicht möglich.,64
b1_2021,B1,"die Möglichkeit, -en","the possibility, -en","olasılık, -tr","la posibilidad, -es","die Möglichkeit, -en",die,noun,-en,,Sie wollen ans Meer? || Da gibt es mehrere Möglichkeiten.,64
b1_2022,B1,möglichst1.,if possible1.,mümkünse1.,si es posible1.,möglichst1.,,word,,,"Sagen Sie mir bitte möglichst bald, ob Ihnen der Termin passt. || Wir suchen eine Wohnung, möglichst im Erdgeschoss.",64
b1_2023,B1,"die Möhre, -n (D) →","the carrot, -n (D) →","havuç, -n (D) →","la zanahoria, -n (D) →","die Möhre, -n (D) →",die,noun,-n (D) →,,Hasen fressen gern Möhren.,64
b1_2024,B1,Karotte; CH: Rüebli,Carrot; CH: Carrots,Havuç; CH: Havuç,Zanahoria; CH: Zanahorias,Karotte; CH: Rüebli,,noun,,,,64
b1_2025,B1,"der Moment, -e","the moment, -e","an, -e","el momento, -e","der Moment, -e 1.",der,noun,-e 1.,,Warten Sie bitte einen Moment. || Einen Moment bitte. || Ich habe im Moment sehr viel zu tun.,64
b1_2026,B1,"der Mond, -e","the moon, -e","ay, -e","la luna, -e","der Mond, -e",der,noun,-e,,Bei Vollmond kann ich nicht schlafen.,64
b1_2027,B1,"der Monitor, -e","the monitor, -e","monitör, -e","el monitor, -e","der Monitor, -e",der,noun,-e,,Ich habe mir einen größeren Monitor gekauft. || Das ist besser für meine Augen.,64
b1_2028,B1,"der Motor, -en","the engine, -en","motor, -tr","el motor, -es","der Motor, -en",der,noun,-en,,Der Motor ist kaputt. || Das Auto fährt nicht mehr.,64
b1_2029,B1,"das Motorrad, ¨-er","the motorcycle, ¨-er","motosiklet, ¨-er","la moto, ¨-er","das Motorrad, ¨-er",das,noun,¨-er,,Oskar fährt jeden Tag mit dem Motorrad zur Arbeit.,64
b1_2030,B1,müde,tired,yorgun,cansado,müde,,word,,,Ich bin müde. || Ich gehe schlafen.,64
b1_2031,B1,die Mühe,the effort,çaba,el esfuerzo,die Mühe 1.,die,noun,,,Vielen Dank für Ihre Mühe. || Mit ein bisschen mehr Mühe können wir das schaffen.,64
b1_2032,B1,der Müll,the garbage,çöp,la basura,der Müll 1.,der,noun,,,Bringst du bitte noch den Müllsack raus? || Wir müssen den Müll trennen.,64
b1_2033,B1,die Müllabfuhr,the garbage disposal,çöp öğütücü,el triturador de basura,die Müllabfuhr,die,noun,,,Die Müllabfuhr kommt zweimal pro Woche.,64
b1_2034,B1,"die Mülltonne, -n","the garbage can, -n","çöp kutusu, -n","el bote de basura, -n","die Mülltonne, -n",die,noun,-n,,Die Mülltonne ist voll.,65
b1_2035,B1,"der Mund, ¨-er","the mouth, ¨-er","ağız, ¨-er","la boca, ¨-er","der Mund, ¨-er",der,noun,¨-er,,Sie haben Halsschmerzen? || Bitte machen Sie mal den Mund auf.,65
b1_2036,B1,mündlich,oral,sözlü,oral,mündlich,,adjective,,,Die mündliche Prüfung ist erst nächste Woche.,65
b1_2037,B1,"die Münze, -n","the coin, -n","madeni para, -n","la moneda, -n","die Münze, -n",die,noun,-n,,Der Automat nimmt nur Münzen.,65
b1_2038,B1,"das Museum, Museen","the museum, museums","müze, müzeler","el museo, museos","das Museum, Museen",das,noun,Museen,,Wir waren mit unserer Klasse im Museum.,65
b1_2039,B1,die Musik,the music,müzik,la musica,die Musik 1.,die,noun,,,Wie findest du die Musik? || Spanische Musik mag ich sehr. || Was für Musik hörst du gern?,65
b1_2040,B1,musikalisch1.,musical1.,müzikal1.,musical1.,musikalisch1.,,word,,,"Sie ist sehr musikalisch: Sie spielt Klavier, Flöte und Geige. || Das musikalische Angebot gefällt mir.",65
b1_2041,B1,"der Musiker, -","the musician, -","müzisyen, -","el músico, -","der Musiker, -",der,noun,-,,Mein Bruder möchte Musiker werden.,65
b1_2042,B1,"die Musikerin, nen","the musician, no","müzisyen, hayır","el músico, no","die Musikerin, nen",die,noun,nen,,,65
b1_2043,B1,"der Muskel, -n","the muscle, -n","kas, -n","el músculo, -n","der Muskel, -n",der,noun,-n,,Im Fitness-Studio trainieren wir unsere Muskeln.,65
b1_2044,B1,"das Müesli/Müsli, -","the muesli/muesli, -","müsli/müsli, -","el muesli/muesli, -","das Müesli/Müsli, -",das,noun,-,,Zum Frühstück gibt es Müsli mit Obst.,65
b1_2045,B1,"müssen, muss, musste,","must, must, had to","gerekir, gerekir, zorundaydım","debe, debe, tuvo que","müssen, muss, musste, 1.",,word,,hat gemusst (hat müssen,Wie lange müssen Sie arbeiten? || Sie müssen die Miete pünktlich,65
b1_2046,B1,als Modalverb),as a modal verb),modal fiil olarak),como verbo modal),als Modalverb),,conjunction,,,überweisen. || Ich muss jeden Tag von 8 bis 18 Uhr arbeiten. || Du musst mich nicht abholen. || Nur wenn du willst.,65
b1_2047,B1,der Mut,the courage,cesaret,el coraje,der Mut,der,noun,,,"Man braucht viel Mut, um in einem fremden Land ganz neu anzufangen.",65
b1_2048,B1,mutig,brave,cesur,corajudo,mutig,,adjective,,,"Es war sehr mutig von dir, deine Meinung laut zu sagen.",65
b1_2049,B1,"die Mutter, ¨-",the mother-,anne...,la madre-,"die Mutter, ¨- 1.",die,noun,¨- 1.,,Meine Mutter heißt Klara. || Dieser Raum ist für Mütter mit kleinen Kindern reserviert.,65
b1_2050,B1,nach,after,sonrasında,después,nach 1.,,preposition,,,Ich fahre morgen nach Hamburg. || Ich muss jetzt nach Hause. || Wir treffen uns nach dem Essen. || Es ist schon nach acht. || Wir müssen uns beeilen.,65
b1_2051,B1,"der Nachbar, -n","the neighbor, -n","komşu, -n","el vecino, -n","der Nachbar, -n",der,noun,-n,,Meine neue Nachbarin ist sehr nett.,65
b1_2052,B1,"die Nachbarin, nen","the neighbor, no","komşu, hayır","el vecino, no","die Nachbarin, nen",die,noun,nen,,,65
b1_2053,B1,nachdem,after,sonrasında,después,nachdem,,word,,,"Nachdem wir gegessen hatten, sind wir spazieren gegangen.",65
b1_2054,B1,"nachdenken, denkt nach,","think, think","düşün, düşün","pensar, pensar","nachdenken, denkt nach,",,word,,,"Ich weiß nicht, was ich machen soll. || Ich",65
b1_2055,B1,"dachte nach,","dachte nach,",düşünce,pensamiento,"dachte nach,",,word,,hat nachgedacht,muss nachdenken.,65
b1_2056,B1,"die Nachfrage, -n","the demand, -n","talep, -n","la demanda, -n","die Nachfrage, -n",die,noun,-n,,Die Nachfrage für dieses Produkt ist groß.,65
b1_2057,B1,nachher,afterward,daha sonra,después,nachher,,word,,,Ich rufe nachher nochmal an.,65
b1_2058,B1,"die Nachhilfe, -n","the tutoring, -n","özel ders, -n","la tutoría, -n","die Nachhilfe, -n",die,noun,-n,,Der Schüler braucht Nachhilfe in Mathematik.,65
b1_2059,B1,"die Nachricht, -en",the news,haberler,la noticia,"die Nachricht, -en 1.",die,noun,-en 1.,,Ich habe eine gute Nachricht für Sie. || Sie haben die Prüfung bestanden. || Ich habe im Radio die Nachrichten gehört. || Im Moment bin ich nicht zu Hause. || Aber Sie können eine Nachricht hinter- lassen.,65
b1_2060,B1,"nachschlagen, schlägt","look up, suggests","yukarıya bak, öneriyor","mirar hacia arriba, sugiere","nachschlagen, schlägt",,word,,,Ich kenne das Wort nicht. || Das musst,65
b1_2061,B1,"nach, schlug nach,","looked up, looked up","Yukarıya baktım, yukarıya baktım","miró hacia arriba, miró hacia arriba","nach, schlug nach,",,preposition,,hat nachgeschlagen,du im Wörterbuch nachschlagen.,65
b1_2062,B1,"die Nachspeise, -n","the dessert, -n","tatlı, -n","el postre, -n","die Nachspeise, -n",die,noun,-n,,Nach dem Essen gab es noch eine,65
b1_2063,B1,"(D, A) → Dessert","(D, A) → Dessert","(D, A) → Tatlı","(D, A) → Postre","(D, A) → Dessert",,other,,,leckere Nachspeise,65
b1_2064,B1,nächst-,nächst-,Sonraki-,próximo-,nächst- 1.,,word,,,Wo ist hier die nächste Apotheke? || Rufen Sie bitte nächste Woche noch einmal an. || Wann fährt der nächste Zug nach Frankfurt? || Wer ist der Nächste bitte?,65
b1_2065,B1,"der Nachteil, -e","the disadvantage, -e","dezavantaj, -e","la desventaja, -e","der Nachteil, -e",der,noun,-e,,Einen Nachteil hat die Wohnung. || Sie liegt nicht zentral.,65
b1_2066,B1,der Nachwuchs,der Nachwuchs,yavru,la descendencia,der Nachwuchs 1.,der,noun,,,Der Nachwuchs bei Forschern soll gefördert werden. || Die Katze hat Nachwuchs bekommen.,65
b1_2067,B1,"die Nadel, -n","the needle, -n","iğne, -n","la aguja, -n","die Nadel, -n",die,noun,-n,,Hast du eine Nadel für mich? || Ich muss einen Knopf annähen.,65
b1_2068,B1,"der Nagel, ¨-","the nail, ¨-","çivi, ¨-","la uña, ¨-","der Nagel, ¨- 1.",der,noun,¨- 1.,,Kannst du mir den Nagel in die Wand schlagen? || Ich muss mir die Fingernägel schneiden.,65
b1_2069,B1,nah(e),vicinity),nah(e),vecindad),nah(e),,word,,,"Wie weit ist es zum Bahnhof? || – Das ist ganz nah, nur zwei Minuten von hier.",65
b1_2070,B1,die Nähe,the nearness,yakınlık,la cercanía,die Nähe,die,noun,,,Die Post ist ganz in der Nähe vom Bahnhof.,65
b1_2071,B1,"nähen, näht, nähte, hat","sew, sews, stitches, has","dikmek, dikmek, dikmek, var","coser, cose, puntadas, tiene","nähen, näht, nähte, hat 1.",,word,,,Meine Mutter näht ihre Kleider selbst.,65
b1_2072,B1,genäht,sewn,dikilmiş,cosido,genäht 2.,,word,,,Wir müssen die Wunde nähen.,65
b1_2073,B1,sich nähern,approach,yaklaşmak,acercarse,"sich nähern, nähert sich,",,verb,,"nähert sich,",Er nähert sich dem Unfallort ganz,65
b1_2074,B1,"näherte sich,",approached,yaklaştı,se acercó,"näherte sich,",,word,,hat sich genähert,langsam.,65
b1_2075,B1,"das Nahrungsmittel, -","the food, -","yemek, -","la comida, -","das Nahrungsmittel, -",das,noun,-,,In diesen Ländern fehlen vor allem Nahrungsmittel.,66
b1_2076,B1,"der Name, -n","the name, -n","isim, -n","el nombre, -n","der Name, -n 1.",der,noun,-n 1.,,Wie ist Ihr Name? || An den Namen kann ich mich nicht mehr erinnern.,66
b1_2077,B1,"der Familienname, -n","the family name, -n","soyadı, -n","el apellido, -n","der Familienname, -n",der,noun,-n,,Ludin ist mein Familienname.,66
b1_2078,B1,"der Vorname, -n","the first name, -n","ilk isim, -n","el nombre, -n","der Vorname, -n",der,noun,-n,,Mein Vorname ist Thomas.,66
b1_2079,B1,nämlich,namely,yani,a saber,nämlich,,adjective,,,Ich muss leider gehen. || Ich habe näm- lich noch einen Termin beim Zahnarzt.,66
b1_2080,B1,"die Nase, -n","the nose, -n","burun, -n","la nariz, -n","die Nase, -n",die,noun,-n,,Haben Sie Nasentropfen? || Ich bin stark erkältet.,66
b1_2081,B1,nass,wet,ıslak,húmedo,nass 1.,,word,,,Es hat schrecklich geregnet. || Ich bin ganz nass geworden. || Geh nicht mit den nassen Schuhen ins Wohnzimmer.,66
b1_2082,B1,national/national-,national/national-,ulusal/ulusal-,nacional/nacional-,national/national- 1.,,word,,,Das ist ein nationaler Wettbewerb. || Die Nationalmannschaft ist ziemlich stark.,66
b1_2083,B1,die Natur,the nature,doğa,la naturaleza,die Natur,die,noun,,,Ich bin gern draußen in der Natur.,66
b1_2084,B1,natürlich,naturally,doğal olarak,naturalmente,natürlich 1.,,adjective,,,Natürlich helfen wir dir. || Kommst du auch wirklich zu meiner Party? || – Natürlich.,66
b1_2085,B1,"der Nebel, -","the fog, -","sis, -","la niebla, -","der Nebel, - 1.",der,noun,- 1.,,Wegen Nebels konnten wir gestern nicht in Frankfurt landen. || Fahren Sie bei Nebel besonders vorsichtig!,66
b1_2086,B1,neblig,foggy,sisli,neblinoso,neblig,,adjective,,,Fahr vorsichtig! || Es ist neblig.,66
b1_2087,B1,neben,neben,yanında,junto a,neben 1.,,preposition,,,Neben mir ist noch ein Platz frei. || Darf ich mich neben dich setzen? || Die Apotheke ist gleich links neben der Post.,66
b1_2088,B1,nebenan,next door,yan kapı,al lado,nebenan,,word,,,"Das ist José, er wohnt nebenan.",66
b1_2089,B1,nebenbei,alongside,yanında,junto a,nebenbei 1.,,word,,,Mein Freund studiert Geschichte. || Und nebenbei arbeitet er in einer Kneipe. || Ich mache die Hausarbeit und neben- bei höre ich Radio.,66
b1_2090,B1,"der Neffe, -n","the nephew, -n","yeğen, -n","el sobrino, -n","der Neffe, -n",der,noun,-n,,Meine Schwester hat zwei Kinder. || Meine Neffen sind drei und fünf Jahre alt.,66
b1_2091,B1,negativ,negativ,negatif,negativo,negativ,,word,,,Du solltest nicht alles negativ sehen.,66
b1_2092,B1,"nehmen, nimmt, nahm,","take, takes, took","Al, alır, aldı","tomar, toma, tomó","nehmen, nimmt, nahm, 1.",,word,,hat genommen,Was möchten Sie? || – Ich nehme einen || Salat. || Nehmen Sie die Tabletten vor dem Essen! || Wer hat die Flasche aus dem Kühlschrank genommen? || Sollen wir ein Taxi nehmen? || In diesem Jahr kann ich meinen Urlaub erst im Oktober nehmen.,66
b1_2093,B1,nein,no,HAYIR,No,nein 1.,,word,,,"Noch ein Bier? || – Nein, danke. || Kommst du auch mit nach München? || – Nein, ich habe keine Zeit.",66
b1_2094,B1,"nennen, nennt, nannte,","call, calls, called","çağrı, çağrılar, çağrıldı","llamar, llamadas, llamado","nennen, nennt, nannte, 1.",,word,,hat genannt,"Mein Freund heißt Alexander, aber alle || nennen ihn Alex. || Wie nennt man dieses Gerät?",66
b1_2095,B1,"der Nerv, -en","the nerve, -en","sinir, -tr",el nervio,"der Nerv, -en 1.",der,noun,-en 1.,,Er leidet an einer Nervenkrankheit. || Mach bitte das Radio aus. || Die Musik geht mir auf die Nerven.,66
b1_2096,B1,nervös,nervous,gergin,nervioso,nervös 1.,,word,,,Das Warten macht mich ganz nervös. || Bei Prüfungen bin ich immer sehr nervös.,66
b1_2097,B1,nett,nice,Güzel,lindo,nett 1.,,word,,,Die Leute sind hier sehr nett. || Ich habe viele nette Kollegen. || Vielen Dank! || Das ist sehr nett von Ihnen. || Die Nachbarn waren sehr nett zu uns.,66
b1_2098,B1,"das Netz, -e","the network, -e","ağ, -e","la red, -e","das Netz, -e 1.",das,noun,-e 1.,,Bitte bring ein Netz Orangen. || Der Ball berührte das Netz. || Seid ihr schon ans Netz ange- schlossen?,66
b1_2099,B1,"das Netzwerk, -e","the network, -e","ağ, -e","la red, -e","das Netzwerk, -e 1.",das,noun,-e 1.,,Soziale Netzwerke sind wichtig. || Das Telefonnetzwerk wird ständig erweitert.,66
b1_2100,B1,neu,new,yeni,nuevo,neu 1.,,word,,,Mein Wagen ist noch ganz neu. || Wir haben eine neue Wohnung. || Man darf hier nicht mehr rauchen? || Das ist mir ganz neu.,66
b1_2101,B1,"die Neuigkeit, -en","the news, -en","haberler, -tr","la noticia, -es","die Neuigkeit, -en",die,noun,-en,,In dieser Sache gibt es keine Neuigkeiten.,66
b1_2102,B1,neugierig,curious,meraklı,curioso,neugierig,,adjective,,,Die Nachbarn sind ziemlich neugierig.,66
b1_2103,B1,neulich,recently,son zamanlarda,recientemente,neulich,,adjective,,,Ich war neulich bei der Bank und habe einen alten Freund getroffen.,66
b1_2104,B1,nicht,not,Olumsuz,no,nicht 1.,,word,,,"Zigarette? || - Danke, ich rauche nicht. || Wie geht es dir? || – Nicht so gut. || Das Essen in der Kantine ist gar nicht schlecht. || Du kommst immer zu spät! || - Das stimmt nicht.",66
b1_2105,B1,"die Nichte, -n","the niece, -n","yeğen, -n","la sobrina, -n","die Nichte, -n",die,noun,-n,,Die Tasche ist ein Geschenk von meiner Nichte.,66
b1_2106,B1,"der Nichtraucher, -","the non-smoker, -","sigara içmeyen, -","el no fumador, -","der Nichtraucher, - 1.",der,noun,- 1.,,In unserer Familie sind alle,66
b1_2107,B1,"die Nichtraucherin, -nen","the non-smoker, -nen","sigara içmeyen, -nen","el no fumador, -nen","die Nichtraucherin, -nen",die,noun,-nen,,Nichtraucher. || Möchten Sie einen Tisch im Nichtraucherbereich?,66
b1_2108,B1,nichts,nothing,Hiçbir şey,nada,nichts 1.,,word,,,Ich habe noch nichts gegessen. || Ich weiß auch nichts Genaues. || Ich habe nichts zum Schreiben dabei. || Entschuldigung! || – Das macht nichts.,67
b1_2109,B1,nie,never,Asla,nunca,nie 1.,,adverb,,,Der Chef ist nie da. || Warum bist du nie zufrieden? || Bis morgen Abend schaffe ich die Arbeit nie. || Ich gehe nie wieder in dieses Restau- rant.,67
b1_2110,B1,niedrig,low,Düşük,bajo,niedrig 1.,,adjective,,,Die Räume hier sind mir zu niedrig. || Für die Jahreszeit sind die Temperaturen zu niedrig. || Die Firma zahlt sehr niedrige Löhne.,67
b1_2111,B1,niemand,no one,hiç kimse,nadie,niemand,,word,,,Ich habe geklingelt. || Aber es war niemand zu Hause.,67
b1_2112,B1,nirgends,nowhere,hiçbir yerde,en ningún lugar,nirgends 1.,,word,,,Ich kann die Quittung nirgends finden. || Hier kann man nirgends parken.,67
b1_2113,B1,nirgendwo,nowhere,hiçbir yerde,en ningún lugar,nirgendwo,,word,,,Die Schlüssel kann ich nirgendwo finden.,67
b1_2114,B1,noch,still,Hala,aún,noch 1.,,word,,,"Mein Bruder geht noch zur Schule. || Bist du fertig. || – Nein, noch nicht ganz. || Haben Sie noch einen Wunsch? || – Ja, bitte noch ein Bier. || Sonst noch etwas? || – Nein, danke. || Ich komme später. || Ich muss erst noch einkaufen. || Meine Freundin studiert, und abends arbeitet sie noch als Kellnerin. || Es ist nicht mehr viel Zeit. || Nur noch fünf Minuten. || Ich habe nur noch 20 Euro. || Ist das Essen schon fertig. || – Nein, es dauert noch ein paar Minuten.",67
b1_2115,B1,10.Ist,10.Is,10.Is,10.Es,10.Ist,,other,,,Amadeo schon da? || – Vielleicht kommt er noch.,67
b1_2116,B1,noch mal,again,Tekrar,de nuevo,noch mal 1.,,word,,,Vielen Dank nochmal. || Bitte sagen Sie das nochmal.,67
b1_2117,B1,nochmals,again,Tekrar,de nuevo,nochmals,,word,,,Nochmals vielen Dank!,67
b1_2118,B1,normal,normal,normal,normal,normal,,word,,,Fehler zu machen ist doch ganz normal.,67
b1_2119,B1,normalerweise,normally,normalde,normalmente,normalerweise,,word,,,Wann haben Sie normalerweise Pause?,67
b1_2120,B1,Not-,emergency,acil durum,emergencia,Not-,,noun,,,,67
b1_2121,B1,"die Notaufnahme, -n","the emergency room, -n","acil servis, -n","la sala de emergencias, -n","die Notaufnahme, -n",die,noun,-n,,Die Notaufnahme ist gleich hier links.,67
b1_2122,B1,"der Notausgang, ¨-e","the emergency exit, ¨-e","acil çıkış, ¨-e","la salida de emergencia, ¨-e","der Notausgang, ¨-e",der,noun,¨-e,,Der Notausgang ist gleich hier bei der Treppe.,67
b1_2123,B1,"der Notfall, ¨-e1.","the emergency, ¨-e1.","acil durum, ¨-e1.","la emergencia, ¨-e1.","der Notfall, ¨-e1.",der,noun,¨-e1.,,Wir haben einen Notfall. || Bitte schicken Sie einen Krankenwagen. || Im Notfall rufen Sie bitte diese Nummer an.,67
b1_2124,B1,der Notruf,the emergency call,acil durum çağrısı,la llamada de emergencia,der Notruf,der,noun,,,Der Notruf hat die Nummer 110.,67
b1_2125,B1,"die Note, -n","the grade, -n","not, -n","la calificación, -n","die Note, -n 1.",die,noun,-n 1.,,Eva hat immer sehr gute Noten in Mathematik. || Meine Kinder lernen im Musikunterricht gerade Noten lesen.,67
b1_2126,B1,notieren,note down,not etmek,anotar,notieren,,verb,,,Ich habe mir den Termin notiert.,67
b1_2127,B1,nötig,necessary,gerekli,necesario,nötig 1.,,adjective,,,"Wenn es nötig ist, nehmen Sie noch eine Tablette. || Kann ich Ihnen helfen? || – Danke, nicht nötig.",67
b1_2128,B1,"die Notiz, -en","the note, -en","not, -tr","la nota, -en","die Notiz, -en 1.",die,noun,-en 1.,,Ich habe Ihnen eine Notiz geschrieben. || Hast du einen Notizzettel für mich?,67
b1_2129,B1,notwendig,necessary,gerekli,necesario,notwendig,,adjective,,,"Muss ich nochmal wiederkommen? || – Nein, das ist nicht notwendig.",67
b1_2130,B1,"die Nudel, -n","the noodle, -n","erişte, -n","los fideos, -n","die Nudel, -n",die,noun,-n,,Möchten Sie Nudeln oder Reis? || – Lieber Nudeln.,67
b1_2131,B1,"die Nummer, -n","the number, -n","sayı, -n","el número, -n","die Nummer, -n 1.",die,noun,-n 1.,,Ich habe mich in der Hausnummer geirrt. || Ich habe die falsche Nummer gewählt. || Der Wagen hatte eine Münchner Nummer. || Sie haben Zimmer Nummer zwölf. || Bitte geben Sie mir Ihre Kontonummer. || Haben Sie die Bluse eine Nummer kleiner?,67
b1_2132,B1,nun,so,Bu yüzden,entonces,nun 1.,,word,,,"Schade, dass du arbeiten musst. || – Das ist nun mal so. || Was ist jetzt? || Kommst du nun endlich?",67
b1_2133,B1,nur,only,sadece,solo,nur 1.,,word,,,Im Kaufhaus gibt‘s T-Shirts für nur fünf Euro. || Ich habe keinen Hunger. || Ich möchte nur etwas trinken. || Ich habe nur heute Abend Zeit. || Kannst du mir Geld leihen? || Tut mir leid. || Ich habe nur fünf Euro dabei.,67
b1_2134,B1,"nutzen, nutzt, nutzte,","use, uses, used","kullanım, kullanımlar, kullanılmış","uso, usos, usado","nutzen, nutzt, nutzte,",,word,,hat genutzt,Ich möchte das schöne Wetter nutzen || und spazieren gehen.,67
b1_2135,B1,"nützen, nützt, nützte,","use, use, benefit","nützen, nützt, nützte,","uso, uso, beneficio","nützen, nützt, nützte,",,word,,hat genützt,Ich habe jeden Tag eine Tablette || genommen. || Aber es hat nichts genützt.,67
b1_2136,B1,nützlich,useful,kullanışlı,útil,nützlich,,adjective,,,Danke für den Tipp. || Das war sehr nützlich.,67
b1_2137,B1,ob,whether,ikisinden biri,si,ob,,conjunction,,,"Ich weiß noch nicht, ob ich kommen kann.",68
b1_2138,B1,oben,above,üstünde,arriba,oben 1.,,word,,,Wir wohnen oben im || Stock. || Die Butter liegt im Kühlschrank ganz oben.,68
b1_2139,B1,ober-,upper,üst,superior,ober-,,word,,,Die Wohnung im oberen Stockwerk ist vermietet.,68
b1_2140,B1,"→ der Ober, - (D, A)","→ the waiter, - (D, A)","→ garson, - (D, A)","→ el camarero, - (D, A)","→ der Ober, - (D, A)",,other,,,Ich bin Ober von Beruf.,68
b1_2141,B1,Kellner;,Waiter;,Garson;,Mesero;,Kellner;,,noun,,,,68
b1_2142,B1,CH: Serviceangestellter,CH: Service employee,CH: Servis çalışanı,CH: empleado de servicio,CH: Serviceangestellter,,noun,,,,68
b1_2143,B1,das/der (Schlag-)Obers (A),the (whipped) cream (A),(çırpılmış) krema (A),la nata (montada) (A),das/der (Schlag-)Obers (A),,word,,,Ich hätte gern ein Stück Torte mit,68
b1_2144,B1,→D: (Schlag-)Sahne; CH:,→D: (whipped) cream; CH:,→D: (çırpılmış) krema; :,→D: nata (montada); CH:,→D: (Schlag-)Sahne; CH:,,other,,,(Schlag-)Obers.,68
b1_2145,B1,(Schlag-)Rahm,(whipped) cream,(çırpılmış) krema,(crema batida,(Schlag-)Rahm,,other,,,,68
b1_2146,B1,"→CH: das Obst (D, A)","→CH: the fruit (D, A)","→CH: meyve (D, A)","→CH: el fruto (D, A)","→CH: das Obst (D, A)",,other,,,Obst kaufe ich am liebsten auf dem,68
b1_2147,B1,Früchte,fruit,meyve,fruta,Früchte,,noun,,,Markt.,68
b1_2148,B1,obwohl,although,rağmen,a pesar de,obwohl,,conjunction,,,"Obwohl meine Kollegin krank ist, geht sie arbeiten.",68
b1_2149,B1,oder,or,veya,o,oder 1.,,conjunction,,,Möchten Sie Kaffee oder Tee? || Entweder wir fahren mit dem Bus oder wir gehen zu Fuß.,68
b1_2150,B1,"der (Back-)Ofen, ¨- (D, CH)","the (baking) oven, ¨- (D, CH)","(pişirme) fırını, ¨- (D, CH)","el horno (de hornear), ¨- (D, CH)","der (Back-)Ofen, ¨- (D, CH)",der,noun,,,Ich habe gerade eine Pizza gemacht.,68
b1_2151,B1,→A: (Back-)Rohr,→A: (baking) pipe,→A: (pişirme) borusu,→A: tubo (para hornear),→A: (Back-)Rohr,,other,,,Sie ist ganz frisch aus dem Ofen.,68
b1_2152,B1,offen,open,açık,abierto,offen 1.,,word,,,"Komm rein. || Die Haustür ist offen. (A) (D: auf) || Ich glaube, der Supermarkt ist jetzt noch offen. || Im Sommer schlafe ich immer bei offenem Fenster. || Ich habe mit meinem Kollegen ganz offen über mein Problem gesprochen. || Einzelne Fragen sind noch offen.",68
b1_2153,B1,1. öffentlich,1. public,1. halka açık,1. público,1. öffentlich,,other,,,In der Stadt fahre ich immer mit öffentlichen Verkehrsmitteln. || In öffentlichen Gebäuden darf man nicht rauchen.,68
b1_2154,B1,Öffentlichkeit1. die,Public1. the,Kamu1. the,Público1. el,Öffentlichkeit1. die,,noun,,,Von solchen Dingen erfährt die Öffentlichkeit nur selten. || Ich möchte in der Öffentlichkeit nicht streiten.,68
b1_2155,B1,"veröffentlichen, veröf-","publish, publish","yayınlamak, yayınlamak","publicar, publicar","veröffentlichen, veröf-",,word,,,Das Buch wurde gestern veröffentlicht.,68
b1_2156,B1,"fentlicht, veröffentlichte,","publicized, published","duyurulan, yayınlanan","publicitado, publicado","fentlicht, veröffentlichte,",,word,,hat veröffentlicht,,68
b1_2157,B1,offenbar,apparently,görünüşe göre,aparentemente,offenbar,,adjective,,,Das Restaurant ist heute offenbar geschlossen.,68
b1_2158,B1,offiziell,officially,resmen,oficialmente,offiziell,,word,,,Sie bekommen von uns eine offizielle Einladung.,68
b1_2159,B1,"öffnen, öffnet, öffnete,","open, opens, opened","açık, açılır, açıldı","abierto, abre, abierto","öffnen, öffnet, öffnete, 1.",,word,,hat geöffnet,Wann öffnen die Geschäfte? || Kannst du bitte das Fenster öffnen? || Kannst Du mir helfen? || Ich kann die Dose nicht öffnen. || Du öffnest die Datei mit einem Doppelklick. || Der Laden ist samstags bis 16 Uhr geöffnet.,68
b1_2160,B1,oft/öfter,often/more often,sık sık/daha sık,a menudo/más a menudo,oft/öfter 1.,,word,,,Ich treffe mich oft mit meiner Freundin. || In letzter Zeit muss ich öfter Überstunden machen.,68
b1_2161,B1,ohne,without,olmadan,sin,ohne 1.,,preposition,,,"Bitte eine Pizza ohne Zwiebeln. || Ohne Auto ist es schwer, zur Arbeit zu kommen. || Mein Sohn ist einfach mit dem Auto weggefahren, ohne mich zu fragen. || In diesem Haus kann man nichts machen, ohne dass die Nachbarn darüber reden.",68
b1_2162,B1,"das Ohr, -en","das Ohr, -en","kulak, -tr",la oreja,"das Ohr, -en 1.",das,noun,-en 1.,,Ich habe Ohrenschmerzen. || Das Baby hat aber kleine Ohren!,68
b1_2163,B1,Öko- (ökologisch),eco- (ecological),eko- (ekolojik),eco- (ecológico),Öko- (ökologisch),,noun,,,"z.B. || Ökoladen, Ökostrom, ökologischer Anbau",68
b1_2164,B1,"das Öl, -e","the oil, -e","yağ, -e","el aceite, -e","das Öl, -e 1.",das,noun,-e 1.,,Es fehlt Öl am Salat. || Wir heizen mit Öl. || Können Sie bei meinem Auto bitte das Öl kontrollieren?,68
b1_2165,B1,"die Oma, -s","die Oma, -s","büyükanne, -s","la abuela, -s","die Oma, -s",die,noun,-s,,Meine Oma ist achtzig Jahre alt geworden.,68
b1_2166,B1,"der Onkel, -","the uncle, -","amca, -","el tio, -","der Onkel, -",der,noun,-,,Nächste Woche fahre ich zu meinem Onkel nach Berlin.,68
b1_2167,B1,"der Opa, -s","the grandfather, -s","büyükbaba, -s","el abuelo, -s","der Opa, -s",der,noun,-s,,Mein Opa heißt Hans.,68
b1_2168,B1,"die Oper, -n","the opera, -n","opera, -n","la ópera, -n","die Oper, -n 1.",die,noun,-n 1.,,Ich mag Opern. || Warst du schon mal in der Oper?,68
b1_2169,B1,"operieren, operiert,","operate, operate","işletmek, işletmek","operar, operar","operieren, operiert,",,word,,,Wir müssen das Knie sofort operieren.,68
b1_2170,B1,"operierte, hat operiert","operated, has operated","çalıştırıldı, çalıştırıldı","operado, ha operado","operierte, hat operiert",,word,,,,68
b1_2171,B1,"die Operation, -en","the operation, -en","işlem, -tr","la operación, -es","die Operation, -en",die,noun,-en,,Seit der Operation kann ich mein Knie nicht mehr bewegen.,68
b1_2172,B1,"das Opfer, -","the victim, -","kurban, -","la víctima, -","das Opfer, -",das,noun,-,,Bei der Schiffskatastrophe gab es viele Opfer.,68
b1_2173,B1,optimistisch,optimistic,iyimser,optimista,optimistisch,,adjective,,,"Glaubst du, dass du den Job bekommst. || – Ja, ich bin ganz optimistisch.",68
b1_2174,B1,"die Orange, -n","the orange, -n","turuncu, -n","la naranja, -n","die Orange, -n",die,noun,-n,,Ich esse gern Orangen.,68
b1_2175,B1,"das Orchester, -","the orchestra, -","orkestra, -","la orquesta, -","das Orchester, -",das,noun,-,,Auf unserer Hochzeit hat ein kleines Orchester gespielt.,68
b1_2176,B1,ordentlich,orderly,düzenli,ordenado,ordentlich 1.,,adjective,,,Mein Bruder ist ein sehr ordentlicher Mensch. || Auf seinem Schreibtisch sieht es immer sehr ordentlich aus.,69
b1_2177,B1,"die Ordination, -en (A) →","the ordination, -en (A) →","koordinasyon, -en (A) →","la ordenación, -en (A) →","die Ordination, -en (A) →",die,noun,-en (A) →,,Die Ordination bleibt bis zum || Jänner,69
b1_2178,B1,Praxis,Practice,Pratik,Práctica,Praxis,,noun,,,geschlossen.,69
b1_2179,B1,"die Ordination, -en (A) →","the ordination, -en (A) →","koordinasyon, -en (A) →","la ordenación, -en (A) →","die Ordination, -en (A) →",die,noun,-en (A) →,,Frau Dr. || Berger hat von 8 bis 12 Uhr,69
b1_2180,B1,Sprechstunde,Consultation hours,Danışma saatleri,Horario de consulta,Sprechstunde,,noun,,,Ordination.,69
b1_2181,B1,"ordnen, ordnet, ordnete,","arrange, arrange, arrange","düzenlemek, düzenlemek, düzenlemek","arreglar, arreglar, arreglar","ordnen, ordnet, ordnete,",,word,,hat geordnet,Letztes Wochenende habe ich meine || Papiere geordnet.,69
b1_2182,B1,"der Ordner, -","the folder, -","klasör, -","la carpeta, -","der Ordner, -",der,noun,-,,Für meine Übungen im Deutschkurs habe ich mir einen Ordner gekauft.,69
b1_2183,B1,die Ordnung1.,the order1.,sipariş1.,el pedido1.,die Ordnung1.,die,noun,,,Mach mal etwas Ordnung in deinem Zimmer! || Bitte beachten Sie die Hausordnung. || Mit dem Motor ist etwas nicht in Ordnung.,69
b1_2184,B1,"organisieren, organisiert,","organize, organized","organize etmek, organize etmek","organizar, organizado","organisieren, organisiert,",,word,,,Für den nächsten Sommerurlaub habe,69
b1_2185,B1,"organisierte,",organized,organize edilmiş,organizado,"organisierte,",,word,,hat organisiert,ich schon alles organisiert.,69
b1_2186,B1,"die Organisation, -en1.","the organization, -en1.","organizasyon, -tr1.","la organización, -en1.","die Organisation, -en1.",die,noun,-en1.,,Die Organisation des Festes war sehr gut. || Sind Sie Mitglied in einer Organisation?,69
b1_2187,B1,"das Original, -e","the original, -e","orijinal, -e","el original, -e","das Original, -e",das,noun,-e,,Das Original ist für Sie. || Wir bekommen die Kopie.,69
b1_2188,B1,original,original,orijinal,original,original,,word,,,Ich muss das originale Dokument abgeben.,69
b1_2189,B1,"der Ort, -e","der Ort, -e","yer, -e","el lugar, -e","der Ort, -e",der,noun,-e,,Vergessen Sie Ort und Datum nicht.,69
b1_2190,B1,"der Vorort, -e","the suburb, -e","banliyö, -e","el suburbio, -e","der Vorort, -e",der,noun,-e,,Mein Bruder wohnt in einem Vorort von Hamburg.,69
b1_2191,B1,"der Wohnort, -e","the place of residence, -e","ikamet yeri, -e","el lugar de residencia, -e","der Wohnort, -e",der,noun,-e,,Tragen Sie bitte auch Ihren Wohnort ein.,69
b1_2192,B1,"der Ozean, -e","the ocean, -e","okyanus, -e","el océano, -e","der Ozean, -e",der,noun,-e,,Dieses Schiff fährt über den Atlantis- chen Ozean.,69
b1_2193,B1,(ein) paar,(a couple,(bir çift,(una pareja,(ein) paar 1.,,word,,,Ich komme gleich. || Es dauert nur ein paar Minuten. || Wir fahren mit ein paar Freunden in Urlaub.,69
b1_2194,B1,"das Paar, -e","the couple, -e","çift, -e","la pareja, -e","das Paar, -e 1.",das,noun,-e 1.,,Ina und Pedro sind ein Paar. || Gestern habe ich mir ein Paar neue Schuhe gekauft.,69
b1_2195,B1,"packen, packt, packte,","pack, pack, packed","paketlemek, paketlemek, paketlenmiş","empacar, empacar, empacar","packen, packt, packte,",,word,,hat gepackt,Ich muss noch meinen Koffer packen.,69
b1_2196,B1,"das Paket, -e","the package, -e","paket, -e","el paquete, -e","das Paket, -e",das,noun,-e,,Hast du das Paket zur Post gebracht?,69
b1_2197,B1,"die Panne, -n","the breakdown, -n","döküm, -n","el desglose, -n","die Panne, -n 1.",die,noun,-n 1.,,"Kurz vor München hatten wir eine Panne mit dem Auto. || Die Reise war schlecht organisiert, es gab mehrere Pannen.",69
b1_2198,B1,"das Papier, -e","the paper, -e","kağıt, -e","el papel, -e","das Papier, -e 1.",das,noun,-e 1.,,Hast du ein Blatt Papier für mich? || Bitte bringen Sie zu dem Termin alle Papiere mit.,69
b1_2199,B1,"→To- der Paradeiser, - (A)","→To- the tomato, - (A)","→Domatese, - (A)","→A- el tomate, - (A)","→To- der Paradeiser, - (A)",,other,,,Kauf bitte noch Paradeiser auf dem,69
b1_2200,B1,mate,mate,mat,compañero,mate,,word,,,Markt.,69
b1_2201,B1,parallel,parallel,paralel,paralelo,parallel,,word,,,Die Goethestraße ist parallel zur Hauptstraße.,69
b1_2202,B1,"das Parfüm, -s","the perfume, -s","parfüm, -s","el perfume, -s","das Parfüm, -s",das,noun,-s,,Zum Geburtstag habe ich von meinem Mann ein Parfüm bekommen.,69
b1_2203,B1,"der Park, -s","the park, -s","park, -s","el parque, -s","der Park, -s",der,noun,-s,,Ich gehe gern im Park spazieren.,69
b1_2204,B1,"parken, parkt, parkte, hat","park, park, parked, has","park, park, park edilmiş, var","parque, parque, estacionado, tiene","parken, parkt, parkte, hat 1.",,word,,,Hier dürfen Sie nicht parken.,69
b1_2205,B1,"→CH: geparkt (D, A)","→CH: parked (D, A)","→CH: park edilmiş (D, A)","→CH: estacionado (D, A)","→CH: geparkt (D, A) 2.",,other,,,Hier ist das Parken verboten.,69
b1_2206,B1,parkieren,park,park,parque,parkieren,,verb,,,,69
b1_2207,B1,"parkieren, parkiert,","park, parked","park, park edilmiş","parque, estacionado","parkieren, parkiert, 1.",,word,,,Hier dürfen Sie nicht parkieren.,69
b1_2208,B1,"parkierte, hat parkiert","parked, parked","park edilmiş, park edilmiş","estacionado, estacionado","parkierte, hat parkiert 2.",,word,,,Hier ist das Parkieren verboten.,69
b1_2209,B1,→D,→D,→D,→D,"→D, (CH) A: parken",,verb,,(CH) A: parken,,69
b1_2210,B1,"der Partner, -","the partner, -","ortak, -","el socio, -","der Partner, - 1.",der,noun,- 1.,,Wir haben das Geschäft zusammen.,69
b1_2211,B1,"die Partnerin, -nen","the partner, -nen","ortak, -nen","el socio, -nen","die Partnerin, -nen",die,noun,-nen,,Wir sind Partner. || Beide Partner kümmern sich um die Kinder. || Herr Aydin ist mein Geschäftspartner.,69
b1_2212,B1,"die Party, -s","the party, -s","parti, -s","la fiesta, -s","die Party, -s",die,noun,-s,,Letzte Woche war ich auf einer Geburtstagsparty.,69
b1_2213,B1,"der Pass, ¨-e","the passport, ¨-e","pasaport, ¨-e","el pasaporte, ¨-e","der Pass, ¨-e 1.",der,noun,¨-e 1.,,Ich muss meinen Pass verlängern lassen. || Im Hotel brauchst du bei der Anmeldung deinen Pass.,69
b1_2214,B1,"der Passagier, -e","the passenger, -e","yolcu, -e","el pasajero, -e","der Passagier, -e",der,noun,-e,,Die Passagiere Schulz und Kaufmann,69
b1_2215,B1,"die Passagierin, -nen","the passenger, -nen","yolcu, -nen","el pasajero, -nen","die Passagierin, -nen",die,noun,-nen,,sollen bitte zur Information kommen.,69
b1_2216,B1,"passen, passt, passte,","fit, fit, fit","uygun, uygun, uygun","encajar, encajar, encajar","passen, passt, passte, 1.",,word,,hat gepasst,Der Pullover passt mir nicht mehr. || Wann soll ich kommen? || Passt es Ihnen morgen Abend? || Passt das T-Shirt zu diesem Rock?,69
b1_2217,B1,"passieren, passiert,","happen, happens","olur, olur","sucede, sucede","passieren, passiert, 1.",,word,,,Entschuldigung! || – Kein Problem. || Es ist,69
b1_2218,B1,"passierte, ist passiert","happened, happened","oldu, oldu","sucedió, sucedió","passierte, ist passiert",,word,,,nichts passiert. || Wie ist der Unfall passiert? || Man hat mir die Brieftasche gestohlen. || – Das ist mir auch schon passiert.,69
b1_2219,B1,passiv,passive,pasif,pasivo,passiv,,word,,,"Man sollte im Kurs nicht passiv sein, sondern mitdiskutieren.",69
b1_2220,B1,"der Patient, -en","the patient, -en","hasta, -tr","el paciente, -es","der Patient, -en",der,noun,-en,,Ich bin Patientin bei Dr. || Hausner. || Ich,70
b1_2221,B1,"die Patientin, -nen","the patient, -nen","hasta, -nen","el paciente, -nen","die Patientin, -nen",die,noun,-nen,,möchte bitte einen Termin.,70
b1_2222,B1,pauschal,lump sum,Toptan,suma global,pauschal,,word,,,Sie haben die Reise pauschal gebucht.,70
b1_2223,B1,"die Pause, -n","the break, -n","mola, -n","el descanso, -n","die Pause, -n",die,noun,-n,,Wir machen zehn Minuten Pause.,70
b1_2224,B1,das Pech,the bad luck,kötü şans,la mala suerte,das Pech 1.,das,noun,,,Es regnet. || Unser Picknick fällt leider aus. || – So ein Pech! || Wir hatten im Urlaub Pech mit dem Wetter.,70
b1_2225,B1,peinlich,awkward,garip,extraño,peinlich 1.,,adjective,,,Das muss dir nicht peinlich sein. || Das war eine peinliche Situation.,70
b1_2226,B1,"die Pension, -en","the guesthouse, -en","misafirhane, -tr","la casa de huéspedes, -es","die Pension, -en",die,noun,-en,,Im Urlaub haben wir in einer kleinen Pension gewohnt.,70
b1_2227,B1,"→ die Pension, -en (A, CH)","→ the pension, -en (A, CH)","→ emekli maaşı, -en (A, CH)","→ la pensión, -en (A, CH)","→ die Pension, -en (A, CH)",,other,,,Sie ist 67 und bekommt jetzt eine gute,70
b1_2228,B1,"D, CH: Rente","D, CH: pension","D, CH: emeklilik","D, CH: pensión","D, CH: Rente",,noun,,,Pension.,70
b1_2229,B1,"in Pension gehen/sein (D,1.","go/be retired (D,1.","git/emekli ol (D,1.","ir/estar jubilado (D,1.","in Pension gehen/sein (D,1.",,preposition,,,Ich gehe Ende des Jahres in Pension.,70
b1_2230,B1,→D: A) in Rente2.,→D: A) retired2.,→D: A) emekli2.,→D: A) jubilado2.,→D: A) in Rente2.,,other,,,Mein Nachbar ist seit zehn Jahren in,70
b1_2231,B1,"gehen/sein; D, CH: pen-","go/be; D, CH: pen-","git/ol; D, CH: kalem-","ir/estar; D, CH: pluma-","gehen/sein; D, CH: pen-",,word,,,Pension.,70
b1_2232,B1,sioniert werden/sein,to be/be sioned,olmak / olmak,estar / estar sionado,sioniert werden/sein,,word,,,,70
b1_2233,B1,pensioniert werden/sein1.,to be/be retired1.,emekli olmak/olmak1.,estar/estar jubilado1.,pensioniert werden/sein1.,,word,,,Ich werde Ende des Jahres pensioniert.,70
b1_2234,B1,"(D, CH) →D, A: in Pension2.","(D, CH) →D, A: retired2.","(D, CH) →D, A: emekli2.","(D, CH) →D, A: retirado2.","(D, CH) →D, A: in Pension2.",,other,,,Mein Nachbar ist seit zehn Jahren pen-,70
b1_2235,B1,gehen/sein; D: in Rente,go/be; D: retired,git/ol; D: emekli,ir/estar; D: jubilado,gehen/sein; D: in Rente,,word,,,sioniert.,70
b1_2236,B1,gehen/sein,go/be,git/ol,ir/estar,gehen/sein,,word,,,,70
b1_2237,B1,"der Pensionist, -en / die","the pensioner, -en/the","emekli, -tr/the","el pensionista, -en/la","der Pensionist, -en / die",der,noun,-en / die,,Meine Großmutter arbeitet nicht mehr.,70
b1_2238,B1,"Pensionistin, -nen (A) →D,","Pensionistin, -nen (A) →D,","Emekli, -nen (A) →D","Pensionista, -nen (A) →D","Pensionistin, -nen (A) →D,",,noun,,,Sie ist Pensionistin.,70
b1_2239,B1,CH: Rentner,CH: Pensioner,CH: Emekli,CH: Pensionista,CH: Rentner,,noun,,,,70
b1_2240,B1,per,by,ile,por,per,,word,,,Wie kann ich mich für den Kurs anmelden? || – Per Fax oder E-Mail.,70
b1_2241,B1,perfekt,perfect,mükemmel,perfecto,perfekt,,word,,,Die Reiseorganisation war perfekt.,70
b1_2242,B1,"der Perron, -s (CH) →D, A:","the platform, -s (CH) →D, A:","platform, -s (CH) →D, A:","la plataforma, -s (CH) →D, A:","der Perron, -s (CH) →D, A:",der,noun,"-s (CH) →D, A:",,Auf Hauptbahnhöfen gibt es meist,70
b1_2243,B1,Bahnsteig,platform,platformu,plataforma,Bahnsteig,,noun,,,viele Perrons.,70
b1_2244,B1,"die Person, -en","the person, -s","kişi, -s","la persona, -s","die Person, -en",die,noun,-en,,Eintritt pro Person: 2 Euro.,70
b1_2245,B1,persönlich1.,personal1.,kişisel1.,personal1.,persönlich1.,,word,,,Hier gibt es zu viele Autos. || Das ist meine persönliche Meinung. || Ich muss Herrn Meier persönlich sprechen.,70
b1_2246,B1,die Personalien (Pl.),the personal details (pl.),kişisel ayrıntılar (pl.),los datos personales (pl.),die Personalien (Pl.),die,noun,,,Mein Kollege wird Ihre Personalien aufnehmen.,70
b1_2247,B1,"der Personenstand →D, A:","civil status →D, A:","Medeni durum →D, A:","estado civil →D, A:","der Personenstand →D, A:",der,noun,,,Bei „Personenstand“ musst du „ledig“,70
b1_2248,B1,Familienstand;,Marital status;,Medeni durum;,Estado civil;,Familienstand;,,noun,,,ankreuzen.,70
b1_2249,B1,CH: Zivilstand,CH: Marital status,CH: Medeni durum,CH: Estado civil,CH: Zivilstand,,noun,,,,70
b1_2250,B1,das Personal,the staff,personel,el personal,das Personal,das,noun,,,Dieser Eingang ist nur für das Personal.,70
b1_2251,B1,"die Pfanne, -n (CH) →D, A:","the pan, -n (CH) →D, A:","tava, -n (CH) →D, A:","la sartén, -n (CH) →D, A:","die Pfanne, -n (CH) →D, A:",die,noun,"-n (CH) →D, A:",,Hast du keine größere Pfanne? || Ich,70
b1_2252,B1,Topf,Pot,saksı,Olla,Topf,,noun,,,möchte Kartoffeln kochen.,70
b1_2253,B1,der Pfeffer,the pepper,biber,la pimienta,der Pfeffer,der,noun,,,Bringen Sie uns bitte Pfeffer und Salz.,70
b1_2254,B1,"pflanzen, pflanzt,","plant, plant","bitki, bitki","planta, planta","pflanzen, pflanzt,",,word,,,Lass uns einen Baum pflanzen!,70
b1_2255,B1,"pflanzte, hat gepflanzt","planted, has planted","ekildi, dikildi","plantó, ha plantado","pflanzte, hat gepflanzt",,word,,,,70
b1_2256,B1,"die Pflanze, -n","the plant, -n","bitki, -n","la planta, -n","die Pflanze, -n",die,noun,-n,,"Wenn wir im Urlaub sind, gießt die Nachbarin unsere Pflanzen.",70
b1_2257,B1,"das Pflaster, -","the pavement, -","kaldırım, -","el pavimento, -","das Pflaster, -",das,noun,-,,Hast du ein Pflaster? || Ich habe mich geschnitten.,70
b1_2258,B1,"die Pflaume, -n","the plum, -n","erik, -n","la ciruela, -n","die Pflaume, -n",die,noun,-n,,Ich esse gern Pflaumen und noch lieber Pflaumenkuchen.,70
b1_2259,B1,"pflegen, pflegt, pflegte,","nurture, nurture, nurture","yetiştirmek, yetiştirmek, yetiştirmek","nutrir, nutrir, nutrir","pflegen, pflegt, pflegte,",,word,,hat gepflegt,Meine Mutter ist sehr krank. || Ich muss || sie pflegen.,70
b1_2260,B1,"der Pfleger, -","the nurse, -","hemşire, -","la enfermera, -","der Pfleger, -",der,noun,-,,Meine Freundin ist Pflegerin in einem,70
b1_2261,B1,"die Pflegerin, -nen","the nurse, -nen","die Pflegerin, -nen","la enfermera, -nen","die Pflegerin, -nen",die,noun,-nen,,Altersheim.,70
b1_2262,B1,"die Pflicht, -en","the duty, -en","görev, -tr",el deber,"die Pflicht, -en",die,noun,-en,,Als Autofahrer müssen Sie eine Versicherung haben. || Das ist Pflicht.,70
b1_2263,B1,"die Phantasie/Fantasie, -n","the fantasy/fantasy, -n","fantezi/fantezi, -n","la fantasía/fantasía, -n","die Phantasie/Fantasie, -n",die,noun,-n,,Mein Sohn malt sehr gut. || Er hat viel Phantasie.,70
b1_2264,B1,"das Picknick, -s","the picnic, -s","piknik, -s","el picnic, -s","das Picknick, -s",das,noun,-s,,Am Sonntag machen wir ein Picknick.,70
b1_2265,B1,"die Pille, -n","the pill, -n","hap, -n","la pastilla, -n","die Pille, -n",die,noun,-n,,Der Arzt hat mir neue Pillen verschrieben.,70
b1_2266,B1,"→ der Pilz, -e","→ the mushroom, -e","→ mantar, -e","→ el hongo, -e","→ der Pilz, -e",,other,,,Haben Sie frische Pilze?,70
b1_2267,B1,A: Schwammerl,A: Mushroom,C: Mantar,R: Hongo,A: Schwammerl,,noun,,,,70
b1_2268,B1,"die Pizza, -s/Pizzen","the pizza, -s/pizzas","pizza, -s/pizzalar","la pizza, -s/pizzas","die Pizza, -s/Pizzen",die,noun,-s/Pizzen,,Lass uns eine Pizza bestellen!,70
b1_2269,B1,"das Plakat, -e","the poster, -e","poster, -e","el cartel, -e","das Plakat, -e",das,noun,-e,,Im Unterricht haben wir ein Plakat gemacht.,70
b1_2270,B1,"planen, plant, plante,","plan, plan, plan","planla, planla, planla","planificar, planificar, planificar","planen, plant, plante, 1.",,word,,hat geplant,"Wir haben geplant, diesmal im Urlaub || nach Österreich zu fahren. || Unser Familientreffen ist für Juni geplant.",70
b1_2271,B1,"der Plan, ¨-e1.","the plan, ¨-e1.","plan, ¨-e1.","el plan, ¨-e1.","der Plan, ¨-e1.",der,noun,¨-e1.,,"Was macht ihr im Sommer? || – Ich weiß noch nicht, wir haben noch keine Pläne. || Haben Sie einen Plan von Berlin?",70
b1_2272,B1,"die Planung, -en","the planning, -s","planlama, -s","la planificación, -s","die Planung, -en",die,noun,-en,,Unsere Planung für das Sommerfest steht schon lange.,70
b1_2273,B1,das Plastik,the plastic,plastik,el plastico,das Plastik,das,noun,,,Was für ein Spielzeug möchten Sie? || Aus Plastik oder aus Holz?,70
b1_2274,B1,"der Platz, ¨-e","the place, ¨-e","yer, ¨-e","el lugar, ¨-e","der Platz, ¨-e 1.",der,noun,¨-e 1.,,"In unserer Wohnung haben wir nicht genug Platz. || Ist dieser Platz noch frei? || Nehmen Sie bitte Platz. || Die Post ist auf dem Platz, direkt am Markt.",70
b1_2275,B1,plötzlich,suddenly,Birden,de repente,plötzlich,,adjective,,,Es war zuerst so schön. || Plötzlich hat es angefangen zu regnen.,70
b1_2276,B1,die Politik,the politics,siyaset,la politica,die Politik,die,noun,,,Ich interessiere mich nicht für Politik.,71
b1_2277,B1,"der Politiker, -","der Politiker, -","politikacı, -","el político, -","der Politiker, -",der,noun,-,,"Weißt du, wie dieser Politiker heißt?",71
b1_2278,B1,"die Politikerin, -nen","the politician, -nen","politikacı, -nen","el político, -nen","die Politikerin, -nen",die,noun,-nen,,,71
b1_2279,B1,politisch1.,political1.,politik1.,político1.,politisch1.,,word,,,Ich diskutiere mit meinem Mann oft über politische Probleme. || Die politischen Meinungen zum Thema Umwelt sind sehr verschieden.,71
b1_2280,B1,die Polizei,the police,polis,la policia,die Polizei 1.,die,noun,,,Rufen Sie bitte die Polizei. || Er arbeitet bei der Polizei.,71
b1_2281,B1,"der Polizist, -en","the policeman, -en","polis, -tr","el policía, -es","der Polizist, -en",der,noun,-en,,Die Ampel war kaputt. || Ein Polizist hat,71
b1_2282,B1,"die Polizistin, -nen","the policewoman, -nen","kadın polis, -nen","la mujer policia, -nen","die Polizistin, -nen",die,noun,-nen,,den Verkehr geregelt.,71
b1_2283,B1,die Pommes frites (Pl.),the French fries (pl.),patates kızartması (pl.),las patatas fritas (pl.),die Pommes frites (Pl.),die,noun,,,Die Kinder essen gern Würstchen mit Pommes frites.,71
b1_2284,B1,populär,popular,popüler,popular,populär,,word,,,Diese Musik ist bei Jugendlichen populär.,71
b1_2285,B1,das Portemonnaie/Port-,the wallet/port-,cüzdan/port-,la billetera/puerto-,das Portemonnaie/Port-,das,noun,,,Ich habe nur Kleingeld in meinem,71
b1_2286,B1,"monee, -s (D, CH) →Brief-","monee, -s (D, CH) →letter-","para, -s (D, CH) →harf-","dinero, -s (D, CH) →letra-","monee, -s (D, CH) →Brief-",,word,,,Portemonnaie.,71
b1_2287,B1,tasche; A: Geldbörse,bag; A: Wallet,çanta; C: Cüzdan,bolsa; R: billetera,tasche; A: Geldbörse,,word,,,,71
b1_2288,B1,"die Portion, -en","the portion, -en","kısım, -tr","la porción, -en","die Portion, -en",die,noun,-en,,"Bitte, eine große Portion Sahne!",71
b1_2289,B1,positiv,positive,pozitif,positivo,positiv 1.,,word,,,Wir haben eine positive Nachricht für Sie. || Sie bekommen die Stelle. || Man muss positiv denken.,71
b1_2290,B1,die Post,the post,gönderi,la publicación,die Post 1.,die,noun,,,Die Post macht erst um 8 Uhr auf. || Meine Frau arbeitet bei der Post. || Ist Post für mich da?,71
b1_2291,B1,"die Postleitzahl, -en","the postal code, -en","posta kodu, -en","el código postal, -en","die Postleitzahl, -en",die,noun,-en,,Weißt du die Postleitzahl der Kollwitzstraße in Berlin?,71
b1_2292,B1,"der Pöstler, - / die Pöst-","the postman, - / the postal service","postacı, - / posta servisi","el cartero, - / el servicio postal","der Pöstler, - / die Pöst-",der,noun,- / die Pöst-,,War die Pöstlerin schon da?,71
b1_2293,B1,"lerin, -nen (CH) →","lerin, -nen (CH) →","lerin, -nen (CH) →","lerin, -nen (CH) →","lerin, -nen (CH) →",,word,,,,71
b1_2294,B1,Briefträger,Postman,Postacı,Cartero,Briefträger,,noun,,,,71
b1_2295,B1,"das Poulet, -s (CH) →D:","the chicken, -s (CH) →D:","tavuk, -s (CH) →D:","el pollo, -s (CH) →D:","das Poulet, -s (CH) →D:",das,noun,-s (CH) →D:,,Zum Mittagessen gibt es Poulet mit,71
b1_2296,B1,Hähnchen/Hühnchen; A:,chicken/chicken; A:,tavuk/tavuk; A:,pollo/pollo; A:,Hähnchen/Hühnchen; A:,,noun,,,Reis.,71
b1_2297,B1,Hend(e)l,Hend(e)l,Hend(e)l,hend(e)l,Hend(e)l,,noun,,,,71
b1_2298,B1,"das Praktikum, Praktika","the internship, internships","staj, stajlar","la pasantía, pasantías","das Praktikum, Praktika",das,noun,Praktika,,Ich mache diesen Sommer drei Monate ein Praktikum bei einer Firma.,71
b1_2299,B1,"der Praktikant, -en","the intern, -en","stajyer, -tr",el interno,"der Praktikant, -en",der,noun,-en,,Bei dieser Firma habe ich zwei Jahre,71
b1_2300,B1,"die Praktikantin, -nen","the intern, -nen","stajyer, -nen","el interno, -nen","die Praktikantin, -nen",die,noun,-nen,,als Praktikantin gearbeitet.,71
b1_2301,B1,praktisch,practical,pratik,práctico,praktisch 1.,,adjective,,,"Ich finde diese Küchenmaschine sehr praktisch. || Ich habe letzte Woche den Führerschein gemacht. || Jetzt fehlt mir noch praktische Erfahrung. || Dieses Handy kann praktisch alles, was ein Computer kann.",71
b1_2302,B1,präsentieren,present,Sunmak,presente,präsentieren,,verb,,,Präsentieren Sie Ihre Ergebnisse bitte im Kurs.,71
b1_2303,B1,"die Präsentation, -en","the presentation, -en","sunum, -tr","la presentación, -es","die Präsentation, -en",die,noun,-en,,Die Schülerin hat für ihre Präsentation eine gute Note bekommen.,71
b1_2304,B1,die Praxis,the practice,pratik,la practica,die Praxis,die,noun,,,Das ist die Theorie. || In der Praxis ist vieles ganz anders.,71
b1_2305,B1,→A: die Praxis,→A: the practice,→A: uygulama,→A: la práctica,"→A: die Praxis, Praxen",,verb,,Praxen,Die Arztpraxis bleibt bis zum || Januar,71
b1_2306,B1,Ordination,ordination,koordinasyon,ordenación,Ordination,,noun,,,geschlossen.,71
b1_2307,B1,"der Preis, -e","the price, -e","fiyat, -e","el precio, -e","der Preis, -e 1.",der,noun,-e 1.,,Die Preise sind schon wieder gestiegen. || Wer hat den ersten Preis gewonnen?,71
b1_2308,B1,preiswert,inexpensive,ucuz,barato,preiswert,,word,,,Die Jacke ist sehr preiswert.,71
b1_2309,B1,die Presse,the press,basın,la prensa,die Presse,die,noun,,,Darüber konnte sich jeder in der Presse informieren.,71
b1_2310,B1,prima,great,Harika,excelente,prima,,word,,,Mit diesen Leuten verstehe ich mich prima.,71
b1_2311,B1,privat,private,özel,privado,privat 1.,,word,,,Hier meine Nummer im Büro und meine private Nummer. || Über meine Probleme möchte ich nicht sprechen. || Das ist privat. || Ich treffe meine Arbeitskollegen auch privat.,71
b1_2312,B1,pro,per,başına,por,pro,,word,,,Eintritt pro Person: zwei Euro.,71
b1_2313,B1,"probieren, probiert,","try, tried","dene, denedim","intentarlo, intentarlo","probieren, probiert, 1.",,word,,,Haben Sie dieses Waschmittel schon,71
b1_2314,B1,"probierte, hat probiert","tried, tried","denedim, denedim","probado, probado","probierte, hat probiert",,word,,,"einmal probiert? || Ich habe probiert, die Zeitung zu lesen, aber es war zu schwer. || Darf ich die Schuhe anprobieren?",71
b1_2315,B1,"probieren, probiert,","try, tried","dene, denedim","intentarlo, intentarlo","probieren, probiert,",,word,,,Möchten Sie den Käse mal probieren?,71
b1_2316,B1,"probierte, hat probiert (D,","tried, has tried (D","denedim, denedim (D","probado, ha probado (D","probierte, hat probiert (D,",,word,,,,71
b1_2317,B1,→A: CH) kosten,→A: CH) costs,→A: CH) maliyetleri,→A: CH) costos,→A: CH) kosten,,verb,,,,71
b1_2318,B1,"das Problem, -e","the problem, -e","sorun, -e","el problema, -e","das Problem, -e",das,noun,-e,,José spricht nicht gern über seine Probleme.,71
b1_2319,B1,"produzieren, produziert,","produce, produced","produzieren, produziert,","producir, producido","produzieren, produziert,",,word,,,Unsere Firma produziert Feuerzeuge.,71
b1_2320,B1,"produzierte,",produced,üretilmiş,producido,"produzierte,",,word,,hat produziert,,71
b1_2321,B1,"das Produkt, -e1.","the product, -e1.","çarpım, -e1.","el producto, -e1.","das Produkt, -e1.",das,noun,-e1.,,"Unsere Produkte haben eine hohe Qualität. || Der Arzt sagt, ich soll keine fertigen Produkte essen.",71
b1_2322,B1,die Produktion,the production,üretim,la producción,die Produktion,die,noun,,,Die Produktion von Käse dauert oft viele Wochen.,71
b1_2323,B1,"der Professor, -en","the professor, -en","profesör, -tr",el profesor,"der Professor, -en",der,noun,-en,,Unsere Nachbarin ist Professorin an,71
b1_2324,B1,"die Professorin, -nen","the professor, -nen","profesör, -nen","el profesor, -nen","die Professorin, -nen",die,noun,-nen,,der Universität.,71
b1_2325,B1,"der Profi, -s","the professional, -s","profesyonel, -s","el profesional, -s","der Profi, -s",der,noun,-s,,Keine Angst. || Mein Bruder kann die Heizung bestimmt reparieren. || Er ist doch ein Profi.,71
b1_2326,B1,"der Profisportler, -","the professional athlete, -","profesyonel sporcu, -","el atleta profesional, -","der Profisportler, -",der,noun,-,,Mein Sohn möchte Profisportler,72
b1_2327,B1,"die Profisportlerin, -nen","the professional athlete, -nen","profesyonel atlet, -nen","el atleta profesional, -nen","die Profisportlerin, -nen",die,noun,-nen,,werden.,72
b1_2328,B1,"das Programm, -e","the program, -e","program, -e","el programa, -e","das Programm, -e 1.",das,noun,-e 1.,,Hast du schon ins Programm geguckt? || Gibt es heute im Fernsehen einen schönen Film? || Mit welchen Programmen arbeitest du am Computer?,72
b1_2329,B1,"das Projekt, -e","the project, -e","proje, -e","el proyecto, -e","das Projekt, -e",das,noun,-e,,Der Staat fördert Projekte für Kinder und Jugendliche.,72
b1_2330,B1,"der Prospekt, -e","the prospectus, -e","izahname, -e","el prospecto, -e","der Prospekt, -e",der,noun,-e,,Bitte schicken Sie mir einen Prospekt von Ihrem Hotel.,72
b1_2331,B1,Prost,Cheers,Şerefe,Salud,Prost,,noun,,,Wir trinken auf Ihre Gesundheit! || Prost!,72
b1_2332,B1,"protestieren, protestiert,","protest, protest","protesto, protesto","protesta, protesta","protestieren, protestiert,",,word,,,Wir protestieren gegen den Bau der,72
b1_2333,B1,"protestierte,",protested,protesto edildi,protestado,"protestierte,",,word,,hat protestiert,Autobahn.,72
b1_2334,B1,"der Protest, -e","the protest, -e","protesto, -e","la protesta, -e","der Protest, -e",der,noun,-e,,Alle Proteste haben nichts genützt.,72
b1_2335,B1,"der Prozess, -e","the process, -e","süreç, -e","el proceso, -e","der Prozess, -e",der,noun,-e,,Der Prozess wird direkt aus dem Gerichtssaal im Fernsehen übertragen.,72
b1_2336,B1,"prüfen, prüft, prüfte, hat","check, checks, checked, has","kontrol, kontroller, kontrol edildi, var","comprobar, cheques, comprobado, tiene","prüfen, prüft, prüfte, hat",,word,,,"Bitte prüfen Sie sofort, ob die",72
b1_2337,B1,geprüft,checked,kontrol edildi,comprobado,geprüft,,word,,,Rechnung stimmt.,72
b1_2338,B1,"die Prüfung, -en","the exam, -en","sınav, -tr","el examen, -es","die Prüfung, -en",die,noun,-en,,Mein Freund hat die Prüfung bestanden.,72
b1_2339,B1,das Publikum,the audience,seyirci,la audiencia,das Publikum,das,noun,,,Es war ein tolles Konzert. || Das Publikum war begeistert.,72
b1_2340,B1,"der Pullover, -","the sweater, -","kazak, -","el suéter, -","der Pullover, -",der,noun,-,,Ich habe mir einen Pullover gekauft.,72
b1_2341,B1,"der Punkt, -e","the point, -e","nokta, -e","el punto, -e","der Punkt, -e 1.",der,noun,-e 1.,,Das Konzert beginnt um Punkt 20 Uhr. || Beim letzten Satz fehlt der Punkt. || Diesen Punkt haben wir noch nicht be- sprochen.,72
b1_2342,B1,pünktlich1.,on time1.,zamanında1.,a tiempo1.,pünktlich1.,,word,,,Seien Sie bitte pünktlich. || Der Bus fährt pünktlich um acht Uhr.,72
b1_2343,B1,"die Puppe, -n","die Puppe, -n","oyuncak bebek, -n","la muñeca, -n","die Puppe, -n",die,noun,-n,,Unsere kleine Tochter bekommt zum Geburtstag eine Puppe.,72
b1_2344,B1,"putzen, putzt, putzte,","cleaning, cleaning, cleaning","temizlik, temizlik, temizlik","limpieza, limpieza, limpieza","putzen, putzt, putzte, 1.",,word,,hat geputzt,Ich muss heute noch die Wohnung || putzen. || Hast du dir schon die Zähne geputzt?,72
b1_2345,B1,"die Qualifikation, -en","the qualification, -en","yeterlilik, -tr","la calificación, -es","die Qualifikation, -en",die,noun,-en,,Für diese Arbeit haben Sie gute Qualifikationen.,72
b1_2346,B1,"die Qualität, -en","the quality, -en","kalite, -tr","la calidad, -es","die Qualität, -en",die,noun,-en,,"Für mich ist nicht nur der Preis wichtig, sondern auch die Qualität.",72
b1_2347,B1,"das Quartier, -e (CH) →D,","the quarter, -e (CH) →D","çeyrek, -e (CH) →D","el cuarto, -e (CH) →D","das Quartier, -e (CH) →D,",das,noun,"-e (CH) →D,",,Wir wohnen in einem schönen,72
b1_2348,B1,A: Viertel,A: Quarter,A: Çeyrek,R: Cuarto,A: Viertel,,noun,,,Quartier.,72
b1_2349,B1,quer,across,karşısında,al otro lado de,quer,,word,,,Ich muss zu meiner Arbeit quer durch die ganze Stadt fahren.,72
b1_2350,B1,"die Quittung, -en","the receipt, -s","makbuz, -s","el recibo, -s","die Quittung, -en",die,noun,-en,,Brauchen Sie eine Quittung?,72
b1_2351,B1,das Quiz,the quiz,sınav,el cuestionario,das Quiz,das,noun,,,Er hat beim Quiz gewonnen.,72
b1_2352,B1,"der Rabatt, -e","the discount, -e","indirim, -e","el descuento, -e","der Rabatt, -e",der,noun,-e,,Sie bekommen zehn Prozent Rabatt.,72
b1_2353,B1,"das Rad, ¨-er","the wheel, ¨-er","tekerlek, ¨-er","la rueda, ¨-er","das Rad, ¨-er",das,noun,¨-er,,Hast du noch ein Rad? || Ich bin durch Glas gefahren und jetzt ist mein Rad kaputt.,72
b1_2354,B1,"→ das Rad, ¨-er (D, A)","→ the wheel, ¨-er (D, A)","→ tekerlek, ¨-er (D, A)","→ la rueda, ¨-er (D, A)","→ das Rad, ¨-er (D, A) 1.",,other,,,Sie fährt jeden Morgen mit dem Rad,72
b1_2355,B1,Fahrrad; CH: Velo,Bicycle; CH: Bicycle,Bisiklet; CH: Bisiklet,Bicicleta; CH: Bicicleta,Fahrrad; CH: Velo,,noun,,,zur Arbeit. || Am Sonntag fahren wir oft Rad.,72
b1_2356,B1,"der Radfahrer, -","the cyclist, -","bisikletçi, -","el ciclista, -","der Radfahrer, -",der,noun,-,,Achtung! || Da kommt eine Radfahrerin.,72
b1_2357,B1,"die Radfahrerin, -nen","the cyclist, -nen","bisikletçi, -nen","el ciclista, -nen","die Radfahrerin, -nen",die,noun,-nen,,,72
b1_2358,B1,"das Radio, -s","the radio, -s","radyo, -s","la radio, -s","das Radio, -s 1.",das,noun,-s 1.,,Ich möchte mir ein neues Radio kaufen. || Ich höre gern Radio.,72
b1_2359,B1,der (Schlag-)Rahm (CH) →,the (whipped) cream (CH) →,(çırpılmış) krema (CH) →,la nata (montada) (CH) →,der (Schlag-)Rahm (CH) →,der,noun,,,Ich hätte gern ein Stück Torte mit,72
b1_2360,B1,"D: (Schlag-)Sahne,",D: (whipped) cream,D: (çırpılmış) krema,D: crema (batida),"D: (Schlag-)Sahne,",,noun,,,(Schlag-)Rahm.,72
b1_2361,B1,A: (Schlag-)Obers,A: (whipped) cream,A: (çırpılmış) krema,A: crema (batida),A: (Schlag-)Obers,,noun,,,,72
b1_2362,B1,"der Rand, ¨-er","the edge, ¨-er","kenar, ¨-er","el borde, ¨-er","der Rand, ¨-er",der,noun,¨-er,,Wir wohnen am Rand der Innenstadt. || Dort ist es billiger und ruhiger.,72
b1_2363,B1,"der Rasen, -","the lawn, -","çim, -","el césped, -","der Rasen, -",der,noun,-,,Bitte den Rasen nicht betreten!,72
b1_2364,B1,(sich) rasieren,(shave,(tıraş olmak,(afeitar,"(sich) rasieren, rasiert,",,verb,,"rasiert,",Dein Bart ist aber lang! || Du solltest dich,72
b1_2365,B1,"rasierte, hat rasiert","rasierte, hat rasiert","tıraş oldu, tıraş oldu","afeitado, se ha afeitado","rasierte, hat rasiert",,word,,,mal wieder rasieren.,72
b1_2366,B1,"raten, rät, riet,","advise, advise, advised","tavsiye etmek, tavsiye etmek, tavsiye etmek","aconsejar, aconsejar, aconsejar","raten, rät, riet, 1.",,word,,hat geraten,"Ich möchte billig Urlaub machen. || Was || raten Sie mir? || Rate mal, wen ich heute getroffen habe! || Deinen Lehrer.",72
b1_2367,B1,der Rat,the council,konsey,el consejo,der Rat,der,noun,,,Was soll ich machen? || Können Sie mir einen Rat geben?,72
b1_2368,B1,"Ratschlag, ¨-e","Advice, ¨-e","Tavsiye, ¨-e","Consejo, ¨-e","Ratschlag, ¨-e",,noun,,,Meine Tochter nimmt meine Ratschläge nicht an.,72
b1_2369,B1,"das Rätsel, -","the riddle, -","bilmece, -","el acertijo, -","das Rätsel, -",das,noun,-,,Ich kann dieses Rätsel nicht lösen.,72
b1_2370,B1,"das Rathaus, ¨-er","the town hall, ¨-er","belediye binası, ¨-er","el ayuntamiento, ¨-er","das Rathaus, ¨-er 1.",das,noun,¨-er 1.,,Hier links sehen Sie das Rathaus. || Die Wahl findet im Rathaus statt.,72
b1_2371,B1,"rauchen, raucht, rauchte,","smoke, smokes, smoked","duman, sigara içiyor, tütsülenmiş","fumar, fuma, fumado","rauchen, raucht, rauchte, 1.",,word,,hat geraucht,"Hier ist das Rauchen verboten! || Stört es Sie, wenn ich rauche?",72
b1_2372,B1,"der Raucher, -1.","the smoker, -1.","sigara içen, -1.","el fumador, -1.","der Raucher, -1.",der,noun,-1.,,Gibt es hier ein Zimmer für Raucher?,73
b1_2373,B1,"die Raucherin, -nen2.","the smoker, -nen2.","die Raucherin, -nen2.","el fumador, -nen2.","die Raucherin, -nen2.",die,noun,-nen2.,,Ich bin keine Raucherin. || Ich bin Nichtraucherin.,73
b1_2374,B1,"der Raum, ¨-e","the space, ¨-e","uzay, ¨-e","el espacio, ¨-e","der Raum, ¨-e",der,noun,¨-e,,Getränke gibt es im Raum nebenan.,73
b1_2375,B1,rauf/rauf-,up/up-,yukarı/yukarı-,arriba/arriba-,rauf/rauf- 1.,,word,,,"Hier ist die Treppe, also los, schnell rauf! || Möchtest du nicht raufkommen?",73
b1_2376,B1,raus/raus-,out/out-,dışarı/dışarı-,fuera/fuera-,raus/raus- 1.,,word,,,Willst du rein oder raus? || Er ist gerade rausgelaufen.,73
b1_2377,B1,"reagieren, reagiert,","react, react","tepki vermek, tepki vermek","reaccionar, reaccionar","reagieren, reagiert,",,word,,,"Ich habe dem Vermieter geschrieben,",73
b1_2378,B1,"reagierte, hat reagiert","reagierte, hat reagiert","tepki gösterdi, tepki verdi","reaccionó, reaccionó","reagierte, hat reagiert",,word,,,aber er hat noch nicht reagiert.,73
b1_2379,B1,"die Reaktion, -en","the reaction, -en","tepki, -tr","la reacción, -es","die Reaktion, -en",die,noun,-en,,Diese Reaktion ist typisch für ihn.,73
b1_2380,B1,"realisieren, realisiert,","realize, realized","farkına varmak, farkına varmak","darse cuenta, realizado","realisieren, realisiert, 1.",,word,,,Diese Pläne sind nicht zu realisieren.,73
b1_2381,B1,"realisierte, hat realisiert","realized, has realized","fark etti, fark etti","se dio cuenta, se ha dado cuenta","realisierte, hat realisiert 2.",,word,,,"Ich habe nicht realisiert, dass die Zeit schon um ist.",73
b1_2382,B1,"die Realität, -en","the reality, -en","die Realität, -en","la realidad, -es","die Realität, -en",die,noun,-en,,Das gefällt dir nicht? || Aber das ist die Realität.,73
b1_2383,B1,realistisch,realistic,gerçekçi,realista,realistisch,,adjective,,,"Ich glaube nicht, dass du für das Auto noch so viel Geld bekommst. || Das ist nicht realistisch.",73
b1_2384,B1,"die Recherche, -n","the research, -n","araştırma, -n","la investigación, -n","die Recherche, -n",die,noun,-n,,Für diesen Bericht waren viele Recherchen nötig.,73
b1_2385,B1,"rechnen, rechnet,","calculate, calculate","hesaplamak, hesaplamak","calcular, calcular","rechnen, rechnet, 1.",,word,,,Meine Tochter kann gut rechnen.,73
b1_2386,B1,"rechnete, hat gerechnet","calculated, has calculated","hesaplandı, hesaplandı","calculado, ha calculado","rechnete, hat gerechnet 2.",,word,,,Im/In Rechnen hat sie eine Eins. || Mit solchen Schwierigkeiten hatten wir nicht gerechnet.,73
b1_2387,B1,"der Rechner, -","the computer, -","bilgisayar, -","la computadora, -","der Rechner, -",der,noun,-,,Mein Rechner ist kaputt.,73
b1_2388,B1,"die Rechnung, -en1.","the bill, -en1.","fatura, -en1.","la factura, -en1.","die Rechnung, -en1.",die,noun,-en1.,,"Bitte, die Rechnung! || Brauchen Sie für diese Reparatur eine Rechnung?",73
b1_2389,B1,"das Recht, -e","the right, -e","sağ, -e","la derecha, -e","das Recht, -e 1.",das,noun,-e 1.,,"Nach deutschem Recht kann er dafür nicht bestraft werden. || Ich hatte Vorfahrt. || Ich war im Recht. || Die Rechnung stimmt nicht? || Dann haben Sie das Recht, das Geld zurückzubekommen.",73
b1_2390,B1,rechtlich,legally,rechtlich,legalmente,rechtlich,,adjective,,,Wir beraten Sie in rechtlichen Fragen.,73
b1_2391,B1,recht,right,Sağ,bien,recht 1.,,word,,,"Ist es Ihnen recht, wenn ich morgen vorbeikomme? || Da haben Sie recht. || Da muss ich Ihnen recht geben.",73
b1_2392,B1,rechts,right,Sağ,bien,rechts 1.,,word,,,An der nächsten Kreuzung müssen Sie rechts abbiegen. || Der Bahnhof ist da vorne rechts.,73
b1_2393,B1,recht-,right-,Sağ-,bien-,recht-,,word,,,Ich habe mir den rechten Arm gebrochen.,73
b1_2394,B1,rechtzeitig,punctual,dakik,puntual,rechtzeitig,,adjective,,,Bitte weck mich rechtzeitig. || Ich muss pünktlich sein.,73
b1_2395,B1,"reden, redet, redete,","talk, talk, talk","konuş, konuş, konuş","hablar, hablar, hablar","reden, redet, redete,",,word,,hat geredet,Worüber habt ihr gestern geredet?,73
b1_2396,B1,"die Rede, -n","the speech, -n","konuşma, -n","el discurso, -n","die Rede, -n",die,noun,-n,,Der Präsident hat eine Rede gehalten.,73
b1_2397,B1,"reduzieren, reduziert,","reduce, reduced","azaltmak, azaltılmış","reducir, reducir","reduzieren, reduziert, 1.",,word,,,Wir haben jetzt unsere Preise,73
b1_2398,B1,"reduzierte, hat reduziert","reduced, has reduced","azaltıldı, azaltıldı","reducido, ha reducido","reduzierte, hat reduziert",,word,,,reduziert. || Ist dieser Pullover auch reduziert?,73
b1_2399,B1,"das Referat, -e","the report, -e","rapor, -e","el informe, -e","das Referat, -e",das,noun,-e,,Vielen Dank für dieses interessante Referat.,73
b1_2400,B1,"die Reform, -en","the reform, -en","reform, -tr","la reforma, -es","die Reform, -en",die,noun,-en,,Die Regierung plant für nächstes Jahr eine Reform. || Die Steuern sollen steigen.,73
b1_2401,B1,"das Regal, -e","the shelf, -e","raf, -e","el estante, -e","das Regal, -e",das,noun,-e,,Das Buch steht im Regal oben rechts.,73
b1_2402,B1,"die Regel, -n",the rules,kurallar,las reglas,"die Regel, -n 1.",die,noun,-n 1.,,Im Straßenverkehr sind viele Regeln zu beachten. || Wie geht dieses Spiel? || Kennst du die Regeln? || In der Regel geht sie um sieben Uhr aus dem Haus.,73
b1_2403,B1,regelmäßig,regularly,düzenli olarak,regularmente,regelmäßig,,adjective,,,Sie müssen die Tabletten regelmäßig nehmen.,73
b1_2404,B1,"regeln, regelt, regelte,","regulate, regulate, regulate","düzenlemek, düzenlemek, düzenlemek","regular, regular, regular","regeln, regelt, regelte,",,word,,hat geregelt,Die Ampel ist kaputt. || Ein Polizist regelt || den Verkehr.,73
b1_2405,B1,"regnen, es regnet,","rain, it's raining","yağmur, yağmur yağıyor","lluvia, está lloviendo","regnen, es regnet,",,word,,,Es hat gestern den ganzen Tag,73
b1_2406,B1,"es regnete,",it was raining,yağmur yağıyordu,estaba lloviendo,"es regnete,",,word,,,geregnet.,73
b1_2407,B1,es hat geregnet,it rained,yağmur yağdı,llovió,es hat geregnet,,word,,,,73
b1_2408,B1,der Regen,the rain,yağmur,la lluvia,der Regen,der,noun,,,Bei Regen fällt das Konzert aus.,73
b1_2409,B1,"die Region, -en","the region, -en","bölge, -en","la región, -es","die Region, -en 1.",die,noun,-en 1.,,In der Rhein-Main-Region sind die Mieten sehr hoch. || Die Milch ist aus der Region.,73
b1_2410,B1,regional,regional,bölgesel,regional,regional,,word,,,Du kannst mit einer Regionalbahn fahren. || Das ist billiger.,73
b1_2411,B1,reich,rich,zengin,rico,reich,,word,,,"Wenn ich reich wäre, würde ich eine Weltreise machen.",73
b1_2412,B1,"reichen, reicht, reichte,","enough, enough, enough","yeterli, yeterli, yeterli","suficiente, suficiente, suficiente","reichen, reicht, reichte, 1.",,word,,hat gereicht,"Ich nehme nur eine Suppe. || Das reicht || mir. || Wie lange reicht das Papier noch? || Ich glaube, wir müssen neues bestellen.",73
b1_2413,B1,reif,ripe,olgun,maduro,reif,,word,,,Die Banane kannst du nicht essen. || Sie ist noch nicht reif.,73
b1_2414,B1,"der Reifen, -","the tire, -","lastik, -","el neumático, -","der Reifen, -",der,noun,-,,Ihr Wagen braucht neue Reifen.,73
b1_2415,B1,"die Reihe, -n","the row, -n","satır, -n","la fila, -n","die Reihe, -n 1.",die,noun,-n 1.,,Ich habe Karten für das Konzert. || Wir sitzen in der dritten Reihe. || Wer ist jetzt an der Reihe?,73
b1_2416,B1,"die Reihenfolge, -n","the order, -n","sipariş, -n","el orden, -n","die Reihenfolge, -n",die,noun,-n,,Achten Sie auf die Reihenfolge der Inhaltspunkte.,74
b1_2417,B1,rein,pure,rein,puro,rein 1.,,word,,,"Der Pullover ist aus reiner Wolle. || Es war reiner Zufall, dass ich die Uhr wiedergefunden habe. || Das Wasser ist so rein, dass man es trinken kann.",74
b1_2418,B1,"reinigen, reinigt, reinigte,","clean, cleans, cleaned","reinigen, reinigt, reinigte,","limpiar, limpia, limpiado","reinigen, reinigt, reinigte,",,word,,hat gereinigt,Ich möchte diesen Anzug reinigen || lassen.,74
b1_2419,B1,"die Reinigung, -en1.","the cleaning, -en1.","temizlik, -en1.","la limpieza, -en1.","die Reinigung, -en1.",die,noun,-en1.,,Die Reinigung des Büros ist nicht teuer. || Kannst du bitte die Bluse in die Reinigung bringen?,74
b1_2420,B1,der Reis,the rice,pirinç,el arroz,der Reis,der,noun,,,"Eine Portion Huhn mit Reis, bitte.",74
b1_2421,B1,"reisen, reist, reiste,","travel, travel, traveled","seyahat etmek, seyahat etmek, seyahat etmek","viajar, viajar, viajado","reisen, reist, reiste,",,word,,ist gereist,Ich reise gern nach Spanien.,74
b1_2422,B1,"die Reise, -n1.","the journey, -n1.","yolculuk, -n1.","el viaje, -n1.","die Reise, -n1.",die,noun,-n1.,,Wir haben eine Reise nach Österreich gebucht. || Auf der Reise haben wir nette Leute kennengelernt.,74
b1_2423,B1,"das Reisebüro, -s","the travel agency, -s","seyahat acentası, -s","la agencia de viajes, -s","das Reisebüro, -s",das,noun,-s,,Wir haben die Reise im Reisebüro gebucht.,74
b1_2424,B1,"reiten, reitet, ritt,","ride, rides, rode","sürmek, sürmek, sürmek","paseo, paseos, montó","reiten, reitet, ritt,",,word,,ist geritten,Möchtest du gerne reiten lernen?,74
b1_2425,B1,"die Reklame, -n","the advertisement, -n","reklam, -n","el anuncio, -n","die Reklame, -n",die,noun,-n,,Ich möchte keine Reklame im Briefkasten.,74
b1_2426,B1,"der Rekord, -e","the record, -e","kayıt, -e","el registro, -e","der Rekord, -e",der,noun,-e,,Es gibt einen neuen Rekord im Schwimmen.,74
b1_2427,B1,relativ,relative,akraba,relativo,relativ,,word,,,"Die Wohnung ist relativ groß, aber sehr teuer.",74
b1_2428,B1,"die Religion, -en","religion, -en","din, -tr","religión, -es","die Religion, -en",die,noun,-en,,Religion ist für manche Menschen sehr wichtig.,74
b1_2429,B1,"rennen, rennt, rannte,","run, run, ran","koş, koş, koştu","corre, corre, corre","rennen, rennt, rannte,",,word,,ist gerannt,"Ich bin sehr schnell gerannt, aber der || Bus war schon weg.",74
b1_2430,B1,"die Rente, -n (D, CH) →A,","the pension, -n (D, CH) →A","emekli maaşı, -n (D, CH) →A","la pensión, -n (D, CH) →A","die Rente, -n (D, CH) →A,",die,noun,"-n (D, CH) →A,",,Sie ist 67 und bekommt jetzt eine gute,74
b1_2431,B1,CH: Pension,CH: Pension,CH: Emeklilik,CH: Pensión,CH: Pension,,noun,,,Rente.,74
b1_2432,B1,in Rente gehen/sein (D) →1.,to retire/be (D) →1.,in Rente gehen/sein (D) →1.,jubilarse/ser (D) →1.,in Rente gehen/sein (D) →1.,,preposition,,,Ich gehe Ende des Jahres in Rente.,74
b1_2433,B1,"D, A: in Pension2.","D, A: retired2.","D, A: emekli2.","D, A: jubilado2.","D, A: in Pension2.",,noun,,,Mein Nachbar ist seit zehn Jahren in,74
b1_2434,B1,"gehen/sein; CH, D: pen-","go/be; CH, D: pen-","git/ol; CH, D: kalem-","ir/estar; CH, D: bolígrafo-","gehen/sein; CH, D: pen-",,word,,,Rente.,74
b1_2435,B1,sioniert werden/sein,to be/be sioned,olmak / olmak,estar / estar sionado,sioniert werden/sein,,word,,,,74
b1_2436,B1,"der Rentner, -","the pensioner, -","emekli, -","el pensionista, -","der Rentner, -",der,noun,-,,Meine Großmutter arbeitet nicht mehr.,74
b1_2437,B1,"die Rentnerin, -nen","the pensioner, -nen","die Rentnerin, -nen","el pensionista, -nen","die Rentnerin, -nen",die,noun,-nen,,Sie ist Rentnerin.,74
b1_2438,B1,"→A: (D, CH) Pensionist","→A: (D, CH) Pensioner","→A: (D, CH) Emekli","→A: (D, CH) Pensionista","→A: (D, CH) Pensionist",,other,,,,74
b1_2439,B1,"reparieren, repariert,","repair, repair","tamir, tamir","reparar, reparar","reparieren, repariert,",,word,,,Das Fahrrad kann man leider nicht,74
b1_2440,B1,"reparierte, hat repariert","repaired, has repaired","onarıldı, onarıldı","reparado, ha reparado","reparierte, hat repariert",,word,,,mehr reparieren.,74
b1_2441,B1,"die Reparatur, -en","the repair, -en","onarım, -tr","la reparación, -es","die Reparatur, -en",die,noun,-en,,Eine Reparatur wäre zu teuer.,74
b1_2442,B1,"die Reportage, -n","the report, -n","rapor, -n","el informe, -n","die Reportage, -n",die,noun,-n,,Hast du die Reportage über Afrika gesehen?,74
b1_2443,B1,"der Reporter, -","the reporter, -","muhabir, -","el reportero, -","der Reporter, -",der,noun,-,,Die Reporterin macht gerade ein,74
b1_2444,B1,"die Reporterin, -nen","the reporter, -nen","muhabir, -nen","el reportero, -nen","die Reporterin, -nen",die,noun,-nen,,Interview.,74
b1_2445,B1,"reservieren, reserviert,","reserve, reserved","rezerve edilmiş, rezerve edilmiş","reserva, reservado","reservieren, reserviert, 1.",,word,,,Dieser Tisch ist reserviert.,74
b1_2446,B1,"reservierte, hat reserviert","reserved, has reserved","ayrılmış, rezerve edilmiş","reservado, ha reservado","reservierte, hat reserviert 2.",,word,,,Bitte reservieren Sie mir ein Doppelzimmer.,74
b1_2447,B1,"die Reservierung, -en","the reservation, -en","rezervasyon, -tr","la reserva, -es","die Reservierung, -en",die,noun,-en,,Was kostet eine Reservierung?,74
b1_2448,B1,der Respekt,the respect,saygı,el respeto,der Respekt 1.,der,noun,,,Ich habe großen Respekt vor meinem Lehrer. || Du solltest ihr mehr Respekt entgegen- bringen. || Ich habe bei der Prüfung alle Punkte erreicht! || – Respekt!,74
b1_2449,B1,"der Rest, -e","the rest, -e","geri kalanı, -e","el resto, -e","der Rest, -e 1.",der,noun,-e 1.,,Hier sind 100 Euro. || Den Rest gebe ich dir später. || Es ist noch ein Rest Wein da. || Möchtest du noch?,74
b1_2450,B1,"das Restaurant, -s","the restaurant, -s","restoran, -s","el restaurante, -s","das Restaurant, -s",das,noun,-s,,Wir essen heute im Restaurant.,74
b1_2451,B1,"retten, rettet, rettete,","save, save, saved","kaydet, kaydet, kaydedildi","salvar, salvar, salvar","retten, rettet, rettete,",,word,,hat gerettet,Der Arzt konnte das Kind noch retten.,74
b1_2452,B1,"das Rezept, -e","the recipe, -e","yemek tarifi, -e","la receta, -e","das Rezept, -e 1.",das,noun,-e 1.,,Diese Schmerztabletten gibt es nur auf Rezept. || Weißt du ein gutes Rezept für Gemüsesuppe?,74
b1_2453,B1,"die Rezeption/Reception, -","the reception/reception, -","resepsiyon/resepsiyon, -","la recepción/recepción, -","die Rezeption/Reception, -",die,noun,-,,Geben Sie bitte den Schlüssel an der,74
b1_2454,B1,en,en,tr,es,en,,verb,,,Rezeption ab.,74
b1_2455,B1,"der Richter, -","the judge, -","yargıç, -","el juez, -","der Richter, -",der,noun,-,,Der Richter hat noch kein Urteil,74
b1_2456,B1,"die Richterin, -nen","the judge, -nen","yargıç, -nen","el juez, -nen","die Richterin, -nen",die,noun,-nen,,gesprochen.,74
b1_2457,B1,richtig,correct,doğru,correcto,richtig 1.,,adjective,,,"Was Sie da sagen, ist richtig. || Geht Ihre Uhr richtig? || Das ist nicht die richtige Größe.",74
b1_2458,B1,"die Richtung, -en","the direction, -en","yön, -en","la dirección, -es","die Richtung, -en 1.",die,noun,-en 1.,,Der Zug in Richtung Köln hat Verspätung. || Wo ist der Bahnhof? || In welche Richtung muss ich fahren?,74
b1_2459,B1,"riechen, riecht, roch,","smell, smells, smelled","koku, kokuyor, kokuyordu","oler, huele, olió","riechen, riecht, roch, 1.",,word,,hat gerochen,Dieses Parfüm riecht sehr gut. || Im ganzen Haus riecht es nach Farbe. || Ich bin erkältet. || Ich kann nichts riechen.,74
b1_2460,B1,riesig,gigantic,devasa,gigantesco,riesig 1.,,adjective,,,Die Stadt ist riesig. || Ich habe mich über das Geschenk riesig gefreut.,74
b1_2461,B1,"das Rind, -er","the beef, -er","sığır eti, -er","la carne, -er","das Rind, -er",das,noun,-er,,Ich esse nur Fleisch vom Rind.,74
b1_2462,B1,"der Ring, -e","the ring, -e","yüzük, -e","el anillo, -e","der Ring, -e",der,noun,-e,,Ich habe meinen Ring verloren.,74
b1_2463,B1,"das Risiko, Risiken","the risk, risks","risk, riskler","el riesgo, riesgos","das Risiko, Risiken",das,noun,Risiken,,Ich nehme keinen Kredit auf. || Das Risiko ist mir zu hoch.,75
b1_2464,B1,"der Rock, ¨-e","the skirt, ¨-e","etek, ¨-e","la falda, ¨-e","der Rock, ¨-e",der,noun,¨-e,,Diese Bluse passt nicht zu meinem Rock.,75
b1_2465,B1,roh,raw,çiğ,crudo,roh,,word,,,Du kannst das nicht essen. || Das Fleisch ist noch roh.,75
b1_2466,B1,"das (Back-)Rohr, -e (A) →","the (baking) pipe, -e (A) →","(pişirme) borusu, -e (A) →","el tubo (de hornear), -e (A) →","das (Back-)Rohr, -e (A) →",das,noun,,,Ich habe gerade eine Pizza gemacht.,75
b1_2467,B1,"D, CH: (Back-)Ofen","D, CH: (baking) oven","D, CH: (pişirme) fırını","D, CH: horno (para hornear)","D, CH: (Back-)Ofen",,noun,,,Sie ist ganz frisch aus dem Rohr.,75
b1_2468,B1,"die Rolle, -n","the role, -n","rol, -n","el papel, -n","die Rolle, -n 1.",die,noun,-n 1.,,Die Schauspielerin hat ihre Rolle sehr gut gespielt. || Geld spielt in diesem Fall keine Rolle.,75
b1_2469,B1,"der Roman, -e","the novel, -e","roman, -e","la novela, -e","der Roman, -e",der,noun,-e,,Ich lese gern Romane.,75
b1_2470,B1,"die Rose, -n","the rose, -n","gül, -n","la rosa, -n","die Rose, -n",die,noun,-n,,Rote Rosen sind ein schönes Geschenk.,75
b1_2471,B1,"der Rucksack, ¨-e","the backpack, ¨-e","der Rucksack, ¨-e","la mochila, ¨-e","der Rucksack, ¨-e",der,noun,¨-e,,Ich brauche nicht viel. || Ich nehme nur meinen Rucksack mit.,75
b1_2472,B1,rück-,back-,geri-,atrás-,rück-,,word,,,,75
b1_2473,B1,"die Rückfahrt, -en","the return journey, -en","dönüş yolculuğu, -tr","el viaje de regreso, -es","die Rückfahrt, -en",die,noun,-en,,Auf der Rückfahrt besuche ich meine Eltern.,75
b1_2474,B1,die Rückkehr,the return,dönüş,el regreso,die Rückkehr,die,noun,,,Nach meiner Rückkehr haben wir ein großes Fest gefeiert.,75
b1_2475,B1,rückwärts,backward,geriye doğru,hacia atrás,rückwärts,,word,,,Ich bin rückwärts aus der Garage gefahren.,75
b1_2476,B1,"der Rücken, -","der Rücken, -","arka, -","la espalda, -","der Rücken, -",der,noun,-,,Mir tut der Rücken weh.,75
b1_2477,B1,"die Rücksicht, -en","the consideration, -en","dikkate alma, -en","la consideración, -es","die Rücksicht, -en",die,noun,-en,,Nehmen Sie bitte Rücksicht auf die anderen Gäste.,75
b1_2478,B1,"das Rüebli, - (CH) →","the carrot, - (CH) →","havuç, - (CH) →","la zanahoria, - (CH) →","das Rüebli, - (CH) →",das,noun,- (CH) →,,Hasen fressen gern Rüebli.,75
b1_2479,B1,Karotte; D: Möhre,Carrot; D: Carrot,Havuç; D: Havuç,Zanahoria; re: zanahoria,Karotte; D: Möhre,,noun,,,,75
b1_2480,B1,"rufen, ruft, rief,","calling, calling, calling","çağırıyor, çağırıyor, çağırıyor","llamando, llamando, llamando","rufen, ruft, rief, 1.",,word,,hat gerufen,"Ich habe die Kinder gerufen, aber sie || haben mich nicht gehört. || Wir haben sofort einen Arzt gerufen.",75
b1_2481,B1,"die Rufnummer, -n","the phone number, -n","telefon numarası, -n","el número de teléfono, -n","die Rufnummer, -n",die,noun,-n,,Wir möchten Sie gerne anrufen. || Wie ist Ihre Rufnummer?,75
b1_2482,B1,die Ruhe,the calm,sakinlik,la calma,die Ruhe 1.,die,noun,,,"Ruhe, bitte! || Lass mich jetzt endlich in Ruhe! || Ich brauche meine Ruhe.",75
b1_2483,B1,ruhig1.,quiet1.,sessiz1.,tranquilo1.,ruhig1.,,word,,,Ich suche ein ruhiges Zimmer. || Nachts ist es hier in der Straße sehr ruhig. || Du kannst ruhig rauchen.,75
b1_2484,B1,rund,around,etrafında,alrededor,rund 1.,,word,,,Wir haben für unser Wohnzimmer einen runden Tisch gekauft. || Bis Berlin sind es noch rund 40 Kilometer.,75
b1_2485,B1,"die Runde, -n","the round, -n","die Runde, -n","la ronda, -n","die Runde, -n 1.",die,noun,-n 1.,,Ich laufe jeden Tag fünf Runden im Park. || Wir müssen über die Probleme sprechen. || Am besten mit allen in einer Runde.,75
b1_2486,B1,"die Rundfahrt, -en","the tour, -en","tur, -tr","la gira, -es","die Rundfahrt, -en",die,noun,-en,,Am zweiten Tag haben wir eine Rundfahrt durch den Hafen gemacht.,75
b1_2487,B1,"der Saal, Säle","the hall, halls","salon, salonlar","el pasillo, pasillos","der Saal, Säle",der,noun,Säle,,Für unsere Familienfeier haben wir einen kleinen Saal gemietet.,75
b1_2488,B1,"die Sache, -n","the thing, -n","şey, -n","la cosa, -n","die Sache, -n 1.",die,noun,-n 1.,,Wir haben unsere Sachen im Hotel gelassen. || Er hat zum Geburtstag viele Sachen bekommen. || Das geht mich nichts an. || Das ist Ihre Sache.,75
b1_2489,B1,"der Sack, ¨-e","the sack, ¨-e","çuval, ¨-e","el saco, ¨-e","der Sack, ¨-e 1.",der,noun,¨-e 1.,,Ich hätte gern einen Sack Kartoffeln. || Wo soll ich die Säcke mit dem Müll hinstellen?,75
b1_2490,B1,"der Saft, ¨-e","the juice, ¨-e","meyve suyu, ¨-e","el jugo, ¨-e","der Saft, ¨-e",der,noun,¨-e,,Ich trinke gern Apfelsaft.,75
b1_2491,B1,"sagen, sagt, sagte,","say, says, said","söyle, diyor, dedi","decir, dice, dijo","sagen, sagt, sagte, 1.",,word,,hat gesagt,"Entschuldigung! || Was haben Sie gesagt? || Können Sie mir bitte sagen, wo hier ein Geldautomat ist? || Wie sagt man „sorry“ auf Deutsch? || Sag mal, wie geht’s dir denn?",75
b1_2492,B1,die (Schlag-)Sahne (D) →,the (whipped) cream (D) →,(çırpılmış) krema (D) →,la nata (montada) (D) →,die (Schlag-)Sahne (D) →,die,noun,,,Ich hätte gern ein Stück Torte mit,75
b1_2493,B1,A: (Schlag-)Obers; CH:,A: (whipped) cream; CH:,A: (çırpılmış) krema; :,A: crema (montada); CH:,A: (Schlag-)Obers; CH:,,noun,,,Sahne.,75
b1_2494,B1,(Schlag-)Rahm,(whipped) cream,(çırpılmış) krema,(crema batida,(Schlag-)Rahm,,other,,,,75
b1_2495,B1,"die Saison, -s","the season, -s","sezon, -s","la temporada, -s","die Saison, -s",die,noun,-s,,Urlaub in den Schulferien ist immer teurer. || Das ist die Saison mit den höch- sten Preisen.,75
b1_2496,B1,"der Salat, -e","der Salat, -e","salata, -e","la ensalada, -e","der Salat, -e",der,noun,-e,,Möchten Sie zum Fisch einen Salat?,75
b1_2497,B1,"die Salbe, -n","the ointment, -n","merhem, -n","el ungüento, -n","die Salbe, -n",die,noun,-n,,Diese Salbe gibt es nur auf Rezept.,75
b1_2498,B1,"der Salon, -s","the salon, -s","salon, -s","el salón, -s","der Salon, -s",der,noun,-s,,Sie arbeitet als Friseurin in einem Salon.,75
b1_2499,B1,"das Salz, -e","the salt, -e","tuz, -e","la sal, -e","das Salz, -e",das,noun,-e,,Gib mir bitte mal das Salz!,75
b1_2500,B1,salzig,salty,tuzlu,salado,salzig,,adjective,,,Dieses Essen ist zu salzig für mich.,75
b1_2501,B1,"sammeln, sammelt,","collect, collect","toplamak, toplamak","recoger, recoger","sammeln, sammelt, 1.",,word,,,Mein Bruder sammelt Briefmarken.,75
b1_2502,B1,"sammelte, hat gesammelt","collected, has collected","toplandı, toplandı","recogido, ha recogido","sammelte, hat gesammelt 2.",,word,,,Im Herbst sammeln wir im Wald Pilze.,75
b1_2503,B1,sämtliche,all,Tümü,todo,sämtliche,,word,,,Sämtliche Fenster müssen geschlossen bleiben.,75
b1_2504,B1,der Sand,the sand,kum,la arena,der Sand,der,noun,,,Die Kinder spielen gern im Sand.,75
b1_2505,B1,"der Sänger, -","the singer, -","şarkıcı, -","el cantante, -","der Sänger, -",der,noun,-,,Wie findest du diesen Sänger? − Ich,76
b1_2506,B1,"die Sängerin, -nen","the singer, -nen","şarkıcı, -nen","el cantante, -nen","die Sängerin, -nen",die,noun,-nen,,finde seine Stimme toll.,76
b1_2507,B1,satt,fed up,bıkkın,harto,satt,,word,,,"Möchten Sie noch etwas? || – Nein danke, ich bin satt.",76
b1_2508,B1,"der Satz, ¨-e","the sentence, ¨-e","cümle, ¨-e","la oración, ¨-e","der Satz, ¨-e",der,noun,¨-e,,Den letzten Satz verstehe ich nicht.,76
b1_2509,B1,sauber,clean,temiz,limpio,sauber 1.,,word,,,Bringen Sie mir bitte ein sauberes Glas! || Ich muss noch das Bad sauber machen.,76
b1_2510,B1,sauer,sour,sauer,agrio,sauer 1.,,word,,,Die Äpfel sind mir zu sauer. || Die Milch ist sauer. || Immer kommst du zu spät. || Ich bin wirklich sauer auf dich.,76
b1_2511,B1,"die Schachtel, -n","the box, -n","kutu, -n","la caja, -n","die Schachtel, -n 1.",die,noun,-n 1.,,Ich hätte gern eine Schachtel Zigaretten. || Meiner Mutter schenke ich eine Schachtel Pralinen.,76
b1_2512,B1,schade,too bad,çok kötü,demasiado,schade 1.,,word,,,"Ich kann leider nicht mitkommen. || – Das ist aber schade! || Schade, dass du nicht mitkommen kannst.",76
b1_2513,B1,"schaden, schadet,","harm, harm","zarar, zarar","daño, daño","schaden, schadet,",,word,,,Ein kleines Glas Wein kann nicht,76
b1_2514,B1,"schadete, hat geschadet","harmed, did harm","zarar verdi, zarar verdi","perjudicado, hizo daño","schadete, hat geschadet",,word,,,schaden.,76
b1_2515,B1,"der Schaden, ¨-","the damage, ¨-","hasar, ¨-","el daño, ¨-","der Schaden, ¨-",der,noun,¨-,,Ich hatte einen Unfall mit dem Auto. || Jetzt muss ich den Schaden der Versicherung melden.,76
b1_2516,B1,schädlich,harmful,zararlı,dañino,schädlich,,adjective,,,Rauchen ist schädlich für die Gesundheit.,76
b1_2517,B1,"schaffen, schafft, schaffte,","create, creates, created","schaffen, schafft, schaffte,","crear, crea, creado","schaffen, schafft, schaffte,",,word,,hat geschafft,"Kannst du mir helfen, die Party vorzu- || bereiten? || Ich schaffe das nicht allein.",76
b1_2518,B1,"schalten, schaltet,","switch, switch","anahtar, anahtar","cambiar, cambiar","schalten, schaltet, 1.",,word,,,"Schalten Sie bitte das Licht aus, wenn",76
b1_2519,B1,"schaltete, hat geschaltet","switched, has switched","değişti, değişti","cambiado, ha cambiado","schaltete, hat geschaltet",,word,,,Sie gehen. || Kannst du bitte den Fernseher ein- schalten. || Jetzt kommen gleich die Nachrichten. || Du musst jetzt in den ersten Gang schalten.,76
b1_2520,B1,"der Schalter, -1.","the switch, -1.","anahtar, -1.","el interruptor, -1.","der Schalter, -1.",der,noun,-1.,,Der Lichtschalter ist rechts neben der Tür. || Briefmarken bekommen Sie am Schalter 3.,76
b1_2521,B1,scharf,sharp,keskin,afilado,scharf 1.,,word,,,Bei uns zu Hause essen wir immer sehr scharf. || Hast du kein schärferes Messer?,76
b1_2522,B1,"der Schatten, -","the shadow, -","gölge, -","la sombra, -","der Schatten, -",der,noun,-,,Gestern hatten wir 25 Grad im Schatten.,76
b1_2523,B1,"schätzen, schätzt,","appreciate, appreciate","takdir etmek, takdir etmek","apreciar, apreciar","schätzen, schätzt, 1.",,word,,,"Wie alt ist der Chef? || – Ich weiß nicht,",76
b1_2524,B1,"schätzte, hat geschätzt","appreciated, appreciated","takdir edildi, takdir edildi","apreciado, apreciado","schätzte, hat geschätzt",,word,,,"ich schätze, um die Fünfzig. || Ich schätze deine gute Arbeit.",76
b1_2525,B1,"schauen, schaut, schaute,","look, look, looked","bak, bak, baktım","mira, mira, mira","schauen, schaut, schaute,",,word,,hat geschaut,Schau mal! || Da vorne ist noch ein Platz || frei.,76
b1_2526,B1,zuschauen,watch,kol saati,mirar,zuschauen,,verb,,,Möchtest du beim Fußballspiel zuschauen?,76
b1_2527,B1,"das Schaufenster, -","the shop window, -","vitrin, -","el escaparate, -","das Schaufenster, -",das,noun,-,,Ich habe im Schaufenster eine schicke Bluse gesehen.,76
b1_2528,B1,"der Schauspieler, -","the actor, -","aktör, -","el actor, -","der Schauspieler, -",der,noun,-,,Der Film war toll. || Die Schauspieler,76
b1_2529,B1,"die Schauspielerin, -nen","the actress, -nen","oyuncu, -nen","la actriz, -nen","die Schauspielerin, -nen",die,noun,-nen,,waren sehr gut.,76
b1_2530,B1,"die Scheibe, -n","the disk, -n","disk, -n","el disco, -n","die Scheibe, -n 1.",die,noun,-n 1.,,"Fünf Scheiben Käse, bitte. || Die Scheiben sind ganz schmutzig. || Ich muss die Fenster putzen.",76
b1_2531,B1,sich scheiden lassen,get divorced,boşanmak,divorciarse,"sich scheiden lassen, lässt",,verb,,lässt,Meine Nachbarn haben sich scheiden,76
b1_2532,B1,sich scheiden,divorce,boşanmak,divorcio,"sich scheiden, ließ sich",,verb,,ließ sich,lassen.,76
b1_2533,B1,"scheiden,",divorce,boşanmak,divorcio,"scheiden,",,word,,hat sich scheiden lassen,,76
b1_2534,B1,geschieden,divorced,boşanmış,divorciado,geschieden,,verb,,,Meine Kollegin ist geschieden.,76
b1_2535,B1,"die Scheidung, -en","the divorce, -en","boşanma, -tr","el divorcio, -es","die Scheidung, -en",die,noun,-en,,Wann war die Scheidung?,76
b1_2536,B1,"der Schein, -e","the appearance, -e","görünüm, -e","la apariencia, -e","der Schein, -e 1.",der,noun,-e 1.,,Kannst du einen Schein in Kleingeld wechseln? || Hast du Kleingeld für den Automaten? || Ich habe nur Scheine.,76
b1_2537,B1,"scheinen, scheint, schien,","seem, seems, seemed","görünüyor, görünüyor, görünüyordu","parece, parece, parecía","scheinen, scheint, schien, 1.",,word,,hat geschienen,Gestern hat es geregnet. || Heute scheint || wieder die Sonne. || Mein Kollege scheint krank zu sein. || Er war heute nicht im Büro.,76
b1_2538,B1,"schenken, schenkt,","give, give","ver, ver","dar, dar","schenken, schenkt,",,word,,,Wir wollen dir zum Geburtstag etwas,76
b1_2539,B1,"schenkte, hat geschenkt","gave, has given","verdi, verdi","dio, ha dado","schenkte, hat geschenkt",,word,,,schenken.,76
b1_2540,B1,"die Schere, -n","the scissors, -n","makas, -n","las tijeras, -n","die Schere, -n",die,noun,-n,,Die Schere hier schneidet schlecht. || Hast du noch eine andere?,76
b1_2541,B1,"schicken, schickt, schickte,","send, send, sent","gönder, gönder, gönderildi","enviar, enviar, enviado","schicken, schickt, schickte, 1.",,word,,hat geschickt,Ich habe meinen Freunden eine Ein- || ladung zur Hochzeit geschickt. || Schick mir doch eine E-Mail. || Ich habe die Kinder einkaufen geschickt. || Wir haben keine Milch mehr zu Hause.,76
b1_2542,B1,"schieben, schiebt, schob,","push, push, push","itin, itin, itin","empujar, empujar, empujar","schieben, schiebt, schob, 1.",,word,,hat geschoben,Leider ist mein Fahrrad kaputt- || gegangen. || Ich musste es nach Hause schieben. || Wir können den Schrank links an die Wand schieben; dann haben wir mehr Platz.,76
b1_2543,B1,schief,wrong,yanlış,equivocado,schief,,word,,,Der Spiegel hängt ganz schief.,76
b1_2544,B1,"schießen, schießt, schoss,","shoot, shoot, shoot","vur, vur, vur","disparar, disparar, disparar","schießen, schießt, schoss,",,word,,hat geschossen,Unsere Mannschaft hat ein Tor || geschossen.,76
b1_2545,B1,"das Schiff, -e","the ship, -e","gemi, -e","el barco, -e","das Schiff, -e",das,noun,-e,,Sind Sie mit dem Schiff oder mit dem Flugzeug gekommen?,76
b1_2546,B1,"das Schild, -er","the sign, -er","işareti, -er","el signo, -er","das Schild, -er 1.",das,noun,-er 1.,,"Kannst du lesen, was dort auf dem Schild steht? || Machen Sie bitte das Schild ab? || Der Pullover ist ein Geschenk.",77
b1_2547,B1,"schimpfen, schimpft,","rant, rant","rant, rant","despotricar, despotricar","schimpfen, schimpft, 1.",,word,,,"Der Arzt hat mit mir geschimpft, weil",77
b1_2548,B1,"schimpfte, hat geschimpft","complained, complained","şikayet ettim, şikayet ettim","se quejó, se quejó","schimpfte, hat geschimpft",,word,,,ich zu wenig Sport mache. || Alle schimpfen über/auf das Wetter.,77
b1_2549,B1,"der Schinken, -","the ham, -","der Schinken, -","el jamón, -","der Schinken, -",der,noun,-,,"Bitte, ein Brötchen mit Schinken.",77
b1_2550,B1,"der Schirm, -e","the umbrella, -e","şemsiye, -e","el paraguas, -e","der Schirm, -e",der,noun,-e,,Es regnet. || Hast du einen Schirm dabei?,77
b1_2551,B1,"schlafen, schläft, schlief,","sleep, sleep, sleep","uyku, uyku, uyku","dormir, dormir, dormir","schlafen, schläft, schlief, 1.",,word,,hat geschlafen,"Haben Sie gut geschlafen? || Wenn Sie mal nach München kommen, können Sie bei uns schlafen.",77
b1_2552,B1,der Schlaf1.,sleep1.,uyku1.,dormir1.,der Schlaf1.,der,noun,,,Das Kind macht jeden Tag nach dem Mittagessen einen kurzen Schlaf. || Genügend Schlaf ist wichtig für die Gesundheit.,77
b1_2553,B1,"schlagen, schlägt, schlug,","hit, hit, hit","vur, vur, vur","golpear, golpear, golpear","schlagen, schlägt, schlug, 1.",,word,,hat geschlagen,Wer hat den Weltmeister geschlagen? || Ich muss einen Nagel in die Wand schlagen. || Wo ist der Hammer? || Das Herz schlug mir bis zum Hals.,77
b1_2554,B1,der/das (Schlag-)Obers (A),the (whipped) cream (A),(çırpılmış) krema (A),la nata (montada) (A),der/das (Schlag-)Obers (A),,word,,,Ich hätte gern ein Stück Torte mit,77
b1_2555,B1,→D: (Schlag-)Sahne; CH:,→D: (whipped) cream; CH:,→D: (çırpılmış) krema; :,→D: nata (montada); CH:,→D: (Schlag-)Sahne; CH:,,other,,,Schlagobers.,77
b1_2556,B1,(Schlag-)Rahm,(whipped) cream,(çırpılmış) krema,(crema batida,(Schlag-)Rahm,,other,,,,77
b1_2557,B1,"die Schlange, -n","the snake, -n","yılan, -n","la serpiente, -n","die Schlange, -n",die,noun,-n,,Auf der Post gibt es immer eine lange (Warte-)Schlange.,77
b1_2558,B1,schlank,slim,ince,delgado,schlank,,word,,,In diesem Kleid siehst du sehr schlank aus.,77
b1_2559,B1,schlecht,bad,kötü,malo,schlecht 1.,,word,,,Das Wetter ist schlecht. || Du siehst aber schlecht aus. || Bist du krank? || Es geht mir schlecht. || Ich habe Fieber. || Ich habe zu viel gegessen. || Jetzt ist mir schlecht. || Hier ist schlechte Luft. || Mach bitte das Fenster auf. || Stell die Milch in den Kühlschrank. || Sonst wird sie schlecht. || Die Bezahlung in dieser Firma ist schlecht. || Die Verbindung ist schlecht. || Ich höre dich nicht gut. || Der Film war nicht schlecht. || Er hat mir ganz gut gefallen.,77
b1_2560,B1,"schließen, schließt,","close, closes","kapat, kapatır","cerrar, cierra","schließen, schließt, 1.",,word,,,"Bitte, schließen Sie die Tür.",77
b1_2561,B1,"schloss, hat geschlossen","closed, has closed","kapandı, kapandı","cerrado, ha cerrado","schloss, hat geschlossen 2.",,word,,,Die Tür schließt automatisch. || Die Banken sind am Samstag geschlossen. || Wir schließen um 20.00 Uhr. || Wann können wir den Mietvertrag abschließen? || Ich hatte die Papiere in den Schreibtisch eingeschlossen. || Du kannst die Datei schließen. || Ich bin fertig. || Sie mussten die Firma leider schließen.,77
b1_2562,B1,schließlich,finally,Sonunda,finalmente,schließlich 1.,,adjective,,,Ich musste lange warten. || Aber schließlich habe ich den Job doch noch bekommen. || Ich helfe dir natürlich. || Du bist schließlich mein Freund.,77
b1_2563,B1,schlimm,terrible,korkunç,horrible,schlimm 1.,,word,,,Die Wunde sieht schlimm aus. || Keine Angst. || Das ist nicht so schlimm.,77
b1_2564,B1,"das Schloss, ¨-er","the castle, ¨-er","kale, ¨-er","el castillo, ¨-er","das Schloss, ¨-er 1.",das,noun,¨-er 1.,,An unserer Wohnungstür ist das Schloss kaputt. || Wir haben am Wochenende ein Schloss besichtigt.,77
b1_2565,B1,der Schluss,the conclusion,sonuç,la conclusión,der Schluss 1.,der,noun,,,Ich muss jetzt Schluss machen. || Es klingelt an der Tür. || Zum Schluss nochmals herzlichen Dank.,77
b1_2566,B1,"der Schlüssel, -","the key, -","anahtar, -","la clave, -","der Schlüssel, -",der,noun,-,,Ich kann meine Schlüssel nicht finden.,77
b1_2567,B1,schmal,narrow,schmal,angosto,schmal,,word,,,Hier kannst du nicht parken. || Die Straße ist zu schmal.,77
b1_2568,B1,"schmecken, schmeckt,","taste, taste","tat, tat","gusto, gusto","schmecken, schmeckt, 1.",,word,,,Hat es Ihnen geschmeckt?,77
b1_2569,B1,"schmeckte,",tasted,tadı,probado,"schmeckte, 2.",,word,,hat geschmeckt,Die Suppe schmeckt nach Knoblauch.,77
b1_2570,B1,"der Schmerz, -en","the pain, -en","acı, -tr",el dolor,"der Schmerz, -en 1.",der,noun,-en 1.,,Haben Sie Schmerzen? || Ich kann vor Schmerzen nicht laufen.,77
b1_2571,B1,"das Schmerzmittel, -","the painkiller, -","ağrı kesici, -","el analgésico, -","das Schmerzmittel, -",das,noun,-,,Sie haben Zahnschmerzen? || Ich verschreibe Ihnen ein Schmerzmittel.,77
b1_2572,B1,"schminken, schminkt,","make up, make up","makyaj yapmak, makyaj yapmak","maquillarse, maquillarse","schminken, schminkt,",,word,,,Du bist heute sehr schön geschminkt.,77
b1_2573,B1,"schminkte,hat geschminkt","made up, did make up","uydurdum, uydurdum","inventado, inventado","schminkte,hat geschminkt",,word,,,,77
b1_2574,B1,der Schmuck,the jewelry,mücevher,las joyas,der Schmuck,der,noun,,,Dieser Schmuck ist von meiner Großmutter.,77
b1_2575,B1,der Schmutz,the dirt,kir,la suciedad,der Schmutz,der,noun,,,Du hast Schmutz an deinen Schuhen.,77
b1_2576,B1,schmutzig1.,dirty1.,kirli1.,sucio1.,schmutzig1.,,word,,,Leg bitte die schmutzige Wäsche in die Waschmaschine. || Das Handtuch ist schmutzig.,77
b1_2577,B1,"verschmutzen,",pollute,kirletmek,contaminar,"verschmutzen,",,word,,,Die Fabrik verschmutzt den Fluss.,77
b1_2578,B1,"verschmutzt,",dirty,kirli,sucio,"verschmutzt,",,word,,,,77
b1_2579,B1,"verschmutzte,",polluted,kirli,contaminado,"verschmutzte,",,word,,hat verschmutzt,,77
b1_2580,B1,der Schnee,the snow,kar,la nieve,der Schnee,der,noun,,,Im Februar gibt es oft viel Schnee.,77
b1_2581,B1,"schneien, es schneit, es","snow, it's snowing, it","kar, kar yağıyor, bu","nieve, está nevando,","schneien, es schneit, es",,word,,,Heute Nacht hat es geschneit.,77
b1_2582,B1,"schneite, es hat geschneit","snowed, it snowed","kar yağdı, kar yağdı","nevó, nevó","schneite, es hat geschneit",,word,,,,77
b1_2583,B1,(sich) schneiden,to cut (oneself).,(kendini) kesmek.,cortar (uno mismo).,"(sich) schneiden, 1.",,verb,,1.,Das Messer schneidet nicht.,77
b1_2584,B1,"schneidet, schnitt,","cuts, cut","keser, keser","cortes, corte","schneidet, schnitt, 2.",,word,,hat geschnitten,Hast du ein Pflaster? || Ich habe mich || geschnitten. || Wann lässt du deine Haare schneiden?,77
b1_2585,B1,schnell,fast,hızlı,rápido,schnell 1.,,word,,,"Warum fährst du so schnell? || Bitte sagen Sie mir so schnell wie möglich Bescheid. || Ich bin gleich fertig, ich muss nur noch schnell telefonieren.",78
b1_2586,B1,"das Schnitzel, -","the schnitzel, -","şnitzel, -","el escalope, -","das Schnitzel, -",das,noun,-,,Bitte ein Schnitzel mit Kartoffeln und Salat.,78
b1_2587,B1,der Schnupfen,the cold,soğuk,el frio,der Schnupfen,der,noun,,,Ich habe Schnupfen. || Welches Medikament empfehlen Sie?,78
b1_2588,B1,die Schokolade,the chocolate,çikolata,el chocolate,die Schokolade 1.,die,noun,,,Ich habe eine Tafel Schokolade gegessen. || Bringen Sie mir bitte eine Tasse heiße Schokolade.,78
b1_2589,B1,schon,already,çoktan,ya,schon 1.,,adverb,,,"Ist das Essen schon fertig? || Mirko ist erst fünf. || Aber er kann schon lesen. || Karl ist schon über 60. || Aber er ist noch sehr fit. || Mach schon, ich kann nicht länger warten. || Keine Sorge. || Es wird schon klappen. || Kommst du mit spazieren? || – Ich hätte schon Lust, aber ich muss arbeiten. || Ich mag keine Kartoffeln. || Und du? || – Ich schon.",78
b1_2590,B1,schön,nice,Güzel,lindo,schön 1.,,word,,,"Ich finde eure Wohnung sehr schön. || Es ist schön heute. || Wir wünschen Ihnen einen schönen Aufenthalt in Kiel. || Schöne Grüße von Herrn Meier. || Möchten Sie noch eine Tasse Kaffee? || – Nein, danke schön. || Schön, dass du kommst. || Ich muss noch arbeiten. || – Schön, dann bleiben wir zu Hause.",78
b1_2591,B1,"der Schrank, ¨-e (D, CH) →","the cupboard, ¨-e (D, CH) →","dolap, ¨-e (D, CH) →","el armario, ¨-e (D, CH) →","der Schrank, ¨-e (D, CH) →",der,noun,"¨-e (D, CH) →",,Die Handtücher liegen im Schrank.,78
b1_2592,B1,"A, CH: Kasten","A, CH: box","A, CH: kutu","A, CH: caja","A, CH: Kasten",,noun,,,,78
b1_2593,B1,der Schreck(en),der Schreck(en),korku(lar),el(los) susto(s),der Schreck(en),der,noun,,,Ich habe einen großen Schreck bekommen.,78
b1_2594,B1,schrecklich1.,terrible1.,korkunç1.,terrible1.,schrecklich1.,,word,,,Heute ist eine schreckliche Hitze. || Das Restaurant war schrecklich voll. || Ich finde dieses Kleid schrecklich. || Auf der Autobahn ist ein schrecklicher Unfall passiert.,78
b1_2595,B1,"schreiben, schreibt,","write, write","yaz, yaz","escribir, escribir","schreiben, schreibt, 1.",,word,,,Ich habe dir einen Brief geschrieben.,78
b1_2596,B1,"schrieb, hat geschrieben","wrote, wrote","yazdı, yazdı","escribió, escribió","schrieb, hat geschrieben 2.",,word,,,Ich schreibe dir eine E-Mail. || Mein Kugelschreiber schreibt nicht mehr.,78
b1_2597,B1,aufschreiben,write down,yaz,anotar,aufschreiben,,verb,,,Ich habe mir deine Telefonnummer aufgeschrieben.,78
b1_2598,B1,"das Schreiben, -","the writing, -","yazı, -","la escritura, -","das Schreiben, -",das,noun,-,,Haben Sie mein Schreiben vom || März erhalten?,78
b1_2599,B1,"schreien, schreit, schrie,","scream, scream, scream","çığlık, çığlık, çığlık","gritar, gritar, gritar","schreien, schreit, schrie, 1.",,word,,hat geschrien,"Kinder, hört bitte auf, so laut zu || schreien. || – Ich muss arbeiten. || Unser Baby hat heute Nacht viel geschrien.",78
b1_2600,B1,"die Schrift, -en","the writing, -en","die Schrift, -en","la escritura, -es","die Schrift, -en",die,noun,-en,,Ich kann leider deine Schrift nicht lesen.,78
b1_2601,B1,schriftlich1.,in writing1.,yazılı olarak1.,por escrito1.,schriftlich1.,,word,,,Die schriftliche Prüfung dauert einen halben Tag. || Wir brauchen von Ihnen eine schriftliche Bestätigung. || Sie müssen sich schriftlich anmelden.,78
b1_2602,B1,"der Schriftsteller, -","the writer, -","yazar, -","el escritor, -","der Schriftsteller, -",der,noun,-,,Kennst du diese Schriftstellerin? || Ich,78
b1_2603,B1,"die Schriftstellerin, -nen","the writer, -nen","yazar, -nen","el escritor, -nen","die Schriftstellerin, -nen",die,noun,-nen,,liebe ihre Bücher.,78
b1_2604,B1,"der Schritt, -e","the step, -e","adım, -e","el paso, -e","der Schritt, -e 1.",der,noun,-e 1.,,Die Sprachschule ist nur ein paar Schritte von hier. || Du musst der Anleitung Schritt für Schritt folgen.,78
b1_2605,B1,"der Schuh, -e","the shoe, -e","ayakkabı, -e","el zapato, -e","der Schuh, -e",der,noun,-e,,Die neuen Schuhe sind mir zu eng.,78
b1_2606,B1,die Schuld,the blame,suç,la culpa,die Schuld,die,noun,,,"Es ist nicht meine Schuld, dass das nicht geklappt hat.",78
b1_2607,B1,schuld,fault,arıza,falla,schuld,,word,,,Ich hatte einen Unfall. || Aber ich war nicht schuld.,78
b1_2608,B1,die Schulden (Pl.),the debts (pl.),borçlar (pl.),las deudas (pl.),die Schulden (Pl.),die,noun,,,Jetzt habe ich alle meine Schulden bezahlt.,78
b1_2609,B1,schuldig,guilty,suçlu,culpable,schuldig,,adjective,,,"Was bin ich Ihnen schuldig? || – 50 Euro, bitte.",78
b1_2610,B1,"die Schule, -n","the school, -n","okul, -n","la escuela, -n","die Schule, -n 1.",die,noun,-n 1.,,Meine Tochter geht schon in die Schule. || Nächste Woche fängt die Schule wieder an. || Die Schule ist gleich hier um die Ecke.,78
b1_2611,B1,"die Schularbeit, -en (A) →","the school work, -en (A) →","okul çalışması, -en (A) →","el trabajo escolar, -en (A) →","die Schularbeit, -en (A) →",die,noun,-en (A) →,,Mein Sohn schreibt bei Schularbeiten,78
b1_2612,B1,D: Klassenarbeit,D: Class work,D: Sınıf çalışması,D: trabajo en clase,D: Klassenarbeit,,noun,,,immer gute Noten.,78
b1_2613,B1,"der Schüler, -","the student, -","öğrenci, -","el estudiante, -","der Schüler, -",der,noun,-,,In der Klasse sind 25 Schülerinnen.,78
b1_2614,B1,"die Schülerin, -nen","the student, -nen","öğrenci, -nen","el estudiante, -nen","die Schülerin, -nen",die,noun,-nen,,,78
b1_2615,B1,"die Schulter, -n","the shoulder, -n","omuz, -n","el hombro, -n","die Schulter, -n",die,noun,-n,,Ich habe Schmerzen in der rechten Schulter.,78
b1_2616,B1,"die Schüssel, -n","the bowl, -n","kase, -n","el cuenco, -n","die Schüssel, -n",die,noun,-n,,Gibst du mir bitte eine Schüssel für den Salat?,78
b1_2617,B1,"schütteln, schüttelt,","shake, shake","sallamak, sallamak","agitar, agitar","schütteln, schüttelt,",,word,,,Die Flasche muss man vor dem Öffnen,78
b1_2618,B1,"schüttelte, hat geschüttelt","shook, shook","salladı, salladı","sacudió, sacudió","schüttelte, hat geschüttelt",,word,,,schütteln.,78
b1_2619,B1,"schützen, schützt,","protect, protect","korumak, korumak","proteger, proteger","schützen, schützt,",,word,,,Diese Impfung schützt vor Grippe.,78
b1_2620,B1,"schützte, hat geschützt","protected, has protected","korudu, korudu","protegido, ha protegido","schützte, hat geschützt",,word,,,,78
b1_2621,B1,der Schutz1.,the protection1.,koruma1.,la protección1.,der Schutz1.,der,noun,,,Das ist ein guter Schutz gegen Kälte. || Alle reden heute über den Schutz der Umwelt.,79
b1_2622,B1,schwach,weak,zayıf,débil,schwach 1.,,word,,,Ich bin noch nicht gesund. || Ich fühle mich noch sehr schwach. || Die Tabletten sind zu schwach. || Sie helfen nicht.,79
b1_2623,B1,"das Schwammerl, -n (A) →","the mushroom, -n (A) →","mantar, -n (A) →","el hongo, -n (A) →","das Schwammerl, -n (A) →",das,noun,-n (A) →,,Haben Sie frische Schwammerln?,79
b1_2624,B1,Pilz,Mushroom,Mantar,Champiñón,Pilz,,noun,,,,79
b1_2625,B1,schwanger,pregnant,hamile,embarazada,schwanger,,word,,,Meine Frau ist im dritten Monat schwanger.,79
b1_2626,B1,"die Schwangerschaft, -en","the pregnancy, -en","hamilelik, -tr","el embarazo, -es","die Schwangerschaft, -en",die,noun,-en,,Sie dürfen während der Schwanger- schaft nicht rauchen.,79
b1_2627,B1,"schweigen, schweigt,","remain silent, remain silent","sessiz kal, sessiz kal","permanecer en silencio, permanecer en silencio","schweigen, schweigt,",,word,,,"Sie sprach viel, aber ihr Mann schwieg",79
b1_2628,B1,schwieg,remained silent,sessiz kaldı,permaneció en silencio,"schwieg, hat geschwiegen",,verb,,hat geschwiegen,den ganzen Abend lang.,79
b1_2629,B1,schwer,difficult,zor,difícil,schwer 1.,,word,,,Der Koffer ist viel zu schwer. || Die Prüfung war schwer. || Das ist eine schwere Arbeit. || Dieses Wort ist schwer zu erklären.,79
b1_2630,B1,"die Schwester, -n","the sister, -n","kız kardeş, -n","la hermana, -n","die Schwester, -n 1.",die,noun,-n 1.,,Ich habe eine ältere Schwester und einen jüngeren Bruder. || Schwester Anna hat mir eine Schmerztablette gegeben.,79
b1_2631,B1,Schwieger-,in-law,Hukuk,consuegro,Schwieger- 1.,,noun,,,Wir besuchen morgen meine Schwiegereltern. || Mein Schwiegervater ist Lehrer. || Ich verstehe mich gut mit meiner Schwiegertochter.,79
b1_2632,B1,schwierig,difficult,zor,difícil,schwierig,,adjective,,,Die Prüfung war sehr schwierig.,79
b1_2633,B1,"die Schwierigkeit, -en","the difficulty, -en","zorluk, -tr","la dificultad, -es","die Schwierigkeit, -en",die,noun,-en,,Ich hatte große Schwierigkeiten einen Parkplatz zu bekommen.,79
b1_2634,B1,"schwimmen, schwimmt,","swim, swims","yüzmek, yüzmek","nadar, nadar","schwimmen, schwimmt, 1.",,word,,,Ich gehe regelmäßig schwimmen.,79
b1_2635,B1,"schwamm,",sponge,sünger,esponja,"schwamm, 2.",,word,,ist geschwommen,Kannst du schwimmen?,79
b1_2636,B1,"das Schwimmbad, ¨-er","the swimming pool, ¨-er","yüzme havuzu, ¨-er","la piscina, ¨-er","das Schwimmbad, ¨-er",das,noun,¨-er,,Kommst du mit ins Schwimmbad?,79
b1_2637,B1,"schwitzen, schwitzt,","sweat, sweat","ter, ter","sudor, sudor","schwitzen, schwitzt,",,word,,,Es war sehr heiß. || Wir haben alle sehr,79
b1_2638,B1,"schwitzte, hat geschwitzt","sweated, sweated","terledim, terledim","sudado, sudado","schwitzte, hat geschwitzt",,word,,,geschwitzt.,79
b1_2639,B1,"der See, -n","the lake, -n","göl, -n","el lago, -n","der See, -n",der,noun,-n,,Unser Hotel war direkt am See.,79
b1_2640,B1,die See,the sea,deniz,el mar,die See,die,noun,,,Im Sommer fahren wir immer an die,79
b1_2641,B1,die Nord-/Ostsee,the North/Baltic Sea,Kuzey/Baltık Denizi,el Mar del Norte/Báltico,die Nord-/Ostsee,die,noun,,,See.,79
b1_2642,B1,"sehen, sieht, sah,","see, sees, saw","gör, görüyor, gördüm","ver, ver, ver","sehen, sieht, sah,",,word,,hat gesehen,"Warst du schon mal an der || Nord/Ostsee? || Ich sehe nicht gut. || Ich brauche eine Brille. || Ich habe einen schönen Film gesehen. || Wir haben uns lange nicht gesehen. || Darf ich mal Ihren Ausweis sehen? || Sieh mal! || Es schneit. || Ich komme gleich wieder, ich muss mal schnell nach dem Essen sehen. || Was machst du im Urlaub? || – Ich weiß noch nicht. || Mal sehen. || Du siehst deiner Mutter sehr ähnlich.",79
b1_2643,B1,"die Sehenswürdigkeit, -en","the sight, -en","görüş, -tr","la vista, -es","die Sehenswürdigkeit, -en",die,noun,-en,,Welche Sehenswürdigkeiten gibt es hier?,79
b1_2644,B1,sehr,very,çok,muy,sehr 1.,,adverb,,,Ich habe mich sehr über Ihren Besuch gefreut. || Hier ist Ihr Essen. || - Danke sehr. || Das Wetter ist heute sehr schön.,79
b1_2645,B1,"die Seife, -n","the soap, -n","sabun, -n","el jabón, -n","die Seife, -n",die,noun,-n,,Hier gibt es keine Seife.,79
b1_2646,B1,"sein, ist, war, ist gewesen","to be, is, was, has been","sein, ist, war, ist gewesen","ser, es, fue, ha sido","sein, ist, war, ist gewesen 1.",,word,,,Ich bin Mechaniker. || Das sind meine Kollegen. || Ich bin müde. || Das Auto ist jetzt fünfzehn Jahre alt. || Heute ist Montag. || Der Termin beim Zahnarzt ist erst übermorgen. || Um 11 Uhr ist Pause. || Herr Müller ist in seinem Zimmer. || Das Auto ist mir zu teuer.,79
b1_2647,B1,10.Das,10.This,10.Bu,10.Esto,10.Das,,other,,,ist schwer zu verstehen.,79
b1_2648,B1,11.Mir,11.Mir,11.Mir,11.Mir,11.Mir,,other,,,ist kalt.,79
b1_2649,B1,12.Mit,12.With,12.Ile,12.Con,12.Mit,,other,,,Präposition wie: Das Licht ist an/aus.,79
b1_2650,B1,seit,since,o zamandan beri,desde,seit 1.,,preposition,,,"Wir wohnen seit dem || März in Dortmund. || Seit ich in Deutschland wohne, lerne ich Deutsch.",79
b1_2651,B1,seitdem,since,o zamandan beri,desde,seitdem,,word,,,Ich bin vor zwei Jahren nach Deutsch- land gekommen. || Seitdem lerne ich Deutsch.,79
b1_2652,B1,"die Seite, -n","the page, -n","sayfa, -n","la página, -n","die Seite, -n 1.",die,noun,-n 1.,,Das hier ist die Goethestraße. || Ich wohne auf der linken Seite. || Der Text steht auf Seite 20.,79
b1_2653,B1,"der Sekretär, -e","the secretary, -e","sekreter, -e","la secretaria, -e","der Sekretär, -e",der,noun,-e,,Der neue Sekretär hat sich gestern,79
b1_2654,B1,"die Sekretärin, -nen","the secretary, -nen","sekreter, -nen","la secretaria, -nen","die Sekretärin, -nen",die,noun,-nen,,vorgestellt.,79
b1_2655,B1,selb-,self-,kendi kendine,ser-,selb-,,word,,,Ich habe am selben Tag Geburtstag wie du.,79
b1_2656,B1,selbst,himself,kendisi,sí mismo,selbst,,word,,,Den Kuchen habe ich selbst gebacken.,79
b1_2657,B1,selber,himself,kendisi,sí mismo,selber,,word,,,Sie will das selber machen.,79
b1_2658,B1,selbstständig,self-employed,serbest meslek,Trabajadores por cuenta propia,selbstständig 1.,,adjective,,,"Jetzt bin ich angestellt. || Früher war ich selbstständig. || Wir suchen eine Sekretärin, die selbstständig arbeiten kann.",79
b1_2659,B1,selbstverständlich,of course,Elbette,por supuesto,selbstverständlich,,adjective,,,Selbstverständlich sagen wir Ihnen so- fort Bescheid.,79
b1_2660,B1,selten,rarely,nadiren,casi nunca,selten,,verb,,,Ich gehe ganz selten ins Kino.,80
b1_2661,B1,seltsam,strange,garip,extraño,seltsam 1.,,adjective,,,"Es ist seltsam, dass mein Bruder noch nicht hier ist. || Sie hörte ein seltsames Geräusch.",80
b1_2662,B1,"das Semester, -","the semester, -","yarıyıl, -","el semestre, -","das Semester, -",das,noun,-,,Mein Neffe studiert im || Semester Medizin.,80
b1_2663,B1,"das Seminar, -e","the seminar, -e","seminer, -e","el seminario, -e","das Seminar, -e",das,noun,-e,,Ich möchte dieses Seminar unbedingt besuchen.,80
b1_2664,B1,"die Semmel, -n (A) →D:","the roll, -n (A) →D:","rulo, -n (A) →D:","el rollo, -n (A) →D:","die Semmel, -n (A) →D:",die,noun,-n (A) →D:,,Ich hole schnell ein paar Semmeln zum,80
b1_2665,B1,Brötchen; CH: Brötli,Bread roll; CH: Bread rolls,Ekmek rulosu; CH: Ekmek ruloları,Bollo de pan; CH: panecillos,Brötchen; CH: Brötli,,noun,,,Frühstück.,80
b1_2666,B1,"senden, sendet,","send, sends","gönder, gönderir","enviar, envía","senden, sendet, 1.",,word,,,Bitte senden Sie uns die Unterlagen,80
b1_2667,B1,"sendete/sandte, hat","sent/sent, has","gönderildi/gönderildi, var","enviado/enviado, tiene","sendete/sandte, hat",,word,,,per E-Mail.,80
b1_2668,B1,gesendet/gesandt,sent/sent,gönderildi/gönderildi,enviado/enviado,gesendet/gesandt 2.,,word,,,Können Sie uns die Post bitte nachsenden?,80
b1_2669,B1,"der Sender, -1.","the transmitter, -1.","verici, -1.","el transmisor, -1.","der Sender, -1.",der,noun,-1.,,Welchen Sender siehst du am liebsten? || Ich höre im Radio am liebsten Sender mit moderner Musik.,80
b1_2670,B1,"die Sendung, -en1.","the broadcast, -en1.","yayın, -en1.","la transmisión, -en1.","die Sendung, -en1.",die,noun,-en1.,,Wir wiederholen die Sendung am 11. || Mai. || Ich warte auf eine Postsendung.,80
b1_2671,B1,die Senioren (Pl.),the seniors (pl.),yaşlılar (pl.),los mayores (pl.),die Senioren (Pl.),die,noun,,,Dieser Computerkurs ist für Senioren.,80
b1_2672,B1,senkrecht,perpendicular,dik,perpendicular,senkrecht,,word,,,Ziehen Sie bitte eine senkrechte Linie.,80
b1_2673,B1,"die Serie, -n","the series, -n","seri, -n","la serie, -n","die Serie, -n",die,noun,-n,,"Meine Tochter liebt es, im Fernsehen Serien zu schauen.",80
b1_2674,B1,der Service,the service,hizmet,el servicio,der Service 1.,der,noun,,,Rufst du beim Pizza-Service an? || Ich war mit dem Service in der Werk- statt nicht zufrieden.,80
b1_2675,B1,"der Serviceangestellte, -n","the service employee, -n","servis çalışanı, -n","el empleado de servicio, -n","der Serviceangestellte, -n",der,noun,-n,,Ich bin Serviceangestellte von Beruf.,80
b1_2676,B1,"/ die Serviceangestellte, -","/ the service employee, -","/ die Serviceangestellte, -","/ el empleado de servicio, -","/ die Serviceangestellte, -",,other,,,,80
b1_2677,B1,"n (CH) →Kellner; D, A:","n (CH) →waiter; D, A:","n (CH) →garson; D, A:","n (CH) →camarero; D, A:","n (CH) →Kellner; D, A:",,word,,,,80
b1_2678,B1,Ober,Ober,Ober,Ober,Ober,,noun,,,,80
b1_2679,B1,"der Sessel, - (D, CH) →A,","the armchair, - (D, CH) →A","koltuk, - (D, CH) →A","el sillón, - (D, CH) →A","der Sessel, - (D, CH) →A,",der,noun,"- (D, CH) →A,",,Ich hätte gern einen bequemen Sessel.,80
b1_2680,B1,CH: Fauteuil,CH: Armchair,CH: Fauteuil,CH: Sillón,CH: Fauteuil,,noun,,,,80
b1_2681,B1,"→D, der Sessel, - (A) CH:","→D, the armchair, - (A) CH:","→D, koltuk, - (A) CH:","→D, el sillón, - (A) CH:","→D, der Sessel, - (A) CH:",,other,,,Da hinten ist noch ein Sessel frei.,80
b1_2682,B1,Stuhl,Chair,Sandalye,Silla,Stuhl,,noun,,,,80
b1_2683,B1,(sich) setzen,(to sit down,(oturmak,(sentarse,"(sich) setzen, setzt, setzte, 1.",,verb,,"setzt, setzte, 1., hat gesetzt","Darf ich mich zu Ihnen setzen? || Bitte setzen Sie sich, wohin Sie wollen!",80
b1_2684,B1,sicher,secure,güvenli,seguro,sicher 1.,,word,,,"Dieses Auto ist besonders sicher. || Bist du sicher, dass die Bank heute geöffnet ist? || Das weiß ich ganz sicher. || Du bist jetzt sicher müde.",80
b1_2685,B1,"die Sicherheit, -en","security, -en","güvenlik, -tr","seguridad, -es","die Sicherheit, -en",die,noun,-en,,Sicherheit ist für mich sehr wichtig.,80
b1_2686,B1,"sichern, sichert, sicherte,","secure, secure, secured","güvenli, güvenli, güvenli","seguro, seguro, asegurado","sichern, sichert, sicherte,",,word,,hat gesichert,Du musst immer alle Daten im || Computer sichern.,80
b1_2687,B1,sichtbar,visible,görünür,visible,sichtbar,,adjective,,,Es gibt keine sichtbaren Verletzungen. || Aber wir müssen das Bein trotzdem untersuchen.,80
b1_2688,B1,"siegen, siegt, siegte,","win, win, win","kazan, kazan, kazan","ganar, ganar, ganar","siegen, siegt, siegte,",,word,,hat gesiegt,Die Mannschaft siegte mit 2:0.,80
b1_2689,B1,"der Sieg, -e","the victory, -e","zafer, -e","la victoria, -e","der Sieg, -e",der,noun,-e,,Unsere Mannschaft hat gewonnen. || Wir freuen uns über den Sieg.,80
b1_2690,B1,"der Sieger, -","the winner, -","kazanan, -","el ganador, -","der Sieger, -",der,noun,-,,Wer hat gewonnen? || Wie heißt die,80
b1_2691,B1,"die Siegerin, -nen","the winner, -nen","kazanan, -nen","el ganador, -nen","die Siegerin, -nen",die,noun,-nen,,Siegerin?,80
b1_2692,B1,(sich) siezen,(to) sit,oturmak,(para) sentarse,"(sich) siezen, siezt,",,verb,,"siezt,","Obwohl sie sich schon lange kennen,",80
b1_2693,B1,"siezte, hat gesiezt","siezte, has siezt","siezte, siezt var","siezte, ha siezt","siezte, hat gesiezt",,word,,,siezen sie sich.,80
b1_2694,B1,"singen, singt, sang, hat","sing, sings, sang, has","şarkı söylemek, şarkı söylemek, şarkı söylemek, sahip olmak","canta, canta, cantó, tiene","singen, singt, sang, hat 1.",,word,,,Ich singe gern.,80
b1_2695,B1,gesungen,sung,söylenmiş,cantado,gesungen 2.,,word,,,"Ich kann heute nicht singen, ich bin erkältet.",80
b1_2696,B1,"sinken, sinkt, sank,","sink, sink, sank","lavabo, lavabo, battı","hundirse, hundirse, hundirse","sinken, sinkt, sank, 1.",,word,,ist gesunken,Das Schiff ist vor der Küste gesunken. || Der Preis ist um 3 % gesunken.,80
b1_2697,B1,der Sinn,the meaning,anlam,el significado,der Sinn,der,noun,,,"Es hat keinen Sinn, noch ein Spiel zu beginnen. || Es ist schon spät.",80
b1_2698,B1,sinnlos,pointless,anlamsız,inútil,sinnlos,,word,,,So ein sinnloses Buch habe ich schon lange nicht mehr gelesen.,80
b1_2699,B1,sinnvoll,sensible,mantıklı,sensitivo,sinnvoll,,adjective,,,"Es funktioniert einfach nicht. || Es ist sinnvoll, es noch einmal zu versuchen.",80
b1_2700,B1,"die Situation, -en","the situation, -en","durum, -tr","la situación, -es","die Situation, -en",die,noun,-en,,Ich bin in einer schwierigen Situation.,80
b1_2701,B1,"sitzen, sitzt, saß, hat/ist","sit, sits, sat, has/is","otur, oturur, oturdu, var / var","sentarse, se sienta, se sentó, tiene/es","sitzen, sitzt, saß, hat/ist 1.",,word,,,Wo möchten Sie sitzen? || – Bitte ganz,80
b1_2702,B1,gesessen,sat,doygunluk,se sentó,gesessen,,verb,,,hinten. || Die Jacke sitzt sehr gut.,80
b1_2703,B1,"der Sitz, -e","the seat, -e","koltuk, -e","el asiento, -e","der Sitz, -e",der,noun,-e,,Ich suche für meinen Sohn einen Sitz fürs Auto. || Erst ist erst drei Jahre alt.,80
b1_2704,B1,"der Ski/Schi, -er/-","the ski/ski, -he/-","kayak/kayak, -o/-","el esquí/esquí, -él/-","der Ski/Schi, -er/- 1.",der,noun,-er/- 1.,,Gehen wir am Wochenende Ski laufen? || Das sind aber schöne Skier!,80
b1_2705,B1,so,so,Bu yüzden,entonces,so 1.,,word,,,"Wie macht man das? || – So! || Sie müssen das so machen. || Nicht so! || Sie sind auch hier! || So ein Zufall! || Ich melde mich, so schnell ich kann. || Wann treffen wir uns? || – So gegen 10 Uhr. || Ist dir das recht? || Dauert es lange? || – Eine Stunde oder so kann es schon dauern. || Ich hatte kein Geld dabei. || Da haben sie mich so hineingelassen. || So, jetzt bin ich fertig. || Was machen wir jetzt? || Fahren Sie bitte nicht so schnell!",80
b1_2706,B1,10.Meine,10.My,10.Benim,10.mi,10.Meine,,other,,,Frau ist so groß wie ich.,80
b1_2707,B1,11.Was,11.What,11.Ne,11.Qué,11.Was,,other,,,macht ihr denn so?,80
b1_2708,B1,sobald,as soon as,en kısa zamanda,tan pronto como,sobald,,word,,,"Sobald ich den Termin weiß, gebe ich Ihnen Bescheid.",80
b1_2709,B1,"die Socke, -n","the sock, -n","çorap, -n","el calcetín, -n","die Socke, -n",die,noun,-n,,Im Winter brauche ich warme Socken.,81
b1_2710,B1,sodass,so that,böylece,de modo que,sodass,,word,,,"Der Zug hatte zwei Stunden Verspätung, sodass ich erst um 23 Uhr nach Hause kam.",81
b1_2711,B1,"das Sofa, -s","das Sofa, -s","kanepe, -s","el sofá, -s","das Sofa, -s",das,noun,-s,,Wir hätten gern ein modernes Sofa.,81
b1_2712,B1,sofort,immediately,hemen,inmediatamente,sofort 1.,,word,,,Warum sind Sie nicht sofort zum Arzt gegangen? || Karten für das Konzert bekommen Sie ab sofort im Kartenbüro.,81
b1_2713,B1,sogenannt-,so-called-,sözde-,así llamado-,sogenannt- 1.,,word,,,"Studenten, die lange studieren, sind so- genannte Langzeitstudierende. || Wo bleiben denn deine sogenannten Freunde?",81
b1_2714,B1,sogar,even,eşit,incluso,sogar,,word,,,Auf dem Berg war es so kalt. || Es hat sogar geschneit.,81
b1_2715,B1,"der Sohn, ¨-e","the son, ¨-e","oğlu, ¨-e","el hijo, ¨-e","der Sohn, ¨-e",der,noun,¨-e,,Mein jüngster Sohn ist vier.,81
b1_2716,B1,solange,as long as,takdirde,mientras,solange,,word,,,"Solange Sie Fieber haben, dürfen Sie auf keinen Fall arbeiten gehen.",81
b1_2717,B1,solch-,such-,çok-,semejante-,solch-,,word,,,Solche Schuhe finde ich toll.,81
b1_2718,B1,"sollen, soll, sollte, hat","should, should, should, has","olmalı, olmalı, olmalı, sahip olmalı","debería, debería, debería, tiene","sollen, soll, sollte, hat 1.",,word,,,Wann soll ich kommen?,81
b1_2719,B1,gesollt (hat sollen als,should (has should as,olmalı (olmalı,debería (tiene debería como,gesollt (hat sollen als 2.,,word,,,"Ich habe im Radio gehört, es soll",81
b1_2720,B1,Modalverb),modal verb),modal fiil),verbo modal),Modalverb),,noun,,,"morgen regnen. || Sollten Sie mit dem Vorschlag nicht einverstanden sein, rufen Sie mich an.",81
b1_2721,B1,Sonder-,special,özel,especial,Sonder-,,noun,,,,81
b1_2722,B1,"das Sonderangebot, -e","the special offer, -e","özel teklif, -e","la oferta especial, -e","das Sonderangebot, -e",das,noun,-e,,Das ist ein Sonderangebot: 25 % re- duziert.,81
b1_2723,B1,sondern,rather,yerine,bastante,sondern,,verb,,,"Unser Besuch kommt nicht heute, sondern morgen.",81
b1_2724,B1,die Sonne,the sun,güneş,el sol,die Sonne 1.,die,noun,,,Das Wetter ist schön. || Die Sonne scheint. || Ich habe zu lange in der Sonne gelegen.,81
b1_2725,B1,sonnig,sunny,güneşli,soleado,sonnig,,adjective,,,Das Wetter morgen: sonnig und warm.,81
b1_2726,B1,sonst,otherwise,aksi takdirde,de lo contrario,sonst 1.,,word,,,"Haben sie sonst noch einen Wunsch? || – Nein, danke. || Das ist alles. || Wir müssen jetzt gehen, sonst wird es zu spät. || Heute ist der Chef nicht mehr da. || Sonst ist er um diese Zeit immer im Büro.",81
b1_2727,B1,"sorgen, sorgt, sorgte,","worry, worry, worried","endişelenmek, endişelenmek, endişelenmek","preocuparse, preocuparse, preocupado","sorgen, sorgt, sorgte, 1.",,word,,hat gesorgt,"Wer sorgt denn für die Kinder? || Können Sie bitte dafür sorgen, dass die Heizung funktioniert?",81
b1_2728,B1,"die Sorge, -n",the worries,endişeler,las preocupaciones,"die Sorge, -n",die,noun,-n,,Um Ihre Zukunft brauchen Sie sich keine Sorgen zu machen.,81
b1_2729,B1,"die Soße/Sauce, -n","the sauce/sauce, -n","sos/sos, -n","la salsa/salsa, -n","die Soße/Sauce, -n",die,noun,-n,,Gibst du mir bitte mal die Soße?,81
b1_2730,B1,"das Souvenir, -s","the souvenir, -s","hatıra, -s","el recuerdo, -s","das Souvenir, -s",das,noun,-s,,Ich habe ein paar Souvenirs aus dem Urlaub mitgebracht.,81
b1_2731,B1,soviel,so much,bu kadar,mucho,soviel,,word,,,"Soviel ich weiß, hat dieses Restaurant heute Ruhetag.",81
b1_2732,B1,so viel/so viel wie,as much/as much as,o kadar / o kadar,tanto/tanto como,so viel/so viel wie 1.,,word,,,Ich habe so viel gegessen. || Jetzt ist mir schlecht. || Ich verdiene nur halb so viel wie er.,81
b1_2733,B1,sowieso,anyway,Neyse,de todos modos,sowieso,,word,,,Willst du mir den Brief mitgeben? || Ich gehe sowieso zur Post.,81
b1_2734,B1,sowohl … als auch,as well as,birlikte,así como,sowohl … als auch,,word,,,Sowohl Sie als auch Ihre Frau müssen unterschreiben.,81
b1_2735,B1,sozial,social,sosyal,social,sozial 1.,,word,,,Das System ist nicht sozial. || Es gibt viele soziale Probleme.,81
b1_2736,B1,"der Sozialarbeiter, -","the social worker, -","sosyal hizmet uzmanı, -","el trabajador social, -","der Sozialarbeiter, -",der,noun,-,,Die Sozialarbeiterin kommt einmal in,81
b1_2737,B1,"die Sozialarbeiterin, -nen","the social worker, -nen","sosyal hizmet uzmanı, -nen","el trabajador social, -nen","die Sozialarbeiterin, -nen",die,noun,-nen,,der Woche.,81
b1_2738,B1,spannend,exciting,heyecan verici,emocionante,spannend,,word,,,Das Spiel war spannend bis zur letzten Minute.,81
b1_2739,B1,"sparen, spart, sparte, hat","save, saves, saved, has","kaydet, kaydeder, kaydetti, sahip","guardar, guarda, guardado, tiene","sparen, spart, sparte, hat 1.",,word,,,"Ein Auto ist mir zu teuer, ich muss",81
b1_2740,B1,gespart,saved,kaydedildi,salvado,gespart,,word,,,"sparen. || Um Strom zu sparen, schalten wir die Heizung nachts aus.",81
b1_2741,B1,sparsam1.,economical1.,ekonomik1.,económico1.,sparsam1.,,word,,,Wir haben fünf Kinder. || Wir müssen sehr sparsam sein. || Mein Auto ist sehr sparsam. || Es verbraucht nur 5 Liter auf 100 km.,81
b1_2742,B1,der Spaß,the fun,eğlence,la diversion,der Spaß 1.,der,noun,,,Meine Arbeit macht mir viel Spaß. || Viel Spaß bei der Party!,81
b1_2743,B1,spät,late,geç,tarde,spät 1.,,word,,,"Wie spät ist es? || Es ist schon spät, ich muss gehen. || Ich muss mich beeilen. || Sonst komme ich zu spät. || Sonntags stehen wir immer spät auf. || Am späten Nachmittag ist der Verkehr besonders stark. || Können Sie später noch mal anrufen? || Was willst du denn später mal werden?",81
b1_2744,B1,spätestens,at latest,en geç,a más tardar,spätestens,,word,,,Ich muss spätestens um 9 Uhr bei der Arbeit sein.,81
b1_2745,B1,"spazieren gehen, geht","go for a walk, goes","yürüyüşe çık, gider","sal a caminar, va","spazieren gehen, geht",,word,,,Wir gehen sonntags immer spazieren.,81
b1_2746,B1,"spazieren, ging spazieren,","walk, went for a walk","yürüyüşe çıktım, yürüyüşe çıktım","caminar, salió a caminar","spazieren, ging spazieren,",,word,,ist spazieren gegangen,,81
b1_2747,B1,"der Spaziergang, ¨-e","the walk, ¨-e","yürüyüş, ¨-e","el paseo, ¨-e","der Spaziergang, ¨-e",der,noun,¨-e,,Abends mache ich oft einen Spaziergang durch das Viertel.,81
b1_2748,B1,"speichern, speichert,","speichern, speichert,","kaydet, kaydet","guardar, guardar","speichern, speichert,",,word,,,Sie müssen die Datei speichern.,81
b1_2749,B1,"speicherte,",saved,kaydedildi,salvado,"speicherte,",,word,,hat gespeichert,,81
b1_2750,B1,"Speise-/-speise, -n","food/dish, -n","yiyecek/tabak, -n","comida/plato, -n","Speise-/-speise, -n",,noun,,,"Als Vorspeise nehme ich eine Suppe, aber dafür nehme ich keine Nachspeise. (D, A)",82
b1_2751,B1,"die Speisekarte, -n","the menu, -n","die Speisekarte, -n","el menú, -n","die Speisekarte, -n",die,noun,-n,,"Bitte, die Speisekarte.",82
b1_2752,B1,"der Speisewagen, -","the dining car, -","yemekli vagon, -","el vagón comedor, -","der Speisewagen, -",der,noun,-,,Wo ist der Speisewagen?,82
b1_2753,B1,Spezial-,special,özel,especial,Spezial-,,noun,,,Ich brauche eine Spezialpflege für trockenes Haar.,82
b1_2754,B1,"der Spezialist, -en","the specialist, -en","uzman, -tr",el especialista,"der Spezialist, -en",der,noun,-en,,Mein Arzt hat mich zur Spezialistin,82
b1_2755,B1,"die Spezialistin, -nen","the specialist, -nen","uzman, -nen","el especialista, -nen","die Spezialistin, -nen",die,noun,-nen,,geschickt.,82
b1_2756,B1,speziell,special,özel,especial,speziell,,word,,,Ich suche einen ganz speziellen Ring für meine Freundin.,82
b1_2757,B1,"der Spiegel, -","the mirror, -","ayna, -","el espejo, -","der Spiegel, -",der,noun,-,,"Ich möchte gerne sehen, wie mein Kleid sitzt. || Hast du einen Spiegel?",82
b1_2758,B1,"spielen, spielt, spielte,","play, plays, played","oyna, oynuyor, oynadı","jugar, juega, jugado","spielen, spielt, spielte, 1.",,word,,hat gespielt,"Wir haben einen großen Garten, da || können die Kinder spielen. || Am Sonntag spielen wir gegen die Fußballmannschaft der Nachbarschule. || Spielen Sie ein Instrument? || Spielen Sie Karten?",82
b1_2759,B1,"das Spiel, -e1.","the game, -e1.","oyun, -e1.","el juego, -e1.","das Spiel, -e1.",das,noun,-e1.,,Monopoly ist ein ganz bekanntes Spiel. || Nach 20 Minuten stand das Spiel 2:1.,82
b1_2760,B1,"der Spieler, -1.","the player, -1.","oyuncu, -1.","el jugador, -1.","der Spieler, -1.",der,noun,-1.,,Für dieses Spiel braucht man zwei bis,82
b1_2761,B1,"die Spielerin, -nen","the player, -nen","oyuncu, -nen","el jugador, -nen","die Spielerin, -nen",die,noun,-nen,,vier Spieler. || Beim Fußball gibt es elf Spieler.,82
b1_2762,B1,"der Spielplatz, ¨-e","the playground, ¨-e","oyun alanı, ¨-e","el patio de recreo, ¨-e","der Spielplatz, ¨-e",der,noun,¨-e,,Die Kinder sind auf dem Spielplatz.,82
b1_2763,B1,"das Spielzeug, -e","the toy, -e","oyuncak, -e","el juguete, -e","das Spielzeug, -e",das,noun,-e,,Zu Weihnachten wünschen sich die Kinder vor allem Spielzeug.,82
b1_2764,B1,spitz,pointed,sivri,puntiagudo,spitz,,word,,,Der Bleistift ist nicht spitz.,82
b1_2765,B1,der Sport,the sport,spor,el deporte,der Sport 1.,der,noun,,,Für Sport interessiere ich mich sehr. || Ich mache viel Sport.,82
b1_2766,B1,"die Sportart, -en","the sport, -en","spor, -tr","el deporte, -es","die Sportart, -en",die,noun,-en,,Welche Sportart findest du am besten?,82
b1_2767,B1,"der Sportler, -","the athlete, -","sporcu, -","el atleta, -","der Sportler, -",der,noun,-,,Sie ist eine gute Sportlerin.,82
b1_2768,B1,"die Sportlerin, -nen","the athlete, -nen","atlet, -nen","el atleta, -nen","die Sportlerin, -nen",die,noun,-nen,,,82
b1_2769,B1,sportlich1.,sporty1.,sportif1.,deportivo1.,sportlich1.,,word,,,Ich bin nicht sehr sportlich. || Ich mag bequeme und sportliche Klei- dung.,82
b1_2770,B1,"die Sprache, -n",the languages,diller,los idiomas,"die Sprache, -n",die,noun,-n,,Franco spricht mehrere Sprachen.,82
b1_2771,B1,"die Fremdsprache, -n","the foreign language, -n","yabancı dil, -n","la lengua extranjera, -n","die Fremdsprache, -n",die,noun,-n,,Ich spreche drei Fremdsprachen.,82
b1_2772,B1,"die Muttersprache, -n","the native language, -n","ana dil, -n","la lengua nativa, -n","die Muttersprache, -n",die,noun,-n,,Was ist Ihre Muttersprache?,82
b1_2773,B1,"die Zweitsprache, -n","the second language, -n","ikinci dil, -n","el segundo idioma, -n","die Zweitsprache, -n",die,noun,-n,,Deutsch ist seine Zweitsprache.,82
b1_2774,B1,"sprechen, spricht, sprach,","speak, speaks, spoke","konuş, konuşuyor, konuştu","hablar, habla, habló","sprechen, spricht, sprach, 1.",,word,,hat gesprochen,Können Sie bitte etwas lauter || sprechen? || Jean spricht sehr gut Deutsch. || Ich möchte nicht darüber sprechen. || Die Bundeskanzlerin spricht heute Abend im Fernsehen. || Kann ich bitte Herrn Müller sprechen?,82
b1_2775,B1,"die Sprechstunde, -n →A:","the consultation hours, -n →A:","danışma saatleri, -n →A:","el horario de consulta, -n →A:","die Sprechstunde, -n →A:",die,noun,-n →A:,,Frau Dr. || Berger hat von 8 bis 12 Uhr,82
b1_2776,B1,Ordination,ordination,koordinasyon,ordenación,Ordination,,noun,,,Sprechstunde.,82
b1_2777,B1,"springen, springt, sprang,","jump, jump, jumped","atlamak, atlamak, atlamak","salta, salta, salta","springen, springt, sprang, 1.",,word,,ist gesprungen,"Wir waren im Schwimmbad. || Mein Sohn || ist immer wieder ins Wasser gesprungen. || Wie weit bist du heute gesprungen? || – 3,40 m.",82
b1_2778,B1,"die Spritze, -n","the syringe, -n","şırınga, -n","la jeringa, -n","die Spritze, -n",die,noun,-n,,Ich habe heute vom Arzt eine Spritze gegen die Schmerzen bekommen.,82
b1_2779,B1,"spülen, spült, spülte,","rinse, rinse, rinse","durulama, durulama, durulama","enjuagar, enjuagar, enjuagar","spülen, spült, spülte, 1.",,word,,hat gespült,Hast du das Geschirr gespült? || Spülen Sie bitte jetzt den Mund aus.,82
b1_2780,B1,"die Spur, -en","the trail, -en","die Spur, -en","el sendero, -es","die Spur, -en",die,noun,-en,,"Fahren Sie bitte auf der linken Spur, wenn Sie schneller fahren.",82
b1_2781,B1,"spüren, spürt, spürte,","feel, feel, felt","hissetmek, hissetmek, hissettim","sentir, sentir, sentir","spüren, spürt, spürte,",,word,,hat gespürt,Wo tut es weh? || Spüren Sie das hier?,82
b1_2782,B1,"das Stadion, Stadien","the stadium, stadiums","stadyum, stadyumlar","el estadio, estadios","das Stadion, Stadien",das,noun,Stadien,,Ich möchte am Samstag ins Stadion gehen. || Da spielt meine Mannschaft.,82
b1_2783,B1,"die Stadt, ¨-e","the city, ¨-e","şehir, ¨-e","la ciudad, ¨-e","die Stadt, ¨-e 1.",die,noun,¨-e 1.,,Heidelberg ist eine alte Stadt. || Ich wohne lieber auf dem Land als in der Stadt. || Gehst du mit mir in die Stadt?,82
b1_2784,B1,städtisch,urban,kentsel,urbano,städtisch,,adjective,,,Ich gehe gern in die städtische Bibliothek.,82
b1_2785,B1,"der Stadtplan, ¨-e","the city map, ¨-e","şehir haritası, ¨-e","el mapa de la ciudad, ¨-e","der Stadtplan, ¨-e",der,noun,¨-e,,Haben Sie einen Stadtplan?,82
b1_2786,B1,"stammen, stammt,","come from, comes from","gelen, gelen","viene de, viene de","stammen, stammt,",,word,,,Ich stamme aus einer kleinen Stadt an,82
b1_2787,B1,"stammte, hat gestammt","came from, has come from","geldi, geldi","vino de, ha venido de","stammte, hat gestammt",,word,,,der Donau.,82
b1_2788,B1,ständig,constant,devamlı,constante,ständig,,adjective,,,Ich habe schon ein paar Mal bei meiner Freundin angerufen. || Es ist ständig besetzt.,82
b1_2789,B1,"der Standpunkt, -e","the point of view, -e","bakış açısı, -e","el punto de vista, -e","der Standpunkt, -e",der,noun,-e,,Von seinem Standpunkt aus hat er recht.,82
b1_2790,B1,"der Star, -s","the star, -s","yıldız, -s","la estrella, -s","der Star, -s",der,noun,-s,,Diese Sängerin ist ein großer Star in Deutschland.,82
b1_2791,B1,stark,strong,güçlü,fuerte,stark 1.,,word,,,Der Kaffee ist sehr stark. || Am späten Nachmittag ist der Verkehr besonders stark. || Ich habe starke Kopfschmerzen. || Können Sie mir kein stärkeres Mittel verschreiben? || Es hat stark geregnet.,82
b1_2792,B1,"starten, startet, startete,","start, starts, started","başla, başlıyor, başladı","empezar, empieza, empezó","starten, startet, startete,",,word,,ist gestartet,Das Flugzeug ist pünktlich gestartet.,82
b1_2793,B1,"der Start, -s","the start, -s","başlangıç, -s","el comienzo, -s","der Start, -s",der,noun,-s,,Bleiben Sie bitte während des Starts sitzen.,83
b1_2794,B1,"die Station, -en","the station, -en","istasyon, -tr","la estación, -es","die Station, -en 1.",die,noun,-en 1.,,Sie müssen an der nächsten Station aussteigen. || Meine Nachbarin liegt auf Station III.,83
b1_2795,B1,"die Statistik, -en","the statistics, -en","istatistikler, -tr","las estadísticas, -es","die Statistik, -en",die,noun,-en,,"Die Statistik zeigt, dass jeder zweite ein Fahrrad besitzt.",83
b1_2796,B1,statistisch,statistical,istatistiksel,estadístico,statistisch,,adjective,,,Die statistischen Ergebnisse zeigen eine gute Entwicklung.,83
b1_2797,B1,statt,instead of,yerine,en lugar de,statt,,word,,,Kann ich diese Woche statt Donnerstag am Freitag kommen?,83
b1_2798,B1,"stattfinden, findet statt,","take place, takes place","gerçekleşir, gerçekleşir","tener lugar, tiene lugar","stattfinden, findet statt,",,word,,,Das Spiel findet auch bei Regen statt.,83
b1_2799,B1,"fand statt,",took place,gerçekleşti,tuvo lugar,"fand statt,",,word,,hat stattgefunden,,83
b1_2800,B1,"der Stau, -s","the traffic jam, -s","trafik sıkışıklığı, -s","el atasco, -s","der Stau, -s 1.",der,noun,-s 1.,,Auf der A3 gibt es wegen eines Unfalls 5 km Stau. || Wir standen eine Stunde im Stau.,83
b1_2801,B1,der Staub,the dust,toz,el polvo,der Staub,der,noun,,,Ich habe überall Staub gewischt.,83
b1_2802,B1,"staubsaugen, staubsaugt,","vacuum, vacuum","vakum, vakum","vacío, vacío","staubsaugen, staubsaugt,",,word,,,Ich muss heute in meiner Wohnung,83
b1_2803,B1,"staubsaugte,",vacuumed,vakumlanmış,aspirado,"staubsaugte,",,word,,hat gestaubsaugt,noch staubsaugen.,83
b1_2804,B1,"stechen, sticht, stach,","stab, stab, stab","bıçaklamak, bıçaklamak, bıçaklamak","apuñalar, apuñalar, apuñalar","stechen, sticht, stach,",,word,,hat gestochen,Stefan wird beim Zelten immer von || den Mücken gestochen.,83
b1_2805,B1,"stecken, steckt, steckte,","stuck, stuck, stuck","sıkışmış, sıkışmış, sıkışmış","atascado, atascado, atascado","stecken, steckt, steckte, 1.",,word,,hat gesteckt,Wo ist denn mein Pass? || Ich hatte ihn || doch in die Handtasche gesteckt. || Du kannst reingehen. || Der Schlüssel steckt. || Die Zeitung steckt im Briefkasten.,83
b1_2806,B1,"die Steckdose, -n","the socket, -n","soket, -n","el enchufe, -n","die Steckdose, -n",die,noun,-n,,Es gibt drei Steckdosen in diesem Zimmer.,83
b1_2807,B1,"der Stecker, -","the plug, -","fiş, -","el enchufe, -","der Stecker, -",der,noun,-,,Der Stecker passt nicht in diese Steckdose.,83
b1_2808,B1,"stehen, steht, stand,","stand, stand, stand","durmak, durmak, durmak","pararse, pararse, pararse","stehen, steht, stand, 1.",,word,,hat/ist gestanden,"In meinem Beruf muss ich viel stehen. || Als wir kamen, stand das Essen schon auf dem Tisch. || Der Bus steht schon an der Haltestelle. || Was steht heute in der Zeitung? || Nach 20 Minuten stand das Spiel 1:1. || Die neue Bluse steht dir gut.",83
b1_2809,B1,stehen bleiben,remain standing,ayakta kalmak,permanecer de pie,stehen bleiben 1.,,word,,,Bitte bleiben Sie stehen. || Meine Uhr ist stehen geblieben.,83
b1_2810,B1,"stehlen, stiehlt, stahl,","steal, steal, stole","çalmak, çalmak, çaldım","robar, robar, robar","stehlen, stiehlt, stahl,",,word,,hat gestohlen,Gestern hat mir jemand im Zug meine || Uhr gestohlen.,83
b1_2811,B1,"steigen, steigt, stieg,","rise, rise, rose","yükselmek, yükselmek, yükselmek","subir, subir, rosa","steigen, steigt, stieg, 1.",,word,,ist gestiegen,Die Preise für Milch und Gemüse sind || schon wieder gestiegen. || Gegen Abend ist das Fieber wieder gestiegen.,83
b1_2812,B1,steil,steep,dik,empinado,steil,,word,,,Die Straße zu unserem Haus ist sehr steil.,83
b1_2813,B1,"der Stein, -e","the stone, -e","taş, -e","la piedra, -e","der Stein, -e",der,noun,-e,,Die Kinder werfen Steine ins Wasser.,83
b1_2814,B1,"die Stelle, -n","the place, -n","yer, -n","el lugar, -n","die Stelle, -n 1.",die,noun,-n 1.,,Wir treffen uns hier an dieser Stelle. || Ich habe eine neue Stelle. || Diese Stelle in seinem Brief ist mir nicht ganz klar. || An Ihrer Stelle würde ich den Vertrag nicht unterschreiben.,83
b1_2815,B1,"stellen, stellt, stellte,","put, puts, put","koymak, koymak, koymak","poner, poner, poner","stellen, stellt, stellte, 1.",,word,,hat gestellt,Stell das Bier in den Kühlschrank! || Ich hole noch Milch. || Stell dich bitte schon mal in die Schlange an der Kasse. || Wo kann ich mein Auto hinstellen? || Würden Sie das Radio bitte etwas leiser stellen. || Haben Sie einen Moment Zeit? || Wir möchten Ihnen ein paar Fragen stellen. || Ich habe den Wecker auf 5 Uhr gestellt.,83
b1_2816,B1,"der Stempel, -","the stamp, -","damga, -","el sello, -","der Stempel, -",der,noun,-,,Der Poststempel trägt das Datum von letzter Woche. || Das Paket war lange un- terwegs.,83
b1_2817,B1,"sterben, stirbt, starb, ist","die, dies, died, is","ölür, ölür, öldü, oldu","morir, muere, murió, es","sterben, stirbt, starb, ist",,word,,,Mein Kollege kommt heute nicht. || Sein,83
b1_2818,B1,gestorben,died,ölü,fallecido,gestorben,,verb,,,Vater ist gestern gestorben.,83
b1_2819,B1,"der Stern, -e","the star, -e","yıldız, -e","la estrella, -e","der Stern, -e",der,noun,-e,,Heute sieht man viele Sterne am Himmel.,83
b1_2820,B1,"die Steuer, -n","the tax, -n","vergi, -n","el impuesto, -n","die Steuer, -n",die,noun,-n,,Wir müssen immer mehr Steuern zahlen.,83
b1_2821,B1,"der Steward, -s","the steward, -s","kahya, -s","el mayordomo, -s","der Steward, -s",der,noun,-s,,Die Stewardess bringt das Mittagessen.,83
b1_2822,B1,"die Stewardess, -en","the stewardess, -en","hostes, -tr","la azafata, -es","die Stewardess, -en",die,noun,-en,,,83
b1_2823,B1,"der Stift, -e","the pen, -e","kalem, -e","la pluma, -e","der Stift, -e",der,noun,-e,,Kannst du mir bitte einen Stift geben?,83
b1_2824,B1,"der Stil, -e","the style, -e","stil, -e","el estilo, -e","der Stil, -e 1.",der,noun,-e 1.,,Ihr Stil ist sehr elegant. || Das Gebäude gefällt mir. || Welcher Baustil ist das?,83
b1_2825,B1,stilistisch,stylistically,stilistik olarak,estilísticamente,stilistisch,,adjective,,,Der Text ist stilistisch sehr schön.,83
b1_2826,B1,still,silent,sessiz,silencioso,still 1.,,word,,,Sei doch mal einen Moment still! || Maria kann nicht still sitzen.,83
b1_2827,B1,"der Stiefel, -","the boot, -","bagaj, -","la bota, -","der Stiefel, -",der,noun,-,,Ich habe mir für den Winter ein Paar warme Stiefel gekauft.,83
b1_2828,B1,"→D, die Stiege, -n (A) CH:","→D, the stairs, -n (A) CH:","→D, merdivenler, -n (A) CH:","→D, las escaleras, -n (A) CH:","→D, die Stiege, -n (A) CH: 1.",,other,,,Wo ist die Toilette? || – Die Stiege hoch,83
b1_2829,B1,Treppe,Stairs,Merdiven,Escaleras,Treppe,,noun,,,und dann links. || Meine Oma kann nicht gut Stiegen steigen.,83
b1_2830,B1,"das Stiegenhaus, ¨-er (A)","the staircase, ¨-er (A)","merdiven, ¨-er (A)","la escalera, ¨-er (A)","das Stiegenhaus, ¨-er (A)",das,noun,¨-er (A),,Im Stiegenhaus ist kein Licht.,83
b1_2831,B1,"→D, CH: Treppenhaus","→D, CH: Staircase","→D, CH: Merdiven","→D, CH: Escalera","→D, CH: Treppenhaus",,other,,,,83
b1_2832,B1,"die Stimme, -n","the voice, -n","ses, -n","la voz, -n","die Stimme, -n",die,noun,-n,,Ich habe dich sofort an der Stimme erkannt.,84
b1_2833,B1,"stimmen, stimmt, stimmte,","true, true, true","doğru, doğru, doğru","cierto, cierto, cierto","stimmen, stimmt, stimmte, 1.",,word,,hat gestimmt,Meine Adresse stimmt nicht mehr. || Das Wetter in Deutschland könnte besser sein. || – Das stimmt.,84
b1_2834,B1,"die Stimmung, -en","the mood, -en","ruh hali, -tr","el estado de ánimo, -es","die Stimmung, -en",die,noun,-en,,Es war eine tolle Party. || Die Stimmung war sehr gut.,84
b1_2835,B1,"stinken, stinkt, stank,","stink, stink, stink","pis koku, pis koku, pis koku","apesta, apesta, apesta","stinken, stinkt, stank,",,word,,hat gestunken,Was stinkt denn hier so? || – Das ist der || Fisch. || Er ist nicht mehr frisch.,84
b1_2836,B1,"der Stock →D, CH: Etage","the floor →D, CH: floor","kat →D, CH: kat","el suelo →D, CH: suelo","der Stock →D, CH: Etage",der,noun,,,"Das Büro ist im || Stock, Zimmer 305.",84
b1_2837,B1,"das Stockwerk, -e","the floor, -e","zemin, -e","el suelo, -e","das Stockwerk, -e",das,noun,-e,,Das Gebäude hat zwanzig Stockwerke.,84
b1_2838,B1,"der Stoff, -e","the material, -e","malzeme, -e","el material, -e","der Stoff, -e 1.",der,noun,-e 1.,,Was für ein Stoff ist das? || – Wolle. || In manchen Farben sind giftige Stoffe.,84
b1_2839,B1,stolz,proud,gurur duymak,orgulloso,stolz,,word,,,Ich bin stolz auf dich. || Das hast du sehr gut gemacht.,84
b1_2840,B1,"stoppen, stoppt, stoppte,","stop, stop, stopped","dur, dur, durdu","parar, parar, parar","stoppen, stoppt, stoppte,",,word,,hat gestoppt,"Die Polizei hat mich gestoppt, weil ich || bei Rot über die Ampel gefahren bin.",84
b1_2841,B1,"stören, stört, störte,","disturb, disturb, disturbed","rahatsız etmek, rahatsız etmek, rahatsız etmek","perturbar, perturbar, perturbar","stören, stört, störte, 1.",,word,,hat gestört,Darf ich Sie einen Augenblick stören? || Du kannst das Radio anlassen. || Das stört mich nicht.,84
b1_2842,B1,"die Störung, -en","the disorder, -en","bozukluk, -tr","el desorden, -es","die Störung, -en",die,noun,-en,,Entschuldigen Sie bitte die Störung.,84
b1_2843,B1,(sich) stoßen,to bump into (oneself).,(kendine) çarpmak.,toparse con (uno mismo).,"(sich) stoßen, stößt, stieß,",,verb,,"stößt, stieß,, hat gestoßen",Wie haben Sie sich denn verletzt? || – Ich || habe mich an der Autotür gestoßen.,84
b1_2844,B1,"die Strafe, -n","the punishment, -n","ceza, -n","el castigo, -n","die Strafe, -n",die,noun,-n,,Schwarzfahren kostet 60 Euro Strafe.,84
b1_2845,B1,strafbar,punishable,cezalandırılabilir,castigable,strafbar,,adjective,,,"Was du da machst, ist strafbar.",84
b1_2846,B1,"der Strafzettel, -","the traffic ticket, -","trafik cezası, -","la multa de tráfico, -","der Strafzettel, -",der,noun,-,,So ein Pech! || Ich habe einmal falsch geparkt und sofort einen Strafzettel bekommen.,84
b1_2847,B1,"der Strand, ¨-e","der Strand, ¨-e","plaj, ¨-e","la playa, ¨-e","der Strand, ¨-e",der,noun,¨-e,,Im Urlaub bin ich am liebsten am Strand.,84
b1_2848,B1,"die Straße, -n","the street, -n","sokak, -n","la calle, -n","die Straße, -n 1.",die,noun,-n 1.,,Wir wohnen in einer sehr kleinen Straße. || Unser Haus ist eine Straße weiter.,84
b1_2849,B1,"die Straßenbahn, -en (D,","the tram, -en (D","tramvay, -en (D","el tranvía, -en (D","die Straßenbahn, -en (D,",die,noun,"-en (D,",,Fahren wir mit der Straßenbahn oder,84
b1_2850,B1,A) →CH: Tram,A) →CH: Tram,A) →CH: Tramvay,A) →CH: Tranvía,A) →CH: Tram,,noun,,,der U-Bahn?,84
b1_2851,B1,"die Strecke, -n","the route, -n","rota, -n","la ruta, -n","die Strecke, -n 1.",die,noun,-n 1.,,"Sind Sie die ganze Strecke zu Fuß gegangen? || Auf der Strecke München – Salzburg: 8 km Stau. || Ich möchte nach Hamburg fahren. || Können Sie mir sagen, welche Strecke am besten ist?",84
b1_2852,B1,"das Streichholz, ¨-er →","the match, ¨-er →","maç, ¨-er →","el partido, ¨-er →","das Streichholz, ¨-er →",das,noun,¨-er →,,Ich hätte gern eine Schachtel,84
b1_2853,B1,Zündholz; A: Zünder,Match; A: Detonator,Kibrit; A: Patlatıcı,Fósforo; R: detonador,Zündholz; A: Zünder,,noun,,,Streichhölzer.,84
b1_2854,B1,"streiken, streikt, streikte,","strike, strike, strike","grev, grev, grev","huelga, huelga, huelga","streiken, streikt, streikte,",,word,,hat gestreikt,Die Arbeiter streiken für höhere || Löhne.,84
b1_2855,B1,"der Streik, -s","the strike, -s","grev, -s","la huelga, -s","der Streik, -s",der,noun,-s,,Es gab einen Streik am Flughafen. || Deshalb hatte unsere Maschine Verspätung.,84
b1_2856,B1,(sich) streiten,(argue,(tartışmak,(argumentar,"(sich) streiten, streitet,",,verb,,"streitet,",Die Kinder streiten sich oft.,84
b1_2857,B1,stritt,argued,savundu,argumentó,"stritt, hat gestritten",,verb,,hat gestritten,,84
b1_2858,B1,der Streit,the dispute,anlaşmazlık,la disputa,der Streit,der,noun,,,Ich möchte keinen Streit mit den Nachbarn.,84
b1_2859,B1,streng,strictly,kesinlikle,estrictamente,streng,,word,,,Unsere Tochter hat einen sehr strengen Lehrer.,84
b1_2860,B1,der Stress,the stress,stres,el estrés,der Stress,der,noun,,,Ich habe bei der Arbeit viel Stress.,84
b1_2861,B1,der Strom,the stream,akış,la corriente,der Strom,der,noun,,,Wie kann ich im Haushalt Strom sparen?,84
b1_2862,B1,"der Strumpf, ¨-e","the stocking, ¨-e","çorap, ¨-e","la media, ¨-e","der Strumpf, ¨-e",der,noun,¨-e,,Wo sind meine roten Strümpfe?,84
b1_2863,B1,"das Stück/-stück, -e","the piece/piece, -e","parça/parça, -e","la pieza/pieza, -e","das Stück/-stück, -e 1.",das,noun,-e 1.,,Ich nehme zwei Stück Zucker in den Kaffee. || Möchten Sie noch ein Stück Kuchen? || Was kosten die Kulis? || – Ein Euro pro Stück. || Ich begleite dich ein Stück. || Er spielt in dem Stück die Hauptrolle.,84
b1_2864,B1,"die Studie, -n","the study, -n","çalışma, -n","el estudio, -n","die Studie, -n 1.",die,noun,-n 1.,,"Wir führen eine Studie über Arbeits- losigkeit durch. || Eine aktuelle Studie zeigt, dass die Umweltverschmutzung zunimmt.",84
b1_2865,B1,"studieren, studiert,","study, studied","studieren, studiert,","estudiar, estudiado","studieren, studiert, 1.",,word,,,Mein Sohn will Medizin studieren.,84
b1_2866,B1,"studierte, hat studiert","studied, has studied","okudu, okudu","estudiado, ha estudiado","studierte, hat studiert 2.",,word,,,Ich studiere in Mainz.,84
b1_2867,B1,"der Student, -en","the student, -en","öğrenci, -tr","el estudiante, -es","der Student, -en",der,noun,-en,,Schüler und Studenten zahlen die,84
b1_2868,B1,"die Studentin, -nen","the student, -nen","die Studentin, -nen","el estudiante, -nen","die Studentin, -nen",die,noun,-nen,,Hälfte.,84
b1_2869,B1,"der Studierende, -n","the student, -n","öğrenci, -n","el estudiante, -n","der Studierende, -n",der,noun,-n,,Zehn Studierende besuchen das,84
b1_2870,B1,"die Studierende, -n","the students, -n","öğrenciler, -n","los estudiantes, -n","die Studierende, -n",die,noun,-n,,Seminar.,84
b1_2871,B1,"das Studium, Studien","the study, studies","çalışma, çalışmalar","el estudio, estudios","das Studium, Studien",das,noun,Studien,,Sie brauchen für diese Stelle ein abgeschlossenes Studium.,84
b1_2872,B1,"das Studio, -s","the studio, -s","stüdyo, -s","el estudio, -s","das Studio, -s",das,noun,-s,,Zu Gast im Studio sind heute ...,84
b1_2873,B1,"die Stufe, -n","the level, -n","seviye, -n","el nivel, -n","die Stufe, -n 1.",die,noun,-n 1.,,"Vorsicht, Stufe! || Die Volkshochschule bietet Sprach- kurse auf verschiedenen Stufen an.",84
b1_2874,B1,"der Stuhl, ¨-e","the chair, ¨-e","sandalye, ¨-e","la silla, ¨-e","der Stuhl, ¨-e",der,noun,¨-e,,Da hinten ist noch ein Stuhl frei.,84
b1_2875,B1,stumm,mute,sesini kapatmak,silenciar,stumm,,word,,,Stell bitte dein Handy leise oder auf stumm.,84
b1_2876,B1,"die Stunde, -n","the hour, -n","saat, -n","la hora, -n","die Stunde, -n 1.",die,noun,-n 1.,,Ich bin in einer Stunde wieder zurück. || Wir haben heute nur vier Stunden Schule. || Ich warte seit zwei Stunden auf dich.,85
b1_2877,B1,"der Sturm, ¨-e","the storm, ¨-e","fırtına, ¨-e","la tormenta, ¨-e","der Sturm, ¨-e",der,noun,¨-e,,Im Radio haben sie Regen und Sturm angesagt.,85
b1_2878,B1,"stürzen, stürzt, stürzte,","fall, falls, fell","düşmek, düşmek, düşmek","caer, caer, caer","stürzen, stürzt, stürzte, 1.",,word,,ist gestürzt,"Ich bin auf der Straße gestürzt und || habe mir den Fuß gebrochen. || Bitte pass auf der Treppe auf, dass du nicht hinunterstürzt!",85
b1_2879,B1,"suchen, sucht, suchte,","search, search, search","ara, ara, ara","buscar, buscar, buscar","suchen, sucht, suchte, 1.",,word,,hat gesucht,Ich suche meine Brille. || Wir suchen eine größere Wohnung. || Wen suchen Sie?,85
b1_2880,B1,"die Sucht, ¨-e","the addiction, ¨-e","bağımlılık, ¨-e","la adicción, ¨-e","die Sucht, ¨-e 1.",die,noun,¨-e 1.,,Die Sucht nach Medikamenten nimmt zu. || Er kämpft gegen seine Alkoholsucht. || Das Internet kann zur Sucht werden.,85
b1_2881,B1,süchtig1.,addicted1.,bağımlı1.,adicto1.,süchtig1.,,word,,,Ich bin süchtig nach Schokolade. || Fernsehen kann süchtig machen.,85
b1_2882,B1,"das Suchtmittel, -","the addictive substance, -","bağımlılık yapan madde, -","la sustancia adictiva, -","das Suchtmittel, -",das,noun,-,,Manche Medikamente sind auch Suchtmittel.,85
b1_2883,B1,"die Summe, -n","the sum, -n","toplam, -n","la suma, -n","die Summe, -n",die,noun,-n,,Die Summe scheint mir zu hoch!,85
b1_2884,B1,super,super,süper,súper,super 1.,,word,,,Das war ein super Film! || Er kann super tanzen. || Weißt du was? || Ich komme mit. || – Super!,85
b1_2885,B1,"der Supermarkt, ¨-e","the supermarket, ¨-e","süpermarket, ¨-e","el supermercado, ¨-e","der Supermarkt, ¨-e",der,noun,¨-e,,Donnerstags gehe ich immer in den Su- permarkt.,85
b1_2886,B1,"die Suppe, -n","the soup, -n","çorba, -n","la sopa, -n","die Suppe, -n",die,noun,-n,,Schmeckt dir die Suppe?,85
b1_2887,B1,süß,sweet,tatlı,dulce,süß 1.,,word,,,Ich esse gern süße Sachen. || Das ist aber ein süßes Baby!,85
b1_2888,B1,"das Symbol, -e","the symbol, -e","sembol, -e","el símbolo, -e","das Symbol, -e 1.",das,noun,-e 1.,,Das Herz ist ein Symbol für die Liebe. || Auf dem Bildschirm finden Sie viele Symbole.,85
b1_2889,B1,sympathisch,friendly,arkadaşça,amigable,sympathisch,,adjective,,,Ich finde unsere neue Kollegin sehr sympathisch.,85
b1_2890,B1,"das System, -e","the system, -e","sistem, -e","el sistema, -e","das System, -e 1.",das,noun,-e 1.,,Welches Betriebssystem hast du? || Ich kenne Ihr System nicht. || Können Sie es mir erklären?,85
b1_2891,B1,"die Szene, -n","the scene, -n","sahne, -n","la escena, -n","die Szene, -n 1.",die,noun,-n 1.,,In dieser Szene des Films stirbt der Held. || Ich kenne mich in der Szene nicht aus. || Ich bin zu alt. || Bitte mach keine Szene!,85
b1_2892,B1,"die Tabelle, -n","the table, -n","tablo, -n","la mesa, -n","die Tabelle, -n",die,noun,-n,,Tragen Sie die richtige Information in die Tabelle ein.,85
b1_2893,B1,"die Tablette, -n","the tablet, -n","tablet, -n","la tableta, -n","die Tablette, -n",die,noun,-n,,Nehmen Sie dreimal täglich eine Tablette.,85
b1_2894,B1,"1. die Tafel, -n","1. the board, -n","1. tahta, -n","1. el tablero, -n","1. die Tafel, -n",,other,,,Der Lehrer schreibt das neue Wort an die Tafel. || Sie finden am Eingang eine Tafel mit Informationen. || Ich hätte gern zwei Tafeln Schokolade.,85
b1_2895,B1,"der Tagesablauf, ¨-e","the daily routine, ¨-e","günlük rutin, ¨-e","la rutina diaria, ¨-e","der Tagesablauf, ¨-e",der,noun,¨-e,,Wie ist Ihr Tagesablauf?,85
b1_2896,B1,"das Tal, ¨-er","the valley, ¨-er","vadi, ¨-er","el valle, ¨-er","das Tal, ¨-er",das,noun,¨-er,,Unser Dorf liegt in einem Tal.,85
b1_2897,B1,"das Talent, -e","the talent, -e","yetenek, -e","el talento, -e","das Talent, -e",das,noun,-e,,Sie hat großes Talent für Musik.,85
b1_2898,B1,"1. tanken, tankt, tankte,","1. refuel, refuel, refuel","1. yakıt ikmali yapmak, yakıt ikmali yapmak, yakıt ikmali yapmak","1. repostar, repostar, repostar","1. tanken, tankt, tankte,",,other,,hat getankt,Wir müssen unbedingt tanken. || Wir || haben fast kein Benzin mehr. || Bitte einmal volltanken!,85
b1_2899,B1,"die Tankstelle, -n","the gas station, -n","benzin istasyonu, -n","la gasolinera, -n","die Tankstelle, -n",die,noun,-n,,Wo ist die nächste Tankstelle?,85
b1_2900,B1,"die Tante, -n","the aunt, -n","teyze, -n","la tía, -n","die Tante, -n",die,noun,-n,,"Die Familie meiner Mutter ist sehr groß, daher habe ich viele Tanten.",85
b1_2901,B1,"tanzen, tanzt, tanzte,","dance, dance, danced","dans, dans, dans ettim","bailar, bailar, bailar","tanzen, tanzt, tanzte,",,word,,hat getanzt,Auf der Hochzeit haben wir viel || getanzt.,85
b1_2902,B1,"der Tanz, ¨-e","the dance, ¨-e","dans, ¨-e","el baile, ¨-e","der Tanz, ¨-e",der,noun,¨-e,,Diese modernen Tänze kann ich nicht.,85
b1_2903,B1,"die Tasche, -n","the bag, -n","çanta, -n","la bolsa, -n","die Tasche, -n 1.",die,noun,-n 1.,,"Ich habe nicht viel Gepäck, nur eine Tasche. || Meine Jacke hat keine Taschen.",85
b1_2904,B1,"das Taschengeld, -er","the pocket money, -er","harçlık, -er","el dinero de bolsillo, -er","das Taschengeld, -er",das,noun,-er,,Wie viel Taschengeld bekommst du im Monat?,85
b1_2905,B1,"das Taschentuch, ¨-er","the handkerchief, ¨-er","mendil, ¨-er","el pañuelo, ¨-er","das Taschentuch, ¨-er",das,noun,¨-er,,Hast du ein Taschentuch für mich?,85
b1_2906,B1,"1. die Tasse, -n","1. the cup, -n","1. fincan, -n","1. la copa, -n","1. die Tasse, -n",,other,,,Die Tassen sind von meiner Großmutter. || Möchten Sie eine Tasse Kaffee?,85
b1_2907,B1,"die Tastatur, -en","the keyboard, -en","die Tastatur, -en","el teclado, -es","die Tastatur, -en",die,noun,-en,,Die Tastatur an meinem Computer ist ganz neu.,85
b1_2908,B1,"die Taste, -n","the key, -n","die Taste, -n","la clave, -n","die Taste, -n 1.",die,noun,-n 1.,,An der Fernbedienung ist eine Taste kaputt. || Du musst jetzt die Stopp-Taste drücken.,85
b1_2909,B1,"die Tat, -en","the act, -en","eylem, -tr","el acto, -es","die Tat, -en",die,noun,-en,,Dieser Mensch hat mit vielen guten Taten geholfen.,85
b1_2910,B1,"der Täter, -","the perpetrator, -","fail, -","el perpetrador, -","der Täter, -",der,noun,-,,Die Polizei hat den Täter endlich,85
b1_2911,B1,"die Täterin, -nen","the perpetrator, -nen","fail, -nen","el perpetrador, -nen","die Täterin, -nen",die,noun,-nen,,gefasst.,85
b1_2912,B1,"die Tätigkeit, -en","the activity, -s","aktivite, -s","la actividad, -s","die Tätigkeit, -en",die,noun,-en,,Welche Tätigkeit würde Ihnen Spaß machen?,85
b1_2913,B1,"die Tatsache, -n","the fact, -n","gerçek, -n","el hecho, -n","die Tatsache, -n",die,noun,-n,,Das widerspricht den Tatsachen.,86
b1_2914,B1,tatsächlich,actually,tatsächlich,de hecho,tatsächlich,,adjective,,,"Die Hose ist tatsächlich zu klein, obwohl sie so groß aussieht.",86
b1_2915,B1,taub,deaf,sağır,sordo,taub 1.,,word,,,"Sie hört schlecht, sie ist schon fast taub. || Bist du taub? || Ich spreche mit dir!",86
b1_2916,B1,"tauchen, taucht, tauchte,","dive, dive, dive","dalış, dalış, dalış","bucear, bucear, bucear","tauchen, taucht, tauchte,",,word,,,Ich möchte im Urlaub wieder tauchen,86
b1_2917,B1,ist/hat getaucht,is/has dived,daldı / daldı,está/ha buceado,ist/hat getaucht,,word,,,gehen.,86
b1_2918,B1,"tauschen, tauscht,","exchange, exchange","takas, takas","intercambiar, intercambiar","tauschen, tauscht, 1.",,word,,,Ich würde meinen Kuchen gegen dein,86
b1_2919,B1,"tauschte, hat getauscht","swapped, swapped","takas edildi, takas edildi","intercambiado, intercambiado","tauschte, hat getauscht",,word,,,Brot tauschen. || Wollen wir die Plätze tauschen?,86
b1_2920,B1,"die Technik, -en","the technology, -en","teknoloji, -tr","la tecnología, -es","die Technik, -en 1.",die,noun,-en 1.,,"Ich verstehe nicht viel von Technik. || Um die Aufgaben zu lösen, brauchst du eine gute Arbeitstechnik.",86
b1_2921,B1,technisch1.,technical1.,teknik1.,técnico1.,technisch1.,,word,,,Es gab ein technisches Problem. || Sind Sie technisch interessiert?,86
b1_2922,B1,"die Technologie, -n","the technology, -n","teknoloji, -n","la tecnología, -n","die Technologie, -n",die,noun,-n,,Große Fortschritte gab es in der Technologie.,86
b1_2923,B1,der Tee,the tea,çay,el te,der Tee 1.,der,noun,,,Bitte einen Tee mit Zitrone. || Was kostet dieser Tee hier?,86
b1_2924,B1,Tee ziehen lassen,Let the tea steep,Çayın demlenmesine izin verin,Deja reposar el té,Tee ziehen lassen,,noun,,,Diesen Tee sollte man 10 Minuten ziehen lassen.,86
b1_2925,B1,"teilen, teilt, teilte,","share, share, share","paylaş, paylaş, paylaş","compartir, compartir, compartir","teilen, teilt, teilte, 1.",,word,,hat geteilt,Mein Mann und ich teilen uns die || Arbeit. || Wollen wir uns eine Pizza teilen? || Was machst du mit dem Gewinn? || – Ich teile ihn mit meiner Familie.,86
b1_2926,B1,"das Teil, -e","the part, -e","kısım, -e","la parte, -e","das Teil, -e",das,noun,-e,,Dieses Teil müssen wir erst bestellen.,86
b1_2927,B1,"der Teil, -e1.","the part, -e1.","kısım, -e1.","la parte, -e1.","der Teil, -e1.",der,noun,-e1.,,Was steht in dem Brief? || Ich habe den ersten Teil nicht verstanden || Der Film hat zwei Teile. || Heute kommt Teil 1. || Gefällt dir der neue Job? || – Nur zum Teil.,86
b1_2928,B1,die Teilzeit,the part time,yarı zamanlı,el tiempo parcial,die Teilzeit,die,noun,,,Ich arbeite im Moment nur Teilzeit.,86
b1_2929,B1,"teilnehmen, nimmt teil,","participate, takes part","katılmak, katılmak","participar, toma parte","teilnehmen, nimmt teil,",,word,,,Leider konnte ich an dem Kurs nicht,86
b1_2930,B1,"nahm teil,",took part,katıldı,participó,"nahm teil,",,word,,hat teilgenommen,regelmäßig teilnehmen.,86
b1_2931,B1,"die Teilnahme, -n","participation, -n","katılım, -n","participación, -n","die Teilnahme, -n",die,noun,-n,,Die Teilnahme am Gewinnspiel ist kostenlos.,86
b1_2932,B1,"der Teilnehmer, -","the participant, -","katılımcı, -","el participante, -","der Teilnehmer, -",der,noun,-,,Die Teilnehmerinnen aus unserem Kurs,86
b1_2933,B1,"die Teilnehmerin, -nen","the participant, -nen","katılımcı, -nen","el participante, -nen","die Teilnehmerin, -nen",die,noun,-nen,,kommen aus verschiedenen Ländern.,86
b1_2934,B1,"telefonieren, telefoniert,","make a phone call, make a phone call","telefon görüşmesi yapmak, telefon görüşmesi yapmak","hacer una llamada telefónica, hacer una llamada telefónica","telefonieren, telefoniert, 1.",,word,,,Ich muss kurz telefonieren.,86
b1_2935,B1,"telefonierte,",called on the phone,telefonla aradım,llamó por teléfono,"telefonierte, 2.",,word,,hat telefoniert,Mein Mann telefoniert gerade. || Können || Sie später noch einmal anrufen?,86
b1_2936,B1,"das Telefon, -e1.","the telephone, -e1.","telefon, -e1.","el teléfono, -e1.","das Telefon, -e1.",das,noun,-e1.,,Darf ich bitte Ihr Telefon benutzen?,86
b1_2937,B1,"der Teller, -","the dish, -","yemek, -","el plato, -","der Teller, - 1.",der,noun,- 1.,,Stell bitte schon mal die Teller auf den Tisch! || Willst du noch einen Teller Suppe?,86
b1_2938,B1,"die Temperatur, -en","the temperature, -s","sıcaklık, -s","la temperatura, -s","die Temperatur, -en",die,noun,-en,,Die Temperaturen steigen heute um 10 Grad.,86
b1_2939,B1,das Tempo,the pace,hız,el ritmo,das Tempo 1.,das,noun,,,"Hier darfst du nur Tempo 30 fahren. || Achtung, hier ist eine Tempo-30-Zone!",86
b1_2940,B1,das Tennis,the tennis,tenis,el tenis,das Tennis,das,noun,,,Ich spiele gern Tennis.,86
b1_2941,B1,"der Teppich, -e","the carpet, -e","halı, -e","la alfombra, -e","der Teppich, -e 1.",der,noun,-e 1.,,Ich habe mir einen neuen Teppich gekauft. || Habt ihr in eurer neuen Wohnung Teppich oder einen Holzfußboden?,86
b1_2942,B1,"der Termin, -e","der Termin, -e","randevu, -e","la cita, -e","der Termin, -e",der,noun,-e,,Als Termin schlage ich den || Mai vor.,86
b1_2943,B1,"der Terminkalender, -","the appointment calendar, -","randevu takvimi, -","el calendario de citas, -","der Terminkalender, -",der,noun,-,,Hast du unser Treffen schon in deinen Terminkalender eingetragen?,86
b1_2944,B1,"die Terrasse, -n","die Terrasse, -n","teras, -n","la terraza, -n","die Terrasse, -n",die,noun,-n,,Setzen wir uns auf die Terrasse!,86
b1_2945,B1,"testen, testet, testete,","test, tested, tested","test edildi, test edildi, test edildi","prueba, probado, probado","testen, testet, testete,",,word,,hat getestet,Testen Sie unsere Angebote kostenlos.,86
b1_2946,B1,"der Test, -s","the test, -s","test, -s","la prueba, -s","der Test, -s",der,noun,-s,,Ich bin ganz sicher: Du wirst den Test schaffen.,86
b1_2947,B1,teuer,expensive,masraflı,caro,teuer,,word,,,Ich finde das Geschäft nicht teuer.,86
b1_2948,B1,"der Text, -e","the text, -e","metin, -e","el texto, -e","der Text, -e",der,noun,-e,,Lesen Sie den Text.,86
b1_2949,B1,"das Theater, -","the theater, -","tiyatro, -","el teatro, -","das Theater, -",das,noun,-,,Wir gehen nächste Woche ins Theater.,86
b1_2950,B1,"das Thema, Themen","the topic, topics","konu, konular","el tema, temas","das Thema, Themen",das,noun,Themen,,Wir haben im Kurs viel über das Thema Umwelt gesprochen.,86
b1_2951,B1,theoretisch,theoretically,teorik olarak,teóricamente,theoretisch,,adjective,,,Ich habe die theoretische Prüfung be- standen. || Nach der praktischen habe ich den Führerschein.,86
b1_2952,B1,"die Theorie, -n","the theory, -n","teori, -n","la teoría, -n","die Theorie, -n",die,noun,-n,,Das ist die Theorie. || In der Praxis ist vieles ganz anders.,86
b1_2953,B1,"die Therapie, -n","the therapy, -n","terapi, -n","la terapia, -n","die Therapie, -n",die,noun,-n,,Die Therapie hat geholfen. || Es geht mir schon viel besser.,86
b1_2954,B1,"das Ticket, -s","the ticket, -s","bilet, -s","el billete, -s","das Ticket, -s 1.",das,noun,-s 1.,,Wir müssen die Tickets für unseren Flug ausdrucken. || Ich kaufe heute Tickets für das Konzert.,86
b1_2955,B1,tief,deep,derin,profundo,tief 1.,,word,,,"Vorsicht, Kinder! || Das Wasser ist hier sehr tief. || Der Schrank ist drei Meter breit und 60 Zentimeter tief. || Bitte jetzt tief einatmen!",86
b1_2956,B1,"das Tier, -e","the animal, -e","hayvan, -e","el animal, -e","das Tier, -e",das,noun,-e,,Er mag Tiere sehr und geht darum oft in den Zoo.,86
b1_2957,B1,"das Haustier, -e","the pet, -e","evcil hayvan, -e","la mascota, -e","das Haustier, -e",das,noun,-e,,"Hat deine Familie ein Haustier? − Ja, wir haben einen Hund.",87
b1_2958,B1,"der Tierpark, -s","the zoo, -s","hayvanat bahçesi, -s","el zoológico, -s","der Tierpark, -s",der,noun,-s,,Wollen wir am Samstag mit den Kindern in den Tierpark gehen?,87
b1_2959,B1,"der Tipp, -s","the tip, -s","ipucu, -s","la punta, -s","der Tipp, -s",der,noun,-s,,Kannst du mir einen Tipp geben? || Wo finde ich billige Möbel?,87
b1_2960,B1,"tippen, tippt, tippte, hat","tap, tap, tapped, has","dokunun, dokunun, dokunuldu, var","toque, toque, toque, tiene","tippen, tippt, tippte, hat",,word,,,Wie schnell kannst du tippen?,87
b1_2961,B1,getippt,typed,yazılan,mecanografiado,getippt,,word,,,,87
b1_2962,B1,"der Tisch, -e","the table, -e","tablo, -e","la mesa, -e","der Tisch, -e",der,noun,-e,,Das Essen steht schon auf dem Tisch.,87
b1_2963,B1,"der Titel, -","the title, -","başlık, -","el título, -","der Titel, - 1.",der,noun,- 1.,,"Wie heißt der Film? || – Ich weiß den Titel nicht mehr. || Haben Sie einen Titel? || – Ja, Doktor.",87
b1_2964,B1,"die Tochter, ¨-",the daughter-,kızı-,la hija-,"die Tochter, ¨-",die,noun,¨-,,Das ist meine Tochter Katharina.,87
b1_2965,B1,der Tod,the death,ölüm,la muerte,der Tod,der,noun,,,Ich habe ihn vor seinem Tod noch einmal gesehen.,87
b1_2966,B1,tödlich,tödlich,ölümcül,fatal,tödlich,,adjective,,,Dieses Gift kann für den Menschen tödlich sein.,87
b1_2967,B1,"die Toilette, -n","the toilet, -n","tuvalet, -n","el baño, -n","die Toilette, -n",die,noun,-n,,"Wo ist die Toilette, bitte?",87
b1_2968,B1,tolerant,tolerant,hoşgörülü,tolerante,tolerant,,word,,,Die Nachbarn hören oft laut Musik. || Wir müssen sehr tolerant sein.,87
b1_2969,B1,toll,great,Harika,excelente,toll 1.,,word,,,Ich habe mir ein tolles Kleid gekauft. || Unser Urlaub war toll.,87
b1_2970,B1,"→A: die Tomate, -n Pa-","→A: the tomato, -n Pa-","→A: domates, -n Pa-","→A: el tomate, -n Pa-","→A: die Tomate, -n Pa-",,other,,,Kauf bitte noch Tomaten auf dem,87
b1_2971,B1,radeiser,radeiser,radeiser,radeiser,radeiser,,word,,,Markt.,87
b1_2972,B1,"der Topf, ¨-e (D, A) →CH:","the pot, ¨-e (D, A) →CH:","kap, ¨-e (D, A) →CH:","la olla, ¨-e (D, A) →CH:","der Topf, ¨-e (D, A) →CH: 1.",der,noun,"¨-e (D, A) →CH: 1.",,Dieses Jahr haben wir keine Töpfe mit,87
b1_2973,B1,Pfanne,Pan,Tava,Cacerola,Pfanne,,noun,,,Blumen auf dem Balkon. || Hast du keinen größeren Topf? || Ich möchte Kartoffeln kochen. →(CH: Pfanne),87
b1_2974,B1,"das Tor, -e","the gate, -e","kapı, -e","la puerta, -e","das Tor, -e 1.",das,noun,-e 1.,,Hinter dem Tor geht es zur Fabrik. || Die Mannschaft konnte vier Tore schießen.,87
b1_2975,B1,"die Torte, -n","the cake, -n","pasta, -n","el pastel, -n","die Torte, -n",die,noun,-n,,Zum Geburtstag backe ich dir eine Torte.,87
b1_2976,B1,tot,dead,ölü,muerto,tot,,word,,,Meine Großeltern sind schon lange tot.,87
b1_2977,B1,"der Tote, -n","the dead, -n","ölüler, -n","los muertos, -n","der Tote, -n",der,noun,-n,,Bei dem Unfall gab es zwei Tote.,87
b1_2978,B1,"die Tote, -n","the dead, -n","ölüler, -n","los muertos, -n","die Tote, -n",die,noun,-n,,,87
b1_2979,B1,total,total,toplam,total,total,,word,,,Der Film war total langweilig.,87
b1_2980,B1,der Tourismus,tourism,turizm,turismo,der Tourismus,der,noun,,,In dieser Gegend gibt es viel Tourismus.,87
b1_2981,B1,"der Tourist, -en","the tourist, -en","turist, -tr",el turista,"der Tourist, -en",der,noun,-en,,Es kommen immer mehr Touristen in,87
b1_2982,B1,"die Touristin, -nen","the tourist, -nen","turist, -nen","el turista, -nen","die Touristin, -nen",die,noun,-nen,,unsere Stadt.,87
b1_2983,B1,"die Tradition, -en","the tradition, -en","gelenek, -tr","la tradición, -es","die Tradition, -en",die,noun,-en,,Eine große Hochzeit mit vielen Leuten ist bei uns Tradition.,87
b1_2984,B1,traditionell,traditional,geleneksel,tradicional,traditionell,,word,,,Ich mag die traditionelle Küche.,87
b1_2985,B1,"tragen, trägt, trug,","carry, carries, wore","taşıyor, taşıyor, giyiyor","llevar, llevar, llevar","tragen, trägt, trug, 1.",,word,,hat getragen,Lass mich den Koffer tragen. || Der ist zu || schwer für dich. || Mein Bruder trägt eine Brille. || Die Kosten trägt die Krankenkasse.,87
b1_2986,B1,"trainieren, trainiert,","train, trained","tren, eğitilmiş","entrenar, entrenado","trainieren, trainiert,",,word,,,Wir trainieren einmal pro Woche im,87
b1_2987,B1,"trainierte, hat trainiert","trained, has trained","eğitilmiş, eğitilmiş","entrenado, ha entrenado","trainierte, hat trainiert",,word,,,Sportverein.,87
b1_2988,B1,"der Trainer, -","the coach, -","koç, -","el entrenador, -","der Trainer, -",der,noun,-,,Ich finde unseren Trainer sehr nett.,87
b1_2989,B1,"die Trainerin, -nen","the trainer, -nen","eğitmen, -nen","el entrenador, -nen","die Trainerin, -nen",die,noun,-nen,,,87
b1_2990,B1,"das Training, -s1.","the training, -s1.","eğitim, -s1.","el entrenamiento, -s1.","das Training, -s1.",das,noun,-s1.,,Jeden Dienstag ist Training. || Ich gehe jede Woche zum Training.,87
b1_2991,B1,"das Tram, -s →D,","the tram, -s →D","tramvay, -s →D","el tranvía, -s →D","das Tram, -s →D,",das,noun,"-s →D,",,Fahren wir mit dem Tram oder dem,87
b1_2992,B1,A: Straßenbahn,A: Tram,C: Tramvay,R: tranvía,A: Straßenbahn,,noun,,,Bus?,87
b1_2993,B1,"die Träne, -n","the tear, -n","gözyaşı, -n","la lágrima, -n","die Träne, -n",die,noun,-n,,Sie trocknet dem Kind die Tränen.,87
b1_2994,B1,"transportieren, trans-","transport, trans-","transportieren, trans-","transporte, transporte","transportieren, trans-",,word,,,Wie willst du die Möbel denn,87
b1_2995,B1,"portiert, transportierte,","ported, transported","taşınan, nakledilen","portado, transportado","portiert, transportierte,",,word,,hat transportiert,transportieren?,87
b1_2996,B1,"der Transport, -e","the transport, -e","taşıma, -e","el transporte, -e","der Transport, -e",der,noun,-e,,Was kostet der Transport?,87
b1_2997,B1,"träumen, träumt, träumte,","dream, dream, dream","rüya, rüya, rüya","soñar, soñar, soñar","träumen, träumt, träumte, 1.",,word,,hat geträumt,Ich habe schlecht geträumt. || Ich träume von einem großen Haus mit Garten.,87
b1_2998,B1,"der Traum, ¨-e","the dream, ¨-e","rüya, ¨-e","el sueño, ¨-e","der Traum, ¨-e",der,noun,¨-e,,Mein Traum ist ein eigenes Geschäft.,87
b1_2999,B1,Traum-,Dream-,Rüya-,Sueño-,Traum-,,noun,,,Mein Traumberuf ist Feuerwehrmann.,87
b1_3000,B1,traurig,sad,üzgün,triste,traurig 1.,,adjective,,,Ich bin traurig. || Ich darf nicht mitfahren. || Das war ein sehr trauriger Film.,87
b1_3001,B1,"treffen, trifft, traf,","hit, hit, hit","vur, vur, vur","golpear, golpear, golpear","treffen, trifft, traf, 1.",,word,,hat getroffen,Wir treffen uns immer freitags. || Ich habe Petra zufällig in der Stadt getroffen.,87
b1_3002,B1,"der Treffpunkt, -e","the meeting point, -e","buluşma noktası, -e","el punto de encuentro, -e","der Treffpunkt, -e",der,noun,-e,,Unser Treffpunkt ist um 17 Uhr am Hauptbahnhof.,87
b1_3003,B1,"treiben, treibt, trieb, hat","drive, drives, drove, has","sürmek, sürmek, sürmek, sahip olmak","conduce, conduce, conduce, tiene","treiben, treibt, trieb, hat",,word,,,Welchen Sport treibst du?,87
b1_3004,B1,getrieben,driven,tahrikli,conducido,getrieben,,verb,,,,87
b1_3005,B1,(sich) trennen,(separate,(ayırmak,(separado,"(sich) trennen, trennt, 1.",,verb,,"trennt, 1.",Wir leben getrennt.,87
b1_3006,B1,"trennte, hat getrennt","separated, has separated","ayrılmış, ayrılmış","separado, se ha separado","trennte, hat getrennt 2.",,word,,,Meine Freundin und ihr Mann haben sich getrennt. || Wir müssen den Müll trennen. || Das kommt zum Altpapier.,87
b1_3007,B1,"die Trennung, -en1.","the separation, -en1.","ayırma, -en1.","la separación, -en1.","die Trennung, -en1.",die,noun,-en1.,,"Die Trennung von der Familie war schwierig. || Meine Kollegin ist noch nicht geschieden, aber sie lebt in Trennung.",87
b1_3008,B1,getrennt leben,live separately,ayrı yaşamak,vivir separados,getrennt leben,,verb,,,Ich lebe getrennt von meiner Frau.,87
b1_3009,B1,"die Treppe, -n (D, CH) →A:","the stairs, -n (D, CH) →A:","merdivenler, -n (D, CH) →A:","las escaleras, -n (D, CH) →A:","die Treppe, -n (D, CH) →A: 1.",die,noun,"-n (D, CH) →A: 1.",,Wo ist die Toilette? || – Die Treppe hoch,88
b1_3010,B1,Stiege,Stairs,Merdiven,Escaleras,Stiege,,noun,,,und dann links. || Meine Oma kann nicht gut Treppen steigen.,88
b1_3011,B1,"das Treppenhaus, ¨-er (D,","the staircase, ¨-er (D","merdiven, ¨-er (D","la escalera, ¨-er (D","das Treppenhaus, ¨-er (D,",das,noun,"¨-er (D,",,Im Treppenhaus ist kein Licht.,88
b1_3012,B1,→A: CH) Stiegenhaus,→A: CH) Staircase,→A: CH) Merdiven,→A: CH) Escalera,→A: CH) Stiegenhaus,,other,,,,88
b1_3013,B1,"treten, tritt, trat,","kick, kick, kicked","tekme, tekme, tekme","patada, patada, patada","treten, tritt, trat, 1.",,word,,hat/ist getreten,Ich bin in ein Stück Glas getreten. || Au! || Du hast mich getreten!,88
b1_3014,B1,treu,faithful,sadık,fiel,treu,,word,,,Herr Maier ist ein treuer Kunde von uns.,88
b1_3015,B1,"trinken, trinkt, trank,","drink, drink, drank","içmek, içmek, içtim","beber, beber, bebió","trinken, trinkt, trank,",,word,,hat getrunken,Trinken Sie einen Tee mit uns?,88
b1_3016,B1,"das Trinkgeld, -er","the tip, -er","ipucu, -er","la punta, -er","das Trinkgeld, -er",das,noun,-er,,Ich habe dem Kellner zwei Euro Trinkgeld gegeben.,88
b1_3017,B1,trocken,dry,kuru,seco,trocken 1.,,word,,,Die Wäsche ist noch nicht trocken. || Hoffentlich regnet es bald. || Alles ist ganz trocken. || Bitte einen trockenen Wein.,88
b1_3018,B1,"trocknen, trocknet,","dry, dries","kurur, kurur","seco, seco","trocknen, trocknet, 1.",,word,,,Ich habe mir die Haare getrocknet.,88
b1_3019,B1,"trocknete,",dried,kurutulmuş,seco,"trocknete, 2.",,word,,hat/ist getrocknet,Die Farbe ist schnell getrocknet.,88
b1_3020,B1,die Tropfen (Pl.),the drops (pl.),damlalar (pl.),las gotas (pl.),die Tropfen (Pl.) 1.,die,noun,,,Hast du die Tropfen schon genommen? || Wegen der paar Regentropfen brauchst du doch keinen Schirm.,88
b1_3021,B1,"→ das Trottoir, -s (CH)","→ the sidewalk, -s (CH)","→ kaldırım, -s (CH)","→ la acera, -s (CH)","→ das Trottoir, -s (CH)",,other,,,Das Velofahren auf dem Trottoir ist,88
b1_3022,B1,"Gehsteig (D, A)","Sidewalk (D, A)","Kaldırım (D, A)","Acera (D, A)","Gehsteig (D, A)",,noun,,,nicht erlaubt.,88
b1_3023,B1,trotz,despite,aksine,a pesar de,trotz,,word,,,Trotz Grippe bin ich zur Arbeit gegangen.,88
b1_3024,B1,trotzdem,despite it,buna rağmen,a pesar de ello,trotzdem,,word,,,Es war ziemlich kalt. || Trotzdem bin ich schwimmen gegangen.,88
b1_3025,B1,"das Tuch, ¨-er","the cloth, ¨-er","kumaş, ¨-er","la tela, ¨-er","das Tuch, ¨-er 1.",das,noun,¨-er 1.,,Wo hast du dieses schöne Tuch gekauft? || Die Handtücher sind im Schrank ganz oben. || Hast du ein Taschentuch für mich?,88
b1_3026,B1,"tun, tut, tat, hat getan","do, does, did, did","yap, yap, yap, yap","hacer, hace, hizo, hizo","tun, tut, tat, hat getan 1.",,word,,,Ich habe heute viel zu tun. || Was kann ich für Sie tun? || Ich habe zu viel Zucker in den Kaffee getan. || Es tut mir leid. || Ich kann nicht kommen. || Der Arm tut mir weh. || Ich habe endlich mal ausgeschlafen. || Das hat gut getan.,88
b1_3027,B1,"die Tür, -en","the door, -en","kapı, -tr",la puerta,"die Tür, -en",die,noun,-en,,Machen Sie bitte die Tür zu! || Es zieht.,88
b1_3028,B1,"der Turm, ¨-e","the tower, ¨-e","kule, ¨-e","la torre, ¨-e","der Turm, ¨-e",der,noun,¨-e,,"Kommen Sie auf den Turm, von hier sieht man die ganze Stadt.",88
b1_3029,B1,"die Tüte, -n","the bag, -n","çanta, -n","la bolsa, -n","die Tüte, -n",die,noun,-n,,Brauchen Sie eine Tüte für den Salat?,88
b1_3030,B1,"der Typ, -en","the guy, -en","adam, -tr","el chico, -es","der Typ, -en 1.",der,noun,-en 1.,,Mein Nachbar ist ein netter Typ. || Was für ein Typ bist du? || Was machst du gerne? || Kennen Sie sich mit den verschiedenen Typen aus? || Auch mit meinem Auto?,88
b1_3031,B1,typisch1.,typical1.,tipik1.,típico1.,typisch1.,,word,,,"Im Hotel gab es typisch deutsches Essen. || Er kommt wieder zu spät, das ist typisch. || Diese Musik ist typisch für dieses Land.",88
b1_3032,B1,"die U-Bahn, -en","the subway, -en","metro, -tr",el metro,"die U-Bahn, -en",die,noun,-en,,Ich fahre mit der U-Bahn.,88
b1_3033,B1,üben,practice,pratik,práctica,üben,,verb,,,Ich lerne gerade Gitarre spielen. || Ich übe jeden Tag zwei Stunden.,88
b1_3034,B1,"die Übung, -en1.","the exercise, -en1.","alıştırma, -en1.","el ejercicio, -en1.","die Übung, -en1.",die,noun,-en1.,,Diese Übung war sehr schwer. || Ich fahre nicht oft Auto. || Mir fehlt die Übung.,88
b1_3035,B1,über,above,üstünde,arriba,über 1.,,preposition,,,"Die Müllers wohnen direkt über uns. || Pass bitte auf, wenn du über die Straße gehst. || Fahren Sie über Stuttgart oder über Würzburg? || Übers Wochenende fahren wir in die Berge. || Kinder über zehn Jahre müssen voll bezahlen. || Ich suche ein Buch über die deutsche Küche.",88
b1_3036,B1,überall,everywhere,her yer,en todos lados,überall,,word,,,"Ich habe überall gesucht, aber meine Brille ist weg.",88
b1_3037,B1,"überfahren, überfährt,","run over, run over","üzerinden geçmek, üzerinden geçmek","atropellar, atropellar","überfahren, überfährt,",,word,,,Gestern hat ein Autofahrer einen Hund,88
b1_3038,B1,überfuhr,drove over,arabayla geçti,condujo sobre,"überfuhr, hat überfahren",,verb,,hat überfahren,überfahren.,88
b1_3039,B1,überhaupt,at all,hiç,en absoluto,überhaupt 1.,,word,,,Die Suppe schmeckt mir überhaupt nicht. || Tut mir leid. || Ich habe überhaupt keine Zeit. || Du willst mit meinem Auto fahren? || Hast du überhaupt einen Führerschein?,88
b1_3040,B1,"überholen, überholt,","overtake, overtaken","sollamak, geçmek","adelantar, adelantar","überholen, überholt,",,word,,,Hier dürfen Lkws nicht überholen.,88
b1_3041,B1,"überholte, hat überholt","overtaken, has overtaken","geçti, geçti","superado, ha superado","überholte, hat überholt",,word,,,,88
b1_3042,B1,"überlegen, überlegt,","consider, consider","düşünmek, düşünmek","considerar, considerar","überlegen, überlegt, 1.",,word,,,Ich kann mich nicht entscheiden. || Ich,88
b1_3043,B1,"überlegte, hat überlegt","thought about it, thought about it","bunu düşündüm, düşündüm","lo pensé, lo pensé","überlegte, hat überlegt",,word,,,"muss mir das noch überlegen. || Ich habe mir überlegt, ein Auto zu kaufen.",88
b1_3044,B1,übermorgen,the day after tomorrow,übermorgen,pasado mañana,übermorgen,,verb,,,Morgen kann ich nicht. || Wir sehen uns übermorgen.,89
b1_3045,B1,"übernachten, übernachtet,","stay overnight, stay overnight","gece kal, gece kal","pasar la noche, pasar la noche","übernachten, übernachtet,",,word,,,Wir haben auf dem Campingplatz,89
b1_3046,B1,"übernachtete,",stayed overnight,gece kaldı,Pasó la noche,"übernachtete,",,word,,hat übernachtet,übernachtet.,89
b1_3047,B1,"die Übernachtung, -en","the overnight stay, -en","gecelik konaklama, -tr","la pernoctación, -es","die Übernachtung, -en",die,noun,-en,,In diesem Hotel kostet die Übernach- tung mit Frühstück 90 Euro.,89
b1_3048,B1,"übernehmen, übernimmt,","take over, take over","devralmak, devralmak","hacerse cargo, hacerse cargo","übernehmen, übernimmt,",,word,,,Ich habe das Geschäft von meinem,89
b1_3049,B1,"übernahm,",took over,devraldı,se hizo cargo,"übernahm,",,word,,hat übernommen.,Vater übernommen.,89
b1_3050,B1,"überprüfen, überprüft,","überprüfen, überprüft,","kontrol et, kontrol ettim","comprobar, comprobado","überprüfen, überprüft,",,word,,,"Bitte überprüfen Sie, ob Ihr Name",89
b1_3051,B1,"überprüfte, hat überprüft","checked, has checked","kontrol edildi, kontrol edildi","comprobado, ha comprobado","überprüfte, hat überprüft",,word,,,richtig geschrieben ist.,89
b1_3052,B1,"überqueren, überquert,","cross, crossed","çapraz, çapraz","cruzar, cruzar","überqueren, überquert,",,word,,,Bitte die Straße nur an der Ampel,89
b1_3053,B1,"überquerte, hat überquert","crossed, has crossed","geçti, geçti","cruzó, ha cruzado","überquerte, hat überquert",,word,,,überqueren.,89
b1_3054,B1,"überraschen, überrascht,","surprise, surprised","sürpriz, şaşırmış","sorpresa, sorprendido","überraschen, überrascht,",,word,,,"Ich bin ganz überrascht, dass die",89
b1_3055,B1,"überraschte,",surprised,şaşırmış,sorprendido,"überraschte,",,word,,hat überrascht,Wohnung so billig ist.,89
b1_3056,B1,"die Überraschung,-en1.","the surprise,-en1.","sürpriz,-tr1.","la sorpresa,-en1.","die Überraschung,-en1.",die,noun,-en1.,,"Ich habe eine Überraschung für dich. || Das ist ja eine Überraschung. || Ich dachte, du bist im Urlaub.",89
b1_3057,B1,"überreden, überredet,","persuade, persuaded","ikna etmek, ikna etmek","persuadir, persuadir","überreden, überredet,",,word,,,"Zuerst wollte ich nicht, aber mein",89
b1_3058,B1,"überredete, hat überredet","persuaded, persuaded","ikna edilmiş, ikna edilmiş","persuadido, persuadido","überredete, hat überredet",,word,,,"Bruder hat mich überredet, einen Englischkurs zu machen.",89
b1_3059,B1,"die Überschrift, -en","the heading, -en","başlık, -tr","el encabezado, -en","die Überschrift, -en 1.",die,noun,-en 1.,,Der Artikel erschien unter der folgen- den Überschrift: „…“ || Die Überschrift passt überhaupt nicht zum Inhalt des Artikels.,89
b1_3060,B1,"übersetzen, übersetzt,","translate, translated","tercüme etmek, tercüme etmek","traducir, traducido","übersetzen, übersetzt,",,word,,,Können Sie mir bitte diesen Brief,89
b1_3061,B1,"übersetzte, hat übersetzt","translated, has translated","tercüme etti, tercüme etti","traducido, ha traducido","übersetzte, hat übersetzt",,word,,,übersetzen?,89
b1_3062,B1,"der Übersetzer, -","the translator, -","çevirmen, -","el traductor, -","der Übersetzer, -",der,noun,-,,Meine Tochter möchte als Übersetzerin,89
b1_3063,B1,"die Übersetzerin, -nen","the translator, -nen","çevirmen, -nen","el traductor, -nen","die Übersetzerin, -nen",die,noun,-nen,,arbeiten.,89
b1_3064,B1,"die Übersetzung, -en","the translation, -en","çeviri, -en","la traducción, -en","die Übersetzung, -en",die,noun,-en,,Die Übersetzung des Buches ist sehr gut.,89
b1_3065,B1,"die Überstunde, -n","the overtime, -n","fazla mesai, -n","las horas extras, -n","die Überstunde, -n",die,noun,-n,,Ich muss heute Überstunden machen.,89
b1_3066,B1,über-,above-,üstünde-,arriba-,über-,,preposition,,,,89
b1_3067,B1,"übertreiben, übertreibt,","exaggerate, exaggerate","abartmak, abartmak","exagerar, exagerar","übertreiben, übertreibt,",,word,,,Ein bisschen Sport ist gesund. || Aber,89
b1_3068,B1,übertrieb,exaggerated,abartılı,exagerado,"übertrieb, hat übertrieben",,verb,,hat übertrieben,man sollte es nicht übertreiben.,89
b1_3069,B1,"überweisen, überweist,","transfer, transfer","aktarma, aktarma","transferir, transferir","überweisen, überweist, 1.",,word,,,Ich überweise dir das Geld.,89
b1_3070,B1,"überwies, hat überwiesen","transferred, has transferred","überwies, hat überwiesen","transferido, ha transferido","überwies, hat überwiesen 2.",,word,,,Der Arzt hat mich ins Krankenhaus überwiesen.,89
b1_3071,B1,"die Überweisung, - en1.","the transfer, - en1.","aktarım, - en1.","la transferencia, - en1.","die Überweisung, - en1.",die,noun,- en1.,,Sie können bar oder per Überweisung bezahlen. || Der Hausarzt hat mir eine Über- weisung fürs Krankenhaus gegeben.,89
b1_3072,B1,(sich) überzeugen,convince (oneself).,(kendini) ikna etmek.,convencer (a uno mismo).,"(sich) überzeugen, 1.",,verb,,1.,Ihr Vorschlag überzeugt mich gar nicht.,89
b1_3073,B1,"überzeugt, überzeugte,","convinced, convinced","ikna olmuş, ikna olmuş","convencido, convencido","überzeugt, überzeugte, 2.",,word,,hat überzeugt,"Ich bin fest davon überzeugt, dass || meine Entscheidung richtig ist.",89
b1_3074,B1,"die Überzeugung, -en","the conviction, -en","mahkumiyet, -tr","la convicción, -es","die Überzeugung, -en",die,noun,-en,,Wie bist du zu dieser Überzeugung gekommen?,89
b1_3075,B1,üblich,usual,olağan,habitual,üblich,,adjective,,,"In Deutschland ist es üblich, früh zu Abend zu essen.",89
b1_3076,B1,übrig,left over,kalan,sobrante,übrig,,adjective,,,Ist noch etwas zu essen übrig?,89
b1_3077,B1,übrigens,by the way,Bu arada,por cierto,übrigens,,word,,,"Übrigens, kennst du schon die neuen Nachbarn?",89
b1_3078,B1,"das Ufer, -","das Ufer, -","kıyı, -","la orilla, -","das Ufer, - 1.",das,noun,- 1.,,Er schwimmt ans Ufer zurück. || Am Seeufer ist es schön spazieren zu gehen.,89
b1_3079,B1,"die Uhr, -en","the clock, -en","saat, -tr","el reloj, -es","die Uhr, -en 1.",die,noun,-en 1.,,Wie viel Uhr ist es? || Es ist vier Uhr. || Um wie viel Uhr müssen wir gehen? || Meine Uhr ist stehen geblieben.,89
b1_3080,B1,um,around,etrafında,alrededor,um 1.,,preposition,,,Wir treffen uns um 8 Uhr. || Die Apotheke ist gleich um die Ecke. || Die Benzinpreise sind schon wieder um 3 % gestiegen.,89
b1_3081,B1,"umarmen, umarmt,","hug, hug","sarılmak, sarılmak","abrazo, abrazo","umarmen, umarmt,",,word,,,Lass dich zum Abschied umarmen.,89
b1_3082,B1,"umarmte, hat umarmt","hugged, has hugged","sarıldı, sarıldı","abrazó, ha abrazado","umarmte, hat umarmt",,word,,,,89
b1_3083,B1,um … zu,in order to,için,con el fin de,um … zu,,preposition,,,"Um gesund zu bleiben, musst du Sport machen und Gemüse essen.",89
b1_3084,B1,(sich) umdrehen,(to) turn around,arkanı dönmek,(dar) la vuelta,"(sich) umdrehen, dreht 1.",,verb,,dreht 1.,Dreh dich mal um. || Da hinten liegt das,89
b1_3085,B1,"um, drehte um,","around, turned around","etrafında, döndü","alrededor, volteado","um, drehte um,",,preposition,,hat umgedreht,Buch doch. || Dreh das Blatt um; die Lösung steht auf der Rückseite.,89
b1_3086,B1,"die Umfrage, -n","the survey, -n","anket, -n","la encuesta, -n","die Umfrage, -n",die,noun,-n,,Wir machen eine Umfrage zum Thema Umweltschutz.,89
b1_3087,B1,"die Umgebung, -en","the environment, -en","çevre, -tr","el medio ambiente, -es","die Umgebung, -en",die,noun,-en,,In der Umgebung von Berlin kann man schöne Ausflüge machen.,89
b1_3088,B1,"umgehen, geht um,","deal with, goes around","uğraşmak, dolaşmak","tratar con, dar vueltas","umgehen, geht um,",,word,,,Er kann sehr gut mit Kindern umgehen.,89
b1_3089,B1,ging um,went around,etrafta dolaştı,dio la vuelta,"ging um, ist umgegangen",,verb,,ist umgegangen,,89
b1_3090,B1,umgekehrt,vice versa,tersine,viceversa,umgekehrt,,word,,,"Nein, umgekehrt: erst der Vorname, dann der Nachname.",89
b1_3091,B1,"die Umleitung, -en","the diversion, -en","oyalama, -tr","el desvío, -es","die Umleitung, -en",die,noun,-en,,Es gibt wegen des Unfalls eine Umleitung.,89
b1_3092,B1,umso,all the more,daha da fazlası,más aún,umso 1.,,word,,,"Je früher wir dort sind, umso besser sind unsere Chancen auf einen guten Sitzplatz. || Ich kann dir nicht nur heute, sondern auch morgen helfen. || – Umso besser!",89
b1_3093,B1,umsonst,for free,ücretsiz,gratis,umsonst 1.,,word,,,"Ich musste nichts bezahlen. || Die Reparatur war umsonst. || Nichts hat geholfen, es war alles umsonst.",89
b1_3094,B1,"umsteigen, steigt um,","change, change","değişiklik, değişiklik","cambiar, cambiar","umsteigen, steigt um,",,word,,,,90
b1_3095,B1,stieg um,rose,gül,rosa,"stieg um, ist umgestiegen",,verb,,ist umgestiegen,In Ulm müssen Sie umsteigen.,90
b1_3096,B1,"umtauschen, tauscht um,","exchange, exchange","takas, takas","intercambiar, intercambiar","umtauschen, tauscht um,",,word,,,,90
b1_3097,B1,"tauschte um,",exchanged,takas edildi,intercambiado,"tauschte um, 1.",,word,,hat umgetauscht,Ich möchte diese Bluse umtauschen. || Sie passt mir nicht. || Wo kann ich Geld umtauschen?,90
b1_3098,B1,"der Umtausch, ¨-e","the exchange, ¨-e","değişim, ¨-e","el intercambio, ¨-e","der Umtausch, ¨-e",der,noun,¨-e,,Ein Umtausch ist leider nicht möglich.,90
b1_3099,B1,die Umwelt,the environment,çevre,el medio ambiente,die Umwelt,die,noun,,,Alte Autos sind ein Problem für die Umwelt.,90
b1_3100,B1,der Umweltschutz,the environmental protection,çevre koruma,la protección del medio ambiente,der Umweltschutz,der,noun,,,Das Land muss mehr Geld für Umweltschutz ausgeben.,90
b1_3101,B1,die Umweltver-,the environmental,çevresel,el medio ambiente,die Umweltver-,die,noun,,,,90
b1_3102,B1,schmutzung,dirt,schmutzung,suciedad,"schmutzung, -en",,verb,,-en,Die Umweltverschmutzung nimmt weiter zu.,90
b1_3103,B1,"umziehen, zieht um, zog","move, moves, moved","hareket et, hareket et, hareket et","moverse, se mueve, movido","umziehen, zieht um, zog",,word,,,Familie Meier ist letzten Monat,90
b1_3104,B1,um,around,etrafında,alrededor,"um, ist umgezogen",,verb,,ist umgezogen,umgezogen. || Sie wohnen nicht mehr hier.,90
b1_3105,B1,"der Umzug, ¨-e","the move, ¨-e","hareket, ¨-e","la movida, ¨-e","der Umzug, ¨-e",der,noun,¨-e,,Der Umzug ist nächste Woche.,90
b1_3106,B1,sich umziehen,get changed,değişmek,cambiarse,"sich umziehen, zieht sich",,verb,,zieht sich,"Bevor wir zur Party gehen, möchte ich",90
b1_3107,B1,"um, zog sich um, hat sich","around, changed, has","civarında, değişti, değişti","alrededor, cambiado, ha","um, zog sich um, hat sich",,preposition,,,mich umziehen.,90
b1_3108,B1,umgezogen,moved away,uzaklaştı,se alejó,umgezogen,,verb,,,,90
b1_3109,B1,un-,U.N-,BM...,NACIONES UNIDAS-,un- 1.,,word,,,Der Verkäufer war sehr unfreundlich. || Dieses Geräusch ist mir unangenehm. || Er kam wie immer unpünktlich.,90
b1_3110,B1,unbedingt,absolutely,kesinlikle,absolutamente,unbedingt,,word,,,Ich muss unbedingt mit dir sprechen.,90
b1_3111,B1,und,and,Ve,y,und 1.,,conjunction,,,Ich habe heute und morgen frei. || Ich kaufe ein und mein Mann kocht.,90
b1_3112,B1,"der Unfall, ¨-e","the accident, ¨-e","kaza, ¨-e","el accidente, ¨-e","der Unfall, ¨-e",der,noun,¨-e,,Ich hatte letzte Woche einen Unfall.,90
b1_3113,B1,ungefähr,approximately,yaklaşık olarak,aproximadamente,ungefähr,,word,,,"Wie weit ist es bis zum Bahnhof? || – Nicht weit, ungefähr zehn Minuten zu Fuß.",90
b1_3114,B1,ungewöhnlich,unusual,olağan dışı,inusual,ungewöhnlich,,adjective,,,"Ich finde diese Speise ungewöhnlich, aber sie schmeckt gut.",90
b1_3115,B1,unglaublich,incredible,inanılmaz,increíble,unglaublich,,adjective,,,Es ist unglaublich. || Schon wieder so ein Unglück.,90
b1_3116,B1,"das Unglück, -e","the misfortune, -e","talihsizlik, -e","la desgracia, -e","das Unglück, -e",das,noun,-e,,Bei dem Unglück gab es viele Verletzte.,90
b1_3117,B1,unheimlich,scary,korkutucu,aterrador,unheimlich 1.,,adjective,,,Ich mag dieses Haus nicht. || Es sieht unheimlich aus. || Diese Person ist mir unheimlich. || Lass uns umkehren. || Mir wird im Dunkeln unheimlich. || Die Prüfung war unheimlich schwer.,90
b1_3118,B1,"die Uniform, -en","the uniform, -en","üniforma, -tr","el uniforme, -es","die Uniform, -en",die,noun,-en,,"In der Schule, die sie besucht, trägt man Uniformen.",90
b1_3119,B1,"die Universität, -en","the university, -en","üniversite, -tr","la universidad, -es","die Universität, -en",die,noun,-en,,Mein Sohn studiert an der Universität.,90
b1_3120,B1,unten,below,altında,abajo,unten 1.,,word,,,"Wir wohnen im || Stock, meine Eltern unten im || Stock. || Sie ist mal kurz nach unten gegangen.",90
b1_3121,B1,unter,under,altında,bajo,unter 1.,,preposition,,,Unter uns wohnt eine Familie mit drei Kindern. || Die CDs sind im Regal unter dem Fernseher.,90
b1_3122,B1,unter-,under-,altında-,bajo-,unter-,,preposition,,,Mein Pass ist im unteren Regal.,90
b1_3123,B1,"unterbrechen, unterbricht,","interrupt, interrupts","kesintiye uğratmak, kesintiye uğratmak","interrumpir, interrumpe","unterbrechen, unterbricht, 1.",,word,,,Wir unterbrechen die Sendung für eine,90
b1_3124,B1,"unterbrach,",interrupted,kesintiye uğradı,interrumpido,"unterbrach,",,word,,hat unterbrochen,"wichtige Nachricht. || Bitte unterbrich mich nicht, wenn ich spreche.",90
b1_3125,B1,(sich) unterhalten,(talk,(konuşmak,(hablar,"(sich) unterhalten, unter- 1.",,verb,,unter- 1.,Wir haben uns über das Fußballspiel,90
b1_3126,B1,"hält, unterhielt,","keeps, entertains","tutar, eğlendirir","mantiene, entretiene","hält, unterhielt,",,word,,hat unterhalten,unterhalten. || Ich habe mich bei der Party sehr gut unterhalten.,90
b1_3127,B1,"die Unterhaltung, -en","the entertainment, -en","eğlence, -tr","el entretenimiento, -es","die Unterhaltung, -en",die,noun,-en,,Wir wünschen Ihnen gute Unterhaltung.,90
b1_3128,B1,"die Unterkunft, ¨-e","die Unterkunft, ¨-e","konaklama, ¨-e","el alojamiento, ¨-e","die Unterkunft, ¨-e 1.",die,noun,¨-e 1.,,Ich komme drei Tage nach Hamburg und suche eine günstige Unterkunft. || Ist dieser Preis inklusive Unterkunft und Essen?,90
b1_3129,B1,die Unterlagen (Pl.),the documents (pl.),belgeler (pl.),los documentos (pl.),die Unterlagen (Pl.),die,noun,,,Ich schicke Ihnen alle Unterlagen mit der Post zu.,90
b1_3130,B1,"unterlassen, unterlässt,","omit, omit","ihmal etmek, ihmal etmek","omitir, omitir","unterlassen, unterlässt,",,word,,,Das Rauchen auf den Gängen ist zu un-,90
b1_3131,B1,unterließ,omitted,atlanmış,omitido,"unterließ, hat unterlassen",,verb,,hat unterlassen,terlassen.,90
b1_3132,B1,"unternehmen, untern-","company, company","unternehmen, untern-","empresa, empresa","unternehmen, untern-",,word,,,Wollen wir heute Abend noch etwas,90
b1_3133,B1,"immt, unternahm,","immt, undertook","ımmt, üstlendim","immt, emprendió","immt, unternahm,",,word,,hat unternommen,unternehmen?,90
b1_3134,B1,"der Unternehmer, -","the entrepreneur, -","girişimci, -","el empresario, -","der Unternehmer, -",der,noun,-,,Sie ist erfolgreiche Unternehmerin.,90
b1_3135,B1,"die Unternehmerin, -nen","the entrepreneur, -nen","girişimci, -nen","el emprendedor, -nen","die Unternehmerin, -nen",die,noun,-nen,,,90
b1_3136,B1,"unterrichten, unterrichtet,","teach, taught","öğretmek, öğretti","enseñar, enseñar","unterrichten, unterrichtet,",,word,,,Meine Frau unterrichtet Spanisch.,90
b1_3137,B1,"unterrichtete,",taught,öğretilen,enseñó,"unterrichtete,",,word,,hat unterrichtet,,90
b1_3138,B1,der Unterricht,the lesson,ders,la lección,der Unterricht,der,noun,,,Der Unterricht dauert von 17 bis 19 Uhr.,90
b1_3139,B1,untersagt,prohibited,yasak,prohibido,untersagt,,word,,,"Es ist untersagt, hier zu rauchen.",90
b1_3140,B1,"unterscheiden, unter-","distinguish, distinguish","ayırt etmek, ayırt etmek","distinguir, distinguir","unterscheiden, unter-",,word,,,Ihr seid euch sehr ähnlich. || Auf dem,90
b1_3141,B1,"scheidet, unterschied,","separates, difference","ayırır, farklılık","separa, diferencia","scheidet, unterschied,",,word,,hat unterschieden,Foto kann man euch beide nicht || unterscheiden.,90
b1_3142,B1,"der Unterschied, -e","the difference, -e","fark, -e","la diferencia, -e","der Unterschied, -e",der,noun,-e,,"Können Sie mir sagen, was der Unterschied ist? || Welche Fahrkarte ist günstiger?",90
b1_3143,B1,unterschiedlich,different,farklı,diferente,unterschiedlich,,adjective,,,"Mein Bruder und ich sind sehr unterschiedlich. || Er interessiert sich für Mathematik, ich mich für Sprachen.",91
b1_3144,B1,"unterschreiben, unter-","sign, underwrite","imzalamak, üstlenmek","firmar, suscribir","unterschreiben, unter-",,word,,,Unterschreiben Sie bitte hier unten,91
b1_3145,B1,"schreibt, unterschrieb,","writes, signed","yazıyor, imzalı","escribe, firmado","schreibt, unterschrieb,",,word,,hat unterschrieben,rechts.,91
b1_3146,B1,"die Unterschrift, -en","the signature, -en","imza, -en","la firma, -es","die Unterschrift, -en",die,noun,-en,,Auf dem Schreiben fehlt die Unterschrift.,91
b1_3147,B1,"unterstreichen, unterstre-","underline, underline","altını çizmek, altını çizmek","subrayar, subrayar","unterstreichen, unterstre-",,word,,,Wir sollen alle wichtigen Wörter,91
b1_3148,B1,"icht, unterstrich,","not, underlined","hayır, altı çizili","no, subrayado","icht, unterstrich,",,word,,hat unterstrichen,unterstreichen.,91
b1_3149,B1,"unterstützen, unterstützt,","support, supported","destek, desteklenen","apoyo, apoyado","unterstützen, unterstützt,",,word,,,"Sie unterstützen mich, wo sie nur",91
b1_3150,B1,"unterstützte,",supported,desteklenen,apoyado,"unterstützte,",,word,,hat unterstützt,können.,91
b1_3151,B1,"die Unterstützung, -en","the support, -en","destek, -tr","el soporte, -es","die Unterstützung, -en",die,noun,-en,,Ich nehme Ihre Unterstützung gern an.,91
b1_3152,B1,"untersuchen, untersucht,","examine, examined","incelemek, incelemek","examinar, examinado","untersuchen, untersucht,",,word,,,Sie sollten sich vom Arzt untersuchen,91
b1_3153,B1,"untersuchte,",examined,incelendi,examinado,"untersuchte,",,word,,hat untersucht,lassen.,91
b1_3154,B1,"die Untersuchung, -en","the investigation, -en","soruşturma, -tr","la investigación, -es","die Untersuchung, -en",die,noun,-en,,Ich habe morgen eine Untersuchung im Krankenhaus.,91
b1_3155,B1,unterwegs,on the way,yolda,en el camino,unterwegs 1.,,word,,,"Warte auf mich. || Ich bin unterwegs und komme gleich. || Unterwegs können wir noch etwas essen. || Stell dir vor, der Brief war zwei Wochen unterwegs.",91
b1_3156,B1,"die Urkunde, -n","the certificate, -n","sertifika, -n","el certificado, -n","die Urkunde, -n",die,noun,-n,,"Wenn wir das Spiel gewinnen, bekommen wir eine Urkunde.",91
b1_3157,B1,"der Urlaub, -e (D, A) →CH:","the holiday, -e (D, A) →CH:","tatil, -e (D, A) →CH:","el día festivo, -e (D, A) →CH:","der Urlaub, -e (D, A) →CH:",der,noun,"-e (D, A) →CH:",,Ich habe noch drei Tage Urlaub.,91
b1_3158,B1,Ferien,Holidays,Tatiller,Vacaciones,Ferien,,noun,,,,91
b1_3159,B1,"die Ursache, -n","the cause, -n","sebep, -n","la causa, -n","die Ursache, -n 1.",die,noun,-n 1.,,Kennt man schon die Unfallursache? || Vielen Dank! || – Keine Ursache!,91
b1_3160,B1,"verursachen, verursacht,","cause, caused","sebep, neden oldu","causa, causado","verursachen, verursacht,",,word,,,Dieser Busfahrer verursachte den,91
b1_3161,B1,"verursachte,","verursachte,",sebep oldu,causado,"verursachte,",,word,,hat verursacht,Unfall.,91
b1_3162,B1,ursprünglich,originally,aslen,originalmente,ursprünglich,,adjective,,,Ursprünglich wollte ich in einem Restaurant arbeiten. || Aber dann bin ich Busfahrerin geworden.,91
b1_3163,B1,"das Urteil, -e","the verdict, -e","karar, -e","el veredicto, -e","das Urteil, -e 1.",das,noun,-e 1.,,Dein Urteil ist für mich sehr wichtig. || Das Urteil des Gerichts erscheint mir zu hart.,91
b1_3164,B1,"die Vase, -n Hast","the vase, -n hastily","vazo, -n aceleyle","el jarrón, -n apresuradamente","die Vase, -n Hast",die,noun,-n Hast,,du eine Vase für die Blumen?,91
b1_3165,B1,"1. der Vater, ¨-","1. the father, ¨-","1. baba, ¨-","1. el padre, ¨-","1. der Vater, ¨-",,other,,,Mein Vater arbeitet in einem Restaurant. || Herr Müller ist Vater geworden.,91
b1_3166,B1,1. vegetarisch,1. vegetarian,1. vejetaryen,1. vegetariano,1. vegetarisch,,other,,,Ich mag kein Fleisch. || Ich esse am liebsten vegetarisch. || Haben Sie auch vegetarische Gerichte?,91
b1_3167,B1,"→ 1. das Velo, -s (CH)","→ 1. the bike, -s (CH)","→ 1. bisiklet, -s (CH)","→ 1. la bicicleta, -s (CH)","→ 1. das Velo, -s (CH)",,other,,,Sie fährt jeden Morgen mit dem Velo,91
b1_3168,B1,"Fahrrad; D, A: Rad","Bicycle; D, A: wheel","Bisiklet; D, A: tekerlek","Bicicleta; D, A: rueda","Fahrrad; D, A: Rad",,noun,,,zur Arbeit. || Am Sonntag fahren wir oft Velo.,91
b1_3169,B1,(sich) verabreden,(arrange to meet,(buluşmayı ayarlayın,(arreglar una reunión,"(sich) verabreden,",,verb,,,Wir haben uns mit Freunden,91
b1_3170,B1,"verabredet, verabredete,","agreed, agreed","anlaştık, anlaştık","acordado, acordado","verabredet, verabredete,",,word,,hat verabredet,verabredet. || Wir wollen zusammen || essen.,91
b1_3171,B1,verabredet,have an appointment,randevum var,tener una cita,verabredet,,word,,,"Tut mir leid, ich habe keine Zeit. || Ich bin mit meiner Freundin verabredet.",91
b1_3172,B1,"die Verabredung, -en","the appointment, -en","randevu, -tr","la cita, -es","die Verabredung, -en",die,noun,-en,,Ich habe um 15 Uhr eine Verabredung mit Klaus.,91
b1_3173,B1,(sich) verabschieden,(say goodbye,(hoşçakal deyin,(di adiós,"(sich) verabschieden, 1.",,verb,,1.,Ich wurde von meinen Freunden sehr,91
b1_3174,B1,"verabschiedet,",adopted,benimsendi,adoptado,"verabschiedet,",,word,,,nett verabschiedet.,91
b1_3175,B1,"2. verabschiedete,",2. passed,2. geçti,2. pasado,"2. verabschiedete,",,other,,hat verabschiedet,Es ist schon 23 Uhr. || Ich möchte mich || verabschieden.,91
b1_3176,B1,"der Abschied, -e","the farewell, -e","veda, -e","la despedida, -e","der Abschied, -e",der,noun,-e,,Der Abschied von meinen Freunden fiel mir schwer.,91
b1_3177,B1,(sich) verändern,(change,(değiştirmek,(cambiar,"(sich) verändern, 1.",,verb,,1.,Das geht so nicht. || Wir müssen die,91
b1_3178,B1,"verändert, veränderte,","changed, changed","değişti, değişti","cambiado, cambiado","verändert, veränderte,",,word,,,Organisation verändern.,91
b1_3179,B1,2. hat verändert,2. has changed,2. değişti,2. ha cambiado,2. hat verändert,,other,,,Wir haben uns lange nicht gesehen. || Aber du hast dich gar nicht verändert.,91
b1_3180,B1,"die Veranstaltung, -en","the event, -en","olay, -tr","el evento, -es","die Veranstaltung, -en",die,noun,-en,,Am Samstag ist unser Lokal geschlos- sen. || Wir haben eine Veranstaltung.,91
b1_3181,B1,verantwortlich,responsible,sorumlu,responsable,verantwortlich,,adjective,,,Sie sind für Ihre Kinder verantwortlich.,91
b1_3182,B1,die Verantwortung,the responsibility,sorumluluk,la responsabilidad,die Verantwortung,die,noun,,,Sie tragen die Verantwortung für Ihre Kinder.,91
b1_3183,B1,"1. (sich) verbessern,",1. (to) improve,1. (için) geliştirmek,1. (para) mejorar,"1. (sich) verbessern,",,other,,,Ich habe mein Deutsch verbessert.,91
b1_3184,B1,"2. verbessert, verbesserte,","2. improved, improved","2. geliştirilmiş, geliştirilmiş","2. mejorado, mejorado","2. verbessert, verbesserte,",,other,,hat verbessert,Meine Kinder haben sich in der Schule || verbessert.,91
b1_3185,B1,"verbieten, verbietet,","forbid, forbid","yasaklamak, yasaklamak","prohibir, prohibir","verbieten, verbietet,",,word,,,Ich werde meinen Kindern das,91
b1_3186,B1,verbot,ban,yasak,prohibición,"verbot, hat verboten",,verb,,hat verboten,Rauchen verbieten.,91
b1_3187,B1,"das Verbot, -e","the ban, -e","yasak, -e","la prohibición, -e","das Verbot, -e",das,noun,-e,,Ich bin für das Verbot dieses neuen Videospiels.,91
b1_3188,B1,verboten,forbidden,yasaklı,prohibido,verboten,,verb,,,In den meisten Restaurants ist Rauchen verboten.,91
b1_3189,B1,"1. verbinden, verbindet,","1. connect, connects","1. bağlanmak, bağlanmak","1. conectar, conecta","1. verbinden, verbindet,",,other,,,Wir müssen die Wunde sofort,91
b1_3190,B1,verband,connected,bağlı,conectado,"verband, hat verbunden",,verb,,hat verbunden,"verbinden. || Sie sind falsch verbunden! || Hier ist Müller, nicht Meyer.",91
b1_3191,B1,"die Verbindung, -en1.","the connection, -en1.","bağlantı, -en1.","la conexión, -en1.","die Verbindung, -en1.",die,noun,-en1.,,Die Verbindung ist sehr gut. || Ich kann direkt mit diesem Zug fahren und muss nicht umsteigen. || Kannst du bitte lauter sprechen? || Die Verbindung ist sehr schlecht.,92
b1_3192,B1,"verbrauchen, verbraucht,","consume, consumed","tüketmek, tüketilen","consumir, consumido","verbrauchen, verbraucht,",,word,,,Wie viel Benzin verbraucht dein Auto?,92
b1_3193,B1,"verbrauchte,",consumed,tüketilen,consumado,"verbrauchte,",,word,,hat verbraucht,,92
b1_3194,B1,"der Verbrecher, -","the criminal, -","suçlu, -","el criminal, -","der Verbrecher, -",der,noun,-,,Die Polizei hat den Verbrecher,92
b1_3195,B1,"die Verbrecherin, -nen","the criminal, -nen","suçlu, -nen","el criminal, -nen","die Verbrecherin, -nen",die,noun,-nen,,verhaftet.,92
b1_3196,B1,(sich) verbrennen,burn (yourself).,(kendini) yakmak.,quemarte (a ti mismo).,"(sich) verbrennen, 1.",,verb,,1.,Ich werde alle Briefe verbrennen.,92
b1_3197,B1,"verbrennt, verbrannte,","burns, burned","yanıklar, yanmış","quemaduras, quemado","verbrennt, verbrannte, 2.",,word,,hat verbrannt,Der Herd war noch heiß. || Ich habe mich || verbrannt.,92
b1_3198,B1,"verbringen, verbringt,","spend, spends","harcamak, harcamak","gastar, gasta","verbringen, verbringt,",,word,,,Wie haben Sie Ihren Urlaub verbracht?,92
b1_3199,B1,"verbrachte, hat verbracht","spent, has spent","verbrachte, hat verbracht","gastado, ha gastado","verbrachte, hat verbracht",,word,,,,92
b1_3200,B1,der Verdacht,the suspicion,şüphe,la sospecha,der Verdacht 1.,der,noun,,,"Wer hat das Geld aus der Kasse genommen? || – Ich weiß es nicht, aber ich habe einen Verdacht. || Wen haben Sie in Verdacht?",92
b1_3201,B1,verdächtig1.,suspicious1.,şüpheli1.,sospechoso1.,verdächtig1.,,word,,,Die Tür war nicht abgeschlossen. || Das ist verdächtig. || Haben Sie etwas Verdächtiges gesehen?,92
b1_3202,B1,"verdienen, verdient,","deserve, deserve","hak etmek, hak etmek","merecer, merecer","verdienen, verdient, 1.",,word,,,In diesem Beruf verdient man gut.,92
b1_3203,B1,"verdiente, hat verdient","deserved, deserved","hak edilmiş, hak edilmiş","merecido, merecido","verdiente, hat verdient 2.",,word,,,Er hat den Urlaub wirklich verdient.,92
b1_3204,B1,"der Verein, -e","der Verein, -e","kulüp, -e","el club, -e","der Verein, -e",der,noun,-e,,Ich bin schon seit 15 Jahren Mitglied in diesem Verein.,92
b1_3205,B1,"vereinbaren, vereinbart,","agree, agreed","katılıyorum, anlaştık","de acuerdo, de acuerdo","vereinbaren, vereinbart,",,word,,,Können wir einen Termin vereinbaren?,92
b1_3206,B1,"vereinbarte,",agreed,anlaştık,acordado,"vereinbarte,",,word,,hat vereinbart,,92
b1_3207,B1,die Vergangenheit,the past,geçmiş,el pasado,die Vergangenheit,die,noun,,,In der Vergangenheit war das anders.,92
b1_3208,B1,vergeblich,vain,boşuna,vano,vergeblich,,adjective,,,Ich habe vergeblich versucht dich anzurufen.,92
b1_3209,B1,"vergessen, vergisst,","forget, forget","unut, unut","olvidar, olvidar","vergessen, vergisst, 1.",,word,,,Ich habe den Termin ganz vergessen.,92
b1_3210,B1,"vergaß, hat vergessen","forgot, forgot","unuttum, unuttum","olvidé, olvidé","vergaß, hat vergessen 2.",,word,,,Ich habe meinen Pass vergessen.,92
b1_3211,B1,"vergleichen, vergleicht,","compare, compare","karşılaştır, karşılaştır","comparar, comparar","vergleichen, vergleicht,",,word,,,Vergleichen Sie die Angebote.,92
b1_3212,B1,verglich,compared,karşılaştırıldı,comparado,"verglich, hat verglichen",,verb,,hat verglichen,,92
b1_3213,B1,"der Vergleich, -e1.","the comparison, -e1.","karşılaştırma, -e1.","la comparación, -e1.","der Vergleich, -e1.",der,noun,-e1.,,Ein Vergleich ist schwer möglich. || Im Vergleich zum Wetter letzte Woche ist es heute warm.,92
b1_3214,B1,sich vergnügen,have fun,iyi eğlenceler,divertirse,"sich vergnügen, vergnügt",,verb,,vergnügt,Auf der Party habe ich mich sehr,92
b1_3215,B1,"sich,",itself,kendisi,sí mismo,"sich,",,word,,,vergnügt.,92
b1_3216,B1,"vergnügte sich,",enjoyed himself,eğlendi,se divirtió,"vergnügte sich,",,word,,hat sich vergnügt,,92
b1_3217,B1,"das Vergnügen, -1.","the pleasure, -1.","zevk, -1.","el placer, -1.","das Vergnügen, -1.",das,noun,-1.,,"Es ist ein Vergnügen, den Kindern beim Spielen zuzusehen. || Ich wünsche dir viel Vergnügen bei der Party!",92
b1_3218,B1,vergnügt,happy,mutlu,feliz,vergnügt,,word,,,Er kam mit einem vergnügten Grinsen herein.,92
b1_3219,B1,"vergrößern, vergrößert,","enlarge, enlarge","büyütmek, büyütmek","agrandar, agrandar","vergrößern, vergrößert, 1.",,word,,,Können Sie das Foto vergrößern?,92
b1_3220,B1,"vergrößerte,",enlarged,büyütülmüş,engrandecido,"vergrößerte, 2.",,word,,hat vergrößert,Wir wollen unser Geschäft vergrößern.,92
b1_3221,B1,"verhaften, verhaftet,","arrest, arrested","tutuklama, tutuklandı","arresto, arrestado","verhaften, verhaftet,",,word,,,Die Polizei hat 23 Menschen verhaftet.,92
b1_3222,B1,"verhaftete, hat verhaftet","arrested, has arrested","tutuklandı, tutuklandı","arrestado, ha arrestado","verhaftete, hat verhaftet",,word,,,,92
b1_3223,B1,sich verhalten,behave,davranmak,comportarse,"sich verhalten, verhält",,verb,,verhält,Der Mann hat sich uns gegenüber,92
b1_3224,B1,"sich, verhielt sich,","himself, behaved",kendisi davrandı,"él mismo, se comportó","sich, verhielt sich,",,word,,hat sich verhalten,merkwürdig verhalten.,92
b1_3225,B1,das Verhalten,the behavior,davranış,el comportamiento,das Verhalten,das,noun,,,Ich bewundere dein Verhalten in der schwierigen Situation.,92
b1_3226,B1,"das Verhältnis, -se","the relationship, -se","ilişki, -se","la relación, -se","das Verhältnis, -se",das,noun,-se,,Ich habe ein gutes Verhältnis zu meinen Eltern.,92
b1_3227,B1,verheiratet,married,evli,casado,verheiratet 1.,,word,,,Mit wem sind Sie verheiratet? || Meine Eltern sind seit 30 Jahren verheiratet.,92
b1_3228,B1,"verhindern, verhindert,","prevent, prevented","önlemek, engellemek","prevenir, prevenido","verhindern, verhindert,",,word,,,Wir konnten den Unfall nicht,92
b1_3229,B1,"verhinderte,",prevented,önlendi,prevenido,"verhinderte,",,word,,hat verhindert,verhindern.,92
b1_3230,B1,"verkaufen, verkauft,","sell, sold","satmak, satıldı","vender, vendido","verkaufen, verkauft,",,word,,,Ich habe unser altes Auto verkauft.,92
b1_3231,B1,"verkaufte, hat verkauft","sold, has sold","satıldı, satıldı","vendido, ha vendido","verkaufte, hat verkauft",,word,,,,92
b1_3232,B1,"der Verkäufer, -","the seller, -","satıcı, -","el vendedor, -","der Verkäufer, -",der,noun,-,,Die Verkäuferin wird Ihnen gleich,92
b1_3233,B1,"die Verkäuferin, -nen","the saleswoman, -nen","pazarlamacı, -nen","la vendedora, -nen","die Verkäuferin, -nen",die,noun,-nen,,helfen.,92
b1_3234,B1,der Verkehr,the traffic,trafik,el trafico,der Verkehr,der,noun,,,Morgens ist hier immer viel Verkehr.,92
b1_3235,B1,"das Verkehrsmittel, -","the means of transport, -","ulaşım araçları, -","los medios de transporte, -","das Verkehrsmittel, -",das,noun,-,,Es gibt kaum Parkplätze. || Sie sollten mit öffentlichen Verkehrsmitteln fahren.,92
b1_3236,B1,"der Verlag, -e (A: ¨-e)","the publisher, -e (A: ¨-e)","yayıncı, -e (A: ¨-e)","el editor, -e (A: ¨-e)","der Verlag, -e (A: ¨-e)",der,noun,-e (A: ¨-e),,Von welchem Verlag ist dieses Buch?,92
b1_3237,B1,"verlangen, verlangt,","demand, demand","talep, talep","demanda, demanda","verlangen, verlangt, 1.",,word,,,Jeden Tag Überstunden? || Das können,92
b1_3238,B1,"verlangte, hat verlangt","demanded, demanded","talep edildi, talep edildi","exigido, exigido","verlangte, hat verlangt",,word,,,"Sie nicht verlangen. || Wie viel verlangen Sie für das Auto? || Frau Müller, Sie werden am Telefon verlangt.",92
b1_3239,B1,"verlängern, verlängert,","extend, extended","uzatmak, uzatmak","extender, extendido","verlängern, verlängert, 1.",,word,,,Ich muss meinen Pass verlängern,92
b1_3240,B1,"verlängerte,",extended,uzatılmış,extendido,"verlängerte,",,word,,hat verlängert,lassen. || Die U-Bahn Linie U4 wird verlängert.,92
b1_3241,B1,"verlassen, verlässt,","leave, leaves","ayrılmak, ayrılmak","salir, hojas","verlassen, verlässt, 1.",,word,,,Ich habe die Party um 3 Uhr verlassen.,92
b1_3242,B1,"verließ, hat verlassen","left, has left","ayrıldı, ayrıldı","se ha ido, se ha ido","verließ, hat verlassen 2.",,word,,,Du kannst dich auf mich verlassen. || Ich helfe dir auf jeden Fall.,92
b1_3243,B1,sich verlaufen,get lost,kaybolmak,Piérdase,"sich verlaufen,",,verb,,,Gestern haben wir uns im Wald,93
b1_3244,B1,"verläuft sich, verlief sich,","got lost, got lost","verläuft sich, verlief sich,","se perdió, se perdió","verläuft sich, verlief sich,",,word,,hat sich verlaufen,verlaufen. || Wir haben erst eine Stunde || später den richtigen Weg gefunden.,93
b1_3245,B1,(sich) verletzen,(get hurt,(incinmek,(lastimarse,"(sich) verletzen, verletzt, 1.",,verb,,"verletzt, 1.",Ich habe mich an der Hand verletzt.,93
b1_3246,B1,"verletzte, hat verletzt","injured, has injured","yaralandı, yaralandı","herido, ha herido","verletzte, hat verletzt 2.",,word,,,Ich habe mir den Arm verletzt.,93
b1_3247,B1,"die Verletzung, -en","the injury, -en","yaralanma, -tr","la lesión, -es","die Verletzung, -en",die,noun,-en,,Keine Angst. || Die Verletzung ist nicht so schlimm.,93
b1_3248,B1,sich verlieben,fall in love,aşık olmak,enamorarse,"sich verlieben, verliebt",,verb,,verliebt,Ich habe mich verliebt.,93
b1_3249,B1,"sich, verliebte sich,",fell in love,aşık oldum,me enamoré,"sich, verliebte sich,",,word,,hat sich verliebt,,93
b1_3250,B1,verliebt,in love,aşık,enamorado,verliebt,,word,,,Ich bin in Francesco verliebt.,93
b1_3251,B1,"verlieren, verliert, verlor,","lose, lose, lost","kaybetmek, kaybetmek, kaybolmuş","perder, perder, perdido","verlieren, verliert, verlor, 1.",,word,,hat verloren,Ich habe meine Brieftasche verloren. || Jennifer hat ihre Stelle verloren. || Sie dürfen den Mut nicht verlieren. || Unsere Mannschaft hat 3:5 verloren.,93
b1_3252,B1,"der Verlierer, -","the loser, -","kaybeden, -","el perdedor, -","der Verlierer, -",der,noun,-,,Sie ist eine gute Verliererin.,93
b1_3253,B1,"die Verliererin, -nen","the loser, -nen","kaybeden, -nen","el perdedor, -nen","die Verliererin, -nen",die,noun,-nen,,,93
b1_3254,B1,"der Verlust, -e","the loss, -e","kayıp, -e","la pérdida, -e","der Verlust, -e",der,noun,-e,,Der Verlust meiner Uhr ärgert mich sehr.,93
b1_3255,B1,"vermeiden, vermeidet,","avoid, avoid","kaçınmak, kaçınmak","evitar, evitar","vermeiden, vermeidet,",,word,,,"Der Arzt sagt, ich soll Stress",93
b1_3256,B1,vermied,avoided,kaçınıldı,evitado,"vermied, hat vermieden",,verb,,hat vermieden,vermeiden.,93
b1_3257,B1,"vermieten, vermietet, ver-","rent, rented, rented","kiralık, kiralık, kiralık","alquilar, alquilado, alquilado","vermieten, vermietet, ver- 1.",,word,,,Bei uns im Haus ist ein Zimmer zu,93
b1_3258,B1,"mietete, hat vermietet","rented, rented","kiralandı, kiralandı","alquilado, alquilado","mietete, hat vermietet",,word,,,vermieten. || Die Wohnung ist schon vermietet.,93
b1_3259,B1,"der Vermieter, -","the landlord, -","ev sahibi, -","el propietario, -","der Vermieter, -",der,noun,-,,"Unsere Vermieterin ist eine sehr nette,",93
b1_3260,B1,"die Vermieterin, -nen","the landlady, -nen","ev sahibesi, -nen","la casera, -nen","die Vermieterin, -nen",die,noun,-nen,,ältere Frau.,93
b1_3261,B1,"die Vermietung, -en","the rental, -en","kiralama, -tr","el alquiler, -es","die Vermietung, -en",die,noun,-en,,Mit der Vermietung von Wohnungen kann man viel Geld verdienen.,93
b1_3262,B1,"vermissen, vermisst, Ich","miss, missed, I","özledim, özledim, ben","extraño, extraño, yo","vermissen, vermisst, Ich",,word,,,vermisse meine Familie.,93
b1_3263,B1,"vermisste, hat vermisst","missed, missed","özlendim, özlendim","perdido, perdido","vermisste, hat vermisst",,word,,,,93
b1_3264,B1,"die Vermittlung, -en","the mediation, -en","arabuluculuk, -tr","la mediación, -es","die Vermittlung, -en 1.",die,noun,-en 1.,,Du suchst ein Zimmer? || Dann frag bei der Vermittlung am Bahnhof nach. || Rufen Sie die Vermittlung an und fragen Sie nach der Telefonnummer von Herrn Fischer.,93
b1_3265,B1,"vermuten, vermutet,","suspect, suspected","şüpheli, şüpheli","sospechoso, sospechoso","vermuten, vermutet,",,word,,,"Ich vermute, sie wird heute nicht",93
b1_3266,B1,"vermutete, hat vermutet","suspected, has suspected","şüphelendi, şüphelendi","sospechado, ha sospechado","vermutete, hat vermutet",,word,,,kommen.,93
b1_3267,B1,vermutlich,allegedly,İddiaya göre,pretendidamente,vermutlich,,adjective,,,Vermutlich sagt er die Wahrheit.,93
b1_3268,B1,vernünftig,reasonable,mantıklı,razonable,vernünftig 1.,,adjective,,,Seien Sie doch vernünftig! || Das ist ein ganz vernünftiger Vorschlag.,93
b1_3269,B1,"verpacken, verpackt,","pack, packed","paket, paketlenmiş","empacar, empacar","verpacken, verpackt,",,word,,,Hast Du die Pakete gut verpackt?,93
b1_3270,B1,"verpackte, hat verpackt","packed, has packed","paketlendi, paketlendi","empacado, ha empacado","verpackte, hat verpackt",,word,,,,93
b1_3271,B1,"verpassen, verpasst,","miss, missed","özledim, özledim","extrañar, extrañar","verpassen, verpasst, 1.",,word,,,Ich habe den Zug verpasst.,93
b1_3272,B1,"verpasste, hat verpasst","missed, missed","özlendim, özlendim","perdido, perdido","verpasste, hat verpasst 2.",,word,,,Ich habe die 12-Uhr-Nachrichten verpasst.,93
b1_3273,B1,"verpflegen, verpflegt,","catered for, catered for","karşılanmış, karşılanmış","atendido, atendido","verpflegen, verpflegt,",,word,,,Wir werden hier sehr gut mit Essen,93
b1_3274,B1,"verpflegte, hat verpflegt","catered, has catered",yiyecek ve içecek sağladı,"atendido, ha atendido","verpflegte, hat verpflegt",,word,,,verpflegt.,93
b1_3275,B1,verpflichtet,obligated,yükümlü,obligado,verpflichtet,,word,,,"Sie sind verpflichtet, den Unfall zu melden.",93
b1_3276,B1,"verraten, verrät, verriet,","betrayed, betrayed, betrayed","ihanete uğradı, ihanete uğradı, ihanete uğradı","traicionado, traicionado, traicionado","verraten, verrät, verriet, 1.",,word,,hat verraten,"Wer hat dir das Geheimnis verraten? || Sein Blick verriet mir, dass er verletzt ist.",93
b1_3277,B1,"verreisen, verreist,","travel, travel","seyahat, seyahat","viajar, viajar","verreisen, verreist,",,word,,,Frau Dr. || Müller ist zurzeit verreist.,93
b1_3278,B1,"verreiste, ist verreist","traveled, is traveling","seyahat etti, seyahat ediyor","viajó, está viajando","verreiste, ist verreist",,word,,,,93
b1_3279,B1,verrückt,crazy,verrückt,loco,verrückt 1.,,word,,,Bist du verrückt geworden?! || So eine verrückte Idee.,93
b1_3280,B1,"die Versammlung, -en","the assembly, -en","meclis, -tr","la asamblea, -es","die Versammlung, -en",die,noun,-en,,Der Minister hielt bei der Versamm- lung eine Rede.,93
b1_3281,B1,"versäumen, versäumt,","miss, missed","özledim, özledim","extrañar, extrañar","versäumen, versäumt,",,word,,,"Tut mir leid, ich habe die Anmeldefrist",93
b1_3282,B1,"versäumte, hat versäumt","missed, missed","özlendim, özlendim","perdido, perdido","versäumte, hat versäumt",,word,,,versäumt.,93
b1_3283,B1,"verschieben, verschiebt,","move, moves","hareket etmek, hareket etmek","moverse, se mueve","verschieben, verschiebt,",,word,,,Leider muss ich den Termin,93
b1_3284,B1,verschob,postponed,ertelendi,pospuesto,"verschob, hat verschoben",,verb,,hat verschoben,verschieben.,93
b1_3285,B1,verschieden,different,farklı,diferente,verschieden 1.,,word,,,Unsere beiden Kinder sind sehr verschieden. || Wir haben dieses Kleid in verschiede- nen Farben.,93
b1_3286,B1,"verschreiben, verschreibt,","prescribe, prescribe","reçete yazmak, reçete yazmak","prescribir, prescribir","verschreiben, verschreibt,",,word,,,Die Ärztin hat mir Tabletten,93
b1_3287,B1,"verschrieb,",prescribed,reçete,prescrito,"verschrieb,",,word,,hat verschrieben,verschrieben.,93
b1_3288,B1,"verschwinden,",disappear,yok olmak,desaparecer,"verschwinden,",,word,,,Mein Ausweis ist verschwunden. || Hast,93
b1_3289,B1,"verschwindet,",disappears,ortadan kaybolur,desaparece,"verschwindet,",,word,,,du ihn vielleicht gesehen?,93
b1_3290,B1,"verschwand,",disappeared,ortadan kayboldu,desaparecido,"verschwand,",,word,,ist verschwunden,,93
b1_3291,B1,"versichern, versichert,","insure, insured","sigortalı, sigortalı","asegurar, asegurado","versichern, versichert, 1.",,word,,,Wollen Sie Ihr Gepäck versichern?,93
b1_3292,B1,"versicherte,",assured,emin,seguro,"versicherte, 2.",,word,,hat versichert,Wie sind Sie versichert?,93
b1_3293,B1,"die Versichertenkarte, -n","the insurance card, -n","sigorta kartı, -n","la tarjeta del seguro, -n","die Versichertenkarte, -n",die,noun,-n,,Haben Sie Ihre Versichertenkarte,93
b1_3294,B1,(D) →A: e-card,(D) →A: e-card,(D) →A: e-kart,(D) →A: tarjeta electrónica,(D) →A: e-card,,other,,,dabei?,93
b1_3295,B1,"die Versicherung, -en1.","the insurance, -en1.","sigorta, -tr1.","el seguro, -en1.","die Versicherung, -en1.",die,noun,-en1.,,Sie sollten eine Versicherung für Ihr Gepäck abschließen. || Sie müssen den Unfall der Ver- sicherung melden.,93
b1_3296,B1,"die Verspätung, -en","the delay, -en","gecikme, -tr",el retraso,"die Verspätung, -en",die,noun,-en,,Unser Zug hatte 10 Minuten Verspä- tung.,93
b1_3297,B1,"versprechen, verspricht,","promise, promises","söz, vaatler","promesa, promesas","versprechen, verspricht,",,word,,,"Meine Mutter hat mir versprochen,",93
b1_3298,B1,"versprach,",promised,söz verdim,prometido,"versprach,",,word,,hat versprochen,mich abzuholen.,93
b1_3299,B1,verständlich,understandable,anlaşılır,comprensible,verständlich,,adjective,,,"Nach acht Stunden Schule haben die Kinder keine Lust mehr, die Hausaufgaben zu machen. || Ich finde das verständlich.",93
b1_3300,B1,das Verständnis,the understanding,anlayış,la comprensión,das Verständnis,das,noun,,,Wir bitten um Ihr Verständnis.,94
b1_3301,B1,(sich) verstecken,(to hide oneself,(kendini gizlemek,(esconderse,"(sich) verstecken, 1.",,verb,,1.,Ich habe das Geld hinter dem Regal,94
b1_3302,B1,"versteckt, versteckte,","hidden, hidden","gizli, gizli","escondido, escondido","versteckt, versteckte,",,word,,hat versteckt,versteckt. || Die Kinder verstecken sich im Wald.,94
b1_3303,B1,(sich) verstehen,(understand each other,(birbirinizi anlayın,(se entienden unos a otros,"(sich) verstehen, versteht, 1.",,verb,,"versteht, 1.",Ich kann Sie kaum verstehen. || Sprechen,94
b1_3304,B1,verstand,mind,akıl,mente,"verstand, hat verstanden",,verb,,hat verstanden,Sie bitte lauter. || Den Satz verstehe ich nicht. || Ich verstehe nichts von Computern. || Unsere beiden Kinder verstehen sich sehr gut.,94
b1_3305,B1,"versuchen, versucht,","try, tried","dene, denedim","intentarlo, intentarlo","versuchen, versucht, 1.",,word,,,Haben Sie es schon mal mit diesem,94
b1_3306,B1,"versuchte, hat versucht","tried, tried","denedim, denedim","probado, probado","versuchte, hat versucht",,word,,,"Mittel versucht? || Ich habe immer wieder versucht, Sie zu erreichen. || Versuchen Sie doch mal meinen Apfelkuchen.",94
b1_3307,B1,"der Versuch, -e1.","the attempt, -e1.","deneme, -e1.","el intento, -e1.","der Versuch, -e1.",der,noun,-e1.,,"In der Forschung werden viele Ver- suche gemacht. || Mein Versuch, etwas zu ändern, blieb ohne Erfolg.",94
b1_3308,B1,"verteilen, verteilt,","distribute, distributed","dağıtmak, dağıtmak","distribuir, distribuido","verteilen, verteilt,",,word,,,Kannst du bitte schon mal die Gläser,94
b1_3309,B1,"verteilte, hat verteilt","distributed, has distributed","dağıttı, dağıttı","distribuido, ha distribuido","verteilte, hat verteilt",,word,,,verteilen?,94
b1_3310,B1,"der Vertrag, ¨-e","the contract, ¨-e","sözleşme, ¨-e","el contrato, ¨-e","der Vertrag, ¨-e",der,noun,¨-e,,Sie beide müssen den Vertrag unter- schreiben.,94
b1_3311,B1,"vertrauen, vertraut,","trust, familiar","güven, tanıdık","confianza, familiar","vertrauen, vertraut,",,word,,,Ich kenne dich gut. || Ich vertraue dir.,94
b1_3312,B1,"vertraute, hat vertraut","trusted, trusted","güvenilir, güvenilen","confiable, confiable","vertraute, hat vertraut",,word,,,,94
b1_3313,B1,das Vertrauen,the trust,güven,la confianza,das Vertrauen,das,noun,,,Ich habe Vertrauen zu Ihnen.,94
b1_3314,B1,"vertreten, vertritt, vertrat,","represented, represented, represented","temsil edildi, temsil edildi, temsil edildi","representado, representado, representado","vertreten, vertritt, vertrat,",,word,,hat vertreten,"Wer vertritt Sie, wenn Sie Urlaub || machen?",94
b1_3315,B1,"der Vertreter, -1.","the representative, -1.","temsilci, -1.","el representante, -1.","der Vertreter, -1.",der,noun,-1.,,"Als Herr Dr. || Müller in Urlaub war, bin",94
b1_3316,B1,"die Vertreterin, -nen","the representative, -nen","temsilci, -nen","el representante, -nen","die Vertreterin, -nen",die,noun,-nen,,ich zu seiner Vertreterin gegangen. || Die Elternvertreter treffen sich morgen Abend in der Schule.,94
b1_3317,B1,"die Vertretung, -en","the representation, -en","temsil, -en","la representación, -es","die Vertretung, -en",die,noun,-en,,Herr Dr. || Meyer macht für mich die Vertretung.,94
b1_3318,B1,"verurteilen, verurteilt,","condemn, condemned","kınadım, kınadım","condenar, condenado","verurteilen, verurteilt,",,word,,,Das Gericht hat den Täter zu einer,94
b1_3319,B1,"verurteilte, hat verurteilt","condemned, has condemned","kınadı, kınadı","condenado, ha condenado","verurteilte, hat verurteilt",,word,,,Geldstrafe verurteilt.,94
b1_3320,B1,"die Verwaltung, -en","the administration, -en","yönetim, -tr","la administración, -es","die Verwaltung, -en",die,noun,-en,,Sprechen Sie bitte mit der Verwaltung. || Die können Ihnen helfen.,94
b1_3321,B1,verwandt,related,ilgili,relacionado,verwandt,,word,,,Sind Sie mit Frau Meyer verwandt?,94
b1_3322,B1,"der Verwandte, -n","the relative, -n","akraba, -n","el relativo, -n","der Verwandte, -n",der,noun,-n,,Zu meinem Geburtstag kommen alle,94
b1_3323,B1,"die Verwandte, -n",the relatives,akrabalar,los parientes,"die Verwandte, -n",die,noun,-n,,Verwandten.,94
b1_3324,B1,"verwechseln, verwechselt,","confuse, confused","kafa karıştırmak, kafa karıştırmak","confundir, confundido","verwechseln, verwechselt,",,word,,,"Entschuldigen Sie, ich habe Sie mit",94
b1_3325,B1,"verwechselte,",confused,kafası karışmış,confundido,"verwechselte,",,word,,hat verwechselt,jemandem verwechselt.,94
b1_3326,B1,"verwenden, verwendet,","use, used","kullanım, kullanılmış","usar, usado","verwenden, verwendet,",,word,,,Dieses Wort wird oft verwendet.,94
b1_3327,B1,"verwendete, hat verwen-","used, has used","kullanılmış, kullanılmış","usado, ha usado","verwendete, hat verwen-",,word,,,,94
b1_3328,B1,det,det,det,det,det,,word,,,,94
b1_3329,B1,"verzeihen, verzeiht,","forgive, forgive","affet, affet","perdonar, perdonar","verzeihen, verzeiht,",,word,,,Das werde ich ihm nie verzeihen,94
b1_3330,B1,verzieh,forgiven,affedildi,perdonado,"verzieh, hat verziehen",,verb,,hat verziehen,können.,94
b1_3331,B1,Verzeihung,forgiveness,bağışlama,perdón,Verzeihung,,noun,,,Verzeihung! || Ich habe die falsche Nummer gewählt.,94
b1_3332,B1,"verzichten, verzichtet,","renounce, renounce","vazgeçmek, vazgeçmek","renunciar, renunciar","verzichten, verzichtet,",,word,,,Ich verzichte heute auf den Kaffee.,94
b1_3333,B1,"verzichtete, hat verzichtet","renounced, has renounced","vazgeçti, vazgeçti","renunció, ha renunciado","verzichtete, hat verzichtet",,word,,,,94
b1_3334,B1,"das Video, -s","the video, -s","video, -s","el vídeo, -s","das Video, -s 1.",das,noun,-s 1.,,Ich habe den Film auf Video aufgenommen. || Lass uns ein Video vom Fest machen!,94
b1_3335,B1,viel/viele,much/many,çok/çok,mucho/muchos,viel/viele 1.,,word,,,Ich habe schon viel gelernt. || Ich wünsche Ihnen viel Spaß. || Hier regnet es viel. || Das ist mir viel zu teuer. || Im Winter sind viele Leute erkältet.,94
b1_3336,B1,vielleicht,perhaps,belki,tal vez,vielleicht 1.,,adverb,,,Kommst du mit in die Stadt? || - Ich weiß noch nicht. || Vielleicht. || Vielleicht bekomme ich den Job. || Die Fahrkarte war vielleicht teuer! || Hast du vielleicht Kleingeld für mich?,94
b1_3337,B1,"das Viertel, - (D, A) →CH:","the quarter, - (D, A) →CH:","çeyrek, - (D, A) →CH:","el cuarto, - (D, A) →CH:","das Viertel, - (D, A) →CH:",das,noun,"- (D, A) →CH:",,Wir wohnen in einem schönen Viertel.,94
b1_3338,B1,Quartier,Quarter,Çeyrek,Cuarto,Quartier,,noun,,,,94
b1_3339,B1,virtuell,virtual,sanal,virtual,virtuell,,word,,,Auf dieser Website kann man an einer virtuellen Stadtrundfahrt teilnehmen.,94
b1_3340,B1,"der Virus, Viren","the virus, viruses","virüs, virüsler","el virus, virus","der Virus, Viren",der,noun,Viren,,Ich habe mal wieder einen Virus auf meinem Computer.,94
b1_3341,B1,"die Visitenkarte, -n","the business card, -n","kartvizit, -n","la tarjeta de visita, -n","die Visitenkarte, -n",die,noun,-n,,Darf ich Ihnen meine Visitenkarte geben?,94
b1_3342,B1,"das Visum, Visa","the visa, visas","vize, vizeler","la visa, visas","das Visum, Visa",das,noun,Visa,,Das Visum ist für drei Monate gültig.,94
b1_3343,B1,"das Vitamin, -e","the vitamin, -e","vitamin, -e","la vitamina, -e","das Vitamin, -e",das,noun,-e,,"Der Arzt sagt, ich soll viele Vitamine essen.",94
b1_3344,B1,voll,full,tam dolu,lleno,voll 1.,,adjective,,,Die Flasche ist noch ganz voll. || Vor den Feiertagen sind die Züge immer sehr voll. || Bitte unterschreiben Sie mit Ihrem vollen Namen.,94
b1_3345,B1,die Vollzeit,the full time,tam zamanlı,el tiempo completo,die Vollzeit,die,noun,,,Ich möchte gerne Vollzeit arbeiten.,94
b1_3346,B1,Volleyball,volleyball,voleybol,voleibol,Volleyball,,noun,,,Im Sommer spiele ich gern Volleyball.,94
b1_3347,B1,völlig,fully,tamamen,completamente,völlig,,adjective,,,Das halte ich für völlig ausgeschlossen.,94
b1_3348,B1,von,from,itibaren,de,von 1.,,preposition,,,Ich komme gerade vom Zahnarzt. || Emil ist ein Freund von mir. || Haben Sie noch eine Zeitung von heute? || Von jetzt an müssen wir sparen. || Das Büro ist von 13 bis 15 Uhr geschlossen.,94
b1_3349,B1,voneinander,from each other,birbirinden,el uno del otro,voneinander,,word,,,Wir haben lange nichts voneinander gehört.,95
b1_3350,B1,vor,before,önce,antes,vor 1.,,preposition,,,Ich bin vor einer Woche zurück- gekommen. || Das Auto steht vor der Tür. || Ich konnte vor Schmerzen nicht schlafen.,95
b1_3351,B1,vor allem,vor allem,her şeyden önce,sobre todo,vor allem,,preposition,,,"Grüßen Sie alle von mir, vor allem Frau Meier.",95
b1_3352,B1,voraus,in advance,peşin,por adelantado,voraus 1.,,word,,,Gehen Sie schon voraus. || Ich danke Ihnen im Voraus für Ihre Mühe.,95
b1_3353,B1,"die Voraussetzung, -en","the prerequisite, -en","önkoşul, -en","el requisito previo, -en","die Voraussetzung, -en 1.",die,noun,-en 1.,,"Gesunde Ernährung ist die Vorausset- zung für ein langes Leben. || Er will die Arbeit nur unter der Voraussetzung annehmen, dass ihm die Firma eine Wohnung organisiert.",95
b1_3354,B1,voraussichtlich,expected,beklenen,esperado,voraussichtlich,,adjective,,,Der Zug hat voraussichtlich 20 Minuten Verspätung.,95
b1_3355,B1,vorbei/vorbei-,over/past-,bitti/geçti-,pasado-,vorbei/vorbei- 1.,,word,,,Die Linie 8 fährt am Krankenhaus vorbei. || Keine Sorge! || Die Schmerzen sind in ein paar Minuten vorbei. || Kommst du um 3 Uhr bei mir vorbei?,95
b1_3356,B1,(sich) vorbereiten,(get ready,(Hazır ol,(prepararse,"(sich) vorbereiten, 1.",,verb,,1.,Am Sonntag machen wir ein kleines,95
b1_3357,B1,"bereitet vor, bereitete vor,","prepared, prepared","hazırlanmış, hazırlanmış","preparado, preparado","bereitet vor, bereitete vor,",,word,,hat vorbereitet,Fest. || Ich muss noch viel dafür vor- || bereiten. || Ich muss mich auf meine Prüfung vor- bereiten.,95
b1_3358,B1,"die Vorbereitung, -en","the preparation, -en","hazırlık, -tr","la preparación, -es","die Vorbereitung, -en",die,noun,-en,,Nächste Woche beginnen wir mit der Vorbereitung für die Prüfung.,95
b1_3359,B1,vorder-,before the-,önce-,antes del-,vorder-,,word,,,In den vorderen Reihen sind noch Plätze frei.,95
b1_3360,B1,die Vorfahrt,the right of way,yol hakkı,el derecho de paso,die Vorfahrt,die,noun,,,Achtung! || Das Auto rechts hat Vorfahrt!,95
b1_3361,B1,vorgestern,the day before yesterday,dünden önceki gün,anteayer,vorgestern,,verb,,,Er hat mich vorgestern angerufen.,95
b1_3362,B1,"vorhaben, hat vor,","intend, intends","niyet etmek, niyet etmek","pretender, pretende","vorhaben, hat vor,",,word,,,Haben Sie morgen Abend schon etwas,95
b1_3363,B1,"hatte vor, hat vorgehabt","had before, has intended","daha önce vardı, niyetlendi","tenido antes, ha tenido la intención","hatte vor, hat vorgehabt",,word,,,vor?,95
b1_3364,B1,vorher,previously,önceden,previamente,vorher,,word,,,Ich komme mit ins Café. || Vorher muss ich aber noch zur Bank.,95
b1_3365,B1,vorhin,earlier,daha erken,más temprano,vorhin,,word,,,Vorhin hat Heidrun angerufen. || Du sollst sie zurückrufen.,95
b1_3366,B1,"vorkommen, kommt vor,","occur, occurs","meydana gelir, meydana gelir","ocurre, ocurre","vorkommen, kommt vor,",,word,,,Kein Problem. || Das kann vorkommen.,95
b1_3367,B1,"kam vor,",occurred,olmuş,ocurrió,"kam vor,",,word,,ist vorgekommen,,95
b1_3368,B1,vorläufig,provisionally,geçici olarak,provisionalmente,vorläufig 1.,,adjective,,,Ich habe noch keine Wohnung. || Ich wohne vorläufig bei einem Freund. || Das ist eine vorläufige Entscheidung.,95
b1_3369,B1,"vorlesen, liest vor,","read out, read out","oku, oku","leer en voz alta, leer en voz alta","vorlesen, liest vor,",,word,,,Ich lese meinen Kindern oft etwas vor.,95
b1_3370,B1,las vor,read out,okuma,leer,"las vor, hat vorgelesen",,verb,,hat vorgelesen,,95
b1_3371,B1,"vorn, vorne","front, front","ön, ön","frente, frente","vorn, vorne 1.",,word,,,"Bitte vorn beim Fahrer einsteigen! || Zwei Kinokarten, bitte. || – Wo möchten Sie sitzen, vorne oder hinten? || Das war noch nicht ganz richtig. || Bitte noch mal von vorne.",95
b1_3372,B1,"der Vorort, -e","the suburb, -e","banliyö, -e","el suburbio, -e","der Vorort, -e",der,noun,-e,,Wir wohnen in einem Vorort von Köln.,95
b1_3373,B1,"vorschlagen, schlägt vor,","suggest, suggests","önermek, önermek","sugerir, sugiere","vorschlagen, schlägt vor,",,word,,,"Ich schlage vor, dass wir eine Pause",95
b1_3374,B1,"schlug vor,",suggested,önerilen,sugerido,"schlug vor,",,word,,hat vorgeschlagen,machen.,95
b1_3375,B1,"der Vorschlag, ¨-e","the suggestion, ¨-e","öneri, ¨-e","la sugerencia, ¨-e","der Vorschlag, ¨-e",der,noun,¨-e,,"Ich mache dir einen Vorschlag: Du hil- fst mir beim Deutschlernen, und ich lade dich zum Essen ein.",95
b1_3376,B1,"die Vorschrift, -en","the regulation, -en","yönetmelik, -tr","el reglamento, -es","die Vorschrift, -en",die,noun,-en,,Beachten Sie bitte die Vorschriften für das Benutzen der Bibliothek.,95
b1_3377,B1,die Vorsicht,the caution,dikkat,la precaución,die Vorsicht,die,noun,,,Vorsicht! || Der Teller ist heiß.,95
b1_3378,B1,vorsichtig,cautious,dikkatli,precavido,vorsichtig,,adjective,,,"Bitte fahr vorsichtig, die Straße ist glatt.",95
b1_3379,B1,(sich) vorstellen,(to) imagine,hayal etmek,(imaginar),"(sich) vorstellen, stellt vor, 1.",,verb,,"stellt vor, 1.",So schwierig habe ich mir die Arbeit,95
b1_3380,B1,"stellte vor,",introduced,tanıtıldı,introducido,"stellte vor,",,word,,hat vorgestellt,nicht vorgestellt. || Darf ich dir meine Frau vorstellen? || Ich möchte mich vorstellen: Mein Name ist Schuster.,95
b1_3381,B1,"die Vorstellung, -en","the idea, -en","fikir, -tr","la idea, -es","die Vorstellung, -en",die,noun,-en,,Wann läuft der Film? || – Die nächste Vorstellung ist um 15 Uhr.,95
b1_3382,B1,"das Vorstellungsgespräch,",the interview,röportaj,la entrevista,"das Vorstellungsgespräch,",das,noun,-e,,Wann hast du dein Vorstellungs- || gespräch?,95
b1_3383,B1,"der Vorteil, -e","the advantage, -e","avantaj, -e","la ventaja, -e","der Vorteil, -e",der,noun,-e,,"Der Vorteil von dieser Wohnung ist, dass sie direkt im Zentrum liegt.",95
b1_3384,B1,"der Vortrag, ¨-e","the lecture, ¨-e","ders, ¨-e","la conferencia, ¨-e","der Vortrag, ¨-e",der,noun,¨-e,,Ihr Vortrag war sehr interessant.,95
b1_3385,B1,"die Vorwahl, -en","the area code, -en","alan kodu, -en","el código de área, -en","die Vorwahl, -en",die,noun,-en,,Wie ist die Vorwahl von Hamburg?,95
b1_3386,B1,vorwärts,forward,ileri,adelante,vorwärts,,word,,,Ich kann nicht vorbei. || Bitte fahr noch ein Stück vorwärts.,95
b1_3387,B1,"der Vorwurf, ¨-e","the accusation, ¨-e","suçlama, ¨-e","la acusación, ¨-e","der Vorwurf, ¨-e",der,noun,¨-e,,Eva kann nichts dafür. || Mach ihr keine Vorwürfe.,95
b1_3388,B1,waagerecht,horizontally,yatay olarak,horizontalmente,waagerecht,,word,,,Ziehen Sie bitte einen waagerechten Strich.,96
b1_3389,B1,wach,wach,uyanmak,despierto,wach 1.,,word,,,Bist du schon lange wach? || Ich bin gerade wach geworden.,96
b1_3390,B1,"1. wachsen, wächst, wuchs,","1. grow, grow, grew","1. büyümek, büyümek, büyümek","1. crecer, crecer, crecer","1. wachsen, wächst, wuchs,",,other,,ist gewachsen,Mein Sohn ist sehr gewachsen. || Er ist || jetzt schon größer als ich. || Ich will mir die Haare wachsen lassen. || In meinem Garten wachsen Tomaten und Kartoffeln.,96
b1_3391,B1,"der Wagen, -","the car, -","araba, -","el auto, -","der Wagen, - 1.",der,noun,- 1.,,Ich habe meinen Wagen in die Werk- statt gebracht. || Im zweiten Wagen befindet sich das Zugrestaurant.,96
b1_3392,B1,"1. wählen, wählt, wählte,","1. choose, chooses, chose","1. seç, seç, seç","1. elige, elige, elige","1. wählen, wählt, wählte,",,other,,hat gewählt,Sie können wählen: Als Vorspeise gibt || es Suppe oder Salat. || Sie müssen erst eine Null wählen. || Ich habe diese Partei nicht gewählt.,96
b1_3393,B1,"-en1. die Wahl,",-en1. the choice,-tr1. seçim,-en1. la elección,"-en1. die Wahl,",,word,,,Sie haben die Wahl: mit Vollpension oder Halbpension? || Die nächste Wahl ist im Herbst.,96
b1_3394,B1,1. wahnsinnig,1. insane,1. deli,1. loco,1. wahnsinnig,,other,,,Du fährst viel zu schnell. || Bist du wahnsinnig?! || Diese Musik gefällt mir wahnsinnig gut.,96
b1_3395,B1,1. wahr,1. true,1. doğru,1. verdadero,1. wahr,,other,,,"Was ich sage, ist wahr. || Es ist eine wahre Geschichte. || Es ist doch schön hier, nicht wahr?",96
b1_3396,B1,"die Wahrheit, -en","the truth, -en","gerçek, -tr","la verdad, -es","die Wahrheit, -en",die,noun,-en,,Sag mir bitte die Wahrheit. || Hast du wieder geraucht?,96
b1_3397,B1,1. während,1. during,1. sırasında,1. durante,1. während,,other,,,"Während ich arbeite, höre ich oft Musik. || Während der Prüfung dürfen wir unsere Handys nicht benutzen.",96
b1_3398,B1,wahrscheinlich,probably,muhtemelen,probablemente,wahrscheinlich,,adjective,,,Wahrscheinlich mache ich im Herbst noch einen Deutschkurs.,96
b1_3399,B1,"1. der Wald, ¨-er","1. the forest, ¨-er","1. orman, ¨-er","1. el bosque, ¨-er","1. der Wald, ¨-er",,other,,,Hinter unserem Haus fängt der Wald an. || Ich gehe gern im Wald spazieren.,96
b1_3400,B1,"1. die Wand, ¨-e","1. the wall, ¨-e","1. duvar, ¨-e","1. la pared, ¨-e","1. die Wand, ¨-e",,other,,,Ich stelle das Regal rechts an die Wand. || Die Wände sind hier sehr dünn. || Man hört alles.,96
b1_3401,B1,"wandern, wandert,","wander, wanders","dolaşmak, dolaşmak","deambular, deambular","wandern, wandert,",,word,,,Wir gehen oft wandern.,96
b1_3402,B1,"wanderte, ist gewandert","wandered, has wandered","gezdi, gezdi","vagado, ha vagado","wanderte, ist gewandert",,word,,,,96
b1_3403,B1,"die Wanderung, -en","the hike, -en","yürüyüş, -tr","la caminata, -es","die Wanderung, -en",die,noun,-en,,Wir haben in den Ferien eine schöne Wanderung gemacht.,96
b1_3404,B1,wann,When,Ne zaman,Cuando,wann 1.,,word,,,"Wann kommst du? || Wissen Sie, wann der Kurs beginnt? || Bis wann muss ich mich anmelden? || Ab wann haben Sie geöffnet?",96
b1_3405,B1,"die Ware, -n",the goods,mallar,los bienes,"die Ware, -n",die,noun,-n,,Wir liefern Ihnen die Ware direkt ins Haus.,96
b1_3406,B1,warm,warm,ılık,cálido,warm 1.,,adjective,,,Hier ist es sehr warm. || Abends essen wir oft warm. || Du musst dich warm anziehen. || Mittags möchte ich gern ein warmes Essen. || Für den Winter brauche ich einen warmen Pullover.,96
b1_3407,B1,die Wärme,the warmth,sıcaklık,el calor,die Wärme,die,noun,,,Wärme ist gut gegen meine Schmerzen.,96
b1_3408,B1,"warnen, warnt, warnte,","warn, warned, warned","uyardım, uyardım, uyardım","advertir, advertido, advertido","warnen, warnt, warnte,",,word,,hat gewarnt,Ich warne Sie. || Der Hund ist gefährlich.,96
b1_3409,B1,"warten, wartet, wartete,","wait, wait, wait","warten, wartet, wartete,","espera, espera, espera","warten, wartet, wartete, 1.",,word,,hat gewartet,Können Sie ein paar Minuten warten? || Ich warte seit einer Stunde auf den Bus.,96
b1_3410,B1,warum,Why,Neden,Por qué,warum 1.,,word,,,"Warum besuchst du mich nicht? || Ich weiß nicht, warum es hier so kalt ist.",96
b1_3411,B1,was,What,Ne,Qué,was 1.,,word,,,"Was ist das? || Was möchten Sie? || Wissen Sie, was das ist? || Hast du schon (et)was gegessen?",96
b1_3412,B1,was für ein-,what a-,ne...,que-,was für ein-,,word,,,Ich will mir ein Auto kaufen. || – Was denn für eins?,96
b1_3413,B1,(sich) waschen,(to wash one self,(kendini yıkamak,(lavarse uno mismo,"(sich) waschen, wäscht, 1.",,verb,,"wäscht, 1.",Ich habe die Bluse gerade frisch,96
b1_3414,B1,wusch,washed,yıkanmış,lavado,"wusch, hat gewaschen",,verb,,hat gewaschen,gewaschen. || Wo kann ich mir die Hände waschen?,96
b1_3415,B1,die Wäsche1.,the laundry1.,çamaşır1.,la lavandería1.,die Wäsche1.,die,noun,,,Ich muss heute noch Wäsche waschen. || Kannst du bitte die Wäsche aufhängen?,96
b1_3416,B1,"das Waschmittel, -","the detergent, -","deterjan, -","el detergente, -","das Waschmittel, -",das,noun,-,,Diese Bluse darfst du nicht mit jedem Waschmittel waschen.,96
b1_3417,B1,das Wasser,the water,su,el agua,das Wasser 1.,das,noun,,,"Kann ich bitte ein Glas Wasser haben? || Eine Cola und zwei Wasser, bitte! || Gibt es hier kein warmes Wasser?",96
b1_3418,B1,"wechseln, wechselt,","change, change","değişiklik, değişiklik","cambiar, cambiar","wechseln, wechselt, 1.",,word,,,Können Sie 50 Euro in Kleingeld/in,96
b1_3419,B1,"wechselte, hat gewechselt","changed, has changed","değişti, değişti","cambiado, ha cambiado","wechselte, hat gewechselt",,word,,,Dollar wechseln? || Kannst du Reifen wechseln? || Ich werde den Arzt wechseln. || Dieser hier ist zu teuer.,96
b1_3420,B1,"wecken, weckt, weckte,","wake up, wake up, woke up","uyan, uyan, uyandım","despierta, despierta, despierta","wecken, weckt, weckte,",,word,,hat geweckt,Können Sie mich morgen früh um || sechs wecken?,96
b1_3421,B1,"der Wecker, -","the alarm clock, -","çalar saat, -","el despertador, -","der Wecker, -",der,noun,-,,Hast du den Wecker schon gestellt?,96
b1_3422,B1,weder … noch,neither nor,ne ne de,ni ni,weder … noch,,word,,,Für Urlaub haben wir weder Zeit noch Geld.,97
b1_3423,B1,"der Weg, -e","the way, -e","yol, -e","el camino, -e","der Weg, -e 1.",der,noun,-e 1.,,Dieser Weg ist sehr breit und angenehm. || Wir wohnen im/am Oberweg 10. || Können Sie mir den Weg zum Bahnhof erklären?,97
b1_3424,B1,weg/weg-,away/away-,uzakta/uzakta-,lejos/lejos-,weg/weg- 1.,,word,,,Meine Handtasche ist weg! || Den Brief darfst du nicht wegwerfen.,97
b1_3425,B1,wegen,because of,yüzünden,debido a,wegen 1.,,word,,,Wegen Nebels konnte unser Flugzeug nicht landen. || Ich rufe wegen meiner Tochter an.,97
b1_3426,B1,"wehtun, tut weh, tat weh,","hurt, hurt, hurt","acıtmak, acıtmak, acıtmak","herido, herido, herido","wehtun, tut weh, tat weh, 1.",,word,,hat wehgetan,Wo tut es weh? || Mir tut der Rücken weh. || Hast du dir wehgetan?,97
b1_3427,B1,weiblich,female,dişi,femenino,weiblich,,adjective,,,Kreuzen Sie bitte an: „weiblich“ oder „männlich“.,97
b1_3428,B1,weich,soft,yumuşak,suave,weich 1.,,word,,,Ich möchte zum Frühstück ein weiches Ei. || Das Bett im Hotel war mir zu weich.,97
b1_3429,B1,sich weigern,refuse,reddetmek,rechazar,"sich weigern, weigert sich,",,verb,,"weigert sich,",Ich weigere mich diese Arbeit zu tun.,97
b1_3430,B1,"weigerte sich,",refused,reddedildi,rechazado,"weigerte sich,",,word,,hat sich geweigert,,97
b1_3431,B1,weil,because,Çünkü,porque,weil,,conjunction,,,"Ich kann nicht kommen, weil ich krank bin.",97
b1_3432,B1,"der Wein, -e","the wine, -e","şarap, -e","el vino, -e","der Wein, -e",der,noun,-e,,In diesem Restaurant gibt es sehr guten Wein.,97
b1_3433,B1,"weinen, weint, weinte,","cry, cry, cry","ağla, ağla, ağla","llorar, llorar, llorar","weinen, weint, weinte,",,word,-weise,hat geweint,Bitte nicht weinen. || Du bekommst eine || neue Puppe. || War der Test schwierig? || – Teilweise. || Das ist möglicherweise nicht so einfach.,97
b1_3434,B1,weit,far,uzak,lejos,weit 1.,,word,,,Wie weit ist es noch bis München? || Wie weit sind Sie mit der Arbeit? || Die Jacke ist mir zu weit.,97
b1_3435,B1,weiter/weiter-,further/further-,daha ileri/daha ileri-,más/más-,weiter/weiter- 1.,,word,,,Ich möchte nicht stören. || Bitte essen Sie ruhig weiter. || Haben Sie noch weitere Fragen?,97
b1_3436,B1,"die Weiterbildung, -en","further training, -en","ileri eğitim, -tr","formación continua, -es","die Weiterbildung, -en",die,noun,-en,,Ich möchte eine Weiterbildung machen.,97
b1_3437,B1,"welcher, welche, welches","which, which, which","hangisi, hangisi, hangisi","cual, cual, cual","welcher, welche, welches 1.",,word,,,Welcher Tag ist heute? || Welchen Kurs hast du gemacht?,97
b1_3438,B1,die Welt,the world,die Welt,el mundo,die Welt 1.,die,noun,,,Überall auf der Welt gibt es Probleme. || Ich habe die besten Eltern der Welt.,97
b1_3439,B1,weltweit1.,worldwide1.,dünya çapında1.,en todo el mundo1.,weltweit1.,,word,,,Unsere Firma produziert für den weltweiten Markt. || Das Zertifikat B1 wird weltweit angeboten.,97
b1_3440,B1,"wenden, wendet,","turn, turns","dönüş, dönüşler","girar, girar","wenden, wendet,",,word,,,"Sie müssen zurückfahren, aber hier",97
b1_3441,B1,"wendete, hat gewendet","turned, has turned","döndü, döndü","se volvió, se ha vuelto","wendete, hat gewendet",,word,,,dürfen Sie nicht wenden.,97
b1_3442,B1,wenig/wenige,little/few,az/az,poco/pocos,wenig/wenige 1.,,word,,,Essen Sie immer so wenig? || Ich habe nur wenig geschlafen. || Hier gibt es nur wenige Geschäfte.,97
b1_3443,B1,wenigstens,at least,en azından,al menos,wenigstens,,word,,,"Ich habe keinen Hunger. || – Ach, essen Sie wenigstens ein Stück Kuchen.",97
b1_3444,B1,wenn,if,eğer,si,wenn,,conjunction,,,"Kommst du zu der Party? || - Vielleicht, wenn ich nicht arbeiten muss.",97
b1_3445,B1,wer,who,DSÖ,OMS,wer 1.,,word,,,Wer ist das? || Kennst du die Frau? || Wer will die Prüfung machen?,97
b1_3446,B1,"die Werbung, -en","the advertising, -en","reklam, -tr","la publicidad, -es","die Werbung, -en 1.",die,noun,-en 1.,,Ich sehe gern Werbung im Fernsehen. || Ich möchte keine Werbung im Briefkasten.,97
b1_3447,B1,"werden, wird, wurde,","will, will, was","irade, irade, öyleydi","voluntad, voluntad, fue","werden, wird, wurde, 1.",,word,,ist geworden,"Es wird kalt. || Ich habe morgen Geburtstag. − Wie alt wirst du denn? || Warum fährst du so schnell? || Bist du verrückt geworden?! || Mein Sohn möchte Polizist werden. || Wohin fahren Sie in Urlaub? || – Ich glaube, wir werden dieses Jahr zu Hause bleiben.",97
b1_3448,B1,"werfen, wirft, warf,","throw, throws, threw","atmak, atar, attı","tirar, tirar, tirar","werfen, wirft, warf,",,word,,hat geworfen,Die Kinder haben Steine ins Wasser || geworfen.,97
b1_3449,B1,"das Werk, -e","the work, -e","iş, -e","el trabajo, -e","das Werk, -e",das,noun,-e,,Wir haben gestern das Werk besichtigt.,97
b1_3450,B1,"die Werkstatt, ¨-en","the workshop, ¨-en","atölye, ¨-tr","el taller, ¨-es","die Werkstatt, ¨-en",die,noun,¨-en,,Mein Wagen ist zurzeit in der Werk- statt.,97
b1_3451,B1,"das Werkzeug, -e","the tool, -e","araç, -e","la herramienta, -e","das Werkzeug, -e",das,noun,-e,,Wir hatten kein Werkzeug für die Reparatur dabei.,97
b1_3452,B1,wert,value,değer,valor,wert,,word,,,Das Auto ist vielleicht noch 1000 Euro wert.,97
b1_3453,B1,"der Wert, -e","the value, -e","değer, -e","el valor, -e","der Wert, -e 1.",der,noun,-e 1.,,Das Haus hat einen Wert von ca. 1 Mio. || Euro. || Es hat ja doch keinen Wert. || Auf Ihr Urteil lege ich großen Wert.,97
b1_3454,B1,wertlos,worthless,değersiz,sin valor,wertlos,,word,,,Diese alten Geldscheine sind heute völlig wertlos.,97
b1_3455,B1,wertvoll,valuable,değerli,valioso,wertvoll,,adjective,,,Ich habe einen sehr wertvollen Ring von meiner Großmutter.,97
b1_3456,B1,weshalb,for what reason,hangi nedenle,por que razon,weshalb 1.,,word,,,"Weshalb rufst du an? || Ich bekomme Besuch, weshalb ich leider nicht zur Party gehen werde.",97
b1_3457,B1,"der Wettbewerb, -e","the competition, -e","rekabet, -e","la competencia, -e","der Wettbewerb, -e",der,noun,-e,,Meine Tochter hat bei einem Wettbe- werb gewonnen. || Sie hat das beste Bild gemalt.,98
b1_3458,B1,"wetten, wettet, wettete,","bet, bet, bet","bahis, bahis, bahis","apuesta, apuesta, apuesta","wetten, wettet, wettete, 1.",,word,,hat gewettet,"Wir haben gewettet, dass sie wieder zu || spät kommt. || Wetten, dass es bald regnet?",98
b1_3459,B1,das Wetter,the weather,hava,El clima,das Wetter 1.,das,noun,,,Ich habe Radio gehört. || Das Wetter soll schön werden. || Wir hatten im Urlaub schlechtes Wetter. || Bei schönem Wetter könnten wir ein Picknick machen.,98
b1_3460,B1,"der Wetterbericht, -e","the weather report, -e","hava durumu raporu, -e","el parte meteorológico, -e","der Wetterbericht, -e",der,noun,-e,,Hast du schon den Wetterbericht gehört?,98
b1_3461,B1,"die Wettervorhersage, -n","the weather forecast, -n","hava tahmini, -n","el pronóstico del tiempo, -n","die Wettervorhersage, -n",die,noun,-n,,Die Wettervorhersage für morgen: trocken und sonnig.,98
b1_3462,B1,wichtig,important,önemli,importante,wichtig 1.,,adjective,,,Die Prüfung ist sehr wichtig für mich. || Morgen habe ich einen wichtigen Termin.,98
b1_3463,B1,"widersprechen,",contradict,yalanlamak,contradecir,"widersprechen, 1.",,word,,,Da muss ich Ihnen widersprechen.,98
b1_3464,B1,"widerspricht,",contradicts,çelişiyor,contradice,"widerspricht, 2.",,word,,,Das widerspricht sich aber.,98
b1_3465,B1,"widersprach,",contradicted,çelişkili,contradijo,"widersprach,",,word,,hat widersprochen,,98
b1_3466,B1,wie,How,Nasıl,Cómo,wie 1.,,word,,,Wie heißt du? || Wie lange bist du schon hier? || Meine Frau ist so alt wie ich. || Wie schreibt man das? || Wie bitte? || Wie gefällt dir unsere Wohnung?,98
b1_3467,B1,wieder/wieder-,again/again-,wieder/wieder-,otra vez/otra vez-,wieder/wieder- 1.,,word,,,Wann kommst du wieder? || Meine Mutter war krank. || Jetzt ist sie aber wieder gesund. || Mein Bruder kommt schon wieder zu spät. || Meine Eltern sind zu Besuch gekom- men. || Morgen fahren sie wieder zurück.,98
b1_3468,B1,"wiederholen, wiederholt,","repeat, repeated","tekrarla, tekrarlandı","repetir, repetido","wiederholen, wiederholt,",,word,,,Ich wiederhole: Die Nummer ist 3487.,98
b1_3469,B1,"wiederholte,",repeated,tekrarlandı,repetido,"wiederholte,",,word,,hat wiederholt,,98
b1_3470,B1,"die Wiederholung, -en","the repetition, -en","tekrarlama, -tr","la repetición, -es","die Wiederholung, -en",die,noun,-en,,Eine Wiederholung der Prüfung ist möglich.,98
b1_3471,B1,"wiegen, wiegt, wog,","weigh, weigh, weighed","tartmak, tartmak, tartmak","pesar, pesar, pesado","wiegen, wiegt, wog, 1.",,word,,hat gewogen,Wie viel wiegst du? || Der Brief wiegt mehr als 20 Gramm.,98
b1_3472,B1,wild,wild,vahşi,salvaje,wild 1.,,word,,,Das ist ein wilder Fluss. || Spielt nicht so wild!,98
b1_3473,B1,"die Wiese, -n","the meadow, -n","çayır, -n","el prado, -n","die Wiese, -n",die,noun,-n,,Vor unserem Haus ist eine Wiese mit Bäumen.,98
b1_3474,B1,wieso,how come,nasıl olur,Cómo,wieso,,word,,,Wie lange sind Sie hier? || – Wieso fragen Sie?,98
b1_3475,B1,wie viel(e),how many),kaç tane),cuántos),wie viel(e) 1.,,word,,,Wie viel Geld hast du dabei? || Wie viel ist ein Euro hier wert? || Wie viele Kinder haben Sie?,98
b1_3476,B1,willkommen,welcome,Hoş geldin,bienvenido,willkommen,,verb,,,Herzlich willkommen in Köln.,98
b1_3477,B1,"der Wind, -e","the wind, -e","rüzgar, -e","el viento, -e","der Wind, -e",der,noun,-e,,Der Wind kommt heute von Westen.,98
b1_3478,B1,windig,windy,rüzgarlı,ventoso,windig,,adjective,,,Es ist heute sehr windig.,98
b1_3479,B1,"winken, winkt, winkte,","wave, wave, wave","dalga, dalga, dalga","ola, ola, ola","winken, winkt, winkte,",,word,,hat gewinkt,Alle standen auf dem Bahnsteig und || winkten zum Abschied.,98
b1_3480,B1,"wirken, wirkt, wirkte,","work, work, worked","iş, iş, çalıştı","trabajo, trabajo, trabajado","wirken, wirkt, wirkte,",,word,,hat gewirkt,Die Tabletten haben nicht gewirkt.,98
b1_3481,B1,"die Wirkung, -en","the effect, -en","etki, -tr","el efecto, -es","die Wirkung, -en",die,noun,-en,,Welche Wirkungen hat dieses Medika- ment? || Muss ich vorsichtig sein?,98
b1_3482,B1,wirklich,really,Gerçekten,en realidad,wirklich 1.,,adjective,,,Du glaubst mir nicht? || Es ist aber wirklich so. || Im Bahnhofsrestaurant isst man wirklich sehr gut.,98
b1_3483,B1,die Wirklichkeit1.,the reality1.,gerçeklik1.,la realidad1.,die Wirklichkeit1.,die,noun,,,"Das Buch beschreibt die Wirklichkeit um 1900 sehr gut. || Man sagte mir, das Buch kostet nur 9 Euro. || In Wirklichkeit kostet es 14 Euro.",98
b1_3484,B1,"der Wirt, -e","the host, -e","ev sahibi, -e","el anfitrión, -e","der Wirt, -e",der,noun,-e,,Ich kenne die Wirtin von diesem Lokal.,98
b1_3485,B1,"die Wirtin, -nen","the landlady, -nen","ev sahibesi, -nen","la casera, -nen","die Wirtin, -nen",die,noun,-nen,,Sie ist sehr nett.,98
b1_3486,B1,die Wirtschaft,the economy,ekonomi,la economia,die Wirtschaft,die,noun,,,In der Schule lernen die Kinder viel über Wirtschaft und Politik.,98
b1_3487,B1,"wissen, weiß, wusste,","know, know, knew","biliyorum, biliyorum, biliyordum","saber, saber, saber","wissen, weiß, wusste, 1.",,word,,hat gewusst,"Weißt du, wie der Hausmeister heißt? || Ich habe nicht gewusst, dass Pascal verheiratet ist. || Woher wissen Sie das?",98
b1_3488,B1,das Wissen1.,the knowledge1.,bilgi1.,el conocimiento1.,das Wissen1.,das,noun,,,Es hat ein großes Wissen über Pflanzen. || Ich tue nichts ohne dein Wissen.,98
b1_3489,B1,"die Wissenschaft, -en","science, -en","bilim, -tr","ciencia, -es","die Wissenschaft, -en",die,noun,-en,,Vertreter von Kunst und Wissenschaft treffen sich heute in Berlin.,98
b1_3490,B1,"der Wissenschaftler, -","the scientist, -","Bilim insanı, -","El científico, -","der Wissenschaftler, -",der,noun,-,,Sie ist Wissenschaftlerin an der,98
b1_3491,B1,dieWissenschaftlerin,the scientist,Bilim insanı,El científico,"dieWissenschaftlerin,-nen",,verb,,-nen,Universität.,98
b1_3492,B1,"der Witz, -e","the joke, -e","şaka, -e","el chiste, -e","der Witz, -e",der,noun,-e,,Wir haben Witze erzählt und viel gelacht.,98
b1_3493,B1,wo,where,Neresi,dónde,wo 1.,,word,,,Wo waren Sie im Urlaub? || Wo wohnen Sie? || Wo ist denn meine Uhr?,98
b1_3494,B1,woher,from where,nereden,De donde,woher 1.,,word,,,Woher kommst du? || Unsere Nachbarn ziehen nach Berlin. || – Woher wissen Sie das?,98
b1_3495,B1,wohin,where,Neresi,dónde,wohin 1.,,word,,,Wohin kommt der Schrank? || Wohin fährt dieser Bus?,98
b1_3496,B1,wohl,probably,muhtemelen,probablemente,wohl 1.,,word,,,Kann ich nach Hause gehen? || Ich fühle mich nicht wohl. || Das wird wohl etwas länger dauern als geplant.,99
b1_3497,B1,"wohnen, wohnt, wohnte,","live, lives, lived","yaşıyor, yaşıyor, yaşadı","vive, vive, vivió","wohnen, wohnt, wohnte, 1.",,word,,hat gewohnt,Wir wohnen in einem alten Haus. || Ich wohne in München. || Wohnst du noch bei deinen Eltern?,99
b1_3498,B1,"der Wohnort, -e","the place of residence, -e","ikamet yeri, -e","el lugar de residencia, -e","der Wohnort, -e",der,noun,-e,,Tragen Sie bitte Straße und Wohnort ein.,99
b1_3499,B1,"der Wohnsitz, -e","the place of residence, -e","ikamet yeri, -e","el lugar de residencia, -e","der Wohnsitz, -e",der,noun,-e,,Er hat einen festen Wohnsitz in dieser Stadt.,99
b1_3500,B1,"die Wohnung, -en","the apartment, -en","daire, -tr","el apartamento, -es","die Wohnung, -en",die,noun,-en,,"Wir suchen eine möblierte Wohnung, möglichst im Zentrum.",99
b1_3501,B1,"das Wohnzimmer, -","the living room, -","oturma odası, -","la sala de estar, -","das Wohnzimmer, -",das,noun,-,,Wir sitzen im Wohnzimmer und sehen fern.,99
b1_3502,B1,"die Wolke, -n","the cloud, -n","bulut, -n","la nube, -n","die Wolke, -n",die,noun,-n,,Es sind viele Wolken am Himmel.,99
b1_3503,B1,bewölkt,cloudy,bulutlu,nublado,bewölkt,,word,,,Heute ist es stark bewölkt.,99
b1_3504,B1,die Wolle,the wool,yün,la lana,die Wolle,die,noun,,,Dieser Pullover ist aus reiner Wolle.,99
b1_3505,B1,"wollen, will, wollte,","want, want, wanted","istiyorum, istiyorum, istedim","querer, querer, querido","wollen, will, wollte, 1.",,word,,hat gewollt,Peter will Arzt werden. || Wollen Sie einen Kaffee?,99
b1_3506,B1,(hat wollen als,(has wanted as,(olarak istedi,(ha querido como,(hat wollen als 3.,,word,,,Meine Eltern wollten nicht mitfahren.,99
b1_3507,B1,Modalverb),modal verb),modal fiil),verbo modal),Modalverb) 4.,,noun,,,Was hast du als Kind werden wollen? || Tut mir leid. || Ich wollte das nicht.,99
b1_3508,B1,worüber,about what,ne hakkında,acerca de,worüber,,word,,,Worüber lachen Sie?,99
b1_3509,B1,worum,what about,peki ya,¿Qué pasa con,worum,,word,,,Kann ich Herrn Meier sprechen? || – Worum geht es denn?,99
b1_3510,B1,"das Wort, ¨-er","the word, ¨-er","kelime, ¨-er","la palabra, ¨-er","das Wort, ¨-er",das,noun,¨-er,,Ich kenne diese beiden Wörter nicht.,99
b1_3511,B1,"das Wort, -e","the word, -e","kelime, -e","la palabra, -e","das Wort, -e",das,noun,-e,,Sie hat mit wenigen Worten viel gesagt.,99
b1_3512,B1,"das Wörterbuch, ¨-er","the dictionary, ¨-er","sözlük, ¨-er","el diccionario, ¨-er","das Wörterbuch, ¨-er",das,noun,¨-er,,Ich muss das Wort im Wörterbuch nachschlagen.,99
b1_3513,B1,"die Wunde, -n","the wound, -n","yara, -n","la herida, -n","die Wunde, -n",die,noun,-n,,Die Wunde müssen wir sofort verbinden.,99
b1_3514,B1,"das Wunder, -","the miracle, -","mucize, -","el milagro, -","das Wunder, - 1.",das,noun,- 1.,,"Ich bin mit dem Fahrrad gestürzt. || Es war ein Wunder, dass nichts Schlimmes passiert ist. || Du isst zu viel Schokolade. || Kein Wunder, dass die Hose nicht mehr passt.",99
b1_3515,B1,wunderbar1.,wonderful1.,harika1.,maravilloso1.,wunderbar1.,,word,,,Im ganzen Urlaub hatten wir wunder- bares Wetter. || Diese Schokolade schmeckt wunderbar.,99
b1_3516,B1,wunderschön1.,beautiful1.,güzel1.,hermosa1.,wunderschön1.,,word,,,Wir haben einen Ausflug gemacht. || Es war wunderschön. || Ich habe mir ein wunderschönes Kleid gekauft.,99
b1_3517,B1,sich wundern,to wonder,sich wundern,preguntarse,"sich wundern, 1.",,verb,,1.,"Es hat mich gewundert, dass das Essen",99
b1_3518,B1,"wundert sich,",wonders,harikalar,maravillas,"wundert sich,",,word,,,hier so günstig ist.,99
b1_3519,B1,"wunderte sich,",wondered,merak ettim,se preguntó,"wunderte sich, 2.",,word,,hat sich gewundert,"Ich wundere mich, dass du schon so || früh aus der Schule kommst. || Was ist los?",99
b1_3520,B1,(sich) wünschen,(make a Wish,(bir dilek tut,(pide un deseo,"(sich) wünschen, wünscht, 1.",,verb,,"wünscht, 1.",Ich wünsche Ihnen alles Gute.,99
b1_3521,B1,"wünschte, hat gewünscht","wished, wished","diledim, diledim","deseado, deseado","wünschte, hat gewünscht 2.",,word,,,Was wünschst du dir zum Geburtstag? || Wünsch mir Glück!,99
b1_3522,B1,"der Wunsch, ¨-e1.","the desire, ¨-e1.","arzu, ¨-e1.","el deseo, ¨-e1.","der Wunsch, ¨-e1.",der,noun,¨-e1.,,Haben Sie sonst noch einen Wunsch? || Mit den besten Wünschen für Sie und Ihre Familie.,99
b1_3523,B1,"die Wurst, ¨-e","the sausage, ¨-e","sosis, ¨-e","la salchicha, ¨-e","die Wurst, ¨-e",die,noun,¨-e,,Diese Wurst ist mir zu fett.,99
b1_3524,B1,wütend,angry,sinirli,enojado,wütend,,word,,,Warum bist du so wütend?,99
b1_3525,B1,"die Zahl, -en",the numbers,sayılar,los numeros,"die Zahl, -en 1.",die,noun,-en 1.,,Können Sie die Zahl bitte wiederholen? || Die Zahl der Internetnutzer wird immer größer.,99
b1_3526,B1,"die Anzahl, -en","the number, -en","sayı, -tr","el número, -en","die Anzahl, -en",die,noun,-en,,Die Anzahl der Teilnehmer war groß.,99
b1_3527,B1,zahlreich,numerous,çeşitli,numeroso,zahlreich,,word,,,Die Gäste sind zahlreich gekommen. || Es gibt zahlreiche Beispiele für gute Zusammenarbeit.,99
b1_3528,B1,"zahlen, zahlt, zahlte,","pay, pay, paid","öde, öde, öde","pagar, pagar, pagado","zahlen, zahlt, zahlte, 1.",,word,,hat gezahlt,"Herr Ober, zahlen bitte! || Ich hatte keinen Fahrschein und musste 60 Euro Strafe zahlen. || Wir müssen im nächsten Jahr mehr Steuern zahlen.",99
b1_3529,B1,"die Zahlung, -en","the payment, -en","ödeme, -tr","el pago, -es","die Zahlung, -en",die,noun,-en,,Bitte geben Sie bei der Zahlung die Rechnungsnummer an.,99
b1_3530,B1,"zählen, zählt, zählte,","count, count, count","saymak, saymak, saymak","contar, contar, contar","zählen, zählt, zählte, 1.",,word,,hat gezählt,Bitte zählen Sie das Wechselgeld || sofort nach. || Mein Sohn kann schon bis 100 zählen. || Ich zähle auf dich!,99
b1_3531,B1,"der Zahn, ¨-e","the tooth, ¨-e","diş, ¨-e","el diente, ¨-e","der Zahn, ¨-e",der,noun,¨-e,,Der Zahn tut mir schon lange weh.,99
b1_3532,B1,die Zahncreme/-pasta,the toothpaste/paste,diş macunu/macun,la pasta de dientes/pasta,die Zahncreme/-pasta,die,noun,,,Die neue Zahncreme riecht sehr gut.,99
b1_3533,B1,"die Zange, -n","the pliers, -n","pense, -n","los alicates, -n","die Zange, -n",die,noun,-n,,"Um das Fahrrad zu reparieren, brauchst du eine Zange.",99
b1_3534,B1,"das Zeichen, -","the sign, -","işareti, -","el signo, -","das Zeichen, -",das,noun,-,,"Bitte fangen Sie erst an, wenn ich Ihnen ein Zeichen gebe.",99
b1_3535,B1,"das Verkehrszeichen, -","the traffic sign, -","das Verkehrszeichen, -","la señal de tráfico, -","das Verkehrszeichen, -",das,noun,-,,Meine Kinder lernen in der Schule gerade die Verkehrszeichen.,100
b1_3536,B1,"zeichnen, zeichnet,","draw, draw","çizmek, çizmek","dibujar, dibujar","zeichnen, zeichnet,",,word,,,Meine Tochter kann sehr gut zeichnen.,100
b1_3537,B1,"zeichnete, hat gezeichnet","drew, has drawn","çizdi, çizdi","dibujó, ha dibujado","zeichnete, hat gezeichnet",,word,,,,100
b1_3538,B1,"die Zeichnung, -en","the drawing, -en","çizim, -tr","el dibujo, -es","die Zeichnung, -en",die,noun,-en,,Das ist eine schöne Zeichnung.,100
b1_3539,B1,"zeigen, zeigt, zeigte,","show, shows, showed","gösteri, gösteriler, gösterdi","mostrar, muestra, mostró","zeigen, zeigt, zeigte, 1.",,word,,hat gezeigt,Zeig mir bitte deine Hausaufgaben. || Der Bahnhof ist nicht weit entfernt. || Ich zeige Ihnen den Weg. || Komm her! || Ich zeige dir etwas.,100
b1_3540,B1,"die Zeile, -n","the line, -n","satır, -n","la línea, -n","die Zeile, -n",die,noun,-n,,Das Wort steht in der fünften Zeile von oben.,100
b1_3541,B1,die Zeit,the time,zaman,el tiempo,die Zeit 1.,die,noun,,,Ich habe heute keine Zeit. || Es ist noch früh. || Wir haben noch viel Zeit. || Um welche Zeit sind Sie normaler- weise zu Hause? || Um diese Zeit ist hier wenig los.,100
b1_3542,B1,"der Zeitpunkt, -","the time, -","zaman, -","el tiempo, -","der Zeitpunkt, -",der,noun,-,,Er ist krank. || Das ist kein guter Zeit-,100
b1_3543,B1,e,e,e,mi,e,,word,,,punkt für einen Besuch.,100
b1_3544,B1,zurzeit,currently,zurzeit,actualmente,zurzeit,,word,,,Zurzeit habe ich sehr viel zu tun.,100
b1_3545,B1,"die Zeitschrift, -en","the magazine, -en","dergi, -tr","la revista, -es","die Zeitschrift, -en",die,noun,-en,,Diese Zeitschrift kaufe ich jede Woche.,100
b1_3546,B1,"die Zeitung, -en","the newspaper, -en","gazete, -tr","el periódico, -es","die Zeitung, -en",die,noun,-en,,Ich lese manchmal Zeitung.,100
b1_3547,B1,"das Zelt, -e","das Zelt, -e","çadır, -e","la tienda, -e","das Zelt, -e",das,noun,-e,,Wir machen Camping-Urlaub und nehmen ein Zelt mit.,100
b1_3548,B1,"zelten, zeltet, zeltete,","camping, camping, camping","kamp, ​​kamp, ​​kamp","acampar, acampar, acampar","zelten, zeltet, zeltete,",,word,,hat gezeltet,Ich habe noch nie gezeltet.,100
b1_3549,B1,zentral,central,merkezi,central,zentral,,word,,,Wir suchen eine Zweizimmerwohnung in zentraler Lage.,100
b1_3550,B1,"das Zentrum, Zentren","the center, centers","merkez, merkezler","el centro, centros","das Zentrum, Zentren 1.",das,noun,Zentren 1.,,Im Zentrum gibt es fast keine Park- plätze. || Es gibt ein neues Zentrum mit vielen Geschäften. || Es wird am Samstag eröffnet.,100
b1_3551,B1,"zerstören, zerstört,","destroy, destroyed","yok etmek, yok etmek","destruir, destruir","zerstören, zerstört,",,word,,,Der Sturm hat viele Häuser zerstört.,100
b1_3552,B1,"zerstörte, hat zerstört","destroyed, has destroyed","yok edildi, yok edildi","destruido, ha destruido","zerstörte, hat zerstört",,word,,,,100
b1_3553,B1,"das Zertifikat, -e","the certificate, -e","sertifika, -e","el certificado, -e","das Zertifikat, -e",das,noun,-e,,"Wenn ich die Prüfung schaffe, bekomme ich ein Zertifikat.",100
b1_3554,B1,"der Zettel, -","the note, -","not, -","la nota, -","der Zettel, -",der,noun,-,,Hast du einen Zettel für mich? || Ich muss etwas aufschreiben.,100
b1_3555,B1,das Zeug/-zeug,the stuff/stuff,eşya/şey,las cosas/cosas,das Zeug/-zeug,das,noun,,,Was hast du mit meinen Sachen gemacht? || – Ich habe dein ganzes Zeug in dein Zimmer getan.,100
b1_3556,B1,"der Zeuge, -n","the witness, -n","tanık, -n","el testigo, -n","der Zeuge, -n",der,noun,-n,,Die Polizei sucht noch Zeugen für den,100
b1_3557,B1,"die Zeugin, -nen","the witness, -nen","tanık, -nen","el testigo, -nen","die Zeugin, -nen",die,noun,-nen,,Unfall.,100
b1_3558,B1,"das Zeugnis, -se","the testimony, -se","tanıklık, -se","el testimonio, -se","das Zeugnis, -se",das,noun,-se,,"Wenn Sie die Prüfung schaffen, bekommen Sie ein Zeugnis.",100
b1_3559,B1,"ziehen, zieht, zog,","pull, pull, pulled","çek, çek, çekti","tirar, tirar, tirar","ziehen, zieht, zog, 1.",,word,,hat/ist gezogen,"Sie müssen ziehen, nicht drücken. || Wir sind vor drei Wochen nach Hamburg gezogen. || Machen Sie bitte die Tür zu, es zieht.",100
b1_3560,B1,"das Ziel, -e","das Ziel, -e","amaç, -e","el objetivo, -e","das Ziel, -e",das,noun,-e,,Ich will die Prüfung unbedingt schaffen. || Das ist mein Ziel.,100
b1_3561,B1,ziemlich,quite,epeyce,bastante,ziemlich 1.,,adjective,,,Ich bin schon ziemlich müde. || Ich gehe ins Bett. || Ich musste beim Arzt ziemlich lange warten.,100
b1_3562,B1,"die Zigarette, -n","the cigarette, -n","sigara, -n","el cigarrillo, -n","die Zigarette, -n",die,noun,-n,,Wie viele Zigaretten rauchst du am Tag?,100
b1_3563,B1,"das Zimmer, -","the room, -","oda, -","la habitación, -","das Zimmer, - 1.",das,noun,- 1.,,Die Wohnung hat drei Zimmer. || Ich habe ein Zimmer im Hotel Eden re- serviert.,100
b1_3564,B1,die Zinsen (nur Pl.),the interest (pl. only),faiz (yalnızca pl.),el interés (pl. solamente),die Zinsen (nur Pl.),die,noun,,,Wie viele Zinsen bekomme ich für mein Sparkonto?,100
b1_3565,B1,"der Zirkus, -se","the circus, -se","sirk, -se","el circo, -se","der Zirkus, -se",der,noun,-se,,Heute gehen wir mit den Kindern in den Zirkus.,100
b1_3566,B1,"die Zitrone, -n","the lemon, -n","limon, -n","el limón, -n","die Zitrone, -n",die,noun,-n,,Ich hätte gern einen Tee mit Zitrone.,100
b1_3567,B1,der Zivilstand (CH) →Per-,the marital status (CH) →Per-,medeni durum (CH) →Per-,el estado civil (CH) →Per-,der Zivilstand (CH) →Per-,der,noun,,,Bei „Zivilstand“ musst du „ledig“,100
b1_3568,B1,"sonenstand; D, A: Fami-","position of the sun; D, A: family","güneşin konumu; D, A: aile","posición del sol; D, A: familia","sonenstand; D, A: Fami-",,word,,,ankreuzen.,100
b1_3569,B1,lienstand,lienstand,haciz,soporte de gravamen,lienstand,,word,,,,100
b1_3570,B1,"der Zoll, ¨-e","the customs, ¨-e","gümrük, ¨-e","las costumbres, ¨-e","der Zoll, ¨-e",der,noun,¨-e,,Das war die Passkontrolle. || Wir müssen jetzt noch durch den Zoll.,100
b1_3571,B1,"die Zone, -n","the zone, -n","bölge, -n","la zona, -n","die Zone, -n",die,noun,-n,,Hier können wir nicht fahren. || Das ist eine Fußgängerzone.,100
b1_3572,B1,"der Zoo, -s","the zoo, -s","hayvanat bahçesi, -s","el zoológico, -s","der Zoo, -s",der,noun,-s,,Am Sonntag gehen wir mit den Kindern in den Zoo.,100
b1_3573,B1,zu,to,ile,a,zu 1.,,preposition,,,"Ich bringe Sie zum Bahnhof. || Wann sind Sie zu Hause? || Am besten gehen Sie zu Fuß. || Gehen Ihre Kinder schon/noch zur Schule? || Das Kleid ist mir zu teuer. || Bitte zwanzig Briefmarken zu 55 Cent. || Ich trinke zum Essen ein Bier. || Unsere Mannschaft hat 2 zu 1 gewon- nen. || Ich habe vor, mir ein neues Auto zu kaufen.",100
b1_3574,B1,10.Hast,10.Hast,10.Hızlı,10.Hast,10.Hast,,other,,,du etwas zu trinken für mich?,100
b1_3575,B1,"zubereiten, bereitet zu,","prepare, prepare","hazırlamak, hazırlamak","preparar, preparar","zubereiten, bereitet zu,",,word,,,Sie bereitet das Fleisch mit Kartoffeln,100
b1_3576,B1,"bereitete zu,",prepared,tedarikli,preparado,"bereitete zu,",,word,,hat zubereitet,zu.,100
b1_3577,B1,der Zucker,the sugar,şeker,el azúcar,der Zucker,der,noun,,,Nehmen Sie Zucker in den Tee?,100
b1_3578,B1,zuerst,first,Birinci,primero,zuerst 1.,,word,,,Wer war zuerst? || – Der Herr hier. || Zuerst gibt es Mittagessen. || Dann könnt ihr Schokolade essen. || Zuerst hat mir die Arbeit gar nicht gefallen. || Jetzt geht es besser.,101
b1_3579,B1,"der Zufall, ¨-e","the coincidence, ¨-e","tesadüf, ¨-e","la casualidad, ¨-e","der Zufall, ¨-e 1.",der,noun,¨-e 1.,,"So ein Zufall, dass ich dich hier treffe. || Durch Zufall habe ich gehört, dass die Wohnung frei ist.",101
b1_3580,B1,zufällig1.,random1.,rastgele1.,aleatorio1.,zufällig1.,,word,,,Wir haben uns zufällig am Bahnhof getroffen. || Hast du zufällig meine Brille gesehen?,101
b1_3581,B1,zufrieden,satisfied,memnun,satisfecho,zufrieden 1.,,word,,,"Meine Kinder haben heute Zeugnisse bekommen. || Ich bin zufrieden. || Ich bin mit der Wohnung zufrieden. || Sie ist nicht so groß, aber sie hat einen Balkon.",101
b1_3582,B1,"der Zugang, ¨-e","the access, ¨-e","erişim, ¨-e","el acceso, ¨-e","der Zugang, ¨-e 1.",der,noun,¨-e 1.,,Der Zugang zu diesem Haus ist schwierig. || Hast du Zugang zum Internet?,101
b1_3583,B1,zugänglich,accessible,erişilebilir,accesible,zugänglich,,adjective,,,Der Park ist für alle zugänglich.,101
b1_3584,B1,"der Zug, ¨-e","the train, ¨-e","tren, ¨-e","el tren, ¨-e","der Zug, ¨-e 1.",der,noun,¨-e 1.,,Unser Zug hatte 40 Minuten Verspätung. || Ich fahre gern mit dem Zug.,101
b1_3585,B1,"zugehen, geht zu, ging zu,","go to, goes to, went to","gider, gider, gider","ir a, va a, fue a","zugehen, geht zu, ging zu,",,word,,ist zugegangen,Die Tür geht nicht zu. || Kannst du mir || helfen?,101
b1_3586,B1,das Zuhause,the home,ev,el hogar,das Zuhause,das,noun,,,Ich fühle mich hier wohl. || Das ist mein Zuhause.,101
b1_3587,B1,"zuhören, hört zu,","listen, listen","dinle, dinle","escucha, escucha","zuhören, hört zu,",,word,,,Hör mir doch mal zu!,101
b1_3588,B1,"hörte zu, hat zugehört","listened, listened","dinledim, dinledim","escuchado, escuchado","hörte zu, hat zugehört",,word,,,,101
b1_3589,B1,"der Zuhörer, -","the listener, -","dinleyici, -","el oyente, -","der Zuhörer, -",der,noun,-,,"Liebe Zuhörerinnen und Zuhörer, Ihre",101
b1_3590,B1,"die Zuhörerin, -nen","the listener, -nen","dinleyici, -nen","el oyente, -nen","die Zuhörerin, -nen",die,noun,-nen,,Meinung interessiert uns. || Bitte rufen Sie an!,101
b1_3591,B1,die Zukunft,the future,gelecek,el futuro,die Zukunft 1.,die,noun,,,Du musst mehr für die Schule lernen. || Denk an die Zukunft. || In Zukunft werde ich vorsichtiger sein.,101
b1_3592,B1,zukünftig,future,gelecek,futuro,zukünftig,,adjective,,,"Ich bitte dich, zukünftig früher zu kommen.",101
b1_3593,B1,zuletzt,last,son,último,zuletzt 1.,,word,,,Die Kleider packen wir zuletzt ein. || Wir haben uns vor drei Jahren zuletzt gesehen.,101
b1_3594,B1,"zumachen, macht zu,","close, close","kapat, kapat","cerrar, cerrar","zumachen, macht zu,",,word,,,Mach bitte die Tür zu!,101
b1_3595,B1,"machte zu, hat zugemacht","closed, closed","kapalı, kapalı","cerrado, cerrado","machte zu, hat zugemacht",,word,,,,101
b1_3596,B1,zumindest,at least,en azından,al menos,zumindest,,word,,,"Ich möchte nicht in der Stadt wohnen, zumindest jetzt nicht, wenn die Kinder noch so klein sind.",101
b1_3597,B1,zunächst,first,Birinci,primero,zunächst,,word,,,Zunächst möchte ich alle begrüßen!,101
b1_3598,B1,die Zünder (A) (Pl.) →,the detonators (A) (pl.) →,patlatıcılar (A) (pl.) →,los detonadores (A) (pl.) →,die Zünder (A) (Pl.) →,die,noun,,,Ich hätte gern eine Schachtel Zünder.,101
b1_3599,B1,Streichholz; Zündholz,matchstick; match,kibrit çöpü; kibrit,fósforo; fósforo,Streichholz; Zündholz,,noun,,,,101
b1_3600,B1,"das Zündholz, ¨-er →Stre-","the match, ¨-er →Stre-","maç, ¨-er →Stre-","el partido, ¨-er →Stre-","das Zündholz, ¨-er →Stre-",das,noun,¨-er →Stre-,,Ich hätte gern eine Schachtel,101
b1_3601,B1,ichholz; A: Zünder,iwood; A: Detonator,iwood; A: Patlatıcı,madera; R: detonador,ichholz; A: Zünder,,word,,,Zündhölzer.,101
b1_3602,B1,"zunehmen, nimmt zu,","increase, increases","artış, artışlar","aumentar, aumenta","zunehmen, nimmt zu,",,word,,,Ich habe im Urlaub 1 Kilo zugenom-,101
b1_3603,B1,"nahm zu,",increased,artırılmış,aumentó,"nahm zu,",,word,,hat zugenommen,men.,101
b1_3604,B1,"zurechtkommen,",cope,başa çıkmak,afrontar,"zurechtkommen,",,word,,,Soll ich Ihnen helfen? || - Danke. || Ich,101
b1_3605,B1,"kommt zurecht,",copes,başa çıkıyor,hace frente,"kommt zurecht,",,word,,,komme allein zurecht.,101
b1_3606,B1,"kam zurecht,",got along,anlaştık,se llevaba bien,"kam zurecht,",,word,,ist zurechtgekommen,,101
b1_3607,B1,zurück/zurück-,back/back-,geri/geri-,atrás/atrás-,zurück/zurück- 1.,,word,,,Bitte eine Fahrkarte nach Frankfurt und zurück! || Wann wirst du zurückkommen? || Wann muss ich das Buch zurückgeben?,101
b1_3608,B1,zurzeit,currently,zurzeit,actualmente,zurzeit,,word,,,Zurzeit ist kein Zimmer frei.,101
b1_3609,B1,"zusagen, sagt zu, sagte zu,","zusagen, sagt zu, sagte zu,","katılıyorum, evet de, evet dedi","de acuerdo, di que sí, dije que sí","zusagen, sagt zu, sagte zu,",,word,,hat zugesagt,Meine Eltern haben uns zum Essen || eingeladen. || Ich habe zugesagt.,101
b1_3610,B1,zusammen/zusammen-,together/together-,birlikte/birlikte-,juntos/juntos-,zusammen/zusammen- 1.,,word,,,Wir haben als Kinder oft zusammen gespielt. || Zahlen bitte. || - Zusammen oder getrennt? || Das macht zusammen 10 Euro 80. || Fuß und Ball musst du zusammen- schreiben – Fußball!,101
b1_3611,B1,die Zusammenarbeit,the collaboration,işbirliği,la colaboracion,die Zusammenarbeit,die,noun,,,Sie sind der neue Kollege? || Auf gute Zusammenarbeit!,101
b1_3612,B1,"zusammenfassen,",summarize,özetlemek,resumir,"zusammenfassen,",,word,,,Können Sie das bitte noch einmal kurz,101
b1_3613,B1,"fasst zusammen,",summarizes,özetler,resume,"fasst zusammen,",,word,,,zusammenfassen?,101
b1_3614,B1,"fasste zusammen,",summarized,özetlenmiş,resumido,"fasste zusammen,",,word,,hat zusammengefasst,,101
b1_3615,B1,"der Zusammenhang, ¨-e","the connection, ¨-e","bağlantı, ¨-e","la conexión, ¨-e","der Zusammenhang, ¨-e 1.",der,noun,¨-e 1.,,In diesem Zusammenhang möchte ich Sie auf zwei Bücher aufmerksam machen. || Was ist der Zusammenhang zwischen diesen beiden Themen?,101
b1_3616,B1,zusätzlich,additionally,ayrıca,además,zusätzlich,,adjective,,,Sie müssen in Zukunft eine Stunde zusätzlich arbeiten.,101
b1_3617,B1,"zuschauen, schaut zu,","watch, watch","izle, izle","mirar, mirar","zuschauen, schaut zu,",,word,,,"Willst du mitspielen? || – Nein, ich",101
b1_3618,B1,"schaute zu,",watched,izledim,observó,"schaute zu,",,word,,hat zugeschaut,schaue lieber nur zu.,101
b1_3619,B1,"der Zuschauer, -","the spectator, -","seyirci, -","el espectador, -","der Zuschauer, -",der,noun,-,,"Liebe Zuschauer, wir wünschen Ihnen",101
b1_3620,B1,"die Zuschauerin, -nen","the spectator, -nen","seyirci, -nen","el espectador, -nen","die Zuschauerin, -nen",die,noun,-nen,,gute Unterhaltung.,101
b1_3621,B1,"der Zuschlag, ¨-e","the surcharge, ¨-e","ek ücret, ¨-e","el recargo, ¨-e","der Zuschlag, ¨-e",der,noun,¨-e,,Für diesen Zug müssen Sie einen Zuschlag zahlen.,101
b1_3622,B1,"zu sein, ist zu, war zu, ist","to be is to, was to, is","olmak, öyleydi, öyleydi","ser es ser, era ser, es","zu sein, ist zu, war zu, ist 1.",,preposition,,,Am Sonntag sind die die meisten,102
b1_3623,B1,zu gewesen,to have been,olmak,haber sido,zu gewesen,,verb,,,Läden zu. || Das Fenster war nicht zu.,102
b1_3624,B1,"der Zustand, ¨-e","the condition, ¨-e","koşul, ¨-e","la condición, ¨-e","der Zustand, ¨-e",der,noun,¨-e,,"Als wir in die Wohnung eingezogen sind, war sie in sehr schlechtem Zustand.",102
b1_3625,B1,zuständig,responsible,sorumlu,responsable,zuständig,,adjective,,,Wir haben ein Problem mit der Heizung. || Wer ist dafür zuständig?,102
b1_3626,B1,"zustimmen, stimmt zu,","agree, agree","katılıyorum, katılıyorum","de acuerdo, de acuerdo","zustimmen, stimmt zu, 1.",,word,,,Ich stimme dir in dieser Sache völlig,102
b1_3627,B1,"stimmte zu,",agreed,anlaştık,acordado,"stimmte zu,",,word,,hat zugestimmt,zu. || Er nickt zustimmend.,102
b1_3628,B1,"die Zustimmung, -en","the consent, -en","rıza, -tr","el consentimiento, -es","die Zustimmung, -en",die,noun,-en,,"Wir brauchen Ihre Zustimmung, um Ihnen Werbung zu schicken.",102
b1_3629,B1,die Zutaten (Pl.),the ingredients (pl.),malzemeler (pl.),los ingredientes (pl.),die Zutaten (Pl.),die,noun,,,Welche Zutaten braucht man für diesen Kuchen?,102
b1_3630,B1,zuverlässig,reliable,güvenilir,confiable,zuverlässig,,adjective,,,Der Kollege kommt bestimmt gleich. || Er ist immer sehr zuverlässig.,102
b1_3631,B1,"das/der Zvieri/Znüni, -s","the mid-morning/lunch, -s","sabah ortası/öğle yemeği, -s","la media mañana/almuerzo, -s","das/der Zvieri/Znüni, -s",,word,,,Es ist Zeit für ein kleines Zvieri.,102
b1_3632,B1,(CH) →D: Imbiss; A: Jause,(CH) →D: snack bar; A: Snack,(CH) →D: atıştırmalık büfesi; C: Aperatif,(CH) →D: snack bar; R: merienda,(CH) →D: Imbiss; A: Jause,,other,,,,102
b1_3633,B1,zwar,that is,yani,eso es,zwar 1.,,word,,,"Diese Schuhe sind zwar teuer, aber gut. || Ich kriege jetzt doch eine Woche Urlaub, und zwar nächsten Monat.",102
b1_3634,B1,"der Zweck, -e","the purpose, -e","amaç, -e","el propósito, -e","der Zweck, -e",der,noun,-e,,"Ich glaube, es hat keinen Zweck, sich zu bewerben. || Der Job ist sicher schon weg.",102
b1_3635,B1,"zweifeln, zweifelt,","doubt, doubt","şüphe, şüphe","duda, duda","zweifeln, zweifelt,",,word,,,"Ich zweifle nicht daran, dass Sie recht",102
b1_3636,B1,"zweifelte, hat gezweifelt","doubted, doubted","şüphelendim, şüphelendim","dudado, dudado","zweifelte, hat gezweifelt",,word,,,haben.,102
b1_3637,B1,"der Zweifel, -","the doubt, -","şüphe, -","la duda, -","der Zweifel, - 1.",der,noun,- 1.,,Da ist ohne Zweifel die beste Lösung. || Allmählich bekomme ich Zweifel daran.,102
b1_3638,B1,"die Zwiebel, -n","the onion, -n","soğan, -n","la cebolla, -n","die Zwiebel, -n",die,noun,-n,,Eine Zwiebel in kleine Stücke schneiden und zusammen mit dem Fleisch braten.,102
b1_3639,B1,(sich) zwingen,force (oneself).,(kendini) zorlamak.,fuerza (uno mismo).,"(sich) zwingen, zwingt, 1.",,verb,,"zwingt, 1.",Bitte zwing mich nicht etwas zu essen.,102
b1_3640,B1,zwang,obligation,yükümlülük,obligación,"zwang, hat gezwungen",,verb,,hat gezwungen,Ich bin wirklich nicht hungrig. || Das schlechte Wetter zwang uns umzukehren.,102
b1_3641,B1,zwischen,between,arasında,entre,zwischen 1.,,preposition,,,Das Regal stellen wir zwischen die beiden Schränke. || Heidelberg liegt zwischen Frankfurt und Stuttgart. || Zwischen 8 und 10 Uhr bin ich zu Hause.,102
b1_3642,B1,Ihre Notizen,Your notes,Notlarınız,tus notas,Ihre Notizen,,noun,,,,103
b1_3643,B1,Goethe-Institut e.V.,Goethe Institute e.V.,Goethe Enstitüsü e.V.,Instituto Goethe e.V.,Goethe-Institut e.V.,,noun,,,,104
b1_3644,B1,Dachauer Straße,Dachauer Street,Dachauer Caddesi,Calle Dachauer,Dachauer Straße 122,,noun,,,,104
b1_3645,B1,80637 München,80637 Munich,80637 Münih,80637 Múnich,80637 München,,verb,,,,104
